date,symbol,target_weight
2005-02-25,EEM,0
2005-02-25,EFA,0
2005-02-25,GLD,1
2005-02-25,IWM,0
2005-02-25,QQQ,0
2005-02-25,SPY,0
2005-02-25,TLT,0
2005-02-28,EEM,0
2005-02-28,EFA,0
2005-02-28,GLD,1
2005-02-28,IWM,0
2005-02-28,QQQ,0
2005-02-28,SPY,0
2005-02-28,TLT,0
2005-03-01,EEM,0
2005-03-01,EFA,0
2005-03-01,GLD,1
2005-03-01,IWM,0
2005-03-01,QQQ,0
2005-03-01,SPY,0
2005-03-01,TLT,0
2005-03-02,EEM,0
2005-03-02,EFA,0
2005-03-02,GLD,1
2005-03-02,IWM,0
2005-03-02,QQQ,0
2005-03-02,SPY,0
2005-03-02,TLT,0
2005-03-03,EEM,0
2005-03-03,EFA,0
2005-03-03,GLD,1
2005-03-03,IWM,0
2005-03-03,QQQ,0
2005-03-03,SPY,0
2005-03-03,TLT,0
2005-03-04,EEM,0
2005-03-04,EFA,0
2005-03-04,GLD,1
2005-03-04,IWM,0
2005-03-04,QQQ,0
2005-03-04,SPY,0
2005-03-04,TLT,0
2005-03-07,EEM,0
2005-03-07,EFA,0
2005-03-07,GLD,1
2005-03-07,IWM,0
2005-03-07,QQQ,0
2005-03-07,SPY,0
2005-03-07,TLT,0
2005-03-08,EEM,0
2005-03-08,EFA,0
2005-03-08,GLD,1
2005-03-08,IWM,0
2005-03-08,QQQ,0
2005-03-08,SPY,0
2005-03-08,TLT,0
2005-03-09,EEM,0
2005-03-09,EFA,0
2005-03-09,GLD,1
2005-03-09,IWM,0
2005-03-09,QQQ,0
2005-03-09,SPY,0
2005-03-09,TLT,0
2005-03-10,EEM,0
2005-03-10,EFA,0
2005-03-10,GLD,1
2005-03-10,IWM,0
2005-03-10,QQQ,0
2005-03-10,SPY,0
2005-03-10,TLT,0
2005-03-11,EEM,0
2005-03-11,EFA,0
2005-03-11,GLD,1
2005-03-11,IWM,0
2005-03-11,QQQ,0
2005-03-11,SPY,0
2005-03-11,TLT,0
2005-03-14,EEM,0
2005-03-14,EFA,0
2005-03-14,GLD,1
2005-03-14,IWM,0
2005-03-14,QQQ,0
2005-03-14,SPY,0
2005-03-14,TLT,0
2005-03-15,EEM,0
2005-03-15,EFA,0
2005-03-15,GLD,1
2005-03-15,IWM,0
2005-03-15,QQQ,0
2005-03-15,SPY,0
2005-03-15,TLT,0
2005-03-16,EEM,0
2005-03-16,EFA,0
2005-03-16,GLD,1
2005-03-16,IWM,0
2005-03-16,QQQ,0
2005-03-16,SPY,0
2005-03-16,TLT,0
2005-03-17,EEM,0
2005-03-17,EFA,0
2005-03-17,GLD,1
2005-03-17,IWM,0
2005-03-17,QQQ,0
2005-03-17,SPY,0
2005-03-17,TLT,0
2005-03-18,EEM,0
2005-03-18,EFA,0
2005-03-18,GLD,1
2005-03-18,IWM,0
2005-03-18,QQQ,0
2005-03-18,SPY,0
2005-03-18,TLT,0
2005-03-21,EEM,0
2005-03-21,EFA,0
2005-03-21,GLD,1
2005-03-21,IWM,0
2005-03-21,QQQ,0
2005-03-21,SPY,0
2005-03-21,TLT,0
2005-03-22,EEM,0
2005-03-22,EFA,0
2005-03-22,GLD,1
2005-03-22,IWM,0
2005-03-22,QQQ,0
2005-03-22,SPY,0
2005-03-22,TLT,0
2005-03-23,EEM,0
2005-03-23,EFA,0
2005-03-23,GLD,1
2005-03-23,IWM,0
2005-03-23,QQQ,0
2005-03-23,SPY,0
2005-03-23,TLT,0
2005-03-24,EEM,0
2005-03-24,EFA,0
2005-03-24,GLD,1
2005-03-24,IWM,0
2005-03-24,QQQ,0
2005-03-24,SPY,0
2005-03-24,TLT,0
2005-03-28,EEM,0
2005-03-28,EFA,0
2005-03-28,GLD,1
2005-03-28,IWM,0
2005-03-28,QQQ,0
2005-03-28,SPY,0
2005-03-28,TLT,0
2005-03-29,EEM,0
2005-03-29,EFA,0
2005-03-29,GLD,1
2005-03-29,IWM,0
2005-03-29,QQQ,0
2005-03-29,SPY,0
2005-03-29,TLT,0
2005-03-30,EEM,0
2005-03-30,EFA,0
2005-03-30,GLD,1
2005-03-30,IWM,0
2005-03-30,QQQ,0
2005-03-30,SPY,0
2005-03-30,TLT,0
2005-03-31,EEM,0
2005-03-31,EFA,0
2005-03-31,GLD,1
2005-03-31,IWM,0
2005-03-31,QQQ,0
2005-03-31,SPY,0
2005-03-31,TLT,0
2005-04-01,EEM,0
2005-04-01,EFA,0
2005-04-01,GLD,1
2005-04-01,IWM,0
2005-04-01,QQQ,0
2005-04-01,SPY,0
2005-04-01,TLT,0
2005-04-04,EEM,0
2005-04-04,EFA,0
2005-04-04,GLD,1
2005-04-04,IWM,0
2005-04-04,QQQ,0
2005-04-04,SPY,0
2005-04-04,TLT,0
2005-04-05,EEM,0
2005-04-05,EFA,0
2005-04-05,GLD,1
2005-04-05,IWM,0
2005-04-05,QQQ,0
2005-04-05,SPY,0
2005-04-05,TLT,0
2005-04-06,EEM,0
2005-04-06,EFA,0
2005-04-06,GLD,1
2005-04-06,IWM,0
2005-04-06,QQQ,0
2005-04-06,SPY,0
2005-04-06,TLT,0
2005-04-07,EEM,0
2005-04-07,EFA,0
2005-04-07,GLD,1
2005-04-07,IWM,0
2005-04-07,QQQ,0
2005-04-07,SPY,0
2005-04-07,TLT,0
2005-04-08,EEM,0
2005-04-08,EFA,0
2005-04-08,GLD,1
2005-04-08,IWM,0
2005-04-08,QQQ,0
2005-04-08,SPY,0
2005-04-08,TLT,0
2005-04-11,EEM,0
2005-04-11,EFA,0
2005-04-11,GLD,1
2005-04-11,IWM,0
2005-04-11,QQQ,0
2005-04-11,SPY,0
2005-04-11,TLT,0
2005-04-12,EEM,0
2005-04-12,EFA,0
2005-04-12,GLD,1
2005-04-12,IWM,0
2005-04-12,QQQ,0
2005-04-12,SPY,0
2005-04-12,TLT,0
2005-04-13,EEM,0
2005-04-13,EFA,0
2005-04-13,GLD,1
2005-04-13,IWM,0
2005-04-13,QQQ,0
2005-04-13,SPY,0
2005-04-13,TLT,0
2005-04-14,EEM,0
2005-04-14,EFA,0
2005-04-14,GLD,1
2005-04-14,IWM,0
2005-04-14,QQQ,0
2005-04-14,SPY,0
2005-04-14,TLT,0
2005-04-15,EEM,0
2005-04-15,EFA,0
2005-04-15,GLD,1
2005-04-15,IWM,0
2005-04-15,QQQ,0
2005-04-15,SPY,0
2005-04-15,TLT,0
2005-04-18,EEM,0
2005-04-18,EFA,0
2005-04-18,GLD,1
2005-04-18,IWM,0
2005-04-18,QQQ,0
2005-04-18,SPY,0
2005-04-18,TLT,0
2005-04-19,EEM,0
2005-04-19,EFA,0
2005-04-19,GLD,1
2005-04-19,IWM,0
2005-04-19,QQQ,0
2005-04-19,SPY,0
2005-04-19,TLT,0
2005-04-20,EEM,0
2005-04-20,EFA,0
2005-04-20,GLD,1
2005-04-20,IWM,0
2005-04-20,QQQ,0
2005-04-20,SPY,0
2005-04-20,TLT,0
2005-04-21,EEM,0
2005-04-21,EFA,0
2005-04-21,GLD,1
2005-04-21,IWM,0
2005-04-21,QQQ,0
2005-04-21,SPY,0
2005-04-21,TLT,0
2005-04-22,EEM,0
2005-04-22,EFA,0
2005-04-22,GLD,1
2005-04-22,IWM,0
2005-04-22,QQQ,0
2005-04-22,SPY,0
2005-04-22,TLT,0
2005-04-25,EEM,0
2005-04-25,EFA,0
2005-04-25,GLD,1
2005-04-25,IWM,0
2005-04-25,QQQ,0
2005-04-25,SPY,0
2005-04-25,TLT,0
2005-04-26,EEM,0
2005-04-26,EFA,0
2005-04-26,GLD,1
2005-04-26,IWM,0
2005-04-26,QQQ,0
2005-04-26,SPY,0
2005-04-26,TLT,0
2005-04-27,EEM,0
2005-04-27,EFA,0
2005-04-27,GLD,1
2005-04-27,IWM,0
2005-04-27,QQQ,0
2005-04-27,SPY,0
2005-04-27,TLT,0
2005-04-28,EEM,0
2005-04-28,EFA,0
2005-04-28,GLD,1
2005-04-28,IWM,0
2005-04-28,QQQ,0
2005-04-28,SPY,0
2005-04-28,TLT,0
2005-04-29,EEM,0
2005-04-29,EFA,0
2005-04-29,GLD,1
2005-04-29,IWM,0
2005-04-29,QQQ,0
2005-04-29,SPY,0
2005-04-29,TLT,0
2005-05-02,EEM,0
2005-05-02,EFA,0
2005-05-02,GLD,1
2005-05-02,IWM,0
2005-05-02,QQQ,0
2005-05-02,SPY,0
2005-05-02,TLT,0
2005-05-03,EEM,0
2005-05-03,EFA,0
2005-05-03,GLD,1
2005-05-03,IWM,0
2005-05-03,QQQ,0
2005-05-03,SPY,0
2005-05-03,TLT,0
2005-05-04,EEM,0
2005-05-04,EFA,0
2005-05-04,GLD,1
2005-05-04,IWM,0
2005-05-04,QQQ,0
2005-05-04,SPY,0
2005-05-04,TLT,0
2005-05-05,EEM,0
2005-05-05,EFA,0
2005-05-05,GLD,1
2005-05-05,IWM,0
2005-05-05,QQQ,0
2005-05-05,SPY,0
2005-05-05,TLT,0
2005-05-06,EEM,0
2005-05-06,EFA,0
2005-05-06,GLD,1
2005-05-06,IWM,0
2005-05-06,QQQ,0
2005-05-06,SPY,0
2005-05-06,TLT,0
2005-05-09,EEM,0
2005-05-09,EFA,0
2005-05-09,GLD,1
2005-05-09,IWM,0
2005-05-09,QQQ,0
2005-05-09,SPY,0
2005-05-09,TLT,0
2005-05-10,EEM,0
2005-05-10,EFA,0
2005-05-10,GLD,1
2005-05-10,IWM,0
2005-05-10,QQQ,0
2005-05-10,SPY,0
2005-05-10,TLT,0
2005-05-11,EEM,0
2005-05-11,EFA,0
2005-05-11,GLD,1
2005-05-11,IWM,0
2005-05-11,QQQ,0
2005-05-11,SPY,0
2005-05-11,TLT,0
2005-05-12,EEM,0
2005-05-12,EFA,0
2005-05-12,GLD,1
2005-05-12,IWM,0
2005-05-12,QQQ,0
2005-05-12,SPY,0
2005-05-12,TLT,0
2005-05-13,EEM,0
2005-05-13,EFA,0
2005-05-13,GLD,1
2005-05-13,IWM,0
2005-05-13,QQQ,0
2005-05-13,SPY,0
2005-05-13,TLT,0
2005-05-16,EEM,0
2005-05-16,EFA,0
2005-05-16,GLD,1
2005-05-16,IWM,0
2005-05-16,QQQ,0
2005-05-16,SPY,0
2005-05-16,TLT,0
2005-05-17,EEM,0
2005-05-17,EFA,0
2005-05-17,GLD,1
2005-05-17,IWM,0
2005-05-17,QQQ,0
2005-05-17,SPY,0
2005-05-17,TLT,0
2005-05-18,EEM,0
2005-05-18,EFA,0
2005-05-18,GLD,1
2005-05-18,IWM,0
2005-05-18,QQQ,0
2005-05-18,SPY,0
2005-05-18,TLT,0
2005-05-19,EEM,0
2005-05-19,EFA,0
2005-05-19,GLD,1
2005-05-19,IWM,0
2005-05-19,QQQ,0
2005-05-19,SPY,0
2005-05-19,TLT,0
2005-05-20,EEM,0
2005-05-20,EFA,0
2005-05-20,GLD,1
2005-05-20,IWM,0
2005-05-20,QQQ,0
2005-05-20,SPY,0
2005-05-20,TLT,0
2005-05-23,EEM,0
2005-05-23,EFA,0
2005-05-23,GLD,1
2005-05-23,IWM,0
2005-05-23,QQQ,0
2005-05-23,SPY,0
2005-05-23,TLT,0
2005-05-24,EEM,0
2005-05-24,EFA,0
2005-05-24,GLD,1
2005-05-24,IWM,0
2005-05-24,QQQ,0
2005-05-24,SPY,0
2005-05-24,TLT,0
2005-05-25,EEM,0
2005-05-25,EFA,0
2005-05-25,GLD,1
2005-05-25,IWM,0
2005-05-25,QQQ,0
2005-05-25,SPY,0
2005-05-25,TLT,0
2005-05-26,EEM,0
2005-05-26,EFA,0
2005-05-26,GLD,0.66666666666666663
2005-05-26,IWM,0
2005-05-26,QQQ,0.16666666666666666
2005-05-26,SPY,0
2005-05-26,TLT,0.16666666666666666
2005-05-27,EEM,0
2005-05-27,EFA,0
2005-05-27,GLD,0.66666666666666663
2005-05-27,IWM,0
2005-05-27,QQQ,0.16666666666666666
2005-05-27,SPY,0
2005-05-27,TLT,0.16666666666666666
2005-05-31,EEM,0
2005-05-31,EFA,0
2005-05-31,GLD,0.66666666666666663
2005-05-31,IWM,0
2005-05-31,QQQ,0.16666666666666666
2005-05-31,SPY,0
2005-05-31,TLT,0.16666666666666666
2005-06-01,EEM,0
2005-06-01,EFA,0
2005-06-01,GLD,0.66666666666666663
2005-06-01,IWM,0
2005-06-01,QQQ,0.16666666666666666
2005-06-01,SPY,0
2005-06-01,TLT,0.16666666666666666
2005-06-02,EEM,0
2005-06-02,EFA,0
2005-06-02,GLD,0.66666666666666663
2005-06-02,IWM,0
2005-06-02,QQQ,0.16666666666666666
2005-06-02,SPY,0
2005-06-02,TLT,0.16666666666666666
2005-06-03,EEM,0
2005-06-03,EFA,0
2005-06-03,GLD,0.66666666666666663
2005-06-03,IWM,0
2005-06-03,QQQ,0.16666666666666666
2005-06-03,SPY,0
2005-06-03,TLT,0.16666666666666666
2005-06-06,EEM,0
2005-06-06,EFA,0
2005-06-06,GLD,0.66666666666666663
2005-06-06,IWM,0
2005-06-06,QQQ,0.16666666666666666
2005-06-06,SPY,0
2005-06-06,TLT,0.16666666666666666
2005-06-07,EEM,0
2005-06-07,EFA,0
2005-06-07,GLD,0.66666666666666663
2005-06-07,IWM,0
2005-06-07,QQQ,0.16666666666666666
2005-06-07,SPY,0
2005-06-07,TLT,0.16666666666666666
2005-06-08,EEM,0
2005-06-08,EFA,0
2005-06-08,GLD,0.66666666666666663
2005-06-08,IWM,0
2005-06-08,QQQ,0.16666666666666666
2005-06-08,SPY,0
2005-06-08,TLT,0.16666666666666666
2005-06-09,EEM,0
2005-06-09,EFA,0
2005-06-09,GLD,0.66666666666666663
2005-06-09,IWM,0
2005-06-09,QQQ,0.16666666666666666
2005-06-09,SPY,0
2005-06-09,TLT,0.16666666666666666
2005-06-10,EEM,0
2005-06-10,EFA,0
2005-06-10,GLD,0.66666666666666663
2005-06-10,IWM,0
2005-06-10,QQQ,0.16666666666666666
2005-06-10,SPY,0
2005-06-10,TLT,0.16666666666666666
2005-06-13,EEM,0
2005-06-13,EFA,0
2005-06-13,GLD,0.66666666666666663
2005-06-13,IWM,0
2005-06-13,QQQ,0.16666666666666666
2005-06-13,SPY,0
2005-06-13,TLT,0.16666666666666666
2005-06-14,EEM,0
2005-06-14,EFA,0
2005-06-14,GLD,0.66666666666666663
2005-06-14,IWM,0
2005-06-14,QQQ,0.16666666666666666
2005-06-14,SPY,0
2005-06-14,TLT,0.16666666666666666
2005-06-15,EEM,0
2005-06-15,EFA,0
2005-06-15,GLD,0.66666666666666663
2005-06-15,IWM,0
2005-06-15,QQQ,0.16666666666666666
2005-06-15,SPY,0
2005-06-15,TLT,0.16666666666666666
2005-06-16,EEM,0
2005-06-16,EFA,0
2005-06-16,GLD,0.66666666666666663
2005-06-16,IWM,0
2005-06-16,QQQ,0.16666666666666666
2005-06-16,SPY,0
2005-06-16,TLT,0.16666666666666666
2005-06-17,EEM,0.16666666666666666
2005-06-17,EFA,0
2005-06-17,GLD,0.16666666666666666
2005-06-17,IWM,0.16666666666666666
2005-06-17,QQQ,0.16666666666666666
2005-06-17,SPY,0.16666666666666666
2005-06-17,TLT,0.16666666666666666
2005-06-20,EEM,0.16666666666666666
2005-06-20,EFA,0
2005-06-20,GLD,0.16666666666666666
2005-06-20,IWM,0.16666666666666666
2005-06-20,QQQ,0.16666666666666666
2005-06-20,SPY,0.16666666666666666
2005-06-20,TLT,0.16666666666666666
2005-06-21,EEM,0.16666666666666666
2005-06-21,EFA,0
2005-06-21,GLD,0.16666666666666666
2005-06-21,IWM,0.16666666666666666
2005-06-21,QQQ,0.16666666666666666
2005-06-21,SPY,0.16666666666666666
2005-06-21,TLT,0.16666666666666666
2005-06-22,EEM,0.16666666666666666
2005-06-22,EFA,0
2005-06-22,GLD,0.16666666666666666
2005-06-22,IWM,0.16666666666666666
2005-06-22,QQQ,0.16666666666666666
2005-06-22,SPY,0.16666666666666666
2005-06-22,TLT,0.16666666666666666
2005-06-23,EEM,0.16666666666666666
2005-06-23,EFA,0
2005-06-23,GLD,0.16666666666666666
2005-06-23,IWM,0.16666666666666666
2005-06-23,QQQ,0.16666666666666666
2005-06-23,SPY,0.16666666666666666
2005-06-23,TLT,0.16666666666666666
2005-06-24,EEM,0.16666666666666666
2005-06-24,EFA,0
2005-06-24,GLD,0.16666666666666666
2005-06-24,IWM,0.16666666666666666
2005-06-24,QQQ,0.16666666666666666
2005-06-24,SPY,0.16666666666666666
2005-06-24,TLT,0.16666666666666666
2005-06-27,EEM,0.16666666666666666
2005-06-27,EFA,0
2005-06-27,GLD,0.16666666666666666
2005-06-27,IWM,0.16666666666666666
2005-06-27,QQQ,0.16666666666666666
2005-06-27,SPY,0.16666666666666666
2005-06-27,TLT,0.16666666666666666
2005-06-28,EEM,0.16666666666666666
2005-06-28,EFA,0
2005-06-28,GLD,0.16666666666666666
2005-06-28,IWM,0.16666666666666666
2005-06-28,QQQ,0.16666666666666666
2005-06-28,SPY,0.16666666666666666
2005-06-28,TLT,0.16666666666666666
2005-06-29,EEM,0.16666666666666666
2005-06-29,EFA,0
2005-06-29,GLD,0.16666666666666666
2005-06-29,IWM,0.16666666666666666
2005-06-29,QQQ,0.16666666666666666
2005-06-29,SPY,0.16666666666666666
2005-06-29,TLT,0.16666666666666666
2005-06-30,EEM,0.16666666666666666
2005-06-30,EFA,0
2005-06-30,GLD,0.16666666666666666
2005-06-30,IWM,0.16666666666666666
2005-06-30,QQQ,0.16666666666666666
2005-06-30,SPY,0.16666666666666666
2005-06-30,TLT,0.16666666666666666
2005-07-01,EEM,0.16666666666666666
2005-07-01,EFA,0
2005-07-01,GLD,0.16666666666666666
2005-07-01,IWM,0.16666666666666666
2005-07-01,QQQ,0.16666666666666666
2005-07-01,SPY,0.16666666666666666
2005-07-01,TLT,0.16666666666666666
2005-07-05,EEM,0.16666666666666666
2005-07-05,EFA,0
2005-07-05,GLD,0.16666666666666666
2005-07-05,IWM,0.16666666666666666
2005-07-05,QQQ,0.16666666666666666
2005-07-05,SPY,0.16666666666666666
2005-07-05,TLT,0.16666666666666666
2005-07-06,EEM,0.16666666666666666
2005-07-06,EFA,0
2005-07-06,GLD,0.16666666666666666
2005-07-06,IWM,0.16666666666666666
2005-07-06,QQQ,0.16666666666666666
2005-07-06,SPY,0.16666666666666666
2005-07-06,TLT,0.16666666666666666
2005-07-07,EEM,0.16666666666666666
2005-07-07,EFA,0
2005-07-07,GLD,0.16666666666666666
2005-07-07,IWM,0.16666666666666666
2005-07-07,QQQ,0.16666666666666666
2005-07-07,SPY,0.16666666666666666
2005-07-07,TLT,0.16666666666666666
2005-07-08,EEM,0.16666666666666666
2005-07-08,EFA,0
2005-07-08,GLD,0.16666666666666666
2005-07-08,IWM,0.16666666666666666
2005-07-08,QQQ,0.16666666666666666
2005-07-08,SPY,0.16666666666666666
2005-07-08,TLT,0.16666666666666666
2005-07-11,EEM,0.16666666666666666
2005-07-11,EFA,0
2005-07-11,GLD,0.16666666666666666
2005-07-11,IWM,0.16666666666666666
2005-07-11,QQQ,0.16666666666666666
2005-07-11,SPY,0.16666666666666666
2005-07-11,TLT,0.16666666666666666
2005-07-12,EEM,0.16666666666666666
2005-07-12,EFA,0
2005-07-12,GLD,0.16666666666666666
2005-07-12,IWM,0.16666666666666666
2005-07-12,QQQ,0.16666666666666666
2005-07-12,SPY,0.16666666666666666
2005-07-12,TLT,0.16666666666666666
2005-07-13,EEM,0.16666666666666666
2005-07-13,EFA,0
2005-07-13,GLD,0.16666666666666666
2005-07-13,IWM,0.16666666666666666
2005-07-13,QQQ,0.16666666666666666
2005-07-13,SPY,0.16666666666666666
2005-07-13,TLT,0.16666666666666666
2005-07-14,EEM,0.16666666666666666
2005-07-14,EFA,0
2005-07-14,GLD,0.16666666666666666
2005-07-14,IWM,0.16666666666666666
2005-07-14,QQQ,0.16666666666666666
2005-07-14,SPY,0.16666666666666666
2005-07-14,TLT,0.16666666666666666
2005-07-15,EEM,0.16666666666666666
2005-07-15,EFA,0
2005-07-15,GLD,0.16666666666666666
2005-07-15,IWM,0.16666666666666666
2005-07-15,QQQ,0.16666666666666666
2005-07-15,SPY,0.16666666666666666
2005-07-15,TLT,0.16666666666666666
2005-07-18,EEM,0.16666666666666666
2005-07-18,EFA,0.16666666666666666
2005-07-18,GLD,0
2005-07-18,IWM,0.16666666666666666
2005-07-18,QQQ,0.16666666666666666
2005-07-18,SPY,0.16666666666666666
2005-07-18,TLT,0.16666666666666666
2005-07-19,EEM,0.16666666666666666
2005-07-19,EFA,0.16666666666666666
2005-07-19,GLD,0
2005-07-19,IWM,0.16666666666666666
2005-07-19,QQQ,0.16666666666666666
2005-07-19,SPY,0.16666666666666666
2005-07-19,TLT,0.16666666666666666
2005-07-20,EEM,0.16666666666666666
2005-07-20,EFA,0.16666666666666666
2005-07-20,GLD,0
2005-07-20,IWM,0.16666666666666666
2005-07-20,QQQ,0.16666666666666666
2005-07-20,SPY,0.16666666666666666
2005-07-20,TLT,0.16666666666666666
2005-07-21,EEM,0.16666666666666666
2005-07-21,EFA,0.16666666666666666
2005-07-21,GLD,0
2005-07-21,IWM,0.16666666666666666
2005-07-21,QQQ,0.16666666666666666
2005-07-21,SPY,0.16666666666666666
2005-07-21,TLT,0.16666666666666666
2005-07-22,EEM,0.16666666666666666
2005-07-22,EFA,0.16666666666666666
2005-07-22,GLD,0
2005-07-22,IWM,0.16666666666666666
2005-07-22,QQQ,0.16666666666666666
2005-07-22,SPY,0.16666666666666666
2005-07-22,TLT,0.16666666666666666
2005-07-25,EEM,0.16666666666666666
2005-07-25,EFA,0.16666666666666666
2005-07-25,GLD,0
2005-07-25,IWM,0.16666666666666666
2005-07-25,QQQ,0.16666666666666666
2005-07-25,SPY,0.16666666666666666
2005-07-25,TLT,0.16666666666666666
2005-07-26,EEM,0.16666666666666666
2005-07-26,EFA,0.16666666666666666
2005-07-26,GLD,0
2005-07-26,IWM,0.16666666666666666
2005-07-26,QQQ,0.16666666666666666
2005-07-26,SPY,0.16666666666666666
2005-07-26,TLT,0.16666666666666666
2005-07-27,EEM,0.16666666666666666
2005-07-27,EFA,0.16666666666666666
2005-07-27,GLD,0
2005-07-27,IWM,0.16666666666666666
2005-07-27,QQQ,0.16666666666666666
2005-07-27,SPY,0.16666666666666666
2005-07-27,TLT,0.16666666666666666
2005-07-28,EEM,0.16666666666666666
2005-07-28,EFA,0.16666666666666666
2005-07-28,GLD,0
2005-07-28,IWM,0.16666666666666666
2005-07-28,QQQ,0.16666666666666666
2005-07-28,SPY,0.16666666666666666
2005-07-28,TLT,0.16666666666666666
2005-07-29,EEM,0.16666666666666666
2005-07-29,EFA,0.16666666666666666
2005-07-29,GLD,0
2005-07-29,IWM,0.16666666666666666
2005-07-29,QQQ,0.16666666666666666
2005-07-29,SPY,0.16666666666666666
2005-07-29,TLT,0.16666666666666666
2005-08-01,EEM,0.16666666666666666
2005-08-01,EFA,0.16666666666666666
2005-08-01,GLD,0
2005-08-01,IWM,0.16666666666666666
2005-08-01,QQQ,0.16666666666666666
2005-08-01,SPY,0.16666666666666666
2005-08-01,TLT,0.16666666666666666
2005-08-02,EEM,0.16666666666666666
2005-08-02,EFA,0.16666666666666666
2005-08-02,GLD,0
2005-08-02,IWM,0.16666666666666666
2005-08-02,QQQ,0.16666666666666666
2005-08-02,SPY,0.16666666666666666
2005-08-02,TLT,0.16666666666666666
2005-08-03,EEM,0.16666666666666666
2005-08-03,EFA,0.16666666666666666
2005-08-03,GLD,0
2005-08-03,IWM,0.16666666666666666
2005-08-03,QQQ,0.16666666666666666
2005-08-03,SPY,0.16666666666666666
2005-08-03,TLT,0.16666666666666666
2005-08-04,EEM,0.16666666666666666
2005-08-04,EFA,0.16666666666666666
2005-08-04,GLD,0
2005-08-04,IWM,0.16666666666666666
2005-08-04,QQQ,0.16666666666666666
2005-08-04,SPY,0.16666666666666666
2005-08-04,TLT,0.16666666666666666
2005-08-05,EEM,0.16666666666666666
2005-08-05,EFA,0.16666666666666666
2005-08-05,GLD,0
2005-08-05,IWM,0.16666666666666666
2005-08-05,QQQ,0.16666666666666666
2005-08-05,SPY,0.16666666666666666
2005-08-05,TLT,0.16666666666666666
2005-08-08,EEM,0.16666666666666666
2005-08-08,EFA,0.16666666666666666
2005-08-08,GLD,0
2005-08-08,IWM,0.16666666666666666
2005-08-08,QQQ,0.16666666666666666
2005-08-08,SPY,0.16666666666666666
2005-08-08,TLT,0.16666666666666666
2005-08-09,EEM,0.16666666666666666
2005-08-09,EFA,0.16666666666666666
2005-08-09,GLD,0
2005-08-09,IWM,0.16666666666666666
2005-08-09,QQQ,0.16666666666666666
2005-08-09,SPY,0.16666666666666666
2005-08-09,TLT,0.16666666666666666
2005-08-10,EEM,0.16666666666666666
2005-08-10,EFA,0.16666666666666666
2005-08-10,GLD,0
2005-08-10,IWM,0.16666666666666666
2005-08-10,QQQ,0.16666666666666666
2005-08-10,SPY,0.16666666666666666
2005-08-10,TLT,0.16666666666666666
2005-08-11,EEM,0.16666666666666666
2005-08-11,EFA,0.16666666666666666
2005-08-11,GLD,0
2005-08-11,IWM,0.16666666666666666
2005-08-11,QQQ,0.16666666666666666
2005-08-11,SPY,0.16666666666666666
2005-08-11,TLT,0.16666666666666666
2005-08-12,EEM,0.16666666666666666
2005-08-12,EFA,0.16666666666666666
2005-08-12,GLD,0
2005-08-12,IWM,0.16666666666666666
2005-08-12,QQQ,0.16666666666666666
2005-08-12,SPY,0.16666666666666666
2005-08-12,TLT,0.16666666666666666
2005-08-15,EEM,0.16666666666666666
2005-08-15,EFA,0.16666666666666666
2005-08-15,GLD,0
2005-08-15,IWM,0.16666666666666666
2005-08-15,QQQ,0.16666666666666666
2005-08-15,SPY,0.16666666666666666
2005-08-15,TLT,0.16666666666666666
2005-08-16,EEM,0.16666666666666666
2005-08-16,EFA,0.16666666666666666
2005-08-16,GLD,0
2005-08-16,IWM,0.16666666666666666
2005-08-16,QQQ,0.16666666666666666
2005-08-16,SPY,0.16666666666666666
2005-08-16,TLT,0.16666666666666666
2005-08-17,EEM,0.16666666666666666
2005-08-17,EFA,0.16666666666666666
2005-08-17,GLD,0
2005-08-17,IWM,0.16666666666666666
2005-08-17,QQQ,0.16666666666666666
2005-08-17,SPY,0.16666666666666666
2005-08-17,TLT,0.16666666666666666
2005-08-18,EEM,0.16666666666666666
2005-08-18,EFA,0.16666666666666666
2005-08-18,GLD,0
2005-08-18,IWM,0.16666666666666666
2005-08-18,QQQ,0.16666666666666666
2005-08-18,SPY,0.16666666666666666
2005-08-18,TLT,0.16666666666666666
2005-08-19,EEM,0.16666666666666666
2005-08-19,EFA,0.16666666666666666
2005-08-19,GLD,0
2005-08-19,IWM,0.16666666666666666
2005-08-19,QQQ,0.16666666666666666
2005-08-19,SPY,0.16666666666666666
2005-08-19,TLT,0.16666666666666666
2005-08-22,EEM,0.16666666666666666
2005-08-22,EFA,0.16666666666666666
2005-08-22,GLD,0.16666666666666666
2005-08-22,IWM,0.16666666666666666
2005-08-22,QQQ,0.16666666666666666
2005-08-22,SPY,0.16666666666666666
2005-08-22,TLT,0
2005-08-23,EEM,0.16666666666666666
2005-08-23,EFA,0.16666666666666666
2005-08-23,GLD,0.16666666666666666
2005-08-23,IWM,0.16666666666666666
2005-08-23,QQQ,0.16666666666666666
2005-08-23,SPY,0.16666666666666666
2005-08-23,TLT,0
2005-08-24,EEM,0.16666666666666666
2005-08-24,EFA,0.16666666666666666
2005-08-24,GLD,0.16666666666666666
2005-08-24,IWM,0.16666666666666666
2005-08-24,QQQ,0.16666666666666666
2005-08-24,SPY,0.16666666666666666
2005-08-24,TLT,0
2005-08-25,EEM,0.16666666666666666
2005-08-25,EFA,0.16666666666666666
2005-08-25,GLD,0.16666666666666666
2005-08-25,IWM,0.16666666666666666
2005-08-25,QQQ,0.16666666666666666
2005-08-25,SPY,0.16666666666666666
2005-08-25,TLT,0
2005-08-26,EEM,0.16666666666666666
2005-08-26,EFA,0.16666666666666666
2005-08-26,GLD,0.16666666666666666
2005-08-26,IWM,0.16666666666666666
2005-08-26,QQQ,0.16666666666666666
2005-08-26,SPY,0.16666666666666666
2005-08-26,TLT,0
2005-08-29,EEM,0.16666666666666666
2005-08-29,EFA,0.16666666666666666
2005-08-29,GLD,0.16666666666666666
2005-08-29,IWM,0.16666666666666666
2005-08-29,QQQ,0.16666666666666666
2005-08-29,SPY,0.16666666666666666
2005-08-29,TLT,0
2005-08-30,EEM,0.16666666666666666
2005-08-30,EFA,0.16666666666666666
2005-08-30,GLD,0.16666666666666666
2005-08-30,IWM,0.16666666666666666
2005-08-30,QQQ,0.16666666666666666
2005-08-30,SPY,0.16666666666666666
2005-08-30,TLT,0
2005-08-31,EEM,0.16666666666666666
2005-08-31,EFA,0.16666666666666666
2005-08-31,GLD,0.16666666666666666
2005-08-31,IWM,0.16666666666666666
2005-08-31,QQQ,0.16666666666666666
2005-08-31,SPY,0.16666666666666666
2005-08-31,TLT,0
2005-09-01,EEM,0.16666666666666666
2005-09-01,EFA,0.16666666666666666
2005-09-01,GLD,0.16666666666666666
2005-09-01,IWM,0.16666666666666666
2005-09-01,QQQ,0.16666666666666666
2005-09-01,SPY,0.16666666666666666
2005-09-01,TLT,0
2005-09-02,EEM,0.16666666666666666
2005-09-02,EFA,0.16666666666666666
2005-09-02,GLD,0.16666666666666666
2005-09-02,IWM,0.16666666666666666
2005-09-02,QQQ,0.16666666666666666
2005-09-02,SPY,0.16666666666666666
2005-09-02,TLT,0
2005-09-06,EEM,0.16666666666666666
2005-09-06,EFA,0.16666666666666666
2005-09-06,GLD,0.16666666666666666
2005-09-06,IWM,0.16666666666666666
2005-09-06,QQQ,0.16666666666666666
2005-09-06,SPY,0.16666666666666666
2005-09-06,TLT,0
2005-09-07,EEM,0.16666666666666666
2005-09-07,EFA,0.16666666666666666
2005-09-07,GLD,0.16666666666666666
2005-09-07,IWM,0.16666666666666666
2005-09-07,QQQ,0.16666666666666666
2005-09-07,SPY,0.16666666666666666
2005-09-07,TLT,0
2005-09-08,EEM,0.16666666666666666
2005-09-08,EFA,0.16666666666666666
2005-09-08,GLD,0.16666666666666666
2005-09-08,IWM,0.16666666666666666
2005-09-08,QQQ,0.16666666666666666
2005-09-08,SPY,0.16666666666666666
2005-09-08,TLT,0
2005-09-09,EEM,0.16666666666666666
2005-09-09,EFA,0.16666666666666666
2005-09-09,GLD,0.16666666666666666
2005-09-09,IWM,0.16666666666666666
2005-09-09,QQQ,0.16666666666666666
2005-09-09,SPY,0.16666666666666666
2005-09-09,TLT,0
2005-09-12,EEM,0.16666666666666666
2005-09-12,EFA,0.16666666666666666
2005-09-12,GLD,0.16666666666666666
2005-09-12,IWM,0.16666666666666666
2005-09-12,QQQ,0.16666666666666666
2005-09-12,SPY,0.16666666666666666
2005-09-12,TLT,0
2005-09-13,EEM,0.16666666666666666
2005-09-13,EFA,0.16666666666666666
2005-09-13,GLD,0
2005-09-13,IWM,0.16666666666666666
2005-09-13,QQQ,0.16666666666666666
2005-09-13,SPY,0.16666666666666666
2005-09-13,TLT,0.16666666666666666
2005-09-14,EEM,0.16666666666666666
2005-09-14,EFA,0.16666666666666666
2005-09-14,GLD,0
2005-09-14,IWM,0.16666666666666666
2005-09-14,QQQ,0.16666666666666666
2005-09-14,SPY,0.16666666666666666
2005-09-14,TLT,0.16666666666666666
2005-09-15,EEM,0.16666666666666666
2005-09-15,EFA,0.16666666666666666
2005-09-15,GLD,0
2005-09-15,IWM,0.16666666666666666
2005-09-15,QQQ,0.16666666666666666
2005-09-15,SPY,0.16666666666666666
2005-09-15,TLT,0.16666666666666666
2005-09-16,EEM,0.16666666666666666
2005-09-16,EFA,0.16666666666666666
2005-09-16,GLD,0
2005-09-16,IWM,0.16666666666666666
2005-09-16,QQQ,0.16666666666666666
2005-09-16,SPY,0.16666666666666666
2005-09-16,TLT,0.16666666666666666
2005-09-19,EEM,0.16666666666666666
2005-09-19,EFA,0.16666666666666666
2005-09-19,GLD,0
2005-09-19,IWM,0.16666666666666666
2005-09-19,QQQ,0.16666666666666666
2005-09-19,SPY,0.16666666666666666
2005-09-19,TLT,0.16666666666666666
2005-09-20,EEM,0.16666666666666666
2005-09-20,EFA,0.16666666666666666
2005-09-20,GLD,0.16666666666666666
2005-09-20,IWM,0.16666666666666666
2005-09-20,QQQ,0.16666666666666666
2005-09-20,SPY,0.16666666666666666
2005-09-20,TLT,0
2005-09-21,EEM,0.16666666666666666
2005-09-21,EFA,0.16666666666666666
2005-09-21,GLD,0.16666666666666666
2005-09-21,IWM,0.16666666666666666
2005-09-21,QQQ,0.16666666666666666
2005-09-21,SPY,0.16666666666666666
2005-09-21,TLT,0
2005-09-22,EEM,0.16666666666666666
2005-09-22,EFA,0.16666666666666666
2005-09-22,GLD,0.16666666666666666
2005-09-22,IWM,0.16666666666666666
2005-09-22,QQQ,0.16666666666666666
2005-09-22,SPY,0.16666666666666666
2005-09-22,TLT,0
2005-09-23,EEM,0.16666666666666666
2005-09-23,EFA,0.16666666666666666
2005-09-23,GLD,0.16666666666666666
2005-09-23,IWM,0.16666666666666666
2005-09-23,QQQ,0.16666666666666666
2005-09-23,SPY,0.16666666666666666
2005-09-23,TLT,0
2005-09-26,EEM,0.16666666666666666
2005-09-26,EFA,0.16666666666666666
2005-09-26,GLD,0.16666666666666666
2005-09-26,IWM,0.16666666666666666
2005-09-26,QQQ,0.16666666666666666
2005-09-26,SPY,0.16666666666666666
2005-09-26,TLT,0
2005-09-27,EEM,0.16666666666666666
2005-09-27,EFA,0.16666666666666666
2005-09-27,GLD,0.16666666666666666
2005-09-27,IWM,0.16666666666666666
2005-09-27,QQQ,0.16666666666666666
2005-09-27,SPY,0.16666666666666666
2005-09-27,TLT,0
2005-09-28,EEM,0.16666666666666666
2005-09-28,EFA,0.16666666666666666
2005-09-28,GLD,0.16666666666666666
2005-09-28,IWM,0.16666666666666666
2005-09-28,QQQ,0.16666666666666666
2005-09-28,SPY,0.16666666666666666
2005-09-28,TLT,0
2005-09-29,EEM,0.16666666666666666
2005-09-29,EFA,0.16666666666666666
2005-09-29,GLD,0.16666666666666666
2005-09-29,IWM,0.16666666666666666
2005-09-29,QQQ,0.16666666666666666
2005-09-29,SPY,0.16666666666666666
2005-09-29,TLT,0
2005-09-30,EEM,0.16666666666666666
2005-09-30,EFA,0.16666666666666666
2005-09-30,GLD,0.16666666666666666
2005-09-30,IWM,0.16666666666666666
2005-09-30,QQQ,0.16666666666666666
2005-09-30,SPY,0.16666666666666666
2005-09-30,TLT,0
2005-10-03,EEM,0.16666666666666666
2005-10-03,EFA,0.16666666666666666
2005-10-03,GLD,0.16666666666666666
2005-10-03,IWM,0.16666666666666666
2005-10-03,QQQ,0.16666666666666666
2005-10-03,SPY,0.16666666666666666
2005-10-03,TLT,0
2005-10-04,EEM,0.16666666666666666
2005-10-04,EFA,0.16666666666666666
2005-10-04,GLD,0.16666666666666666
2005-10-04,IWM,0.16666666666666666
2005-10-04,QQQ,0.16666666666666666
2005-10-04,SPY,0.16666666666666666
2005-10-04,TLT,0
2005-10-05,EEM,0.16666666666666666
2005-10-05,EFA,0.16666666666666666
2005-10-05,GLD,0.16666666666666666
2005-10-05,IWM,0.16666666666666666
2005-10-05,QQQ,0.16666666666666666
2005-10-05,SPY,0.16666666666666666
2005-10-05,TLT,0
2005-10-06,EEM,0.16666666666666666
2005-10-06,EFA,0.16666666666666666
2005-10-06,GLD,0.16666666666666666
2005-10-06,IWM,0.16666666666666666
2005-10-06,QQQ,0.16666666666666666
2005-10-06,SPY,0.16666666666666666
2005-10-06,TLT,0
2005-10-07,EEM,0.16666666666666666
2005-10-07,EFA,0.16666666666666666
2005-10-07,GLD,0.16666666666666666
2005-10-07,IWM,0.16666666666666666
2005-10-07,QQQ,0.16666666666666666
2005-10-07,SPY,0.16666666666666666
2005-10-07,TLT,0
2005-10-10,EEM,0.16666666666666666
2005-10-10,EFA,0.16666666666666666
2005-10-10,GLD,0.16666666666666666
2005-10-10,IWM,0.16666666666666666
2005-10-10,QQQ,0.16666666666666666
2005-10-10,SPY,0.16666666666666666
2005-10-10,TLT,0
2005-10-11,EEM,0.16666666666666666
2005-10-11,EFA,0.16666666666666666
2005-10-11,GLD,0.66666666666666663
2005-10-11,IWM,0
2005-10-11,QQQ,0
2005-10-11,SPY,0
2005-10-11,TLT,0
2005-10-12,EEM,0.16666666666666666
2005-10-12,EFA,0.16666666666666666
2005-10-12,GLD,0.66666666666666663
2005-10-12,IWM,0
2005-10-12,QQQ,0
2005-10-12,SPY,0
2005-10-12,TLT,0
2005-10-13,EEM,0.16666666666666666
2005-10-13,EFA,0.16666666666666666
2005-10-13,GLD,0.66666666666666663
2005-10-13,IWM,0
2005-10-13,QQQ,0
2005-10-13,SPY,0
2005-10-13,TLT,0
2005-10-14,EEM,0.16666666666666666
2005-10-14,EFA,0.16666666666666666
2005-10-14,GLD,0.66666666666666663
2005-10-14,IWM,0
2005-10-14,QQQ,0
2005-10-14,SPY,0
2005-10-14,TLT,0
2005-10-17,EEM,0.16666666666666666
2005-10-17,EFA,0.16666666666666666
2005-10-17,GLD,0.66666666666666663
2005-10-17,IWM,0
2005-10-17,QQQ,0
2005-10-17,SPY,0
2005-10-17,TLT,0
2005-10-18,EEM,0.16666666666666666
2005-10-18,EFA,0.16666666666666666
2005-10-18,GLD,0.66666666666666663
2005-10-18,IWM,0
2005-10-18,QQQ,0
2005-10-18,SPY,0
2005-10-18,TLT,0
2005-10-19,EEM,0.16666666666666666
2005-10-19,EFA,0.16666666666666666
2005-10-19,GLD,0.66666666666666663
2005-10-19,IWM,0
2005-10-19,QQQ,0
2005-10-19,SPY,0
2005-10-19,TLT,0
2005-10-20,EEM,0.16666666666666666
2005-10-20,EFA,0.16666666666666666
2005-10-20,GLD,0.66666666666666663
2005-10-20,IWM,0
2005-10-20,QQQ,0
2005-10-20,SPY,0
2005-10-20,TLT,0
2005-10-21,EEM,0.16666666666666666
2005-10-21,EFA,0.16666666666666666
2005-10-21,GLD,0.66666666666666663
2005-10-21,IWM,0
2005-10-21,QQQ,0
2005-10-21,SPY,0
2005-10-21,TLT,0
2005-10-24,EEM,0.16666666666666666
2005-10-24,EFA,0.16666666666666666
2005-10-24,GLD,0.66666666666666663
2005-10-24,IWM,0
2005-10-24,QQQ,0
2005-10-24,SPY,0
2005-10-24,TLT,0
2005-10-25,EEM,0.16666666666666666
2005-10-25,EFA,0.16666666666666666
2005-10-25,GLD,0.66666666666666663
2005-10-25,IWM,0
2005-10-25,QQQ,0
2005-10-25,SPY,0
2005-10-25,TLT,0
2005-10-26,EEM,0.16666666666666666
2005-10-26,EFA,0.16666666666666666
2005-10-26,GLD,0.66666666666666663
2005-10-26,IWM,0
2005-10-26,QQQ,0
2005-10-26,SPY,0
2005-10-26,TLT,0
2005-10-27,EEM,0.16666666666666666
2005-10-27,EFA,0.16666666666666666
2005-10-27,GLD,0.66666666666666663
2005-10-27,IWM,0
2005-10-27,QQQ,0
2005-10-27,SPY,0
2005-10-27,TLT,0
2005-10-28,EEM,0.16666666666666666
2005-10-28,EFA,0.16666666666666666
2005-10-28,GLD,0.66666666666666663
2005-10-28,IWM,0
2005-10-28,QQQ,0
2005-10-28,SPY,0
2005-10-28,TLT,0
2005-10-31,EEM,0.16666666666666666
2005-10-31,EFA,0.16666666666666666
2005-10-31,GLD,0.66666666666666663
2005-10-31,IWM,0
2005-10-31,QQQ,0
2005-10-31,SPY,0
2005-10-31,TLT,0
2005-11-01,EEM,0.16666666666666666
2005-11-01,EFA,0.16666666666666666
2005-11-01,GLD,0.66666666666666663
2005-11-01,IWM,0
2005-11-01,QQQ,0
2005-11-01,SPY,0
2005-11-01,TLT,0
2005-11-02,EEM,0.16666666666666666
2005-11-02,EFA,0.16666666666666666
2005-11-02,GLD,0.66666666666666663
2005-11-02,IWM,0
2005-11-02,QQQ,0
2005-11-02,SPY,0
2005-11-02,TLT,0
2005-11-03,EEM,0.16666666666666666
2005-11-03,EFA,0.16666666666666666
2005-11-03,GLD,0.66666666666666663
2005-11-03,IWM,0
2005-11-03,QQQ,0
2005-11-03,SPY,0
2005-11-03,TLT,0
2005-11-04,EEM,0.16666666666666666
2005-11-04,EFA,0.16666666666666666
2005-11-04,GLD,0.66666666666666663
2005-11-04,IWM,0
2005-11-04,QQQ,0
2005-11-04,SPY,0
2005-11-04,TLT,0
2005-11-07,EEM,0.16666666666666666
2005-11-07,EFA,0.16666666666666666
2005-11-07,GLD,0.66666666666666663
2005-11-07,IWM,0
2005-11-07,QQQ,0
2005-11-07,SPY,0
2005-11-07,TLT,0
2005-11-08,EEM,0.16666666666666666
2005-11-08,EFA,0.16666666666666666
2005-11-08,GLD,0.5
2005-11-08,IWM,0
2005-11-08,QQQ,0.16666666666666666
2005-11-08,SPY,0
2005-11-08,TLT,0
2005-11-09,EEM,0.16666666666666666
2005-11-09,EFA,0.16666666666666666
2005-11-09,GLD,0.5
2005-11-09,IWM,0
2005-11-09,QQQ,0.16666666666666666
2005-11-09,SPY,0
2005-11-09,TLT,0
2005-11-10,EEM,0.16666666666666666
2005-11-10,EFA,0.16666666666666666
2005-11-10,GLD,0.5
2005-11-10,IWM,0
2005-11-10,QQQ,0.16666666666666666
2005-11-10,SPY,0
2005-11-10,TLT,0
2005-11-11,EEM,0.16666666666666666
2005-11-11,EFA,0.16666666666666666
2005-11-11,GLD,0.5
2005-11-11,IWM,0
2005-11-11,QQQ,0.16666666666666666
2005-11-11,SPY,0
2005-11-11,TLT,0
2005-11-14,EEM,0.16666666666666666
2005-11-14,EFA,0.16666666666666666
2005-11-14,GLD,0.5
2005-11-14,IWM,0
2005-11-14,QQQ,0.16666666666666666
2005-11-14,SPY,0
2005-11-14,TLT,0
2005-11-15,EEM,0.16666666666666666
2005-11-15,EFA,0.16666666666666666
2005-11-15,GLD,0.16666666666666666
2005-11-15,IWM,0.16666666666666666
2005-11-15,QQQ,0.16666666666666666
2005-11-15,SPY,0.16666666666666666
2005-11-15,TLT,0
2005-11-16,EEM,0.16666666666666666
2005-11-16,EFA,0.16666666666666666
2005-11-16,GLD,0.16666666666666666
2005-11-16,IWM,0.16666666666666666
2005-11-16,QQQ,0.16666666666666666
2005-11-16,SPY,0.16666666666666666
2005-11-16,TLT,0
2005-11-17,EEM,0.16666666666666666
2005-11-17,EFA,0.16666666666666666
2005-11-17,GLD,0.16666666666666666
2005-11-17,IWM,0.16666666666666666
2005-11-17,QQQ,0.16666666666666666
2005-11-17,SPY,0.16666666666666666
2005-11-17,TLT,0
2005-11-18,EEM,0.16666666666666666
2005-11-18,EFA,0.16666666666666666
2005-11-18,GLD,0.16666666666666666
2005-11-18,IWM,0.16666666666666666
2005-11-18,QQQ,0.16666666666666666
2005-11-18,SPY,0.16666666666666666
2005-11-18,TLT,0
2005-11-21,EEM,0.16666666666666666
2005-11-21,EFA,0.16666666666666666
2005-11-21,GLD,0.16666666666666666
2005-11-21,IWM,0.16666666666666666
2005-11-21,QQQ,0.16666666666666666
2005-11-21,SPY,0.16666666666666666
2005-11-21,TLT,0
2005-11-22,EEM,0.16666666666666666
2005-11-22,EFA,0.16666666666666666
2005-11-22,GLD,0.16666666666666666
2005-11-22,IWM,0.16666666666666666
2005-11-22,QQQ,0.16666666666666666
2005-11-22,SPY,0.16666666666666666
2005-11-22,TLT,0
2005-11-23,EEM,0.16666666666666666
2005-11-23,EFA,0.16666666666666666
2005-11-23,GLD,0.16666666666666666
2005-11-23,IWM,0.16666666666666666
2005-11-23,QQQ,0.16666666666666666
2005-11-23,SPY,0.16666666666666666
2005-11-23,TLT,0
2005-11-25,EEM,0.16666666666666666
2005-11-25,EFA,0.16666666666666666
2005-11-25,GLD,0.16666666666666666
2005-11-25,IWM,0.16666666666666666
2005-11-25,QQQ,0.16666666666666666
2005-11-25,SPY,0.16666666666666666
2005-11-25,TLT,0
2005-11-28,EEM,0.16666666666666666
2005-11-28,EFA,0.16666666666666666
2005-11-28,GLD,0.16666666666666666
2005-11-28,IWM,0.16666666666666666
2005-11-28,QQQ,0.16666666666666666
2005-11-28,SPY,0.16666666666666666
2005-11-28,TLT,0
2005-11-29,EEM,0.16666666666666666
2005-11-29,EFA,0.16666666666666666
2005-11-29,GLD,0.16666666666666666
2005-11-29,IWM,0.16666666666666666
2005-11-29,QQQ,0.16666666666666666
2005-11-29,SPY,0.16666666666666666
2005-11-29,TLT,0
2005-11-30,EEM,0.16666666666666666
2005-11-30,EFA,0.16666666666666666
2005-11-30,GLD,0.16666666666666666
2005-11-30,IWM,0.16666666666666666
2005-11-30,QQQ,0.16666666666666666
2005-11-30,SPY,0.16666666666666666
2005-11-30,TLT,0
2005-12-01,EEM,0.16666666666666666
2005-12-01,EFA,0.16666666666666666
2005-12-01,GLD,0.16666666666666666
2005-12-01,IWM,0.16666666666666666
2005-12-01,QQQ,0.16666666666666666
2005-12-01,SPY,0.16666666666666666
2005-12-01,TLT,0
2005-12-02,EEM,0.16666666666666666
2005-12-02,EFA,0.16666666666666666
2005-12-02,GLD,0.16666666666666666
2005-12-02,IWM,0.16666666666666666
2005-12-02,QQQ,0.16666666666666666
2005-12-02,SPY,0.16666666666666666
2005-12-02,TLT,0
2005-12-05,EEM,0.16666666666666666
2005-12-05,EFA,0.16666666666666666
2005-12-05,GLD,0.16666666666666666
2005-12-05,IWM,0.16666666666666666
2005-12-05,QQQ,0.16666666666666666
2005-12-05,SPY,0.16666666666666666
2005-12-05,TLT,0
2005-12-06,EEM,0.16666666666666666
2005-12-06,EFA,0.16666666666666666
2005-12-06,GLD,0.16666666666666666
2005-12-06,IWM,0.16666666666666666
2005-12-06,QQQ,0.16666666666666666
2005-12-06,SPY,0.16666666666666666
2005-12-06,TLT,0
2005-12-07,EEM,0.16666666666666666
2005-12-07,EFA,0.16666666666666666
2005-12-07,GLD,0.16666666666666666
2005-12-07,IWM,0.16666666666666666
2005-12-07,QQQ,0.16666666666666666
2005-12-07,SPY,0.16666666666666666
2005-12-07,TLT,0
2005-12-08,EEM,0.16666666666666666
2005-12-08,EFA,0.16666666666666666
2005-12-08,GLD,0.16666666666666666
2005-12-08,IWM,0.16666666666666666
2005-12-08,QQQ,0.16666666666666666
2005-12-08,SPY,0.16666666666666666
2005-12-08,TLT,0
2005-12-09,EEM,0.16666666666666666
2005-12-09,EFA,0.16666666666666666
2005-12-09,GLD,0.16666666666666666
2005-12-09,IWM,0.16666666666666666
2005-12-09,QQQ,0.16666666666666666
2005-12-09,SPY,0.16666666666666666
2005-12-09,TLT,0
2005-12-12,EEM,0.16666666666666666
2005-12-12,EFA,0.16666666666666666
2005-12-12,GLD,0.16666666666666666
2005-12-12,IWM,0.16666666666666666
2005-12-12,QQQ,0.16666666666666666
2005-12-12,SPY,0.16666666666666666
2005-12-12,TLT,0
2005-12-13,EEM,0.16666666666666666
2005-12-13,EFA,0.16666666666666666
2005-12-13,GLD,0.16666666666666666
2005-12-13,IWM,0.16666666666666666
2005-12-13,QQQ,0.16666666666666666
2005-12-13,SPY,0.16666666666666666
2005-12-13,TLT,0
2005-12-14,EEM,0.16666666666666666
2005-12-14,EFA,0.16666666666666666
2005-12-14,GLD,0.16666666666666666
2005-12-14,IWM,0.16666666666666666
2005-12-14,QQQ,0.16666666666666666
2005-12-14,SPY,0.16666666666666666
2005-12-14,TLT,0
2005-12-15,EEM,0.16666666666666666
2005-12-15,EFA,0.16666666666666666
2005-12-15,GLD,0.16666666666666666
2005-12-15,IWM,0.16666666666666666
2005-12-15,QQQ,0.16666666666666666
2005-12-15,SPY,0.16666666666666666
2005-12-15,TLT,0
2005-12-16,EEM,0.16666666666666666
2005-12-16,EFA,0.16666666666666666
2005-12-16,GLD,0.16666666666666666
2005-12-16,IWM,0.16666666666666666
2005-12-16,QQQ,0.16666666666666666
2005-12-16,SPY,0.16666666666666666
2005-12-16,TLT,0
2005-12-19,EEM,0.16666666666666666
2005-12-19,EFA,0.16666666666666666
2005-12-19,GLD,0.16666666666666666
2005-12-19,IWM,0.16666666666666666
2005-12-19,QQQ,0.16666666666666666
2005-12-19,SPY,0.16666666666666666
2005-12-19,TLT,0
2005-12-20,EEM,0.16666666666666666
2005-12-20,EFA,0.16666666666666666
2005-12-20,GLD,0.16666666666666666
2005-12-20,IWM,0.16666666666666666
2005-12-20,QQQ,0.16666666666666666
2005-12-20,SPY,0.16666666666666666
2005-12-20,TLT,0
2005-12-21,EEM,0.16666666666666666
2005-12-21,EFA,0.16666666666666666
2005-12-21,GLD,0.16666666666666666
2005-12-21,IWM,0.16666666666666666
2005-12-21,QQQ,0.16666666666666666
2005-12-21,SPY,0.16666666666666666
2005-12-21,TLT,0
2005-12-22,EEM,0.16666666666666666
2005-12-22,EFA,0.16666666666666666
2005-12-22,GLD,0.16666666666666666
2005-12-22,IWM,0.16666666666666666
2005-12-22,QQQ,0.16666666666666666
2005-12-22,SPY,0.16666666666666666
2005-12-22,TLT,0
2005-12-23,EEM,0.16666666666666666
2005-12-23,EFA,0.16666666666666666
2005-12-23,GLD,0.16666666666666666
2005-12-23,IWM,0.16666666666666666
2005-12-23,QQQ,0.16666666666666666
2005-12-23,SPY,0.16666666666666666
2005-12-23,TLT,0
2005-12-27,EEM,0.16666666666666666
2005-12-27,EFA,0.16666666666666666
2005-12-27,GLD,0.16666666666666666
2005-12-27,IWM,0.16666666666666666
2005-12-27,QQQ,0.16666666666666666
2005-12-27,SPY,0.16666666666666666
2005-12-27,TLT,0
2005-12-28,EEM,0.16666666666666666
2005-12-28,EFA,0.16666666666666666
2005-12-28,GLD,0.16666666666666666
2005-12-28,IWM,0.16666666666666666
2005-12-28,QQQ,0.16666666666666666
2005-12-28,SPY,0.16666666666666666
2005-12-28,TLT,0
2005-12-29,EEM,0.16666666666666666
2005-12-29,EFA,0.16666666666666666
2005-12-29,GLD,0.16666666666666666
2005-12-29,IWM,0.16666666666666666
2005-12-29,QQQ,0.16666666666666666
2005-12-29,SPY,0.16666666666666666
2005-12-29,TLT,0
2005-12-30,EEM,0.16666666666666666
2005-12-30,EFA,0.16666666666666666
2005-12-30,GLD,0.16666666666666666
2005-12-30,IWM,0.16666666666666666
2005-12-30,QQQ,0.16666666666666666
2005-12-30,SPY,0.16666666666666666
2005-12-30,TLT,0
2006-01-03,EEM,0.16666666666666666
2006-01-03,EFA,0.16666666666666666
2006-01-03,GLD,0.16666666666666666
2006-01-03,IWM,0.16666666666666666
2006-01-03,QQQ,0.16666666666666666
2006-01-03,SPY,0.16666666666666666
2006-01-03,TLT,0
2006-01-04,EEM,0.16666666666666666
2006-01-04,EFA,0.16666666666666666
2006-01-04,GLD,0.16666666666666666
2006-01-04,IWM,0.16666666666666666
2006-01-04,QQQ,0.16666666666666666
2006-01-04,SPY,0.16666666666666666
2006-01-04,TLT,0
2006-01-05,EEM,0.16666666666666666
2006-01-05,EFA,0.16666666666666666
2006-01-05,GLD,0.16666666666666666
2006-01-05,IWM,0.16666666666666666
2006-01-05,QQQ,0.16666666666666666
2006-01-05,SPY,0.16666666666666666
2006-01-05,TLT,0
2006-01-06,EEM,0.16666666666666666
2006-01-06,EFA,0.16666666666666666
2006-01-06,GLD,0
2006-01-06,IWM,0.16666666666666666
2006-01-06,QQQ,0.16666666666666666
2006-01-06,SPY,0.16666666666666666
2006-01-06,TLT,0.16666666666666666
2006-01-09,EEM,0.16666666666666666
2006-01-09,EFA,0.16666666666666666
2006-01-09,GLD,0
2006-01-09,IWM,0.16666666666666666
2006-01-09,QQQ,0.16666666666666666
2006-01-09,SPY,0.16666666666666666
2006-01-09,TLT,0.16666666666666666
2006-01-10,EEM,0.16666666666666666
2006-01-10,EFA,0.16666666666666666
2006-01-10,GLD,0
2006-01-10,IWM,0.16666666666666666
2006-01-10,QQQ,0.16666666666666666
2006-01-10,SPY,0.16666666666666666
2006-01-10,TLT,0.16666666666666666
2006-01-11,EEM,0.16666666666666666
2006-01-11,EFA,0.16666666666666666
2006-01-11,GLD,0
2006-01-11,IWM,0.16666666666666666
2006-01-11,QQQ,0.16666666666666666
2006-01-11,SPY,0.16666666666666666
2006-01-11,TLT,0.16666666666666666
2006-01-12,EEM,0.16666666666666666
2006-01-12,EFA,0.16666666666666666
2006-01-12,GLD,0
2006-01-12,IWM,0.16666666666666666
2006-01-12,QQQ,0.16666666666666666
2006-01-12,SPY,0.16666666666666666
2006-01-12,TLT,0.16666666666666666
2006-01-13,EEM,0.16666666666666666
2006-01-13,EFA,0.16666666666666666
2006-01-13,GLD,0
2006-01-13,IWM,0.16666666666666666
2006-01-13,QQQ,0.16666666666666666
2006-01-13,SPY,0.16666666666666666
2006-01-13,TLT,0.16666666666666666
2006-01-17,EEM,0.16666666666666666
2006-01-17,EFA,0.16666666666666666
2006-01-17,GLD,0
2006-01-17,IWM,0.16666666666666666
2006-01-17,QQQ,0.16666666666666666
2006-01-17,SPY,0.16666666666666666
2006-01-17,TLT,0.16666666666666666
2006-01-18,EEM,0.16666666666666666
2006-01-18,EFA,0.16666666666666666
2006-01-18,GLD,0
2006-01-18,IWM,0.16666666666666666
2006-01-18,QQQ,0.16666666666666666
2006-01-18,SPY,0.16666666666666666
2006-01-18,TLT,0.16666666666666666
2006-01-19,EEM,0.16666666666666666
2006-01-19,EFA,0.16666666666666666
2006-01-19,GLD,0
2006-01-19,IWM,0.16666666666666666
2006-01-19,QQQ,0.16666666666666666
2006-01-19,SPY,0.16666666666666666
2006-01-19,TLT,0.16666666666666666
2006-01-20,EEM,0.16666666666666666
2006-01-20,EFA,0.16666666666666666
2006-01-20,GLD,0
2006-01-20,IWM,0.16666666666666666
2006-01-20,QQQ,0.16666666666666666
2006-01-20,SPY,0.16666666666666666
2006-01-20,TLT,0.16666666666666666
2006-01-23,EEM,0.16666666666666666
2006-01-23,EFA,0.16666666666666666
2006-01-23,GLD,0
2006-01-23,IWM,0.16666666666666666
2006-01-23,QQQ,0.16666666666666666
2006-01-23,SPY,0.16666666666666666
2006-01-23,TLT,0.16666666666666666
2006-01-24,EEM,0.16666666666666666
2006-01-24,EFA,0.16666666666666666
2006-01-24,GLD,0
2006-01-24,IWM,0.16666666666666666
2006-01-24,QQQ,0.16666666666666666
2006-01-24,SPY,0.16666666666666666
2006-01-24,TLT,0.16666666666666666
2006-01-25,EEM,0.16666666666666666
2006-01-25,EFA,0.16666666666666666
2006-01-25,GLD,0
2006-01-25,IWM,0.16666666666666666
2006-01-25,QQQ,0.16666666666666666
2006-01-25,SPY,0.16666666666666666
2006-01-25,TLT,0.16666666666666666
2006-01-26,EEM,0.16666666666666666
2006-01-26,EFA,0.16666666666666666
2006-01-26,GLD,0
2006-01-26,IWM,0.16666666666666666
2006-01-26,QQQ,0.16666666666666666
2006-01-26,SPY,0.16666666666666666
2006-01-26,TLT,0.16666666666666666
2006-01-27,EEM,0.16666666666666666
2006-01-27,EFA,0.16666666666666666
2006-01-27,GLD,0
2006-01-27,IWM,0.16666666666666666
2006-01-27,QQQ,0.16666666666666666
2006-01-27,SPY,0.16666666666666666
2006-01-27,TLT,0.16666666666666666
2006-01-30,EEM,0.16666666666666666
2006-01-30,EFA,0.16666666666666666
2006-01-30,GLD,0
2006-01-30,IWM,0.16666666666666666
2006-01-30,QQQ,0.16666666666666666
2006-01-30,SPY,0.16666666666666666
2006-01-30,TLT,0.16666666666666666
2006-01-31,EEM,0.16666666666666666
2006-01-31,EFA,0.16666666666666666
2006-01-31,GLD,0
2006-01-31,IWM,0.16666666666666666
2006-01-31,QQQ,0.16666666666666666
2006-01-31,SPY,0.16666666666666666
2006-01-31,TLT,0.16666666666666666
2006-02-01,EEM,0.16666666666666666
2006-02-01,EFA,0.16666666666666666
2006-02-01,GLD,0
2006-02-01,IWM,0.16666666666666666
2006-02-01,QQQ,0.16666666666666666
2006-02-01,SPY,0.16666666666666666
2006-02-01,TLT,0.16666666666666666
2006-02-02,EEM,0.16666666666666666
2006-02-02,EFA,0.16666666666666666
2006-02-02,GLD,0
2006-02-02,IWM,0.16666666666666666
2006-02-02,QQQ,0.16666666666666666
2006-02-02,SPY,0.16666666666666666
2006-02-02,TLT,0.16666666666666666
2006-02-03,EEM,0.16666666666666666
2006-02-03,EFA,0.16666666666666666
2006-02-03,GLD,0
2006-02-03,IWM,0.16666666666666666
2006-02-03,QQQ,0.16666666666666666
2006-02-03,SPY,0.16666666666666666
2006-02-03,TLT,0.16666666666666666
2006-02-06,EEM,0.16666666666666666
2006-02-06,EFA,0.16666666666666666
2006-02-06,GLD,0
2006-02-06,IWM,0.16666666666666666
2006-02-06,QQQ,0.16666666666666666
2006-02-06,SPY,0.16666666666666666
2006-02-06,TLT,0.16666666666666666
2006-02-07,EEM,0.16666666666666666
2006-02-07,EFA,0.16666666666666666
2006-02-07,GLD,0
2006-02-07,IWM,0.16666666666666666
2006-02-07,QQQ,0.16666666666666666
2006-02-07,SPY,0.16666666666666666
2006-02-07,TLT,0.16666666666666666
2006-02-08,EEM,0.16666666666666666
2006-02-08,EFA,0.16666666666666666
2006-02-08,GLD,0
2006-02-08,IWM,0.16666666666666666
2006-02-08,QQQ,0.16666666666666666
2006-02-08,SPY,0.16666666666666666
2006-02-08,TLT,0.16666666666666666
2006-02-09,EEM,0.16666666666666666
2006-02-09,EFA,0.16666666666666666
2006-02-09,GLD,0
2006-02-09,IWM,0.16666666666666666
2006-02-09,QQQ,0.16666666666666666
2006-02-09,SPY,0.16666666666666666
2006-02-09,TLT,0.16666666666666666
2006-02-10,EEM,0.16666666666666666
2006-02-10,EFA,0.16666666666666666
2006-02-10,GLD,0
2006-02-10,IWM,0.16666666666666666
2006-02-10,QQQ,0.16666666666666666
2006-02-10,SPY,0.16666666666666666
2006-02-10,TLT,0.16666666666666666
2006-02-13,EEM,0.16666666666666666
2006-02-13,EFA,0.16666666666666666
2006-02-13,GLD,0.16666666666666666
2006-02-13,IWM,0.16666666666666666
2006-02-13,QQQ,0
2006-02-13,SPY,0.16666666666666666
2006-02-13,TLT,0.16666666666666666
2006-02-14,EEM,0.16666666666666666
2006-02-14,EFA,0.16666666666666666
2006-02-14,GLD,0.16666666666666666
2006-02-14,IWM,0.16666666666666666
2006-02-14,QQQ,0
2006-02-14,SPY,0.16666666666666666
2006-02-14,TLT,0.16666666666666666
2006-02-15,EEM,0.16666666666666666
2006-02-15,EFA,0.16666666666666666
2006-02-15,GLD,0.16666666666666666
2006-02-15,IWM,0.16666666666666666
2006-02-15,QQQ,0
2006-02-15,SPY,0.16666666666666666
2006-02-15,TLT,0.16666666666666666
2006-02-16,EEM,0.16666666666666666
2006-02-16,EFA,0.16666666666666666
2006-02-16,GLD,0.16666666666666666
2006-02-16,IWM,0.16666666666666666
2006-02-16,QQQ,0
2006-02-16,SPY,0.16666666666666666
2006-02-16,TLT,0.16666666666666666
2006-02-17,EEM,0.16666666666666666
2006-02-17,EFA,0.16666666666666666
2006-02-17,GLD,0.16666666666666666
2006-02-17,IWM,0.16666666666666666
2006-02-17,QQQ,0
2006-02-17,SPY,0.16666666666666666
2006-02-17,TLT,0.16666666666666666
2006-02-21,EEM,0.16666666666666666
2006-02-21,EFA,0.16666666666666666
2006-02-21,GLD,0.16666666666666666
2006-02-21,IWM,0.16666666666666666
2006-02-21,QQQ,0
2006-02-21,SPY,0.16666666666666666
2006-02-21,TLT,0.16666666666666666
2006-02-22,EEM,0.16666666666666666
2006-02-22,EFA,0.16666666666666666
2006-02-22,GLD,0.16666666666666666
2006-02-22,IWM,0.16666666666666666
2006-02-22,QQQ,0
2006-02-22,SPY,0.16666666666666666
2006-02-22,TLT,0.16666666666666666
2006-02-23,EEM,0.16666666666666666
2006-02-23,EFA,0.16666666666666666
2006-02-23,GLD,0.16666666666666666
2006-02-23,IWM,0.16666666666666666
2006-02-23,QQQ,0
2006-02-23,SPY,0.16666666666666666
2006-02-23,TLT,0.16666666666666666
2006-02-24,EEM,0.16666666666666666
2006-02-24,EFA,0.16666666666666666
2006-02-24,GLD,0.16666666666666666
2006-02-24,IWM,0.16666666666666666
2006-02-24,QQQ,0
2006-02-24,SPY,0.16666666666666666
2006-02-24,TLT,0.16666666666666666
2006-02-27,EEM,0.16666666666666666
2006-02-27,EFA,0.16666666666666666
2006-02-27,GLD,0.16666666666666666
2006-02-27,IWM,0.16666666666666666
2006-02-27,QQQ,0
2006-02-27,SPY,0.16666666666666666
2006-02-27,TLT,0.16666666666666666
2006-02-28,EEM,0.16666666666666666
2006-02-28,EFA,0.16666666666666666
2006-02-28,GLD,0.16666666666666666
2006-02-28,IWM,0.16666666666666666
2006-02-28,QQQ,0
2006-02-28,SPY,0.16666666666666666
2006-02-28,TLT,0.16666666666666666
2006-03-01,EEM,0.16666666666666666
2006-03-01,EFA,0.16666666666666666
2006-03-01,GLD,0.16666666666666666
2006-03-01,IWM,0.16666666666666666
2006-03-01,QQQ,0
2006-03-01,SPY,0.16666666666666666
2006-03-01,TLT,0.16666666666666666
2006-03-02,EEM,0.16666666666666666
2006-03-02,EFA,0.16666666666666666
2006-03-02,GLD,0.16666666666666666
2006-03-02,IWM,0.16666666666666666
2006-03-02,QQQ,0
2006-03-02,SPY,0.16666666666666666
2006-03-02,TLT,0.16666666666666666
2006-03-03,EEM,0.16666666666666666
2006-03-03,EFA,0.16666666666666666
2006-03-03,GLD,0.16666666666666666
2006-03-03,IWM,0.16666666666666666
2006-03-03,QQQ,0
2006-03-03,SPY,0.16666666666666666
2006-03-03,TLT,0.16666666666666666
2006-03-06,EEM,0.16666666666666666
2006-03-06,EFA,0.16666666666666666
2006-03-06,GLD,0.16666666666666666
2006-03-06,IWM,0.16666666666666666
2006-03-06,QQQ,0
2006-03-06,SPY,0.16666666666666666
2006-03-06,TLT,0.16666666666666666
2006-03-07,EEM,0.16666666666666666
2006-03-07,EFA,0.16666666666666666
2006-03-07,GLD,0.33333333333333331
2006-03-07,IWM,0.16666666666666666
2006-03-07,QQQ,0
2006-03-07,SPY,0.16666666666666666
2006-03-07,TLT,0
2006-03-08,EEM,0.16666666666666666
2006-03-08,EFA,0.16666666666666666
2006-03-08,GLD,0.33333333333333331
2006-03-08,IWM,0.16666666666666666
2006-03-08,QQQ,0
2006-03-08,SPY,0.16666666666666666
2006-03-08,TLT,0
2006-03-09,EEM,0.16666666666666666
2006-03-09,EFA,0.16666666666666666
2006-03-09,GLD,0.33333333333333331
2006-03-09,IWM,0.16666666666666666
2006-03-09,QQQ,0
2006-03-09,SPY,0.16666666666666666
2006-03-09,TLT,0
2006-03-10,EEM,0.16666666666666666
2006-03-10,EFA,0.16666666666666666
2006-03-10,GLD,0.33333333333333331
2006-03-10,IWM,0.16666666666666666
2006-03-10,QQQ,0
2006-03-10,SPY,0.16666666666666666
2006-03-10,TLT,0
2006-03-13,EEM,0.16666666666666666
2006-03-13,EFA,0.16666666666666666
2006-03-13,GLD,0.33333333333333331
2006-03-13,IWM,0.16666666666666666
2006-03-13,QQQ,0
2006-03-13,SPY,0.16666666666666666
2006-03-13,TLT,0
2006-03-14,EEM,0.16666666666666666
2006-03-14,EFA,0.16666666666666666
2006-03-14,GLD,0.33333333333333331
2006-03-14,IWM,0.16666666666666666
2006-03-14,QQQ,0
2006-03-14,SPY,0.16666666666666666
2006-03-14,TLT,0
2006-03-15,EEM,0.16666666666666666
2006-03-15,EFA,0.16666666666666666
2006-03-15,GLD,0.33333333333333331
2006-03-15,IWM,0.16666666666666666
2006-03-15,QQQ,0
2006-03-15,SPY,0.16666666666666666
2006-03-15,TLT,0
2006-03-16,EEM,0.16666666666666666
2006-03-16,EFA,0.16666666666666666
2006-03-16,GLD,0.33333333333333331
2006-03-16,IWM,0.16666666666666666
2006-03-16,QQQ,0
2006-03-16,SPY,0.16666666666666666
2006-03-16,TLT,0
2006-03-17,EEM,0.16666666666666666
2006-03-17,EFA,0.16666666666666666
2006-03-17,GLD,0.33333333333333331
2006-03-17,IWM,0.16666666666666666
2006-03-17,QQQ,0
2006-03-17,SPY,0.16666666666666666
2006-03-17,TLT,0
2006-03-20,EEM,0.16666666666666666
2006-03-20,EFA,0.16666666666666666
2006-03-20,GLD,0.33333333333333331
2006-03-20,IWM,0.16666666666666666
2006-03-20,QQQ,0
2006-03-20,SPY,0.16666666666666666
2006-03-20,TLT,0
2006-03-21,EEM,0.16666666666666666
2006-03-21,EFA,0.16666666666666666
2006-03-21,GLD,0.33333333333333331
2006-03-21,IWM,0.16666666666666666
2006-03-21,QQQ,0
2006-03-21,SPY,0.16666666666666666
2006-03-21,TLT,0
2006-03-22,EEM,0.16666666666666666
2006-03-22,EFA,0.16666666666666666
2006-03-22,GLD,0.33333333333333331
2006-03-22,IWM,0.16666666666666666
2006-03-22,QQQ,0
2006-03-22,SPY,0.16666666666666666
2006-03-22,TLT,0
2006-03-23,EEM,0.16666666666666666
2006-03-23,EFA,0.16666666666666666
2006-03-23,GLD,0.33333333333333331
2006-03-23,IWM,0.16666666666666666
2006-03-23,QQQ,0
2006-03-23,SPY,0.16666666666666666
2006-03-23,TLT,0
2006-03-24,EEM,0.16666666666666666
2006-03-24,EFA,0.16666666666666666
2006-03-24,GLD,0.33333333333333331
2006-03-24,IWM,0.16666666666666666
2006-03-24,QQQ,0
2006-03-24,SPY,0.16666666666666666
2006-03-24,TLT,0
2006-03-27,EEM,0.16666666666666666
2006-03-27,EFA,0.16666666666666666
2006-03-27,GLD,0.33333333333333331
2006-03-27,IWM,0.16666666666666666
2006-03-27,QQQ,0
2006-03-27,SPY,0.16666666666666666
2006-03-27,TLT,0
2006-03-28,EEM,0.16666666666666666
2006-03-28,EFA,0.16666666666666666
2006-03-28,GLD,0.33333333333333331
2006-03-28,IWM,0.16666666666666666
2006-03-28,QQQ,0
2006-03-28,SPY,0.16666666666666666
2006-03-28,TLT,0
2006-03-29,EEM,0.16666666666666666
2006-03-29,EFA,0.16666666666666666
2006-03-29,GLD,0.33333333333333331
2006-03-29,IWM,0.16666666666666666
2006-03-29,QQQ,0
2006-03-29,SPY,0.16666666666666666
2006-03-29,TLT,0
2006-03-30,EEM,0.16666666666666666
2006-03-30,EFA,0.16666666666666666
2006-03-30,GLD,0.33333333333333331
2006-03-30,IWM,0.16666666666666666
2006-03-30,QQQ,0
2006-03-30,SPY,0.16666666666666666
2006-03-30,TLT,0
2006-03-31,EEM,0.16666666666666666
2006-03-31,EFA,0.16666666666666666
2006-03-31,GLD,0.33333333333333331
2006-03-31,IWM,0.16666666666666666
2006-03-31,QQQ,0
2006-03-31,SPY,0.16666666666666666
2006-03-31,TLT,0
2006-04-03,EEM,0.16666666666666666
2006-04-03,EFA,0.16666666666666666
2006-04-03,GLD,0.33333333333333331
2006-04-03,IWM,0.16666666666666666
2006-04-03,QQQ,0
2006-04-03,SPY,0.16666666666666666
2006-04-03,TLT,0
2006-04-04,EEM,0.16666666666666666
2006-04-04,EFA,0.16666666666666666
2006-04-04,GLD,0.16666666666666666
2006-04-04,IWM,0.16666666666666666
2006-04-04,QQQ,0.16666666666666666
2006-04-04,SPY,0.16666666666666666
2006-04-04,TLT,0
2006-04-05,EEM,0.16666666666666666
2006-04-05,EFA,0.16666666666666666
2006-04-05,GLD,0.16666666666666666
2006-04-05,IWM,0.16666666666666666
2006-04-05,QQQ,0.16666666666666666
2006-04-05,SPY,0.16666666666666666
2006-04-05,TLT,0
2006-04-06,EEM,0.16666666666666666
2006-04-06,EFA,0.16666666666666666
2006-04-06,GLD,0.16666666666666666
2006-04-06,IWM,0.16666666666666666
2006-04-06,QQQ,0.16666666666666666
2006-04-06,SPY,0.16666666666666666
2006-04-06,TLT,0
2006-04-07,EEM,0.16666666666666666
2006-04-07,EFA,0.16666666666666666
2006-04-07,GLD,0.16666666666666666
2006-04-07,IWM,0.16666666666666666
2006-04-07,QQQ,0.16666666666666666
2006-04-07,SPY,0.16666666666666666
2006-04-07,TLT,0
2006-04-10,EEM,0.16666666666666666
2006-04-10,EFA,0.16666666666666666
2006-04-10,GLD,0.16666666666666666
2006-04-10,IWM,0.16666666666666666
2006-04-10,QQQ,0.16666666666666666
2006-04-10,SPY,0.16666666666666666
2006-04-10,TLT,0
2006-04-11,EEM,0.16666666666666666
2006-04-11,EFA,0.16666666666666666
2006-04-11,GLD,0.5
2006-04-11,IWM,0.16666666666666666
2006-04-11,QQQ,0
2006-04-11,SPY,0
2006-04-11,TLT,0
2006-04-12,EEM,0.16666666666666666
2006-04-12,EFA,0.16666666666666666
2006-04-12,GLD,0.5
2006-04-12,IWM,0.16666666666666666
2006-04-12,QQQ,0
2006-04-12,SPY,0
2006-04-12,TLT,0
2006-04-13,EEM,0.16666666666666666
2006-04-13,EFA,0.16666666666666666
2006-04-13,GLD,0.5
2006-04-13,IWM,0.16666666666666666
2006-04-13,QQQ,0
2006-04-13,SPY,0
2006-04-13,TLT,0
2006-04-17,EEM,0.16666666666666666
2006-04-17,EFA,0.16666666666666666
2006-04-17,GLD,0.5
2006-04-17,IWM,0.16666666666666666
2006-04-17,QQQ,0
2006-04-17,SPY,0
2006-04-17,TLT,0
2006-04-18,EEM,0.16666666666666666
2006-04-18,EFA,0.16666666666666666
2006-04-18,GLD,0.5
2006-04-18,IWM,0.16666666666666666
2006-04-18,QQQ,0
2006-04-18,SPY,0
2006-04-18,TLT,0
2006-04-19,EEM,0.16666666666666666
2006-04-19,EFA,0.16666666666666666
2006-04-19,GLD,0.16666666666666666
2006-04-19,IWM,0.16666666666666666
2006-04-19,QQQ,0.16666666666666666
2006-04-19,SPY,0.16666666666666666
2006-04-19,TLT,0
2006-04-20,EEM,0.16666666666666666
2006-04-20,EFA,0.16666666666666666
2006-04-20,GLD,0.16666666666666666
2006-04-20,IWM,0.16666666666666666
2006-04-20,QQQ,0.16666666666666666
2006-04-20,SPY,0.16666666666666666
2006-04-20,TLT,0
2006-04-21,EEM,0.16666666666666666
2006-04-21,EFA,0.16666666666666666
2006-04-21,GLD,0.16666666666666666
2006-04-21,IWM,0.16666666666666666
2006-04-21,QQQ,0.16666666666666666
2006-04-21,SPY,0.16666666666666666
2006-04-21,TLT,0
2006-04-24,EEM,0.16666666666666666
2006-04-24,EFA,0.16666666666666666
2006-04-24,GLD,0.16666666666666666
2006-04-24,IWM,0.16666666666666666
2006-04-24,QQQ,0.16666666666666666
2006-04-24,SPY,0.16666666666666666
2006-04-24,TLT,0
2006-04-25,EEM,0.16666666666666666
2006-04-25,EFA,0.16666666666666666
2006-04-25,GLD,0.16666666666666666
2006-04-25,IWM,0.16666666666666666
2006-04-25,QQQ,0.16666666666666666
2006-04-25,SPY,0.16666666666666666
2006-04-25,TLT,0
2006-04-26,EEM,0.16666666666666666
2006-04-26,EFA,0.16666666666666666
2006-04-26,GLD,0.16666666666666666
2006-04-26,IWM,0.16666666666666666
2006-04-26,QQQ,0.16666666666666666
2006-04-26,SPY,0.16666666666666666
2006-04-26,TLT,0
2006-04-27,EEM,0.16666666666666666
2006-04-27,EFA,0.16666666666666666
2006-04-27,GLD,0.16666666666666666
2006-04-27,IWM,0.16666666666666666
2006-04-27,QQQ,0.16666666666666666
2006-04-27,SPY,0.16666666666666666
2006-04-27,TLT,0
2006-04-28,EEM,0.16666666666666666
2006-04-28,EFA,0.16666666666666666
2006-04-28,GLD,0.16666666666666666
2006-04-28,IWM,0.16666666666666666
2006-04-28,QQQ,0.16666666666666666
2006-04-28,SPY,0.16666666666666666
2006-04-28,TLT,0
2006-05-01,EEM,0.16666666666666666
2006-05-01,EFA,0.16666666666666666
2006-05-01,GLD,0.16666666666666666
2006-05-01,IWM,0.16666666666666666
2006-05-01,QQQ,0.16666666666666666
2006-05-01,SPY,0.16666666666666666
2006-05-01,TLT,0
2006-05-02,EEM,0.16666666666666666
2006-05-02,EFA,0.16666666666666666
2006-05-02,GLD,0.16666666666666666
2006-05-02,IWM,0.16666666666666666
2006-05-02,QQQ,0.16666666666666666
2006-05-02,SPY,0.16666666666666666
2006-05-02,TLT,0
2006-05-03,EEM,0.16666666666666666
2006-05-03,EFA,0.16666666666666666
2006-05-03,GLD,0.33333333333333331
2006-05-03,IWM,0.16666666666666666
2006-05-03,QQQ,0
2006-05-03,SPY,0.16666666666666666
2006-05-03,TLT,0
2006-05-04,EEM,0.16666666666666666
2006-05-04,EFA,0.16666666666666666
2006-05-04,GLD,0.33333333333333331
2006-05-04,IWM,0.16666666666666666
2006-05-04,QQQ,0
2006-05-04,SPY,0.16666666666666666
2006-05-04,TLT,0
2006-05-05,EEM,0.16666666666666666
2006-05-05,EFA,0.16666666666666666
2006-05-05,GLD,0.33333333333333331
2006-05-05,IWM,0.16666666666666666
2006-05-05,QQQ,0
2006-05-05,SPY,0.16666666666666666
2006-05-05,TLT,0
2006-05-08,EEM,0.16666666666666666
2006-05-08,EFA,0.16666666666666666
2006-05-08,GLD,0.33333333333333331
2006-05-08,IWM,0.16666666666666666
2006-05-08,QQQ,0
2006-05-08,SPY,0.16666666666666666
2006-05-08,TLT,0
2006-05-09,EEM,0.16666666666666666
2006-05-09,EFA,0.16666666666666666
2006-05-09,GLD,0.33333333333333331
2006-05-09,IWM,0.16666666666666666
2006-05-09,QQQ,0
2006-05-09,SPY,0.16666666666666666
2006-05-09,TLT,0
2006-05-10,EEM,0.16666666666666666
2006-05-10,EFA,0.16666666666666666
2006-05-10,GLD,0.16666666666666666
2006-05-10,IWM,0.16666666666666666
2006-05-10,QQQ,0.16666666666666666
2006-05-10,SPY,0.16666666666666666
2006-05-10,TLT,0
2006-05-11,EEM,0.16666666666666666
2006-05-11,EFA,0.16666666666666666
2006-05-11,GLD,0.16666666666666666
2006-05-11,IWM,0.16666666666666666
2006-05-11,QQQ,0.16666666666666666
2006-05-11,SPY,0.16666666666666666
2006-05-11,TLT,0
2006-05-12,EEM,0.16666666666666666
2006-05-12,EFA,0.16666666666666666
2006-05-12,GLD,0.16666666666666666
2006-05-12,IWM,0.16666666666666666
2006-05-12,QQQ,0.16666666666666666
2006-05-12,SPY,0.16666666666666666
2006-05-12,TLT,0
2006-05-15,EEM,0.16666666666666666
2006-05-15,EFA,0.16666666666666666
2006-05-15,GLD,0.16666666666666666
2006-05-15,IWM,0.16666666666666666
2006-05-15,QQQ,0.16666666666666666
2006-05-15,SPY,0.16666666666666666
2006-05-15,TLT,0
2006-05-16,EEM,0.16666666666666666
2006-05-16,EFA,0.16666666666666666
2006-05-16,GLD,0.16666666666666666
2006-05-16,IWM,0.16666666666666666
2006-05-16,QQQ,0.16666666666666666
2006-05-16,SPY,0.16666666666666666
2006-05-16,TLT,0
2006-05-17,EEM,0.16666666666666666
2006-05-17,EFA,0.16666666666666666
2006-05-17,GLD,0.66666666666666663
2006-05-17,IWM,0
2006-05-17,QQQ,0
2006-05-17,SPY,0
2006-05-17,TLT,0
2006-05-18,EEM,0.16666666666666666
2006-05-18,EFA,0.16666666666666666
2006-05-18,GLD,0.66666666666666663
2006-05-18,IWM,0
2006-05-18,QQQ,0
2006-05-18,SPY,0
2006-05-18,TLT,0
2006-05-19,EEM,0.16666666666666666
2006-05-19,EFA,0.16666666666666666
2006-05-19,GLD,0.66666666666666663
2006-05-19,IWM,0
2006-05-19,QQQ,0
2006-05-19,SPY,0
2006-05-19,TLT,0
2006-05-22,EEM,0.16666666666666666
2006-05-22,EFA,0.16666666666666666
2006-05-22,GLD,0.66666666666666663
2006-05-22,IWM,0
2006-05-22,QQQ,0
2006-05-22,SPY,0
2006-05-22,TLT,0
2006-05-23,EEM,0.16666666666666666
2006-05-23,EFA,0.16666666666666666
2006-05-23,GLD,0.66666666666666663
2006-05-23,IWM,0
2006-05-23,QQQ,0
2006-05-23,SPY,0
2006-05-23,TLT,0
2006-05-24,EEM,0
2006-05-24,EFA,0.16666666666666666
2006-05-24,GLD,0.83333333333333337
2006-05-24,IWM,0
2006-05-24,QQQ,0
2006-05-24,SPY,0
2006-05-24,TLT,0
2006-05-25,EEM,0
2006-05-25,EFA,0.16666666666666666
2006-05-25,GLD,0.83333333333333337
2006-05-25,IWM,0
2006-05-25,QQQ,0
2006-05-25,SPY,0
2006-05-25,TLT,0
2006-05-26,EEM,0
2006-05-26,EFA,0.16666666666666666
2006-05-26,GLD,0.83333333333333337
2006-05-26,IWM,0
2006-05-26,QQQ,0
2006-05-26,SPY,0
2006-05-26,TLT,0
2006-05-30,EEM,0
2006-05-30,EFA,0.16666666666666666
2006-05-30,GLD,0.83333333333333337
2006-05-30,IWM,0
2006-05-30,QQQ,0
2006-05-30,SPY,0
2006-05-30,TLT,0
2006-05-31,EEM,0
2006-05-31,EFA,0.16666666666666666
2006-05-31,GLD,0.83333333333333337
2006-05-31,IWM,0
2006-05-31,QQQ,0
2006-05-31,SPY,0
2006-05-31,TLT,0
2006-06-01,EEM,0
2006-06-01,EFA,0.16666666666666666
2006-06-01,GLD,0.83333333333333337
2006-06-01,IWM,0
2006-06-01,QQQ,0
2006-06-01,SPY,0
2006-06-01,TLT,0
2006-06-02,EEM,0
2006-06-02,EFA,0.16666666666666666
2006-06-02,GLD,0.83333333333333337
2006-06-02,IWM,0
2006-06-02,QQQ,0
2006-06-02,SPY,0
2006-06-02,TLT,0
2006-06-05,EEM,0
2006-06-05,EFA,0.16666666666666666
2006-06-05,GLD,0.83333333333333337
2006-06-05,IWM,0
2006-06-05,QQQ,0
2006-06-05,SPY,0
2006-06-05,TLT,0
2006-06-06,EEM,0
2006-06-06,EFA,0.16666666666666666
2006-06-06,GLD,0.83333333333333337
2006-06-06,IWM,0
2006-06-06,QQQ,0
2006-06-06,SPY,0
2006-06-06,TLT,0
2006-06-07,EEM,0
2006-06-07,EFA,0.16666666666666666
2006-06-07,GLD,0.83333333333333337
2006-06-07,IWM,0
2006-06-07,QQQ,0
2006-06-07,SPY,0
2006-06-07,TLT,0
2006-06-08,EEM,0
2006-06-08,EFA,0.16666666666666666
2006-06-08,GLD,0.83333333333333337
2006-06-08,IWM,0
2006-06-08,QQQ,0
2006-06-08,SPY,0
2006-06-08,TLT,0
2006-06-09,EEM,0
2006-06-09,EFA,0.16666666666666666
2006-06-09,GLD,0.83333333333333337
2006-06-09,IWM,0
2006-06-09,QQQ,0
2006-06-09,SPY,0
2006-06-09,TLT,0
2006-06-12,EEM,0
2006-06-12,EFA,0.16666666666666666
2006-06-12,GLD,0.83333333333333337
2006-06-12,IWM,0
2006-06-12,QQQ,0
2006-06-12,SPY,0
2006-06-12,TLT,0
2006-06-13,EEM,0
2006-06-13,EFA,0.16666666666666666
2006-06-13,GLD,0.83333333333333337
2006-06-13,IWM,0
2006-06-13,QQQ,0
2006-06-13,SPY,0
2006-06-13,TLT,0
2006-06-14,EEM,0
2006-06-14,EFA,0.16666666666666666
2006-06-14,GLD,0.83333333333333337
2006-06-14,IWM,0
2006-06-14,QQQ,0
2006-06-14,SPY,0
2006-06-14,TLT,0
2006-06-15,EEM,0
2006-06-15,EFA,0
2006-06-15,GLD,1
2006-06-15,IWM,0
2006-06-15,QQQ,0
2006-06-15,SPY,0
2006-06-15,TLT,0
2006-06-16,EEM,0
2006-06-16,EFA,0
2006-06-16,GLD,1
2006-06-16,IWM,0
2006-06-16,QQQ,0
2006-06-16,SPY,0
2006-06-16,TLT,0
2006-06-19,EEM,0
2006-06-19,EFA,0
2006-06-19,GLD,1
2006-06-19,IWM,0
2006-06-19,QQQ,0
2006-06-19,SPY,0
2006-06-19,TLT,0
2006-06-20,EEM,0
2006-06-20,EFA,0
2006-06-20,GLD,1
2006-06-20,IWM,0
2006-06-20,QQQ,0
2006-06-20,SPY,0
2006-06-20,TLT,0
2006-06-21,EEM,0
2006-06-21,EFA,0
2006-06-21,GLD,1
2006-06-21,IWM,0
2006-06-21,QQQ,0
2006-06-21,SPY,0
2006-06-21,TLT,0
2006-06-22,EEM,0
2006-06-22,EFA,0
2006-06-22,GLD,1
2006-06-22,IWM,0
2006-06-22,QQQ,0
2006-06-22,SPY,0
2006-06-22,TLT,0
2006-06-23,EEM,0
2006-06-23,EFA,0
2006-06-23,GLD,1
2006-06-23,IWM,0
2006-06-23,QQQ,0
2006-06-23,SPY,0
2006-06-23,TLT,0
2006-06-26,EEM,0
2006-06-26,EFA,0
2006-06-26,GLD,1
2006-06-26,IWM,0
2006-06-26,QQQ,0
2006-06-26,SPY,0
2006-06-26,TLT,0
2006-06-27,EEM,0
2006-06-27,EFA,0
2006-06-27,GLD,1
2006-06-27,IWM,0
2006-06-27,QQQ,0
2006-06-27,SPY,0
2006-06-27,TLT,0
2006-06-28,EEM,0
2006-06-28,EFA,0
2006-06-28,GLD,1
2006-06-28,IWM,0
2006-06-28,QQQ,0
2006-06-28,SPY,0
2006-06-28,TLT,0
2006-06-29,EEM,0
2006-06-29,EFA,0
2006-06-29,GLD,1
2006-06-29,IWM,0
2006-06-29,QQQ,0
2006-06-29,SPY,0
2006-06-29,TLT,0
2006-06-30,EEM,0
2006-06-30,EFA,0
2006-06-30,GLD,1
2006-06-30,IWM,0
2006-06-30,QQQ,0
2006-06-30,SPY,0
2006-06-30,TLT,0
2006-07-03,EEM,0
2006-07-03,EFA,0
2006-07-03,GLD,1
2006-07-03,IWM,0
2006-07-03,QQQ,0
2006-07-03,SPY,0
2006-07-03,TLT,0
2006-07-05,EEM,0
2006-07-05,EFA,0
2006-07-05,GLD,1
2006-07-05,IWM,0
2006-07-05,QQQ,0
2006-07-05,SPY,0
2006-07-05,TLT,0
2006-07-06,EEM,0
2006-07-06,EFA,0
2006-07-06,GLD,1
2006-07-06,IWM,0
2006-07-06,QQQ,0
2006-07-06,SPY,0
2006-07-06,TLT,0
2006-07-07,EEM,0
2006-07-07,EFA,0
2006-07-07,GLD,1
2006-07-07,IWM,0
2006-07-07,QQQ,0
2006-07-07,SPY,0
2006-07-07,TLT,0
2006-07-10,EEM,0
2006-07-10,EFA,0
2006-07-10,GLD,1
2006-07-10,IWM,0
2006-07-10,QQQ,0
2006-07-10,SPY,0
2006-07-10,TLT,0
2006-07-11,EEM,0
2006-07-11,EFA,0
2006-07-11,GLD,1
2006-07-11,IWM,0
2006-07-11,QQQ,0
2006-07-11,SPY,0
2006-07-11,TLT,0
2006-07-12,EEM,0
2006-07-12,EFA,0
2006-07-12,GLD,1
2006-07-12,IWM,0
2006-07-12,QQQ,0
2006-07-12,SPY,0
2006-07-12,TLT,0
2006-07-13,EEM,0
2006-07-13,EFA,0
2006-07-13,GLD,1
2006-07-13,IWM,0
2006-07-13,QQQ,0
2006-07-13,SPY,0
2006-07-13,TLT,0
2006-07-14,EEM,0
2006-07-14,EFA,0
2006-07-14,GLD,0.83333333333333337
2006-07-14,IWM,0
2006-07-14,QQQ,0
2006-07-14,SPY,0
2006-07-14,TLT,0.16666666666666666
2006-07-17,EEM,0
2006-07-17,EFA,0
2006-07-17,GLD,0.83333333333333337
2006-07-17,IWM,0
2006-07-17,QQQ,0
2006-07-17,SPY,0
2006-07-17,TLT,0.16666666666666666
2006-07-18,EEM,0
2006-07-18,EFA,0
2006-07-18,GLD,0.83333333333333337
2006-07-18,IWM,0
2006-07-18,QQQ,0
2006-07-18,SPY,0
2006-07-18,TLT,0.16666666666666666
2006-07-19,EEM,0
2006-07-19,EFA,0
2006-07-19,GLD,0.83333333333333337
2006-07-19,IWM,0
2006-07-19,QQQ,0
2006-07-19,SPY,0
2006-07-19,TLT,0.16666666666666666
2006-07-20,EEM,0
2006-07-20,EFA,0
2006-07-20,GLD,0.83333333333333337
2006-07-20,IWM,0
2006-07-20,QQQ,0
2006-07-20,SPY,0
2006-07-20,TLT,0.16666666666666666
2006-07-21,EEM,0
2006-07-21,EFA,0
2006-07-21,GLD,0.83333333333333337
2006-07-21,IWM,0
2006-07-21,QQQ,0
2006-07-21,SPY,0
2006-07-21,TLT,0.16666666666666666
2006-07-24,EEM,0
2006-07-24,EFA,0
2006-07-24,GLD,0.83333333333333337
2006-07-24,IWM,0
2006-07-24,QQQ,0
2006-07-24,SPY,0
2006-07-24,TLT,0.16666666666666666
2006-07-25,EEM,0
2006-07-25,EFA,0
2006-07-25,GLD,0.83333333333333337
2006-07-25,IWM,0
2006-07-25,QQQ,0
2006-07-25,SPY,0
2006-07-25,TLT,0.16666666666666666
2006-07-26,EEM,0
2006-07-26,EFA,0
2006-07-26,GLD,0.83333333333333337
2006-07-26,IWM,0
2006-07-26,QQQ,0
2006-07-26,SPY,0
2006-07-26,TLT,0.16666666666666666
2006-07-27,EEM,0
2006-07-27,EFA,0
2006-07-27,GLD,0.83333333333333337
2006-07-27,IWM,0
2006-07-27,QQQ,0
2006-07-27,SPY,0
2006-07-27,TLT,0.16666666666666666
2006-07-28,EEM,0
2006-07-28,EFA,0
2006-07-28,GLD,0.83333333333333337
2006-07-28,IWM,0
2006-07-28,QQQ,0
2006-07-28,SPY,0
2006-07-28,TLT,0.16666666666666666
2006-07-31,EEM,0
2006-07-31,EFA,0
2006-07-31,GLD,0.83333333333333337
2006-07-31,IWM,0
2006-07-31,QQQ,0
2006-07-31,SPY,0
2006-07-31,TLT,0.16666666666666666
2006-08-01,EEM,0
2006-08-01,EFA,0
2006-08-01,GLD,0.83333333333333337
2006-08-01,IWM,0
2006-08-01,QQQ,0
2006-08-01,SPY,0
2006-08-01,TLT,0.16666666666666666
2006-08-02,EEM,0
2006-08-02,EFA,0
2006-08-02,GLD,0.83333333333333337
2006-08-02,IWM,0
2006-08-02,QQQ,0
2006-08-02,SPY,0
2006-08-02,TLT,0.16666666666666666
2006-08-03,EEM,0
2006-08-03,EFA,0
2006-08-03,GLD,0.83333333333333337
2006-08-03,IWM,0
2006-08-03,QQQ,0
2006-08-03,SPY,0
2006-08-03,TLT,0.16666666666666666
2006-08-04,EEM,0
2006-08-04,EFA,0
2006-08-04,GLD,0.83333333333333337
2006-08-04,IWM,0
2006-08-04,QQQ,0
2006-08-04,SPY,0
2006-08-04,TLT,0.16666666666666666
2006-08-07,EEM,0
2006-08-07,EFA,0
2006-08-07,GLD,0.83333333333333337
2006-08-07,IWM,0
2006-08-07,QQQ,0
2006-08-07,SPY,0
2006-08-07,TLT,0.16666666666666666
2006-08-08,EEM,0
2006-08-08,EFA,0
2006-08-08,GLD,0.83333333333333337
2006-08-08,IWM,0
2006-08-08,QQQ,0
2006-08-08,SPY,0
2006-08-08,TLT,0.16666666666666666
2006-08-09,EEM,0
2006-08-09,EFA,0
2006-08-09,GLD,0.83333333333333337
2006-08-09,IWM,0
2006-08-09,QQQ,0
2006-08-09,SPY,0
2006-08-09,TLT,0.16666666666666666
2006-08-10,EEM,0
2006-08-10,EFA,0
2006-08-10,GLD,0.83333333333333337
2006-08-10,IWM,0
2006-08-10,QQQ,0
2006-08-10,SPY,0
2006-08-10,TLT,0.16666666666666666
2006-08-11,EEM,0
2006-08-11,EFA,0
2006-08-11,GLD,0.83333333333333337
2006-08-11,IWM,0
2006-08-11,QQQ,0
2006-08-11,SPY,0
2006-08-11,TLT,0.16666666666666666
2006-08-14,EEM,0
2006-08-14,EFA,0
2006-08-14,GLD,0.83333333333333337
2006-08-14,IWM,0
2006-08-14,QQQ,0
2006-08-14,SPY,0
2006-08-14,TLT,0.16666666666666666
2006-08-15,EEM,0
2006-08-15,EFA,0
2006-08-15,GLD,0.83333333333333337
2006-08-15,IWM,0
2006-08-15,QQQ,0
2006-08-15,SPY,0
2006-08-15,TLT,0.16666666666666666
2006-08-16,EEM,0
2006-08-16,EFA,0
2006-08-16,GLD,0.83333333333333337
2006-08-16,IWM,0
2006-08-16,QQQ,0
2006-08-16,SPY,0
2006-08-16,TLT,0.16666666666666666
2006-08-17,EEM,0
2006-08-17,EFA,0
2006-08-17,GLD,0.83333333333333337
2006-08-17,IWM,0
2006-08-17,QQQ,0
2006-08-17,SPY,0
2006-08-17,TLT,0.16666666666666666
2006-08-18,EEM,0
2006-08-18,EFA,0.16666666666666666
2006-08-18,GLD,0.5
2006-08-18,IWM,0
2006-08-18,QQQ,0
2006-08-18,SPY,0.16666666666666666
2006-08-18,TLT,0.16666666666666666
2006-08-21,EEM,0
2006-08-21,EFA,0.16666666666666666
2006-08-21,GLD,0.5
2006-08-21,IWM,0
2006-08-21,QQQ,0
2006-08-21,SPY,0.16666666666666666
2006-08-21,TLT,0.16666666666666666
2006-08-22,EEM,0
2006-08-22,EFA,0.16666666666666666
2006-08-22,GLD,0.5
2006-08-22,IWM,0
2006-08-22,QQQ,0
2006-08-22,SPY,0.16666666666666666
2006-08-22,TLT,0.16666666666666666
2006-08-23,EEM,0
2006-08-23,EFA,0.16666666666666666
2006-08-23,GLD,0.5
2006-08-23,IWM,0
2006-08-23,QQQ,0
2006-08-23,SPY,0.16666666666666666
2006-08-23,TLT,0.16666666666666666
2006-08-24,EEM,0
2006-08-24,EFA,0.16666666666666666
2006-08-24,GLD,0.5
2006-08-24,IWM,0
2006-08-24,QQQ,0
2006-08-24,SPY,0.16666666666666666
2006-08-24,TLT,0.16666666666666666
2006-08-25,EEM,0
2006-08-25,EFA,0.16666666666666666
2006-08-25,GLD,0.5
2006-08-25,IWM,0
2006-08-25,QQQ,0
2006-08-25,SPY,0.16666666666666666
2006-08-25,TLT,0.16666666666666666
2006-08-28,EEM,0
2006-08-28,EFA,0.16666666666666666
2006-08-28,GLD,0.5
2006-08-28,IWM,0
2006-08-28,QQQ,0
2006-08-28,SPY,0.16666666666666666
2006-08-28,TLT,0.16666666666666666
2006-08-29,EEM,0
2006-08-29,EFA,0.16666666666666666
2006-08-29,GLD,0.5
2006-08-29,IWM,0
2006-08-29,QQQ,0
2006-08-29,SPY,0.16666666666666666
2006-08-29,TLT,0.16666666666666666
2006-08-30,EEM,0
2006-08-30,EFA,0.16666666666666666
2006-08-30,GLD,0.5
2006-08-30,IWM,0
2006-08-30,QQQ,0
2006-08-30,SPY,0.16666666666666666
2006-08-30,TLT,0.16666666666666666
2006-08-31,EEM,0
2006-08-31,EFA,0.16666666666666666
2006-08-31,GLD,0.5
2006-08-31,IWM,0
2006-08-31,QQQ,0
2006-08-31,SPY,0.16666666666666666
2006-08-31,TLT,0.16666666666666666
2006-09-01,EEM,0.16666666666666666
2006-09-01,EFA,0.16666666666666666
2006-09-01,GLD,0
2006-09-01,IWM,0.16666666666666666
2006-09-01,QQQ,0.16666666666666666
2006-09-01,SPY,0.16666666666666666
2006-09-01,TLT,0.16666666666666666
2006-09-05,EEM,0.16666666666666666
2006-09-05,EFA,0.16666666666666666
2006-09-05,GLD,0
2006-09-05,IWM,0.16666666666666666
2006-09-05,QQQ,0.16666666666666666
2006-09-05,SPY,0.16666666666666666
2006-09-05,TLT,0.16666666666666666
2006-09-06,EEM,0.16666666666666666
2006-09-06,EFA,0.16666666666666666
2006-09-06,GLD,0
2006-09-06,IWM,0.16666666666666666
2006-09-06,QQQ,0.16666666666666666
2006-09-06,SPY,0.16666666666666666
2006-09-06,TLT,0.16666666666666666
2006-09-07,EEM,0.16666666666666666
2006-09-07,EFA,0.16666666666666666
2006-09-07,GLD,0
2006-09-07,IWM,0.16666666666666666
2006-09-07,QQQ,0.16666666666666666
2006-09-07,SPY,0.16666666666666666
2006-09-07,TLT,0.16666666666666666
2006-09-08,EEM,0.16666666666666666
2006-09-08,EFA,0.16666666666666666
2006-09-08,GLD,0
2006-09-08,IWM,0.16666666666666666
2006-09-08,QQQ,0.16666666666666666
2006-09-08,SPY,0.16666666666666666
2006-09-08,TLT,0.16666666666666666
2006-09-11,EEM,0.16666666666666666
2006-09-11,EFA,0.16666666666666666
2006-09-11,GLD,0
2006-09-11,IWM,0.16666666666666666
2006-09-11,QQQ,0.16666666666666666
2006-09-11,SPY,0.16666666666666666
2006-09-11,TLT,0.16666666666666666
2006-09-12,EEM,0.16666666666666666
2006-09-12,EFA,0.16666666666666666
2006-09-12,GLD,0
2006-09-12,IWM,0.16666666666666666
2006-09-12,QQQ,0.16666666666666666
2006-09-12,SPY,0.16666666666666666
2006-09-12,TLT,0.16666666666666666
2006-09-13,EEM,0.16666666666666666
2006-09-13,EFA,0.16666666666666666
2006-09-13,GLD,0
2006-09-13,IWM,0.16666666666666666
2006-09-13,QQQ,0.16666666666666666
2006-09-13,SPY,0.16666666666666666
2006-09-13,TLT,0.16666666666666666
2006-09-14,EEM,0.16666666666666666
2006-09-14,EFA,0.16666666666666666
2006-09-14,GLD,0
2006-09-14,IWM,0.16666666666666666
2006-09-14,QQQ,0.16666666666666666
2006-09-14,SPY,0.16666666666666666
2006-09-14,TLT,0.16666666666666666
2006-09-15,EEM,0.16666666666666666
2006-09-15,EFA,0.16666666666666666
2006-09-15,GLD,0
2006-09-15,IWM,0.16666666666666666
2006-09-15,QQQ,0.16666666666666666
2006-09-15,SPY,0.16666666666666666
2006-09-15,TLT,0.16666666666666666
2006-09-18,EEM,0.16666666666666666
2006-09-18,EFA,0.16666666666666666
2006-09-18,GLD,0
2006-09-18,IWM,0.16666666666666666
2006-09-18,QQQ,0.16666666666666666
2006-09-18,SPY,0.16666666666666666
2006-09-18,TLT,0.16666666666666666
2006-09-19,EEM,0.16666666666666666
2006-09-19,EFA,0.16666666666666666
2006-09-19,GLD,0
2006-09-19,IWM,0.16666666666666666
2006-09-19,QQQ,0.16666666666666666
2006-09-19,SPY,0.16666666666666666
2006-09-19,TLT,0.16666666666666666
2006-09-20,EEM,0.16666666666666666
2006-09-20,EFA,0.16666666666666666
2006-09-20,GLD,0
2006-09-20,IWM,0.16666666666666666
2006-09-20,QQQ,0.16666666666666666
2006-09-20,SPY,0.16666666666666666
2006-09-20,TLT,0.16666666666666666
2006-09-21,EEM,0.16666666666666666
2006-09-21,EFA,0.16666666666666666
2006-09-21,GLD,0
2006-09-21,IWM,0.16666666666666666
2006-09-21,QQQ,0.16666666666666666
2006-09-21,SPY,0.16666666666666666
2006-09-21,TLT,0.16666666666666666
2006-09-22,EEM,0.16666666666666666
2006-09-22,EFA,0.16666666666666666
2006-09-22,GLD,0
2006-09-22,IWM,0.16666666666666666
2006-09-22,QQQ,0.16666666666666666
2006-09-22,SPY,0.16666666666666666
2006-09-22,TLT,0.16666666666666666
2006-09-25,EEM,0.16666666666666666
2006-09-25,EFA,0.16666666666666666
2006-09-25,GLD,0
2006-09-25,IWM,0.16666666666666666
2006-09-25,QQQ,0.16666666666666666
2006-09-25,SPY,0.16666666666666666
2006-09-25,TLT,0.16666666666666666
2006-09-26,EEM,0.16666666666666666
2006-09-26,EFA,0.16666666666666666
2006-09-26,GLD,0
2006-09-26,IWM,0.16666666666666666
2006-09-26,QQQ,0.16666666666666666
2006-09-26,SPY,0.16666666666666666
2006-09-26,TLT,0.16666666666666666
2006-09-27,EEM,0.16666666666666666
2006-09-27,EFA,0.16666666666666666
2006-09-27,GLD,0
2006-09-27,IWM,0.16666666666666666
2006-09-27,QQQ,0.16666666666666666
2006-09-27,SPY,0.16666666666666666
2006-09-27,TLT,0.16666666666666666
2006-09-28,EEM,0.16666666666666666
2006-09-28,EFA,0.16666666666666666
2006-09-28,GLD,0
2006-09-28,IWM,0.16666666666666666
2006-09-28,QQQ,0.16666666666666666
2006-09-28,SPY,0.16666666666666666
2006-09-28,TLT,0.16666666666666666
2006-09-29,EEM,0.16666666666666666
2006-09-29,EFA,0.16666666666666666
2006-09-29,GLD,0
2006-09-29,IWM,0.16666666666666666
2006-09-29,QQQ,0.16666666666666666
2006-09-29,SPY,0.16666666666666666
2006-09-29,TLT,0.16666666666666666
2006-10-02,EEM,0.16666666666666666
2006-10-02,EFA,0.16666666666666666
2006-10-02,GLD,0.16666666666666666
2006-10-02,IWM,0
2006-10-02,QQQ,0.16666666666666666
2006-10-02,SPY,0.16666666666666666
2006-10-02,TLT,0.16666666666666666
2006-10-03,EEM,0.16666666666666666
2006-10-03,EFA,0.16666666666666666
2006-10-03,GLD,0.16666666666666666
2006-10-03,IWM,0
2006-10-03,QQQ,0.16666666666666666
2006-10-03,SPY,0.16666666666666666
2006-10-03,TLT,0.16666666666666666
2006-10-04,EEM,0.16666666666666666
2006-10-04,EFA,0.16666666666666666
2006-10-04,GLD,0.16666666666666666
2006-10-04,IWM,0
2006-10-04,QQQ,0.16666666666666666
2006-10-04,SPY,0.16666666666666666
2006-10-04,TLT,0.16666666666666666
2006-10-05,EEM,0.16666666666666666
2006-10-05,EFA,0.16666666666666666
2006-10-05,GLD,0.16666666666666666
2006-10-05,IWM,0
2006-10-05,QQQ,0.16666666666666666
2006-10-05,SPY,0.16666666666666666
2006-10-05,TLT,0.16666666666666666
2006-10-06,EEM,0.16666666666666666
2006-10-06,EFA,0.16666666666666666
2006-10-06,GLD,0.16666666666666666
2006-10-06,IWM,0
2006-10-06,QQQ,0.16666666666666666
2006-10-06,SPY,0.16666666666666666
2006-10-06,TLT,0.16666666666666666
2006-10-09,EEM,0.16666666666666666
2006-10-09,EFA,0.16666666666666666
2006-10-09,GLD,0
2006-10-09,IWM,0.16666666666666666
2006-10-09,QQQ,0.16666666666666666
2006-10-09,SPY,0.16666666666666666
2006-10-09,TLT,0.16666666666666666
2006-10-10,EEM,0.16666666666666666
2006-10-10,EFA,0.16666666666666666
2006-10-10,GLD,0
2006-10-10,IWM,0.16666666666666666
2006-10-10,QQQ,0.16666666666666666
2006-10-10,SPY,0.16666666666666666
2006-10-10,TLT,0.16666666666666666
2006-10-11,EEM,0.16666666666666666
2006-10-11,EFA,0.16666666666666666
2006-10-11,GLD,0
2006-10-11,IWM,0.16666666666666666
2006-10-11,QQQ,0.16666666666666666
2006-10-11,SPY,0.16666666666666666
2006-10-11,TLT,0.16666666666666666
2006-10-12,EEM,0.16666666666666666
2006-10-12,EFA,0.16666666666666666
2006-10-12,GLD,0
2006-10-12,IWM,0.16666666666666666
2006-10-12,QQQ,0.16666666666666666
2006-10-12,SPY,0.16666666666666666
2006-10-12,TLT,0.16666666666666666
2006-10-13,EEM,0.16666666666666666
2006-10-13,EFA,0.16666666666666666
2006-10-13,GLD,0
2006-10-13,IWM,0.16666666666666666
2006-10-13,QQQ,0.16666666666666666
2006-10-13,SPY,0.16666666666666666
2006-10-13,TLT,0.16666666666666666
2006-10-16,EEM,0.16666666666666666
2006-10-16,EFA,0.16666666666666666
2006-10-16,GLD,0
2006-10-16,IWM,0.16666666666666666
2006-10-16,QQQ,0.16666666666666666
2006-10-16,SPY,0.16666666666666666
2006-10-16,TLT,0.16666666666666666
2006-10-17,EEM,0.16666666666666666
2006-10-17,EFA,0.16666666666666666
2006-10-17,GLD,0
2006-10-17,IWM,0.16666666666666666
2006-10-17,QQQ,0.16666666666666666
2006-10-17,SPY,0.16666666666666666
2006-10-17,TLT,0.16666666666666666
2006-10-18,EEM,0.16666666666666666
2006-10-18,EFA,0.16666666666666666
2006-10-18,GLD,0
2006-10-18,IWM,0.16666666666666666
2006-10-18,QQQ,0.16666666666666666
2006-10-18,SPY,0.16666666666666666
2006-10-18,TLT,0.16666666666666666
2006-10-19,EEM,0.16666666666666666
2006-10-19,EFA,0.16666666666666666
2006-10-19,GLD,0
2006-10-19,IWM,0.16666666666666666
2006-10-19,QQQ,0.16666666666666666
2006-10-19,SPY,0.16666666666666666
2006-10-19,TLT,0.16666666666666666
2006-10-20,EEM,0.16666666666666666
2006-10-20,EFA,0.16666666666666666
2006-10-20,GLD,0
2006-10-20,IWM,0.16666666666666666
2006-10-20,QQQ,0.16666666666666666
2006-10-20,SPY,0.16666666666666666
2006-10-20,TLT,0.16666666666666666
2006-10-23,EEM,0.16666666666666666
2006-10-23,EFA,0.16666666666666666
2006-10-23,GLD,0
2006-10-23,IWM,0.16666666666666666
2006-10-23,QQQ,0.16666666666666666
2006-10-23,SPY,0.16666666666666666
2006-10-23,TLT,0.16666666666666666
2006-10-24,EEM,0.16666666666666666
2006-10-24,EFA,0.16666666666666666
2006-10-24,GLD,0
2006-10-24,IWM,0.16666666666666666
2006-10-24,QQQ,0.16666666666666666
2006-10-24,SPY,0.16666666666666666
2006-10-24,TLT,0.16666666666666666
2006-10-25,EEM,0.16666666666666666
2006-10-25,EFA,0.16666666666666666
2006-10-25,GLD,0
2006-10-25,IWM,0.16666666666666666
2006-10-25,QQQ,0.16666666666666666
2006-10-25,SPY,0.16666666666666666
2006-10-25,TLT,0.16666666666666666
2006-10-26,EEM,0.16666666666666666
2006-10-26,EFA,0.16666666666666666
2006-10-26,GLD,0
2006-10-26,IWM,0.16666666666666666
2006-10-26,QQQ,0.16666666666666666
2006-10-26,SPY,0.16666666666666666
2006-10-26,TLT,0.16666666666666666
2006-10-27,EEM,0.16666666666666666
2006-10-27,EFA,0.16666666666666666
2006-10-27,GLD,0
2006-10-27,IWM,0.16666666666666666
2006-10-27,QQQ,0.16666666666666666
2006-10-27,SPY,0.16666666666666666
2006-10-27,TLT,0.16666666666666666
2006-10-30,EEM,0.16666666666666666
2006-10-30,EFA,0.16666666666666666
2006-10-30,GLD,0
2006-10-30,IWM,0.16666666666666666
2006-10-30,QQQ,0.16666666666666666
2006-10-30,SPY,0.16666666666666666
2006-10-30,TLT,0.16666666666666666
2006-10-31,EEM,0.16666666666666666
2006-10-31,EFA,0.16666666666666666
2006-10-31,GLD,0
2006-10-31,IWM,0.16666666666666666
2006-10-31,QQQ,0.16666666666666666
2006-10-31,SPY,0.16666666666666666
2006-10-31,TLT,0.16666666666666666
2006-11-01,EEM,0.16666666666666666
2006-11-01,EFA,0.16666666666666666
2006-11-01,GLD,0
2006-11-01,IWM,0.16666666666666666
2006-11-01,QQQ,0.16666666666666666
2006-11-01,SPY,0.16666666666666666
2006-11-01,TLT,0.16666666666666666
2006-11-02,EEM,0.16666666666666666
2006-11-02,EFA,0.16666666666666666
2006-11-02,GLD,0
2006-11-02,IWM,0.16666666666666666
2006-11-02,QQQ,0.16666666666666666
2006-11-02,SPY,0.16666666666666666
2006-11-02,TLT,0.16666666666666666
2006-11-03,EEM,0.16666666666666666
2006-11-03,EFA,0.16666666666666666
2006-11-03,GLD,0
2006-11-03,IWM,0.16666666666666666
2006-11-03,QQQ,0.16666666666666666
2006-11-03,SPY,0.16666666666666666
2006-11-03,TLT,0.16666666666666666
2006-11-06,EEM,0.16666666666666666
2006-11-06,EFA,0.16666666666666666
2006-11-06,GLD,0
2006-11-06,IWM,0.16666666666666666
2006-11-06,QQQ,0.16666666666666666
2006-11-06,SPY,0.16666666666666666
2006-11-06,TLT,0.16666666666666666
2006-11-07,EEM,0.16666666666666666
2006-11-07,EFA,0.16666666666666666
2006-11-07,GLD,0
2006-11-07,IWM,0.16666666666666666
2006-11-07,QQQ,0.16666666666666666
2006-11-07,SPY,0.16666666666666666
2006-11-07,TLT,0.16666666666666666
2006-11-08,EEM,0.16666666666666666
2006-11-08,EFA,0.16666666666666666
2006-11-08,GLD,0
2006-11-08,IWM,0.16666666666666666
2006-11-08,QQQ,0.16666666666666666
2006-11-08,SPY,0.16666666666666666
2006-11-08,TLT,0.16666666666666666
2006-11-09,EEM,0.16666666666666666
2006-11-09,EFA,0.16666666666666666
2006-11-09,GLD,0
2006-11-09,IWM,0.16666666666666666
2006-11-09,QQQ,0.16666666666666666
2006-11-09,SPY,0.16666666666666666
2006-11-09,TLT,0.16666666666666666
2006-11-10,EEM,0.16666666666666666
2006-11-10,EFA,0.16666666666666666
2006-11-10,GLD,0
2006-11-10,IWM,0.16666666666666666
2006-11-10,QQQ,0.16666666666666666
2006-11-10,SPY,0.16666666666666666
2006-11-10,TLT,0.16666666666666666
2006-11-13,EEM,0.16666666666666666
2006-11-13,EFA,0.16666666666666666
2006-11-13,GLD,0
2006-11-13,IWM,0.16666666666666666
2006-11-13,QQQ,0.16666666666666666
2006-11-13,SPY,0.16666666666666666
2006-11-13,TLT,0.16666666666666666
2006-11-14,EEM,0.16666666666666666
2006-11-14,EFA,0.16666666666666666
2006-11-14,GLD,0
2006-11-14,IWM,0.16666666666666666
2006-11-14,QQQ,0.16666666666666666
2006-11-14,SPY,0.16666666666666666
2006-11-14,TLT,0.16666666666666666
2006-11-15,EEM,0.16666666666666666
2006-11-15,EFA,0.16666666666666666
2006-11-15,GLD,0
2006-11-15,IWM,0.16666666666666666
2006-11-15,QQQ,0.16666666666666666
2006-11-15,SPY,0.16666666666666666
2006-11-15,TLT,0.16666666666666666
2006-11-16,EEM,0.16666666666666666
2006-11-16,EFA,0.16666666666666666
2006-11-16,GLD,0
2006-11-16,IWM,0.16666666666666666
2006-11-16,QQQ,0.16666666666666666
2006-11-16,SPY,0.16666666666666666
2006-11-16,TLT,0.16666666666666666
2006-11-17,EEM,0.16666666666666666
2006-11-17,EFA,0.16666666666666666
2006-11-17,GLD,0
2006-11-17,IWM,0.16666666666666666
2006-11-17,QQQ,0.16666666666666666
2006-11-17,SPY,0.16666666666666666
2006-11-17,TLT,0.16666666666666666
2006-11-20,EEM,0.16666666666666666
2006-11-20,EFA,0.16666666666666666
2006-11-20,GLD,0
2006-11-20,IWM,0.16666666666666666
2006-11-20,QQQ,0.16666666666666666
2006-11-20,SPY,0.16666666666666666
2006-11-20,TLT,0.16666666666666666
2006-11-21,EEM,0.16666666666666666
2006-11-21,EFA,0.16666666666666666
2006-11-21,GLD,0
2006-11-21,IWM,0.16666666666666666
2006-11-21,QQQ,0.16666666666666666
2006-11-21,SPY,0.16666666666666666
2006-11-21,TLT,0.16666666666666666
2006-11-22,EEM,0.16666666666666666
2006-11-22,EFA,0.16666666666666666
2006-11-22,GLD,0
2006-11-22,IWM,0.16666666666666666
2006-11-22,QQQ,0.16666666666666666
2006-11-22,SPY,0.16666666666666666
2006-11-22,TLT,0.16666666666666666
2006-11-24,EEM,0.16666666666666666
2006-11-24,EFA,0.16666666666666666
2006-11-24,GLD,0
2006-11-24,IWM,0.16666666666666666
2006-11-24,QQQ,0.16666666666666666
2006-11-24,SPY,0.16666666666666666
2006-11-24,TLT,0.16666666666666666
2006-11-27,EEM,0.16666666666666666
2006-11-27,EFA,0.16666666666666666
2006-11-27,GLD,0
2006-11-27,IWM,0.16666666666666666
2006-11-27,QQQ,0.16666666666666666
2006-11-27,SPY,0.16666666666666666
2006-11-27,TLT,0.16666666666666666
2006-11-28,EEM,0.16666666666666666
2006-11-28,EFA,0.16666666666666666
2006-11-28,GLD,0
2006-11-28,IWM,0.16666666666666666
2006-11-28,QQQ,0.16666666666666666
2006-11-28,SPY,0.16666666666666666
2006-11-28,TLT,0.16666666666666666
2006-11-29,EEM,0.16666666666666666
2006-11-29,EFA,0.16666666666666666
2006-11-29,GLD,0
2006-11-29,IWM,0.16666666666666666
2006-11-29,QQQ,0.16666666666666666
2006-11-29,SPY,0.16666666666666666
2006-11-29,TLT,0.16666666666666666
2006-11-30,EEM,0.16666666666666666
2006-11-30,EFA,0.16666666666666666
2006-11-30,GLD,0
2006-11-30,IWM,0.16666666666666666
2006-11-30,QQQ,0.16666666666666666
2006-11-30,SPY,0.16666666666666666
2006-11-30,TLT,0.16666666666666666
2006-12-01,EEM,0.16666666666666666
2006-12-01,EFA,0.16666666666666666
2006-12-01,GLD,0
2006-12-01,IWM,0.16666666666666666
2006-12-01,QQQ,0.16666666666666666
2006-12-01,SPY,0.16666666666666666
2006-12-01,TLT,0.16666666666666666
2006-12-04,EEM,0.16666666666666666
2006-12-04,EFA,0.16666666666666666
2006-12-04,GLD,0
2006-12-04,IWM,0.16666666666666666
2006-12-04,QQQ,0.16666666666666666
2006-12-04,SPY,0.16666666666666666
2006-12-04,TLT,0.16666666666666666
2006-12-05,EEM,0.16666666666666666
2006-12-05,EFA,0.16666666666666666
2006-12-05,GLD,0
2006-12-05,IWM,0.16666666666666666
2006-12-05,QQQ,0.16666666666666666
2006-12-05,SPY,0.16666666666666666
2006-12-05,TLT,0.16666666666666666
2006-12-06,EEM,0.16666666666666666
2006-12-06,EFA,0.16666666666666666
2006-12-06,GLD,0
2006-12-06,IWM,0.16666666666666666
2006-12-06,QQQ,0.16666666666666666
2006-12-06,SPY,0.16666666666666666
2006-12-06,TLT,0.16666666666666666
2006-12-07,EEM,0.16666666666666666
2006-12-07,EFA,0.16666666666666666
2006-12-07,GLD,0
2006-12-07,IWM,0.16666666666666666
2006-12-07,QQQ,0.16666666666666666
2006-12-07,SPY,0.16666666666666666
2006-12-07,TLT,0.16666666666666666
2006-12-08,EEM,0.16666666666666666
2006-12-08,EFA,0.16666666666666666
2006-12-08,GLD,0
2006-12-08,IWM,0.16666666666666666
2006-12-08,QQQ,0.16666666666666666
2006-12-08,SPY,0.16666666666666666
2006-12-08,TLT,0.16666666666666666
2006-12-11,EEM,0.16666666666666666
2006-12-11,EFA,0.16666666666666666
2006-12-11,GLD,0
2006-12-11,IWM,0.16666666666666666
2006-12-11,QQQ,0.16666666666666666
2006-12-11,SPY,0.16666666666666666
2006-12-11,TLT,0.16666666666666666
2006-12-12,EEM,0.16666666666666666
2006-12-12,EFA,0.16666666666666666
2006-12-12,GLD,0
2006-12-12,IWM,0.16666666666666666
2006-12-12,QQQ,0.16666666666666666
2006-12-12,SPY,0.16666666666666666
2006-12-12,TLT,0.16666666666666666
2006-12-13,EEM,0.16666666666666666
2006-12-13,EFA,0.16666666666666666
2006-12-13,GLD,0
2006-12-13,IWM,0.16666666666666666
2006-12-13,QQQ,0.16666666666666666
2006-12-13,SPY,0.16666666666666666
2006-12-13,TLT,0.16666666666666666
2006-12-14,EEM,0.16666666666666666
2006-12-14,EFA,0.16666666666666666
2006-12-14,GLD,0
2006-12-14,IWM,0.16666666666666666
2006-12-14,QQQ,0.16666666666666666
2006-12-14,SPY,0.16666666666666666
2006-12-14,TLT,0.16666666666666666
2006-12-15,EEM,0.16666666666666666
2006-12-15,EFA,0.16666666666666666
2006-12-15,GLD,0
2006-12-15,IWM,0.16666666666666666
2006-12-15,QQQ,0.16666666666666666
2006-12-15,SPY,0.16666666666666666
2006-12-15,TLT,0.16666666666666666
2006-12-18,EEM,0.16666666666666666
2006-12-18,EFA,0.16666666666666666
2006-12-18,GLD,0
2006-12-18,IWM,0.16666666666666666
2006-12-18,QQQ,0.16666666666666666
2006-12-18,SPY,0.16666666666666666
2006-12-18,TLT,0.16666666666666666
2006-12-19,EEM,0.16666666666666666
2006-12-19,EFA,0.16666666666666666
2006-12-19,GLD,0
2006-12-19,IWM,0.16666666666666666
2006-12-19,QQQ,0.16666666666666666
2006-12-19,SPY,0.16666666666666666
2006-12-19,TLT,0.16666666666666666
2006-12-20,EEM,0.16666666666666666
2006-12-20,EFA,0.16666666666666666
2006-12-20,GLD,0
2006-12-20,IWM,0.16666666666666666
2006-12-20,QQQ,0.16666666666666666
2006-12-20,SPY,0.16666666666666666
2006-12-20,TLT,0.16666666666666666
2006-12-21,EEM,0.16666666666666666
2006-12-21,EFA,0.16666666666666666
2006-12-21,GLD,0
2006-12-21,IWM,0.16666666666666666
2006-12-21,QQQ,0.16666666666666666
2006-12-21,SPY,0.16666666666666666
2006-12-21,TLT,0.16666666666666666
2006-12-22,EEM,0.16666666666666666
2006-12-22,EFA,0.16666666666666666
2006-12-22,GLD,0
2006-12-22,IWM,0.16666666666666666
2006-12-22,QQQ,0.16666666666666666
2006-12-22,SPY,0.16666666666666666
2006-12-22,TLT,0.16666666666666666
2006-12-26,EEM,0.16666666666666666
2006-12-26,EFA,0.16666666666666666
2006-12-26,GLD,0
2006-12-26,IWM,0.16666666666666666
2006-12-26,QQQ,0.16666666666666666
2006-12-26,SPY,0.16666666666666666
2006-12-26,TLT,0.16666666666666666
2006-12-27,EEM,0.16666666666666666
2006-12-27,EFA,0.16666666666666666
2006-12-27,GLD,0.16666666666666666
2006-12-27,IWM,0.16666666666666666
2006-12-27,QQQ,0.16666666666666666
2006-12-27,SPY,0.16666666666666666
2006-12-27,TLT,0
2006-12-28,EEM,0.16666666666666666
2006-12-28,EFA,0.16666666666666666
2006-12-28,GLD,0.16666666666666666
2006-12-28,IWM,0.16666666666666666
2006-12-28,QQQ,0.16666666666666666
2006-12-28,SPY,0.16666666666666666
2006-12-28,TLT,0
2006-12-29,EEM,0.16666666666666666
2006-12-29,EFA,0.16666666666666666
2006-12-29,GLD,0.16666666666666666
2006-12-29,IWM,0.16666666666666666
2006-12-29,QQQ,0.16666666666666666
2006-12-29,SPY,0.16666666666666666
2006-12-29,TLT,0
2007-01-03,EEM,0.16666666666666666
2007-01-03,EFA,0.16666666666666666
2007-01-03,GLD,0.16666666666666666
2007-01-03,IWM,0.16666666666666666
2007-01-03,QQQ,0.16666666666666666
2007-01-03,SPY,0.16666666666666666
2007-01-03,TLT,0
2007-01-04,EEM,0.16666666666666666
2007-01-04,EFA,0.16666666666666666
2007-01-04,GLD,0.16666666666666666
2007-01-04,IWM,0.16666666666666666
2007-01-04,QQQ,0.16666666666666666
2007-01-04,SPY,0.16666666666666666
2007-01-04,TLT,0
2007-01-05,EEM,0.16666666666666666
2007-01-05,EFA,0.16666666666666666
2007-01-05,GLD,0.16666666666666666
2007-01-05,IWM,0.16666666666666666
2007-01-05,QQQ,0.16666666666666666
2007-01-05,SPY,0.16666666666666666
2007-01-05,TLT,0
2007-01-08,EEM,0.16666666666666666
2007-01-08,EFA,0.16666666666666666
2007-01-08,GLD,0.16666666666666666
2007-01-08,IWM,0.16666666666666666
2007-01-08,QQQ,0.16666666666666666
2007-01-08,SPY,0.16666666666666666
2007-01-08,TLT,0
2007-01-09,EEM,0.16666666666666666
2007-01-09,EFA,0.16666666666666666
2007-01-09,GLD,0.16666666666666666
2007-01-09,IWM,0.16666666666666666
2007-01-09,QQQ,0.16666666666666666
2007-01-09,SPY,0.16666666666666666
2007-01-09,TLT,0
2007-01-10,EEM,0.16666666666666666
2007-01-10,EFA,0.16666666666666666
2007-01-10,GLD,0.16666666666666666
2007-01-10,IWM,0.16666666666666666
2007-01-10,QQQ,0.16666666666666666
2007-01-10,SPY,0.16666666666666666
2007-01-10,TLT,0
2007-01-11,EEM,0.16666666666666666
2007-01-11,EFA,0.16666666666666666
2007-01-11,GLD,0.16666666666666666
2007-01-11,IWM,0.16666666666666666
2007-01-11,QQQ,0.16666666666666666
2007-01-11,SPY,0.16666666666666666
2007-01-11,TLT,0
2007-01-12,EEM,0.16666666666666666
2007-01-12,EFA,0.16666666666666666
2007-01-12,GLD,0
2007-01-12,IWM,0.16666666666666666
2007-01-12,QQQ,0.16666666666666666
2007-01-12,SPY,0.16666666666666666
2007-01-12,TLT,0.16666666666666666
2007-01-16,EEM,0.16666666666666666
2007-01-16,EFA,0.16666666666666666
2007-01-16,GLD,0
2007-01-16,IWM,0.16666666666666666
2007-01-16,QQQ,0.16666666666666666
2007-01-16,SPY,0.16666666666666666
2007-01-16,TLT,0.16666666666666666
2007-01-17,EEM,0.16666666666666666
2007-01-17,EFA,0.16666666666666666
2007-01-17,GLD,0
2007-01-17,IWM,0.16666666666666666
2007-01-17,QQQ,0.16666666666666666
2007-01-17,SPY,0.16666666666666666
2007-01-17,TLT,0.16666666666666666
2007-01-18,EEM,0.16666666666666666
2007-01-18,EFA,0.16666666666666666
2007-01-18,GLD,0
2007-01-18,IWM,0.16666666666666666
2007-01-18,QQQ,0.16666666666666666
2007-01-18,SPY,0.16666666666666666
2007-01-18,TLT,0.16666666666666666
2007-01-19,EEM,0.16666666666666666
2007-01-19,EFA,0.16666666666666666
2007-01-19,GLD,0
2007-01-19,IWM,0.16666666666666666
2007-01-19,QQQ,0.16666666666666666
2007-01-19,SPY,0.16666666666666666
2007-01-19,TLT,0.16666666666666666
2007-01-22,EEM,0.16666666666666666
2007-01-22,EFA,0.16666666666666666
2007-01-22,GLD,0
2007-01-22,IWM,0.16666666666666666
2007-01-22,QQQ,0.16666666666666666
2007-01-22,SPY,0.16666666666666666
2007-01-22,TLT,0.16666666666666666
2007-01-23,EEM,0.16666666666666666
2007-01-23,EFA,0.16666666666666666
2007-01-23,GLD,0
2007-01-23,IWM,0.16666666666666666
2007-01-23,QQQ,0.16666666666666666
2007-01-23,SPY,0.16666666666666666
2007-01-23,TLT,0.16666666666666666
2007-01-24,EEM,0.16666666666666666
2007-01-24,EFA,0.16666666666666666
2007-01-24,GLD,0
2007-01-24,IWM,0.16666666666666666
2007-01-24,QQQ,0.16666666666666666
2007-01-24,SPY,0.16666666666666666
2007-01-24,TLT,0.16666666666666666
2007-01-25,EEM,0.16666666666666666
2007-01-25,EFA,0.16666666666666666
2007-01-25,GLD,0
2007-01-25,IWM,0.16666666666666666
2007-01-25,QQQ,0.16666666666666666
2007-01-25,SPY,0.16666666666666666
2007-01-25,TLT,0.16666666666666666
2007-01-26,EEM,0.16666666666666666
2007-01-26,EFA,0.16666666666666666
2007-01-26,GLD,0
2007-01-26,IWM,0.16666666666666666
2007-01-26,QQQ,0.16666666666666666
2007-01-26,SPY,0.16666666666666666
2007-01-26,TLT,0.16666666666666666
2007-01-29,EEM,0.16666666666666666
2007-01-29,EFA,0.16666666666666666
2007-01-29,GLD,0.16666666666666666
2007-01-29,IWM,0.16666666666666666
2007-01-29,QQQ,0.16666666666666666
2007-01-29,SPY,0.16666666666666666
2007-01-29,TLT,0
2007-01-30,EEM,0.16666666666666666
2007-01-30,EFA,0.16666666666666666
2007-01-30,GLD,0.16666666666666666
2007-01-30,IWM,0.16666666666666666
2007-01-30,QQQ,0.16666666666666666
2007-01-30,SPY,0.16666666666666666
2007-01-30,TLT,0
2007-01-31,EEM,0.16666666666666666
2007-01-31,EFA,0.16666666666666666
2007-01-31,GLD,0.16666666666666666
2007-01-31,IWM,0.16666666666666666
2007-01-31,QQQ,0.16666666666666666
2007-01-31,SPY,0.16666666666666666
2007-01-31,TLT,0
2007-02-01,EEM,0.16666666666666666
2007-02-01,EFA,0.16666666666666666
2007-02-01,GLD,0.16666666666666666
2007-02-01,IWM,0.16666666666666666
2007-02-01,QQQ,0.16666666666666666
2007-02-01,SPY,0.16666666666666666
2007-02-01,TLT,0
2007-02-02,EEM,0.16666666666666666
2007-02-02,EFA,0.16666666666666666
2007-02-02,GLD,0.16666666666666666
2007-02-02,IWM,0.16666666666666666
2007-02-02,QQQ,0.16666666666666666
2007-02-02,SPY,0.16666666666666666
2007-02-02,TLT,0
2007-02-05,EEM,0.16666666666666666
2007-02-05,EFA,0.16666666666666666
2007-02-05,GLD,0.16666666666666666
2007-02-05,IWM,0.16666666666666666
2007-02-05,QQQ,0.16666666666666666
2007-02-05,SPY,0.16666666666666666
2007-02-05,TLT,0
2007-02-06,EEM,0.16666666666666666
2007-02-06,EFA,0.16666666666666666
2007-02-06,GLD,0.16666666666666666
2007-02-06,IWM,0.16666666666666666
2007-02-06,QQQ,0.16666666666666666
2007-02-06,SPY,0.16666666666666666
2007-02-06,TLT,0
2007-02-07,EEM,0.16666666666666666
2007-02-07,EFA,0.16666666666666666
2007-02-07,GLD,0.16666666666666666
2007-02-07,IWM,0.16666666666666666
2007-02-07,QQQ,0.16666666666666666
2007-02-07,SPY,0.16666666666666666
2007-02-07,TLT,0
2007-02-08,EEM,0.16666666666666666
2007-02-08,EFA,0.16666666666666666
2007-02-08,GLD,0.16666666666666666
2007-02-08,IWM,0.16666666666666666
2007-02-08,QQQ,0.16666666666666666
2007-02-08,SPY,0.16666666666666666
2007-02-08,TLT,0
2007-02-09,EEM,0.16666666666666666
2007-02-09,EFA,0.16666666666666666
2007-02-09,GLD,0.16666666666666666
2007-02-09,IWM,0.16666666666666666
2007-02-09,QQQ,0.16666666666666666
2007-02-09,SPY,0.16666666666666666
2007-02-09,TLT,0
2007-02-12,EEM,0.16666666666666666
2007-02-12,EFA,0.16666666666666666
2007-02-12,GLD,0.16666666666666666
2007-02-12,IWM,0.16666666666666666
2007-02-12,QQQ,0.16666666666666666
2007-02-12,SPY,0.16666666666666666
2007-02-12,TLT,0
2007-02-13,EEM,0.16666666666666666
2007-02-13,EFA,0.16666666666666666
2007-02-13,GLD,0.16666666666666666
2007-02-13,IWM,0.16666666666666666
2007-02-13,QQQ,0.16666666666666666
2007-02-13,SPY,0.16666666666666666
2007-02-13,TLT,0
2007-02-14,EEM,0.16666666666666666
2007-02-14,EFA,0.16666666666666666
2007-02-14,GLD,0.16666666666666666
2007-02-14,IWM,0.16666666666666666
2007-02-14,QQQ,0.16666666666666666
2007-02-14,SPY,0.16666666666666666
2007-02-14,TLT,0
2007-02-15,EEM,0.16666666666666666
2007-02-15,EFA,0.16666666666666666
2007-02-15,GLD,0.16666666666666666
2007-02-15,IWM,0.16666666666666666
2007-02-15,QQQ,0.16666666666666666
2007-02-15,SPY,0.16666666666666666
2007-02-15,TLT,0
2007-02-16,EEM,0.16666666666666666
2007-02-16,EFA,0.16666666666666666
2007-02-16,GLD,0.16666666666666666
2007-02-16,IWM,0.16666666666666666
2007-02-16,QQQ,0.16666666666666666
2007-02-16,SPY,0.16666666666666666
2007-02-16,TLT,0
2007-02-20,EEM,0.16666666666666666
2007-02-20,EFA,0.16666666666666666
2007-02-20,GLD,0.16666666666666666
2007-02-20,IWM,0.16666666666666666
2007-02-20,QQQ,0.16666666666666666
2007-02-20,SPY,0.16666666666666666
2007-02-20,TLT,0
2007-02-21,EEM,0.16666666666666666
2007-02-21,EFA,0.16666666666666666
2007-02-21,GLD,0.16666666666666666
2007-02-21,IWM,0.16666666666666666
2007-02-21,QQQ,0.16666666666666666
2007-02-21,SPY,0.16666666666666666
2007-02-21,TLT,0
2007-02-22,EEM,0.16666666666666666
2007-02-22,EFA,0.16666666666666666
2007-02-22,GLD,0.16666666666666666
2007-02-22,IWM,0.16666666666666666
2007-02-22,QQQ,0.16666666666666666
2007-02-22,SPY,0.16666666666666666
2007-02-22,TLT,0
2007-02-23,EEM,0.16666666666666666
2007-02-23,EFA,0.16666666666666666
2007-02-23,GLD,0.16666666666666666
2007-02-23,IWM,0.16666666666666666
2007-02-23,QQQ,0.16666666666666666
2007-02-23,SPY,0.16666666666666666
2007-02-23,TLT,0
2007-02-26,EEM,0.16666666666666666
2007-02-26,EFA,0.16666666666666666
2007-02-26,GLD,0.16666666666666666
2007-02-26,IWM,0.16666666666666666
2007-02-26,QQQ,0.16666666666666666
2007-02-26,SPY,0.16666666666666666
2007-02-26,TLT,0
2007-02-27,EEM,0
2007-02-27,EFA,0.16666666666666666
2007-02-27,GLD,0.66666666666666663
2007-02-27,IWM,0
2007-02-27,QQQ,0
2007-02-27,SPY,0
2007-02-27,TLT,0.16666666666666666
2007-02-28,EEM,0
2007-02-28,EFA,0.16666666666666666
2007-02-28,GLD,0.66666666666666663
2007-02-28,IWM,0
2007-02-28,QQQ,0
2007-02-28,SPY,0
2007-02-28,TLT,0.16666666666666666
2007-03-01,EEM,0
2007-03-01,EFA,0.16666666666666666
2007-03-01,GLD,0.66666666666666663
2007-03-01,IWM,0
2007-03-01,QQQ,0
2007-03-01,SPY,0
2007-03-01,TLT,0.16666666666666666
2007-03-02,EEM,0
2007-03-02,EFA,0.16666666666666666
2007-03-02,GLD,0.66666666666666663
2007-03-02,IWM,0
2007-03-02,QQQ,0
2007-03-02,SPY,0
2007-03-02,TLT,0.16666666666666666
2007-03-05,EEM,0
2007-03-05,EFA,0.16666666666666666
2007-03-05,GLD,0.66666666666666663
2007-03-05,IWM,0
2007-03-05,QQQ,0
2007-03-05,SPY,0
2007-03-05,TLT,0.16666666666666666
2007-03-06,EEM,0.16666666666666666
2007-03-06,EFA,0.16666666666666666
2007-03-06,GLD,0.66666666666666663
2007-03-06,IWM,0
2007-03-06,QQQ,0
2007-03-06,SPY,0
2007-03-06,TLT,0
2007-03-07,EEM,0.16666666666666666
2007-03-07,EFA,0.16666666666666666
2007-03-07,GLD,0.66666666666666663
2007-03-07,IWM,0
2007-03-07,QQQ,0
2007-03-07,SPY,0
2007-03-07,TLT,0
2007-03-08,EEM,0.16666666666666666
2007-03-08,EFA,0.16666666666666666
2007-03-08,GLD,0.66666666666666663
2007-03-08,IWM,0
2007-03-08,QQQ,0
2007-03-08,SPY,0
2007-03-08,TLT,0
2007-03-09,EEM,0.16666666666666666
2007-03-09,EFA,0.16666666666666666
2007-03-09,GLD,0.66666666666666663
2007-03-09,IWM,0
2007-03-09,QQQ,0
2007-03-09,SPY,0
2007-03-09,TLT,0
2007-03-12,EEM,0.16666666666666666
2007-03-12,EFA,0.16666666666666666
2007-03-12,GLD,0.66666666666666663
2007-03-12,IWM,0
2007-03-12,QQQ,0
2007-03-12,SPY,0
2007-03-12,TLT,0
2007-03-13,EEM,0
2007-03-13,EFA,0
2007-03-13,GLD,1
2007-03-13,IWM,0
2007-03-13,QQQ,0
2007-03-13,SPY,0
2007-03-13,TLT,0
2007-03-14,EEM,0
2007-03-14,EFA,0
2007-03-14,GLD,1
2007-03-14,IWM,0
2007-03-14,QQQ,0
2007-03-14,SPY,0
2007-03-14,TLT,0
2007-03-15,EEM,0
2007-03-15,EFA,0
2007-03-15,GLD,1
2007-03-15,IWM,0
2007-03-15,QQQ,0
2007-03-15,SPY,0
2007-03-15,TLT,0
2007-03-16,EEM,0
2007-03-16,EFA,0
2007-03-16,GLD,1
2007-03-16,IWM,0
2007-03-16,QQQ,0
2007-03-16,SPY,0
2007-03-16,TLT,0
2007-03-19,EEM,0
2007-03-19,EFA,0
2007-03-19,GLD,1
2007-03-19,IWM,0
2007-03-19,QQQ,0
2007-03-19,SPY,0
2007-03-19,TLT,0
2007-03-20,EEM,0.16666666666666666
2007-03-20,EFA,0.16666666666666666
2007-03-20,GLD,0.5
2007-03-20,IWM,0
2007-03-20,QQQ,0
2007-03-20,SPY,0
2007-03-20,TLT,0.16666666666666666
2007-03-21,EEM,0.16666666666666666
2007-03-21,EFA,0.16666666666666666
2007-03-21,GLD,0.5
2007-03-21,IWM,0
2007-03-21,QQQ,0
2007-03-21,SPY,0
2007-03-21,TLT,0.16666666666666666
2007-03-22,EEM,0.16666666666666666
2007-03-22,EFA,0.16666666666666666
2007-03-22,GLD,0.5
2007-03-22,IWM,0
2007-03-22,QQQ,0
2007-03-22,SPY,0
2007-03-22,TLT,0.16666666666666666
2007-03-23,EEM,0.16666666666666666
2007-03-23,EFA,0.16666666666666666
2007-03-23,GLD,0.5
2007-03-23,IWM,0
2007-03-23,QQQ,0
2007-03-23,SPY,0
2007-03-23,TLT,0.16666666666666666
2007-03-26,EEM,0.16666666666666666
2007-03-26,EFA,0.16666666666666666
2007-03-26,GLD,0.5
2007-03-26,IWM,0
2007-03-26,QQQ,0
2007-03-26,SPY,0
2007-03-26,TLT,0.16666666666666666
2007-03-27,EEM,0.16666666666666666
2007-03-27,EFA,0.16666666666666666
2007-03-27,GLD,0.16666666666666666
2007-03-27,IWM,0.16666666666666666
2007-03-27,QQQ,0.16666666666666666
2007-03-27,SPY,0.16666666666666666
2007-03-27,TLT,0
2007-03-28,EEM,0.16666666666666666
2007-03-28,EFA,0.16666666666666666
2007-03-28,GLD,0.16666666666666666
2007-03-28,IWM,0.16666666666666666
2007-03-28,QQQ,0.16666666666666666
2007-03-28,SPY,0.16666666666666666
2007-03-28,TLT,0
2007-03-29,EEM,0.16666666666666666
2007-03-29,EFA,0.16666666666666666
2007-03-29,GLD,0.16666666666666666
2007-03-29,IWM,0.16666666666666666
2007-03-29,QQQ,0.16666666666666666
2007-03-29,SPY,0.16666666666666666
2007-03-29,TLT,0
2007-03-30,EEM,0.16666666666666666
2007-03-30,EFA,0.16666666666666666
2007-03-30,GLD,0.16666666666666666
2007-03-30,IWM,0.16666666666666666
2007-03-30,QQQ,0.16666666666666666
2007-03-30,SPY,0.16666666666666666
2007-03-30,TLT,0
2007-04-02,EEM,0.16666666666666666
2007-04-02,EFA,0.16666666666666666
2007-04-02,GLD,0.16666666666666666
2007-04-02,IWM,0.16666666666666666
2007-04-02,QQQ,0.16666666666666666
2007-04-02,SPY,0.16666666666666666
2007-04-02,TLT,0
2007-04-03,EEM,0.16666666666666666
2007-04-03,EFA,0.16666666666666666
2007-04-03,GLD,0.16666666666666666
2007-04-03,IWM,0.16666666666666666
2007-04-03,QQQ,0.16666666666666666
2007-04-03,SPY,0.16666666666666666
2007-04-03,TLT,0
2007-04-04,EEM,0.16666666666666666
2007-04-04,EFA,0.16666666666666666
2007-04-04,GLD,0.16666666666666666
2007-04-04,IWM,0.16666666666666666
2007-04-04,QQQ,0.16666666666666666
2007-04-04,SPY,0.16666666666666666
2007-04-04,TLT,0
2007-04-05,EEM,0.16666666666666666
2007-04-05,EFA,0.16666666666666666
2007-04-05,GLD,0.16666666666666666
2007-04-05,IWM,0.16666666666666666
2007-04-05,QQQ,0.16666666666666666
2007-04-05,SPY,0.16666666666666666
2007-04-05,TLT,0
2007-04-09,EEM,0.16666666666666666
2007-04-09,EFA,0.16666666666666666
2007-04-09,GLD,0.16666666666666666
2007-04-09,IWM,0.16666666666666666
2007-04-09,QQQ,0.16666666666666666
2007-04-09,SPY,0.16666666666666666
2007-04-09,TLT,0
2007-04-10,EEM,0.16666666666666666
2007-04-10,EFA,0.16666666666666666
2007-04-10,GLD,0.16666666666666666
2007-04-10,IWM,0.16666666666666666
2007-04-10,QQQ,0.16666666666666666
2007-04-10,SPY,0.16666666666666666
2007-04-10,TLT,0
2007-04-11,EEM,0.16666666666666666
2007-04-11,EFA,0.16666666666666666
2007-04-11,GLD,0.16666666666666666
2007-04-11,IWM,0.16666666666666666
2007-04-11,QQQ,0.16666666666666666
2007-04-11,SPY,0.16666666666666666
2007-04-11,TLT,0
2007-04-12,EEM,0.16666666666666666
2007-04-12,EFA,0.16666666666666666
2007-04-12,GLD,0.16666666666666666
2007-04-12,IWM,0.16666666666666666
2007-04-12,QQQ,0.16666666666666666
2007-04-12,SPY,0.16666666666666666
2007-04-12,TLT,0
2007-04-13,EEM,0.16666666666666666
2007-04-13,EFA,0.16666666666666666
2007-04-13,GLD,0.16666666666666666
2007-04-13,IWM,0.16666666666666666
2007-04-13,QQQ,0.16666666666666666
2007-04-13,SPY,0.16666666666666666
2007-04-13,TLT,0
2007-04-16,EEM,0.16666666666666666
2007-04-16,EFA,0.16666666666666666
2007-04-16,GLD,0.16666666666666666
2007-04-16,IWM,0.16666666666666666
2007-04-16,QQQ,0.16666666666666666
2007-04-16,SPY,0.16666666666666666
2007-04-16,TLT,0
2007-04-17,EEM,0.16666666666666666
2007-04-17,EFA,0.16666666666666666
2007-04-17,GLD,0.16666666666666666
2007-04-17,IWM,0.16666666666666666
2007-04-17,QQQ,0.16666666666666666
2007-04-17,SPY,0.16666666666666666
2007-04-17,TLT,0
2007-04-18,EEM,0.16666666666666666
2007-04-18,EFA,0.16666666666666666
2007-04-18,GLD,0
2007-04-18,IWM,0.16666666666666666
2007-04-18,QQQ,0.16666666666666666
2007-04-18,SPY,0.16666666666666666
2007-04-18,TLT,0.16666666666666666
2007-04-19,EEM,0.16666666666666666
2007-04-19,EFA,0.16666666666666666
2007-04-19,GLD,0
2007-04-19,IWM,0.16666666666666666
2007-04-19,QQQ,0.16666666666666666
2007-04-19,SPY,0.16666666666666666
2007-04-19,TLT,0.16666666666666666
2007-04-20,EEM,0.16666666666666666
2007-04-20,EFA,0.16666666666666666
2007-04-20,GLD,0
2007-04-20,IWM,0.16666666666666666
2007-04-20,QQQ,0.16666666666666666
2007-04-20,SPY,0.16666666666666666
2007-04-20,TLT,0.16666666666666666
2007-04-23,EEM,0.16666666666666666
2007-04-23,EFA,0.16666666666666666
2007-04-23,GLD,0
2007-04-23,IWM,0.16666666666666666
2007-04-23,QQQ,0.16666666666666666
2007-04-23,SPY,0.16666666666666666
2007-04-23,TLT,0.16666666666666666
2007-04-24,EEM,0.16666666666666666
2007-04-24,EFA,0.16666666666666666
2007-04-24,GLD,0
2007-04-24,IWM,0.16666666666666666
2007-04-24,QQQ,0.16666666666666666
2007-04-24,SPY,0.16666666666666666
2007-04-24,TLT,0.16666666666666666
2007-04-25,EEM,0.16666666666666666
2007-04-25,EFA,0.16666666666666666
2007-04-25,GLD,0
2007-04-25,IWM,0.16666666666666666
2007-04-25,QQQ,0.16666666666666666
2007-04-25,SPY,0.16666666666666666
2007-04-25,TLT,0.16666666666666666
2007-04-26,EEM,0.16666666666666666
2007-04-26,EFA,0.16666666666666666
2007-04-26,GLD,0
2007-04-26,IWM,0.16666666666666666
2007-04-26,QQQ,0.16666666666666666
2007-04-26,SPY,0.16666666666666666
2007-04-26,TLT,0.16666666666666666
2007-04-27,EEM,0.16666666666666666
2007-04-27,EFA,0.16666666666666666
2007-04-27,GLD,0
2007-04-27,IWM,0.16666666666666666
2007-04-27,QQQ,0.16666666666666666
2007-04-27,SPY,0.16666666666666666
2007-04-27,TLT,0.16666666666666666
2007-04-30,EEM,0.16666666666666666
2007-04-30,EFA,0.16666666666666666
2007-04-30,GLD,0
2007-04-30,IWM,0.16666666666666666
2007-04-30,QQQ,0.16666666666666666
2007-04-30,SPY,0.16666666666666666
2007-04-30,TLT,0.16666666666666666
2007-05-01,EEM,0.16666666666666666
2007-05-01,EFA,0.16666666666666666
2007-05-01,GLD,0
2007-05-01,IWM,0.16666666666666666
2007-05-01,QQQ,0.16666666666666666
2007-05-01,SPY,0.16666666666666666
2007-05-01,TLT,0.16666666666666666
2007-05-02,EEM,0.16666666666666666
2007-05-02,EFA,0.16666666666666666
2007-05-02,GLD,0
2007-05-02,IWM,0.16666666666666666
2007-05-02,QQQ,0.16666666666666666
2007-05-02,SPY,0.16666666666666666
2007-05-02,TLT,0.16666666666666666
2007-05-03,EEM,0.16666666666666666
2007-05-03,EFA,0.16666666666666666
2007-05-03,GLD,0
2007-05-03,IWM,0.16666666666666666
2007-05-03,QQQ,0.16666666666666666
2007-05-03,SPY,0.16666666666666666
2007-05-03,TLT,0.16666666666666666
2007-05-04,EEM,0.16666666666666666
2007-05-04,EFA,0.16666666666666666
2007-05-04,GLD,0
2007-05-04,IWM,0.16666666666666666
2007-05-04,QQQ,0.16666666666666666
2007-05-04,SPY,0.16666666666666666
2007-05-04,TLT,0.16666666666666666
2007-05-07,EEM,0.16666666666666666
2007-05-07,EFA,0.16666666666666666
2007-05-07,GLD,0
2007-05-07,IWM,0.16666666666666666
2007-05-07,QQQ,0.16666666666666666
2007-05-07,SPY,0.16666666666666666
2007-05-07,TLT,0.16666666666666666
2007-05-08,EEM,0.16666666666666666
2007-05-08,EFA,0.16666666666666666
2007-05-08,GLD,0
2007-05-08,IWM,0.16666666666666666
2007-05-08,QQQ,0.16666666666666666
2007-05-08,SPY,0.16666666666666666
2007-05-08,TLT,0.16666666666666666
2007-05-09,EEM,0.16666666666666666
2007-05-09,EFA,0.16666666666666666
2007-05-09,GLD,0
2007-05-09,IWM,0.16666666666666666
2007-05-09,QQQ,0.16666666666666666
2007-05-09,SPY,0.16666666666666666
2007-05-09,TLT,0.16666666666666666
2007-05-10,EEM,0.16666666666666666
2007-05-10,EFA,0.16666666666666666
2007-05-10,GLD,0
2007-05-10,IWM,0.16666666666666666
2007-05-10,QQQ,0.16666666666666666
2007-05-10,SPY,0.16666666666666666
2007-05-10,TLT,0.16666666666666666
2007-05-11,EEM,0.16666666666666666
2007-05-11,EFA,0.16666666666666666
2007-05-11,GLD,0
2007-05-11,IWM,0.16666666666666666
2007-05-11,QQQ,0.16666666666666666
2007-05-11,SPY,0.16666666666666666
2007-05-11,TLT,0.16666666666666666
2007-05-14,EEM,0.16666666666666666
2007-05-14,EFA,0.16666666666666666
2007-05-14,GLD,0
2007-05-14,IWM,0.16666666666666666
2007-05-14,QQQ,0.16666666666666666
2007-05-14,SPY,0.16666666666666666
2007-05-14,TLT,0.16666666666666666
2007-05-15,EEM,0.16666666666666666
2007-05-15,EFA,0.16666666666666666
2007-05-15,GLD,0
2007-05-15,IWM,0.16666666666666666
2007-05-15,QQQ,0.16666666666666666
2007-05-15,SPY,0.16666666666666666
2007-05-15,TLT,0.16666666666666666
2007-05-16,EEM,0.16666666666666666
2007-05-16,EFA,0.16666666666666666
2007-05-16,GLD,0.16666666666666666
2007-05-16,IWM,0.16666666666666666
2007-05-16,QQQ,0.16666666666666666
2007-05-16,SPY,0.16666666666666666
2007-05-16,TLT,0
2007-05-17,EEM,0.16666666666666666
2007-05-17,EFA,0.16666666666666666
2007-05-17,GLD,0.16666666666666666
2007-05-17,IWM,0.16666666666666666
2007-05-17,QQQ,0.16666666666666666
2007-05-17,SPY,0.16666666666666666
2007-05-17,TLT,0
2007-05-18,EEM,0.16666666666666666
2007-05-18,EFA,0.16666666666666666
2007-05-18,GLD,0.16666666666666666
2007-05-18,IWM,0.16666666666666666
2007-05-18,QQQ,0.16666666666666666
2007-05-18,SPY,0.16666666666666666
2007-05-18,TLT,0
2007-05-21,EEM,0.16666666666666666
2007-05-21,EFA,0.16666666666666666
2007-05-21,GLD,0.16666666666666666
2007-05-21,IWM,0.16666666666666666
2007-05-21,QQQ,0.16666666666666666
2007-05-21,SPY,0.16666666666666666
2007-05-21,TLT,0
2007-05-22,EEM,0.16666666666666666
2007-05-22,EFA,0.16666666666666666
2007-05-22,GLD,0.16666666666666666
2007-05-22,IWM,0.16666666666666666
2007-05-22,QQQ,0.16666666666666666
2007-05-22,SPY,0.16666666666666666
2007-05-22,TLT,0
2007-05-23,EEM,0.16666666666666666
2007-05-23,EFA,0.16666666666666666
2007-05-23,GLD,0.16666666666666666
2007-05-23,IWM,0.16666666666666666
2007-05-23,QQQ,0.16666666666666666
2007-05-23,SPY,0.16666666666666666
2007-05-23,TLT,0
2007-05-24,EEM,0.16666666666666666
2007-05-24,EFA,0.16666666666666666
2007-05-24,GLD,0.16666666666666666
2007-05-24,IWM,0.16666666666666666
2007-05-24,QQQ,0.16666666666666666
2007-05-24,SPY,0.16666666666666666
2007-05-24,TLT,0
2007-05-25,EEM,0.16666666666666666
2007-05-25,EFA,0.16666666666666666
2007-05-25,GLD,0.16666666666666666
2007-05-25,IWM,0.16666666666666666
2007-05-25,QQQ,0.16666666666666666
2007-05-25,SPY,0.16666666666666666
2007-05-25,TLT,0
2007-05-29,EEM,0.16666666666666666
2007-05-29,EFA,0.16666666666666666
2007-05-29,GLD,0.16666666666666666
2007-05-29,IWM,0.16666666666666666
2007-05-29,QQQ,0.16666666666666666
2007-05-29,SPY,0.16666666666666666
2007-05-29,TLT,0
2007-05-30,EEM,0.16666666666666666
2007-05-30,EFA,0.16666666666666666
2007-05-30,GLD,0.16666666666666666
2007-05-30,IWM,0.16666666666666666
2007-05-30,QQQ,0.16666666666666666
2007-05-30,SPY,0.16666666666666666
2007-05-30,TLT,0
2007-05-31,EEM,0.16666666666666666
2007-05-31,EFA,0.16666666666666666
2007-05-31,GLD,0.16666666666666666
2007-05-31,IWM,0.16666666666666666
2007-05-31,QQQ,0.16666666666666666
2007-05-31,SPY,0.16666666666666666
2007-05-31,TLT,0
2007-06-01,EEM,0.16666666666666666
2007-06-01,EFA,0.16666666666666666
2007-06-01,GLD,0.16666666666666666
2007-06-01,IWM,0.16666666666666666
2007-06-01,QQQ,0.16666666666666666
2007-06-01,SPY,0.16666666666666666
2007-06-01,TLT,0
2007-06-04,EEM,0.16666666666666666
2007-06-04,EFA,0.16666666666666666
2007-06-04,GLD,0.16666666666666666
2007-06-04,IWM,0.16666666666666666
2007-06-04,QQQ,0.16666666666666666
2007-06-04,SPY,0.16666666666666666
2007-06-04,TLT,0
2007-06-05,EEM,0.16666666666666666
2007-06-05,EFA,0.16666666666666666
2007-06-05,GLD,0.16666666666666666
2007-06-05,IWM,0.16666666666666666
2007-06-05,QQQ,0.16666666666666666
2007-06-05,SPY,0.16666666666666666
2007-06-05,TLT,0
2007-06-06,EEM,0.16666666666666666
2007-06-06,EFA,0.16666666666666666
2007-06-06,GLD,0.16666666666666666
2007-06-06,IWM,0.16666666666666666
2007-06-06,QQQ,0.16666666666666666
2007-06-06,SPY,0.16666666666666666
2007-06-06,TLT,0
2007-06-07,EEM,0.16666666666666666
2007-06-07,EFA,0.16666666666666666
2007-06-07,GLD,0.16666666666666666
2007-06-07,IWM,0.16666666666666666
2007-06-07,QQQ,0.16666666666666666
2007-06-07,SPY,0.16666666666666666
2007-06-07,TLT,0
2007-06-08,EEM,0.16666666666666666
2007-06-08,EFA,0.16666666666666666
2007-06-08,GLD,0.16666666666666666
2007-06-08,IWM,0.16666666666666666
2007-06-08,QQQ,0.16666666666666666
2007-06-08,SPY,0.16666666666666666
2007-06-08,TLT,0
2007-06-11,EEM,0.16666666666666666
2007-06-11,EFA,0.16666666666666666
2007-06-11,GLD,0.16666666666666666
2007-06-11,IWM,0.16666666666666666
2007-06-11,QQQ,0.16666666666666666
2007-06-11,SPY,0.16666666666666666
2007-06-11,TLT,0
2007-06-12,EEM,0.16666666666666666
2007-06-12,EFA,0.16666666666666666
2007-06-12,GLD,0.16666666666666666
2007-06-12,IWM,0.16666666666666666
2007-06-12,QQQ,0.16666666666666666
2007-06-12,SPY,0.16666666666666666
2007-06-12,TLT,0
2007-06-13,EEM,0.16666666666666666
2007-06-13,EFA,0.16666666666666666
2007-06-13,GLD,0.16666666666666666
2007-06-13,IWM,0.16666666666666666
2007-06-13,QQQ,0.16666666666666666
2007-06-13,SPY,0.16666666666666666
2007-06-13,TLT,0
2007-06-14,EEM,0.16666666666666666
2007-06-14,EFA,0.16666666666666666
2007-06-14,GLD,0.16666666666666666
2007-06-14,IWM,0.16666666666666666
2007-06-14,QQQ,0.16666666666666666
2007-06-14,SPY,0.16666666666666666
2007-06-14,TLT,0
2007-06-15,EEM,0.16666666666666666
2007-06-15,EFA,0.16666666666666666
2007-06-15,GLD,0.16666666666666666
2007-06-15,IWM,0.16666666666666666
2007-06-15,QQQ,0.16666666666666666
2007-06-15,SPY,0.16666666666666666
2007-06-15,TLT,0
2007-06-18,EEM,0.16666666666666666
2007-06-18,EFA,0.16666666666666666
2007-06-18,GLD,0.16666666666666666
2007-06-18,IWM,0.16666666666666666
2007-06-18,QQQ,0.16666666666666666
2007-06-18,SPY,0.16666666666666666
2007-06-18,TLT,0
2007-06-19,EEM,0.16666666666666666
2007-06-19,EFA,0.16666666666666666
2007-06-19,GLD,0.16666666666666666
2007-06-19,IWM,0.16666666666666666
2007-06-19,QQQ,0.16666666666666666
2007-06-19,SPY,0.16666666666666666
2007-06-19,TLT,0
2007-06-20,EEM,0.16666666666666666
2007-06-20,EFA,0.16666666666666666
2007-06-20,GLD,0.16666666666666666
2007-06-20,IWM,0.16666666666666666
2007-06-20,QQQ,0.16666666666666666
2007-06-20,SPY,0.16666666666666666
2007-06-20,TLT,0
2007-06-21,EEM,0.16666666666666666
2007-06-21,EFA,0.16666666666666666
2007-06-21,GLD,0.16666666666666666
2007-06-21,IWM,0.16666666666666666
2007-06-21,QQQ,0.16666666666666666
2007-06-21,SPY,0.16666666666666666
2007-06-21,TLT,0
2007-06-22,EEM,0.16666666666666666
2007-06-22,EFA,0.16666666666666666
2007-06-22,GLD,0.16666666666666666
2007-06-22,IWM,0.16666666666666666
2007-06-22,QQQ,0.16666666666666666
2007-06-22,SPY,0.16666666666666666
2007-06-22,TLT,0
2007-06-25,EEM,0.16666666666666666
2007-06-25,EFA,0.16666666666666666
2007-06-25,GLD,0.16666666666666666
2007-06-25,IWM,0.16666666666666666
2007-06-25,QQQ,0.16666666666666666
2007-06-25,SPY,0.16666666666666666
2007-06-25,TLT,0
2007-06-26,EEM,0.16666666666666666
2007-06-26,EFA,0.16666666666666666
2007-06-26,GLD,0.16666666666666666
2007-06-26,IWM,0.16666666666666666
2007-06-26,QQQ,0.16666666666666666
2007-06-26,SPY,0.16666666666666666
2007-06-26,TLT,0
2007-06-27,EEM,0.16666666666666666
2007-06-27,EFA,0.16666666666666666
2007-06-27,GLD,0.16666666666666666
2007-06-27,IWM,0.16666666666666666
2007-06-27,QQQ,0.16666666666666666
2007-06-27,SPY,0.16666666666666666
2007-06-27,TLT,0
2007-06-28,EEM,0.16666666666666666
2007-06-28,EFA,0.16666666666666666
2007-06-28,GLD,0.16666666666666666
2007-06-28,IWM,0.16666666666666666
2007-06-28,QQQ,0.16666666666666666
2007-06-28,SPY,0.16666666666666666
2007-06-28,TLT,0
2007-06-29,EEM,0.16666666666666666
2007-06-29,EFA,0.16666666666666666
2007-06-29,GLD,0.16666666666666666
2007-06-29,IWM,0.16666666666666666
2007-06-29,QQQ,0.16666666666666666
2007-06-29,SPY,0.16666666666666666
2007-06-29,TLT,0
2007-07-02,EEM,0.16666666666666666
2007-07-02,EFA,0.16666666666666666
2007-07-02,GLD,0.16666666666666666
2007-07-02,IWM,0.16666666666666666
2007-07-02,QQQ,0.16666666666666666
2007-07-02,SPY,0.16666666666666666
2007-07-02,TLT,0
2007-07-03,EEM,0.16666666666666666
2007-07-03,EFA,0.16666666666666666
2007-07-03,GLD,0.16666666666666666
2007-07-03,IWM,0.16666666666666666
2007-07-03,QQQ,0.16666666666666666
2007-07-03,SPY,0.16666666666666666
2007-07-03,TLT,0
2007-07-05,EEM,0.16666666666666666
2007-07-05,EFA,0.16666666666666666
2007-07-05,GLD,0.16666666666666666
2007-07-05,IWM,0.16666666666666666
2007-07-05,QQQ,0.16666666666666666
2007-07-05,SPY,0.16666666666666666
2007-07-05,TLT,0
2007-07-06,EEM,0.16666666666666666
2007-07-06,EFA,0.16666666666666666
2007-07-06,GLD,0.16666666666666666
2007-07-06,IWM,0.16666666666666666
2007-07-06,QQQ,0.16666666666666666
2007-07-06,SPY,0.16666666666666666
2007-07-06,TLT,0
2007-07-09,EEM,0.16666666666666666
2007-07-09,EFA,0.16666666666666666
2007-07-09,GLD,0.16666666666666666
2007-07-09,IWM,0.16666666666666666
2007-07-09,QQQ,0.16666666666666666
2007-07-09,SPY,0.16666666666666666
2007-07-09,TLT,0
2007-07-10,EEM,0.16666666666666666
2007-07-10,EFA,0.16666666666666666
2007-07-10,GLD,0.16666666666666666
2007-07-10,IWM,0.16666666666666666
2007-07-10,QQQ,0.16666666666666666
2007-07-10,SPY,0.16666666666666666
2007-07-10,TLT,0
2007-07-11,EEM,0.16666666666666666
2007-07-11,EFA,0.16666666666666666
2007-07-11,GLD,0.16666666666666666
2007-07-11,IWM,0.16666666666666666
2007-07-11,QQQ,0.16666666666666666
2007-07-11,SPY,0.16666666666666666
2007-07-11,TLT,0
2007-07-12,EEM,0.16666666666666666
2007-07-12,EFA,0.16666666666666666
2007-07-12,GLD,0.16666666666666666
2007-07-12,IWM,0.16666666666666666
2007-07-12,QQQ,0.16666666666666666
2007-07-12,SPY,0.16666666666666666
2007-07-12,TLT,0
2007-07-13,EEM,0.16666666666666666
2007-07-13,EFA,0.16666666666666666
2007-07-13,GLD,0.16666666666666666
2007-07-13,IWM,0.16666666666666666
2007-07-13,QQQ,0.16666666666666666
2007-07-13,SPY,0.16666666666666666
2007-07-13,TLT,0
2007-07-16,EEM,0.16666666666666666
2007-07-16,EFA,0.16666666666666666
2007-07-16,GLD,0.16666666666666666
2007-07-16,IWM,0.16666666666666666
2007-07-16,QQQ,0.16666666666666666
2007-07-16,SPY,0.16666666666666666
2007-07-16,TLT,0
2007-07-17,EEM,0.16666666666666666
2007-07-17,EFA,0.16666666666666666
2007-07-17,GLD,0.16666666666666666
2007-07-17,IWM,0.16666666666666666
2007-07-17,QQQ,0.16666666666666666
2007-07-17,SPY,0.16666666666666666
2007-07-17,TLT,0
2007-07-18,EEM,0.16666666666666666
2007-07-18,EFA,0.16666666666666666
2007-07-18,GLD,0.16666666666666666
2007-07-18,IWM,0.16666666666666666
2007-07-18,QQQ,0.16666666666666666
2007-07-18,SPY,0.16666666666666666
2007-07-18,TLT,0
2007-07-19,EEM,0.16666666666666666
2007-07-19,EFA,0.16666666666666666
2007-07-19,GLD,0.16666666666666666
2007-07-19,IWM,0.16666666666666666
2007-07-19,QQQ,0.16666666666666666
2007-07-19,SPY,0.16666666666666666
2007-07-19,TLT,0
2007-07-20,EEM,0.16666666666666666
2007-07-20,EFA,0.16666666666666666
2007-07-20,GLD,0.16666666666666666
2007-07-20,IWM,0.16666666666666666
2007-07-20,QQQ,0.16666666666666666
2007-07-20,SPY,0.16666666666666666
2007-07-20,TLT,0
2007-07-23,EEM,0.16666666666666666
2007-07-23,EFA,0.16666666666666666
2007-07-23,GLD,0.16666666666666666
2007-07-23,IWM,0.16666666666666666
2007-07-23,QQQ,0.16666666666666666
2007-07-23,SPY,0.16666666666666666
2007-07-23,TLT,0
2007-07-24,EEM,0.16666666666666666
2007-07-24,EFA,0.16666666666666666
2007-07-24,GLD,0.16666666666666666
2007-07-24,IWM,0.16666666666666666
2007-07-24,QQQ,0.16666666666666666
2007-07-24,SPY,0.16666666666666666
2007-07-24,TLT,0
2007-07-25,EEM,0.16666666666666666
2007-07-25,EFA,0.16666666666666666
2007-07-25,GLD,0.16666666666666666
2007-07-25,IWM,0.16666666666666666
2007-07-25,QQQ,0.16666666666666666
2007-07-25,SPY,0.16666666666666666
2007-07-25,TLT,0
2007-07-26,EEM,0.16666666666666666
2007-07-26,EFA,0.16666666666666666
2007-07-26,GLD,0.16666666666666666
2007-07-26,IWM,0.16666666666666666
2007-07-26,QQQ,0.16666666666666666
2007-07-26,SPY,0.16666666666666666
2007-07-26,TLT,0
2007-07-27,EEM,0.16666666666666666
2007-07-27,EFA,0
2007-07-27,GLD,0.66666666666666663
2007-07-27,IWM,0
2007-07-27,QQQ,0.16666666666666666
2007-07-27,SPY,0
2007-07-27,TLT,0
2007-07-30,EEM,0.16666666666666666
2007-07-30,EFA,0
2007-07-30,GLD,0.66666666666666663
2007-07-30,IWM,0
2007-07-30,QQQ,0.16666666666666666
2007-07-30,SPY,0
2007-07-30,TLT,0
2007-07-31,EEM,0.16666666666666666
2007-07-31,EFA,0
2007-07-31,GLD,0.66666666666666663
2007-07-31,IWM,0
2007-07-31,QQQ,0.16666666666666666
2007-07-31,SPY,0
2007-07-31,TLT,0
2007-08-01,EEM,0.16666666666666666
2007-08-01,EFA,0
2007-08-01,GLD,0.66666666666666663
2007-08-01,IWM,0
2007-08-01,QQQ,0.16666666666666666
2007-08-01,SPY,0
2007-08-01,TLT,0
2007-08-02,EEM,0.16666666666666666
2007-08-02,EFA,0
2007-08-02,GLD,0.66666666666666663
2007-08-02,IWM,0
2007-08-02,QQQ,0.16666666666666666
2007-08-02,SPY,0
2007-08-02,TLT,0
2007-08-03,EEM,0.16666666666666666
2007-08-03,EFA,0
2007-08-03,GLD,0.66666666666666663
2007-08-03,IWM,0
2007-08-03,QQQ,0.16666666666666666
2007-08-03,SPY,0
2007-08-03,TLT,0
2007-08-06,EEM,0.16666666666666666
2007-08-06,EFA,0
2007-08-06,GLD,0.66666666666666663
2007-08-06,IWM,0
2007-08-06,QQQ,0.16666666666666666
2007-08-06,SPY,0
2007-08-06,TLT,0
2007-08-07,EEM,0.16666666666666666
2007-08-07,EFA,0
2007-08-07,GLD,0.66666666666666663
2007-08-07,IWM,0
2007-08-07,QQQ,0.16666666666666666
2007-08-07,SPY,0
2007-08-07,TLT,0
2007-08-08,EEM,0.16666666666666666
2007-08-08,EFA,0
2007-08-08,GLD,0.66666666666666663
2007-08-08,IWM,0
2007-08-08,QQQ,0.16666666666666666
2007-08-08,SPY,0
2007-08-08,TLT,0
2007-08-09,EEM,0.16666666666666666
2007-08-09,EFA,0
2007-08-09,GLD,0.66666666666666663
2007-08-09,IWM,0
2007-08-09,QQQ,0.16666666666666666
2007-08-09,SPY,0
2007-08-09,TLT,0
2007-08-10,EEM,0.16666666666666666
2007-08-10,EFA,0
2007-08-10,GLD,0.66666666666666663
2007-08-10,IWM,0
2007-08-10,QQQ,0.16666666666666666
2007-08-10,SPY,0
2007-08-10,TLT,0
2007-08-13,EEM,0.16666666666666666
2007-08-13,EFA,0
2007-08-13,GLD,0.66666666666666663
2007-08-13,IWM,0
2007-08-13,QQQ,0.16666666666666666
2007-08-13,SPY,0
2007-08-13,TLT,0
2007-08-14,EEM,0.16666666666666666
2007-08-14,EFA,0
2007-08-14,GLD,0.66666666666666663
2007-08-14,IWM,0
2007-08-14,QQQ,0.16666666666666666
2007-08-14,SPY,0
2007-08-14,TLT,0
2007-08-15,EEM,0.16666666666666666
2007-08-15,EFA,0
2007-08-15,GLD,0.66666666666666663
2007-08-15,IWM,0
2007-08-15,QQQ,0.16666666666666666
2007-08-15,SPY,0
2007-08-15,TLT,0
2007-08-16,EEM,0.16666666666666666
2007-08-16,EFA,0
2007-08-16,GLD,0.66666666666666663
2007-08-16,IWM,0
2007-08-16,QQQ,0.16666666666666666
2007-08-16,SPY,0
2007-08-16,TLT,0
2007-08-17,EEM,0
2007-08-17,EFA,0
2007-08-17,GLD,1
2007-08-17,IWM,0
2007-08-17,QQQ,0
2007-08-17,SPY,0
2007-08-17,TLT,0
2007-08-20,EEM,0
2007-08-20,EFA,0
2007-08-20,GLD,1
2007-08-20,IWM,0
2007-08-20,QQQ,0
2007-08-20,SPY,0
2007-08-20,TLT,0
2007-08-21,EEM,0
2007-08-21,EFA,0
2007-08-21,GLD,1
2007-08-21,IWM,0
2007-08-21,QQQ,0
2007-08-21,SPY,0
2007-08-21,TLT,0
2007-08-22,EEM,0
2007-08-22,EFA,0
2007-08-22,GLD,1
2007-08-22,IWM,0
2007-08-22,QQQ,0
2007-08-22,SPY,0
2007-08-22,TLT,0
2007-08-23,EEM,0
2007-08-23,EFA,0
2007-08-23,GLD,1
2007-08-23,IWM,0
2007-08-23,QQQ,0
2007-08-23,SPY,0
2007-08-23,TLT,0
2007-08-24,EEM,0.16666666666666666
2007-08-24,EFA,0
2007-08-24,GLD,0.5
2007-08-24,IWM,0
2007-08-24,QQQ,0.16666666666666666
2007-08-24,SPY,0
2007-08-24,TLT,0.16666666666666666
2007-08-27,EEM,0.16666666666666666
2007-08-27,EFA,0
2007-08-27,GLD,0.5
2007-08-27,IWM,0
2007-08-27,QQQ,0.16666666666666666
2007-08-27,SPY,0
2007-08-27,TLT,0.16666666666666666
2007-08-28,EEM,0.16666666666666666
2007-08-28,EFA,0
2007-08-28,GLD,0.5
2007-08-28,IWM,0
2007-08-28,QQQ,0.16666666666666666
2007-08-28,SPY,0
2007-08-28,TLT,0.16666666666666666
2007-08-29,EEM,0.16666666666666666
2007-08-29,EFA,0
2007-08-29,GLD,0.5
2007-08-29,IWM,0
2007-08-29,QQQ,0.16666666666666666
2007-08-29,SPY,0
2007-08-29,TLT,0.16666666666666666
2007-08-30,EEM,0.16666666666666666
2007-08-30,EFA,0
2007-08-30,GLD,0.5
2007-08-30,IWM,0
2007-08-30,QQQ,0.16666666666666666
2007-08-30,SPY,0
2007-08-30,TLT,0.16666666666666666
2007-08-31,EEM,0.16666666666666666
2007-08-31,EFA,0
2007-08-31,GLD,0.5
2007-08-31,IWM,0
2007-08-31,QQQ,0.16666666666666666
2007-08-31,SPY,0
2007-08-31,TLT,0.16666666666666666
2007-09-04,EEM,0.16666666666666666
2007-09-04,EFA,0
2007-09-04,GLD,0.5
2007-09-04,IWM,0
2007-09-04,QQQ,0.16666666666666666
2007-09-04,SPY,0
2007-09-04,TLT,0.16666666666666666
2007-09-05,EEM,0.16666666666666666
2007-09-05,EFA,0
2007-09-05,GLD,0.5
2007-09-05,IWM,0
2007-09-05,QQQ,0.16666666666666666
2007-09-05,SPY,0
2007-09-05,TLT,0.16666666666666666
2007-09-06,EEM,0.16666666666666666
2007-09-06,EFA,0
2007-09-06,GLD,0.5
2007-09-06,IWM,0
2007-09-06,QQQ,0.16666666666666666
2007-09-06,SPY,0
2007-09-06,TLT,0.16666666666666666
2007-09-07,EEM,0.16666666666666666
2007-09-07,EFA,0
2007-09-07,GLD,0.5
2007-09-07,IWM,0
2007-09-07,QQQ,0.16666666666666666
2007-09-07,SPY,0
2007-09-07,TLT,0.16666666666666666
2007-09-10,EEM,0.16666666666666666
2007-09-10,EFA,0
2007-09-10,GLD,0.5
2007-09-10,IWM,0
2007-09-10,QQQ,0.16666666666666666
2007-09-10,SPY,0
2007-09-10,TLT,0.16666666666666666
2007-09-11,EEM,0.16666666666666666
2007-09-11,EFA,0
2007-09-11,GLD,0.5
2007-09-11,IWM,0
2007-09-11,QQQ,0.16666666666666666
2007-09-11,SPY,0
2007-09-11,TLT,0.16666666666666666
2007-09-12,EEM,0.16666666666666666
2007-09-12,EFA,0
2007-09-12,GLD,0.5
2007-09-12,IWM,0
2007-09-12,QQQ,0.16666666666666666
2007-09-12,SPY,0
2007-09-12,TLT,0.16666666666666666
2007-09-13,EEM,0.16666666666666666
2007-09-13,EFA,0
2007-09-13,GLD,0.5
2007-09-13,IWM,0
2007-09-13,QQQ,0.16666666666666666
2007-09-13,SPY,0
2007-09-13,TLT,0.16666666666666666
2007-09-14,EEM,0.16666666666666666
2007-09-14,EFA,0
2007-09-14,GLD,0.5
2007-09-14,IWM,0
2007-09-14,QQQ,0.16666666666666666
2007-09-14,SPY,0
2007-09-14,TLT,0.16666666666666666
2007-09-17,EEM,0.16666666666666666
2007-09-17,EFA,0
2007-09-17,GLD,0.5
2007-09-17,IWM,0
2007-09-17,QQQ,0.16666666666666666
2007-09-17,SPY,0
2007-09-17,TLT,0.16666666666666666
2007-09-18,EEM,0.16666666666666666
2007-09-18,EFA,0
2007-09-18,GLD,0.5
2007-09-18,IWM,0
2007-09-18,QQQ,0.16666666666666666
2007-09-18,SPY,0
2007-09-18,TLT,0.16666666666666666
2007-09-19,EEM,0.16666666666666666
2007-09-19,EFA,0
2007-09-19,GLD,0.5
2007-09-19,IWM,0
2007-09-19,QQQ,0.16666666666666666
2007-09-19,SPY,0
2007-09-19,TLT,0.16666666666666666
2007-09-20,EEM,0.16666666666666666
2007-09-20,EFA,0
2007-09-20,GLD,0.5
2007-09-20,IWM,0
2007-09-20,QQQ,0.16666666666666666
2007-09-20,SPY,0
2007-09-20,TLT,0.16666666666666666
2007-09-21,EEM,0.16666666666666666
2007-09-21,EFA,0
2007-09-21,GLD,0.5
2007-09-21,IWM,0
2007-09-21,QQQ,0.16666666666666666
2007-09-21,SPY,0
2007-09-21,TLT,0.16666666666666666
2007-09-24,EEM,0.16666666666666666
2007-09-24,EFA,0.16666666666666666
2007-09-24,GLD,0.16666666666666666
2007-09-24,IWM,0
2007-09-24,QQQ,0.16666666666666666
2007-09-24,SPY,0.16666666666666666
2007-09-24,TLT,0.16666666666666666
2007-09-25,EEM,0.16666666666666666
2007-09-25,EFA,0.16666666666666666
2007-09-25,GLD,0.16666666666666666
2007-09-25,IWM,0
2007-09-25,QQQ,0.16666666666666666
2007-09-25,SPY,0.16666666666666666
2007-09-25,TLT,0.16666666666666666
2007-09-26,EEM,0.16666666666666666
2007-09-26,EFA,0.16666666666666666
2007-09-26,GLD,0.16666666666666666
2007-09-26,IWM,0
2007-09-26,QQQ,0.16666666666666666
2007-09-26,SPY,0.16666666666666666
2007-09-26,TLT,0.16666666666666666
2007-09-27,EEM,0.16666666666666666
2007-09-27,EFA,0.16666666666666666
2007-09-27,GLD,0.16666666666666666
2007-09-27,IWM,0
2007-09-27,QQQ,0.16666666666666666
2007-09-27,SPY,0.16666666666666666
2007-09-27,TLT,0.16666666666666666
2007-09-28,EEM,0.16666666666666666
2007-09-28,EFA,0.16666666666666666
2007-09-28,GLD,0.16666666666666666
2007-09-28,IWM,0
2007-09-28,QQQ,0.16666666666666666
2007-09-28,SPY,0.16666666666666666
2007-09-28,TLT,0.16666666666666666
2007-10-01,EEM,0.16666666666666666
2007-10-01,EFA,0.16666666666666666
2007-10-01,GLD,0.16666666666666666
2007-10-01,IWM,0
2007-10-01,QQQ,0.16666666666666666
2007-10-01,SPY,0.16666666666666666
2007-10-01,TLT,0.16666666666666666
2007-10-02,EEM,0.16666666666666666
2007-10-02,EFA,0.16666666666666666
2007-10-02,GLD,0.16666666666666666
2007-10-02,IWM,0
2007-10-02,QQQ,0.16666666666666666
2007-10-02,SPY,0.16666666666666666
2007-10-02,TLT,0.16666666666666666
2007-10-03,EEM,0.16666666666666666
2007-10-03,EFA,0.16666666666666666
2007-10-03,GLD,0.16666666666666666
2007-10-03,IWM,0
2007-10-03,QQQ,0.16666666666666666
2007-10-03,SPY,0.16666666666666666
2007-10-03,TLT,0.16666666666666666
2007-10-04,EEM,0.16666666666666666
2007-10-04,EFA,0.16666666666666666
2007-10-04,GLD,0.16666666666666666
2007-10-04,IWM,0
2007-10-04,QQQ,0.16666666666666666
2007-10-04,SPY,0.16666666666666666
2007-10-04,TLT,0.16666666666666666
2007-10-05,EEM,0.16666666666666666
2007-10-05,EFA,0.16666666666666666
2007-10-05,GLD,0.16666666666666666
2007-10-05,IWM,0
2007-10-05,QQQ,0.16666666666666666
2007-10-05,SPY,0.16666666666666666
2007-10-05,TLT,0.16666666666666666
2007-10-08,EEM,0.16666666666666666
2007-10-08,EFA,0.16666666666666666
2007-10-08,GLD,0
2007-10-08,IWM,0.16666666666666666
2007-10-08,QQQ,0.16666666666666666
2007-10-08,SPY,0.16666666666666666
2007-10-08,TLT,0.16666666666666666
2007-10-09,EEM,0.16666666666666666
2007-10-09,EFA,0.16666666666666666
2007-10-09,GLD,0
2007-10-09,IWM,0.16666666666666666
2007-10-09,QQQ,0.16666666666666666
2007-10-09,SPY,0.16666666666666666
2007-10-09,TLT,0.16666666666666666
2007-10-10,EEM,0.16666666666666666
2007-10-10,EFA,0.16666666666666666
2007-10-10,GLD,0
2007-10-10,IWM,0.16666666666666666
2007-10-10,QQQ,0.16666666666666666
2007-10-10,SPY,0.16666666666666666
2007-10-10,TLT,0.16666666666666666
2007-10-11,EEM,0.16666666666666666
2007-10-11,EFA,0.16666666666666666
2007-10-11,GLD,0
2007-10-11,IWM,0.16666666666666666
2007-10-11,QQQ,0.16666666666666666
2007-10-11,SPY,0.16666666666666666
2007-10-11,TLT,0.16666666666666666
2007-10-12,EEM,0.16666666666666666
2007-10-12,EFA,0.16666666666666666
2007-10-12,GLD,0
2007-10-12,IWM,0.16666666666666666
2007-10-12,QQQ,0.16666666666666666
2007-10-12,SPY,0.16666666666666666
2007-10-12,TLT,0.16666666666666666
2007-10-15,EEM,0.16666666666666666
2007-10-15,EFA,0.16666666666666666
2007-10-15,GLD,0.16666666666666666
2007-10-15,IWM,0
2007-10-15,QQQ,0.16666666666666666
2007-10-15,SPY,0.16666666666666666
2007-10-15,TLT,0.16666666666666666
2007-10-16,EEM,0.16666666666666666
2007-10-16,EFA,0.16666666666666666
2007-10-16,GLD,0.16666666666666666
2007-10-16,IWM,0
2007-10-16,QQQ,0.16666666666666666
2007-10-16,SPY,0.16666666666666666
2007-10-16,TLT,0.16666666666666666
2007-10-17,EEM,0.16666666666666666
2007-10-17,EFA,0.16666666666666666
2007-10-17,GLD,0.16666666666666666
2007-10-17,IWM,0
2007-10-17,QQQ,0.16666666666666666
2007-10-17,SPY,0.16666666666666666
2007-10-17,TLT,0.16666666666666666
2007-10-18,EEM,0.16666666666666666
2007-10-18,EFA,0.16666666666666666
2007-10-18,GLD,0.16666666666666666
2007-10-18,IWM,0
2007-10-18,QQQ,0.16666666666666666
2007-10-18,SPY,0.16666666666666666
2007-10-18,TLT,0.16666666666666666
2007-10-19,EEM,0.16666666666666666
2007-10-19,EFA,0.16666666666666666
2007-10-19,GLD,0.16666666666666666
2007-10-19,IWM,0
2007-10-19,QQQ,0.16666666666666666
2007-10-19,SPY,0.16666666666666666
2007-10-19,TLT,0.16666666666666666
2007-10-22,EEM,0.16666666666666666
2007-10-22,EFA,0.16666666666666666
2007-10-22,GLD,0.33333333333333331
2007-10-22,IWM,0
2007-10-22,QQQ,0.16666666666666666
2007-10-22,SPY,0
2007-10-22,TLT,0.16666666666666666
2007-10-23,EEM,0.16666666666666666
2007-10-23,EFA,0.16666666666666666
2007-10-23,GLD,0.33333333333333331
2007-10-23,IWM,0
2007-10-23,QQQ,0.16666666666666666
2007-10-23,SPY,0
2007-10-23,TLT,0.16666666666666666
2007-10-24,EEM,0.16666666666666666
2007-10-24,EFA,0.16666666666666666
2007-10-24,GLD,0.33333333333333331
2007-10-24,IWM,0
2007-10-24,QQQ,0.16666666666666666
2007-10-24,SPY,0
2007-10-24,TLT,0.16666666666666666
2007-10-25,EEM,0.16666666666666666
2007-10-25,EFA,0.16666666666666666
2007-10-25,GLD,0.33333333333333331
2007-10-25,IWM,0
2007-10-25,QQQ,0.16666666666666666
2007-10-25,SPY,0
2007-10-25,TLT,0.16666666666666666
2007-10-26,EEM,0.16666666666666666
2007-10-26,EFA,0.16666666666666666
2007-10-26,GLD,0.33333333333333331
2007-10-26,IWM,0
2007-10-26,QQQ,0.16666666666666666
2007-10-26,SPY,0
2007-10-26,TLT,0.16666666666666666
2007-10-29,EEM,0.16666666666666666
2007-10-29,EFA,0.16666666666666666
2007-10-29,GLD,0
2007-10-29,IWM,0.16666666666666666
2007-10-29,QQQ,0.16666666666666666
2007-10-29,SPY,0.16666666666666666
2007-10-29,TLT,0.16666666666666666
2007-10-30,EEM,0.16666666666666666
2007-10-30,EFA,0.16666666666666666
2007-10-30,GLD,0
2007-10-30,IWM,0.16666666666666666
2007-10-30,QQQ,0.16666666666666666
2007-10-30,SPY,0.16666666666666666
2007-10-30,TLT,0.16666666666666666
2007-10-31,EEM,0.16666666666666666
2007-10-31,EFA,0.16666666666666666
2007-10-31,GLD,0
2007-10-31,IWM,0.16666666666666666
2007-10-31,QQQ,0.16666666666666666
2007-10-31,SPY,0.16666666666666666
2007-10-31,TLT,0.16666666666666666
2007-11-01,EEM,0.16666666666666666
2007-11-01,EFA,0.16666666666666666
2007-11-01,GLD,0
2007-11-01,IWM,0.16666666666666666
2007-11-01,QQQ,0.16666666666666666
2007-11-01,SPY,0.16666666666666666
2007-11-01,TLT,0.16666666666666666
2007-11-02,EEM,0.16666666666666666
2007-11-02,EFA,0.16666666666666666
2007-11-02,GLD,0
2007-11-02,IWM,0.16666666666666666
2007-11-02,QQQ,0.16666666666666666
2007-11-02,SPY,0.16666666666666666
2007-11-02,TLT,0.16666666666666666
2007-11-05,EEM,0.16666666666666666
2007-11-05,EFA,0.16666666666666666
2007-11-05,GLD,0
2007-11-05,IWM,0.16666666666666666
2007-11-05,QQQ,0.16666666666666666
2007-11-05,SPY,0.16666666666666666
2007-11-05,TLT,0.16666666666666666
2007-11-06,EEM,0.16666666666666666
2007-11-06,EFA,0.16666666666666666
2007-11-06,GLD,0
2007-11-06,IWM,0.16666666666666666
2007-11-06,QQQ,0.16666666666666666
2007-11-06,SPY,0.16666666666666666
2007-11-06,TLT,0.16666666666666666
2007-11-07,EEM,0.16666666666666666
2007-11-07,EFA,0.16666666666666666
2007-11-07,GLD,0
2007-11-07,IWM,0.16666666666666666
2007-11-07,QQQ,0.16666666666666666
2007-11-07,SPY,0.16666666666666666
2007-11-07,TLT,0.16666666666666666
2007-11-08,EEM,0.16666666666666666
2007-11-08,EFA,0.16666666666666666
2007-11-08,GLD,0
2007-11-08,IWM,0.16666666666666666
2007-11-08,QQQ,0.16666666666666666
2007-11-08,SPY,0.16666666666666666
2007-11-08,TLT,0.16666666666666666
2007-11-09,EEM,0.16666666666666666
2007-11-09,EFA,0.16666666666666666
2007-11-09,GLD,0
2007-11-09,IWM,0.16666666666666666
2007-11-09,QQQ,0.16666666666666666
2007-11-09,SPY,0.16666666666666666
2007-11-09,TLT,0.16666666666666666
2007-11-12,EEM,0.16666666666666666
2007-11-12,EFA,0.16666666666666666
2007-11-12,GLD,0.16666666666666666
2007-11-12,IWM,0
2007-11-12,QQQ,0.16666666666666666
2007-11-12,SPY,0.16666666666666666
2007-11-12,TLT,0.16666666666666666
2007-11-13,EEM,0.16666666666666666
2007-11-13,EFA,0.16666666666666666
2007-11-13,GLD,0.16666666666666666
2007-11-13,IWM,0
2007-11-13,QQQ,0.16666666666666666
2007-11-13,SPY,0.16666666666666666
2007-11-13,TLT,0.16666666666666666
2007-11-14,EEM,0.16666666666666666
2007-11-14,EFA,0.16666666666666666
2007-11-14,GLD,0.16666666666666666
2007-11-14,IWM,0
2007-11-14,QQQ,0.16666666666666666
2007-11-14,SPY,0.16666666666666666
2007-11-14,TLT,0.16666666666666666
2007-11-15,EEM,0.16666666666666666
2007-11-15,EFA,0.16666666666666666
2007-11-15,GLD,0.16666666666666666
2007-11-15,IWM,0
2007-11-15,QQQ,0.16666666666666666
2007-11-15,SPY,0.16666666666666666
2007-11-15,TLT,0.16666666666666666
2007-11-16,EEM,0.16666666666666666
2007-11-16,EFA,0.16666666666666666
2007-11-16,GLD,0.16666666666666666
2007-11-16,IWM,0
2007-11-16,QQQ,0.16666666666666666
2007-11-16,SPY,0.16666666666666666
2007-11-16,TLT,0.16666666666666666
2007-11-19,EEM,0.16666666666666666
2007-11-19,EFA,0.16666666666666666
2007-11-19,GLD,0.33333333333333331
2007-11-19,IWM,0
2007-11-19,QQQ,0.16666666666666666
2007-11-19,SPY,0
2007-11-19,TLT,0.16666666666666666
2007-11-20,EEM,0.16666666666666666
2007-11-20,EFA,0.16666666666666666
2007-11-20,GLD,0.33333333333333331
2007-11-20,IWM,0
2007-11-20,QQQ,0.16666666666666666
2007-11-20,SPY,0
2007-11-20,TLT,0.16666666666666666
2007-11-21,EEM,0.16666666666666666
2007-11-21,EFA,0.16666666666666666
2007-11-21,GLD,0.33333333333333331
2007-11-21,IWM,0
2007-11-21,QQQ,0.16666666666666666
2007-11-21,SPY,0
2007-11-21,TLT,0.16666666666666666
2007-11-23,EEM,0.16666666666666666
2007-11-23,EFA,0.16666666666666666
2007-11-23,GLD,0.33333333333333331
2007-11-23,IWM,0
2007-11-23,QQQ,0.16666666666666666
2007-11-23,SPY,0
2007-11-23,TLT,0.16666666666666666
2007-11-26,EEM,0.16666666666666666
2007-11-26,EFA,0.16666666666666666
2007-11-26,GLD,0.33333333333333331
2007-11-26,IWM,0
2007-11-26,QQQ,0.16666666666666666
2007-11-26,SPY,0
2007-11-26,TLT,0.16666666666666666
2007-11-27,EEM,0.16666666666666666
2007-11-27,EFA,0.16666666666666666
2007-11-27,GLD,0.33333333333333331
2007-11-27,IWM,0
2007-11-27,QQQ,0.16666666666666666
2007-11-27,SPY,0
2007-11-27,TLT,0.16666666666666666
2007-11-28,EEM,0.16666666666666666
2007-11-28,EFA,0.16666666666666666
2007-11-28,GLD,0.33333333333333331
2007-11-28,IWM,0
2007-11-28,QQQ,0.16666666666666666
2007-11-28,SPY,0
2007-11-28,TLT,0.16666666666666666
2007-11-29,EEM,0.16666666666666666
2007-11-29,EFA,0.16666666666666666
2007-11-29,GLD,0.33333333333333331
2007-11-29,IWM,0
2007-11-29,QQQ,0.16666666666666666
2007-11-29,SPY,0
2007-11-29,TLT,0.16666666666666666
2007-11-30,EEM,0.16666666666666666
2007-11-30,EFA,0.16666666666666666
2007-11-30,GLD,0.33333333333333331
2007-11-30,IWM,0
2007-11-30,QQQ,0.16666666666666666
2007-11-30,SPY,0
2007-11-30,TLT,0.16666666666666666
2007-12-03,EEM,0.16666666666666666
2007-12-03,EFA,0.16666666666666666
2007-12-03,GLD,0.33333333333333331
2007-12-03,IWM,0
2007-12-03,QQQ,0.16666666666666666
2007-12-03,SPY,0
2007-12-03,TLT,0.16666666666666666
2007-12-04,EEM,0.16666666666666666
2007-12-04,EFA,0.16666666666666666
2007-12-04,GLD,0.33333333333333331
2007-12-04,IWM,0
2007-12-04,QQQ,0.16666666666666666
2007-12-04,SPY,0
2007-12-04,TLT,0.16666666666666666
2007-12-05,EEM,0.16666666666666666
2007-12-05,EFA,0.16666666666666666
2007-12-05,GLD,0.33333333333333331
2007-12-05,IWM,0
2007-12-05,QQQ,0.16666666666666666
2007-12-05,SPY,0
2007-12-05,TLT,0.16666666666666666
2007-12-06,EEM,0.16666666666666666
2007-12-06,EFA,0.16666666666666666
2007-12-06,GLD,0.33333333333333331
2007-12-06,IWM,0
2007-12-06,QQQ,0.16666666666666666
2007-12-06,SPY,0
2007-12-06,TLT,0.16666666666666666
2007-12-07,EEM,0.16666666666666666
2007-12-07,EFA,0.16666666666666666
2007-12-07,GLD,0.33333333333333331
2007-12-07,IWM,0
2007-12-07,QQQ,0.16666666666666666
2007-12-07,SPY,0
2007-12-07,TLT,0.16666666666666666
2007-12-10,EEM,0.16666666666666666
2007-12-10,EFA,0.16666666666666666
2007-12-10,GLD,0.33333333333333331
2007-12-10,IWM,0
2007-12-10,QQQ,0.16666666666666666
2007-12-10,SPY,0
2007-12-10,TLT,0.16666666666666666
2007-12-11,EEM,0.16666666666666666
2007-12-11,EFA,0.16666666666666666
2007-12-11,GLD,0.16666666666666666
2007-12-11,IWM,0
2007-12-11,QQQ,0.16666666666666666
2007-12-11,SPY,0.16666666666666666
2007-12-11,TLT,0.16666666666666666
2007-12-12,EEM,0.16666666666666666
2007-12-12,EFA,0.16666666666666666
2007-12-12,GLD,0.16666666666666666
2007-12-12,IWM,0
2007-12-12,QQQ,0.16666666666666666
2007-12-12,SPY,0.16666666666666666
2007-12-12,TLT,0.16666666666666666
2007-12-13,EEM,0.16666666666666666
2007-12-13,EFA,0.16666666666666666
2007-12-13,GLD,0.16666666666666666
2007-12-13,IWM,0
2007-12-13,QQQ,0.16666666666666666
2007-12-13,SPY,0.16666666666666666
2007-12-13,TLT,0.16666666666666666
2007-12-14,EEM,0.16666666666666666
2007-12-14,EFA,0.16666666666666666
2007-12-14,GLD,0.16666666666666666
2007-12-14,IWM,0
2007-12-14,QQQ,0.16666666666666666
2007-12-14,SPY,0.16666666666666666
2007-12-14,TLT,0.16666666666666666
2007-12-17,EEM,0.16666666666666666
2007-12-17,EFA,0.16666666666666666
2007-12-17,GLD,0.16666666666666666
2007-12-17,IWM,0
2007-12-17,QQQ,0.16666666666666666
2007-12-17,SPY,0.16666666666666666
2007-12-17,TLT,0.16666666666666666
2007-12-18,EEM,0.16666666666666666
2007-12-18,EFA,0
2007-12-18,GLD,0.66666666666666663
2007-12-18,IWM,0
2007-12-18,QQQ,0
2007-12-18,SPY,0
2007-12-18,TLT,0.16666666666666666
2007-12-19,EEM,0.16666666666666666
2007-12-19,EFA,0
2007-12-19,GLD,0.66666666666666663
2007-12-19,IWM,0
2007-12-19,QQQ,0
2007-12-19,SPY,0
2007-12-19,TLT,0.16666666666666666
2007-12-20,EEM,0.16666666666666666
2007-12-20,EFA,0
2007-12-20,GLD,0.66666666666666663
2007-12-20,IWM,0
2007-12-20,QQQ,0
2007-12-20,SPY,0
2007-12-20,TLT,0.16666666666666666
2007-12-21,EEM,0.16666666666666666
2007-12-21,EFA,0
2007-12-21,GLD,0.66666666666666663
2007-12-21,IWM,0
2007-12-21,QQQ,0
2007-12-21,SPY,0
2007-12-21,TLT,0.16666666666666666
2007-12-24,EEM,0.16666666666666666
2007-12-24,EFA,0
2007-12-24,GLD,0.66666666666666663
2007-12-24,IWM,0
2007-12-24,QQQ,0
2007-12-24,SPY,0
2007-12-24,TLT,0.16666666666666666
2007-12-26,EEM,0.16666666666666666
2007-12-26,EFA,0
2007-12-26,GLD,0.5
2007-12-26,IWM,0
2007-12-26,QQQ,0.16666666666666666
2007-12-26,SPY,0
2007-12-26,TLT,0.16666666666666666
2007-12-27,EEM,0.16666666666666666
2007-12-27,EFA,0
2007-12-27,GLD,0.5
2007-12-27,IWM,0
2007-12-27,QQQ,0.16666666666666666
2007-12-27,SPY,0
2007-12-27,TLT,0.16666666666666666
2007-12-28,EEM,0.16666666666666666
2007-12-28,EFA,0
2007-12-28,GLD,0.5
2007-12-28,IWM,0
2007-12-28,QQQ,0.16666666666666666
2007-12-28,SPY,0
2007-12-28,TLT,0.16666666666666666
2007-12-31,EEM,0.16666666666666666
2007-12-31,EFA,0
2007-12-31,GLD,0.5
2007-12-31,IWM,0
2007-12-31,QQQ,0.16666666666666666
2007-12-31,SPY,0
2007-12-31,TLT,0.16666666666666666
2008-01-02,EEM,0.16666666666666666
2008-01-02,EFA,0
2008-01-02,GLD,0.5
2008-01-02,IWM,0
2008-01-02,QQQ,0.16666666666666666
2008-01-02,SPY,0
2008-01-02,TLT,0.16666666666666666
2008-01-03,EEM,0
2008-01-03,EFA,0
2008-01-03,GLD,0.83333333333333337
2008-01-03,IWM,0
2008-01-03,QQQ,0
2008-01-03,SPY,0
2008-01-03,TLT,0.16666666666666666
2008-01-04,EEM,0
2008-01-04,EFA,0
2008-01-04,GLD,0.83333333333333337
2008-01-04,IWM,0
2008-01-04,QQQ,0
2008-01-04,SPY,0
2008-01-04,TLT,0.16666666666666666
2008-01-07,EEM,0
2008-01-07,EFA,0
2008-01-07,GLD,0.83333333333333337
2008-01-07,IWM,0
2008-01-07,QQQ,0
2008-01-07,SPY,0
2008-01-07,TLT,0.16666666666666666
2008-01-08,EEM,0
2008-01-08,EFA,0
2008-01-08,GLD,0.83333333333333337
2008-01-08,IWM,0
2008-01-08,QQQ,0
2008-01-08,SPY,0
2008-01-08,TLT,0.16666666666666666
2008-01-09,EEM,0
2008-01-09,EFA,0
2008-01-09,GLD,0.83333333333333337
2008-01-09,IWM,0
2008-01-09,QQQ,0
2008-01-09,SPY,0
2008-01-09,TLT,0.16666666666666666
2008-01-10,EEM,0
2008-01-10,EFA,0
2008-01-10,GLD,0.83333333333333337
2008-01-10,IWM,0
2008-01-10,QQQ,0
2008-01-10,SPY,0
2008-01-10,TLT,0.16666666666666666
2008-01-11,EEM,0
2008-01-11,EFA,0
2008-01-11,GLD,0.83333333333333337
2008-01-11,IWM,0
2008-01-11,QQQ,0
2008-01-11,SPY,0
2008-01-11,TLT,0.16666666666666666
2008-01-14,EEM,0
2008-01-14,EFA,0
2008-01-14,GLD,0.83333333333333337
2008-01-14,IWM,0
2008-01-14,QQQ,0
2008-01-14,SPY,0
2008-01-14,TLT,0.16666666666666666
2008-01-15,EEM,0
2008-01-15,EFA,0
2008-01-15,GLD,0.83333333333333337
2008-01-15,IWM,0
2008-01-15,QQQ,0
2008-01-15,SPY,0
2008-01-15,TLT,0.16666666666666666
2008-01-16,EEM,0
2008-01-16,EFA,0
2008-01-16,GLD,0.83333333333333337
2008-01-16,IWM,0
2008-01-16,QQQ,0
2008-01-16,SPY,0
2008-01-16,TLT,0.16666666666666666
2008-01-17,EEM,0
2008-01-17,EFA,0
2008-01-17,GLD,0.83333333333333337
2008-01-17,IWM,0
2008-01-17,QQQ,0
2008-01-17,SPY,0
2008-01-17,TLT,0.16666666666666666
2008-01-18,EEM,0
2008-01-18,EFA,0
2008-01-18,GLD,0.83333333333333337
2008-01-18,IWM,0
2008-01-18,QQQ,0
2008-01-18,SPY,0
2008-01-18,TLT,0.16666666666666666
2008-01-22,EEM,0
2008-01-22,EFA,0
2008-01-22,GLD,0.83333333333333337
2008-01-22,IWM,0
2008-01-22,QQQ,0
2008-01-22,SPY,0
2008-01-22,TLT,0.16666666666666666
2008-01-23,EEM,0
2008-01-23,EFA,0
2008-01-23,GLD,0.83333333333333337
2008-01-23,IWM,0
2008-01-23,QQQ,0
2008-01-23,SPY,0
2008-01-23,TLT,0.16666666666666666
2008-01-24,EEM,0
2008-01-24,EFA,0
2008-01-24,GLD,0.83333333333333337
2008-01-24,IWM,0
2008-01-24,QQQ,0
2008-01-24,SPY,0
2008-01-24,TLT,0.16666666666666666
2008-01-25,EEM,0
2008-01-25,EFA,0
2008-01-25,GLD,0.83333333333333337
2008-01-25,IWM,0
2008-01-25,QQQ,0
2008-01-25,SPY,0
2008-01-25,TLT,0.16666666666666666
2008-01-28,EEM,0
2008-01-28,EFA,0
2008-01-28,GLD,0.83333333333333337
2008-01-28,IWM,0
2008-01-28,QQQ,0
2008-01-28,SPY,0
2008-01-28,TLT,0.16666666666666666
2008-01-29,EEM,0
2008-01-29,EFA,0
2008-01-29,GLD,0.83333333333333337
2008-01-29,IWM,0
2008-01-29,QQQ,0
2008-01-29,SPY,0
2008-01-29,TLT,0.16666666666666666
2008-01-30,EEM,0
2008-01-30,EFA,0
2008-01-30,GLD,0.83333333333333337
2008-01-30,IWM,0
2008-01-30,QQQ,0
2008-01-30,SPY,0
2008-01-30,TLT,0.16666666666666666
2008-01-31,EEM,0
2008-01-31,EFA,0
2008-01-31,GLD,0.83333333333333337
2008-01-31,IWM,0
2008-01-31,QQQ,0
2008-01-31,SPY,0
2008-01-31,TLT,0.16666666666666666
2008-02-01,EEM,0
2008-02-01,EFA,0
2008-02-01,GLD,0.83333333333333337
2008-02-01,IWM,0
2008-02-01,QQQ,0
2008-02-01,SPY,0
2008-02-01,TLT,0.16666666666666666
2008-02-04,EEM,0
2008-02-04,EFA,0
2008-02-04,GLD,0.83333333333333337
2008-02-04,IWM,0
2008-02-04,QQQ,0
2008-02-04,SPY,0
2008-02-04,TLT,0.16666666666666666
2008-02-05,EEM,0
2008-02-05,EFA,0
2008-02-05,GLD,0.83333333333333337
2008-02-05,IWM,0
2008-02-05,QQQ,0
2008-02-05,SPY,0
2008-02-05,TLT,0.16666666666666666
2008-02-06,EEM,0
2008-02-06,EFA,0
2008-02-06,GLD,0.83333333333333337
2008-02-06,IWM,0
2008-02-06,QQQ,0
2008-02-06,SPY,0
2008-02-06,TLT,0.16666666666666666
2008-02-07,EEM,0
2008-02-07,EFA,0
2008-02-07,GLD,0.83333333333333337
2008-02-07,IWM,0
2008-02-07,QQQ,0
2008-02-07,SPY,0
2008-02-07,TLT,0.16666666666666666
2008-02-08,EEM,0
2008-02-08,EFA,0
2008-02-08,GLD,0.83333333333333337
2008-02-08,IWM,0
2008-02-08,QQQ,0
2008-02-08,SPY,0
2008-02-08,TLT,0.16666666666666666
2008-02-11,EEM,0
2008-02-11,EFA,0
2008-02-11,GLD,0.83333333333333337
2008-02-11,IWM,0
2008-02-11,QQQ,0
2008-02-11,SPY,0
2008-02-11,TLT,0.16666666666666666
2008-02-12,EEM,0
2008-02-12,EFA,0
2008-02-12,GLD,0.83333333333333337
2008-02-12,IWM,0
2008-02-12,QQQ,0
2008-02-12,SPY,0
2008-02-12,TLT,0.16666666666666666
2008-02-13,EEM,0
2008-02-13,EFA,0
2008-02-13,GLD,0.83333333333333337
2008-02-13,IWM,0
2008-02-13,QQQ,0
2008-02-13,SPY,0
2008-02-13,TLT,0.16666666666666666
2008-02-14,EEM,0
2008-02-14,EFA,0
2008-02-14,GLD,0.83333333333333337
2008-02-14,IWM,0
2008-02-14,QQQ,0
2008-02-14,SPY,0
2008-02-14,TLT,0.16666666666666666
2008-02-15,EEM,0
2008-02-15,EFA,0
2008-02-15,GLD,0.83333333333333337
2008-02-15,IWM,0
2008-02-15,QQQ,0
2008-02-15,SPY,0
2008-02-15,TLT,0.16666666666666666
2008-02-19,EEM,0
2008-02-19,EFA,0
2008-02-19,GLD,0.83333333333333337
2008-02-19,IWM,0
2008-02-19,QQQ,0
2008-02-19,SPY,0
2008-02-19,TLT,0.16666666666666666
2008-02-20,EEM,0
2008-02-20,EFA,0
2008-02-20,GLD,0.83333333333333337
2008-02-20,IWM,0
2008-02-20,QQQ,0
2008-02-20,SPY,0
2008-02-20,TLT,0.16666666666666666
2008-02-21,EEM,0
2008-02-21,EFA,0
2008-02-21,GLD,0.83333333333333337
2008-02-21,IWM,0
2008-02-21,QQQ,0
2008-02-21,SPY,0
2008-02-21,TLT,0.16666666666666666
2008-02-22,EEM,0
2008-02-22,EFA,0
2008-02-22,GLD,0.83333333333333337
2008-02-22,IWM,0
2008-02-22,QQQ,0
2008-02-22,SPY,0
2008-02-22,TLT,0.16666666666666666
2008-02-25,EEM,0.16666666666666666
2008-02-25,EFA,0
2008-02-25,GLD,0.83333333333333337
2008-02-25,IWM,0
2008-02-25,QQQ,0
2008-02-25,SPY,0
2008-02-25,TLT,0
2008-02-26,EEM,0.16666666666666666
2008-02-26,EFA,0
2008-02-26,GLD,0.83333333333333337
2008-02-26,IWM,0
2008-02-26,QQQ,0
2008-02-26,SPY,0
2008-02-26,TLT,0
2008-02-27,EEM,0.16666666666666666
2008-02-27,EFA,0
2008-02-27,GLD,0.83333333333333337
2008-02-27,IWM,0
2008-02-27,QQQ,0
2008-02-27,SPY,0
2008-02-27,TLT,0
2008-02-28,EEM,0.16666666666666666
2008-02-28,EFA,0
2008-02-28,GLD,0.83333333333333337
2008-02-28,IWM,0
2008-02-28,QQQ,0
2008-02-28,SPY,0
2008-02-28,TLT,0
2008-02-29,EEM,0.16666666666666666
2008-02-29,EFA,0
2008-02-29,GLD,0.83333333333333337
2008-02-29,IWM,0
2008-02-29,QQQ,0
2008-02-29,SPY,0
2008-02-29,TLT,0
2008-03-03,EEM,0
2008-03-03,EFA,0
2008-03-03,GLD,1
2008-03-03,IWM,0
2008-03-03,QQQ,0
2008-03-03,SPY,0
2008-03-03,TLT,0
2008-03-04,EEM,0
2008-03-04,EFA,0
2008-03-04,GLD,1
2008-03-04,IWM,0
2008-03-04,QQQ,0
2008-03-04,SPY,0
2008-03-04,TLT,0
2008-03-05,EEM,0
2008-03-05,EFA,0
2008-03-05,GLD,1
2008-03-05,IWM,0
2008-03-05,QQQ,0
2008-03-05,SPY,0
2008-03-05,TLT,0
2008-03-06,EEM,0
2008-03-06,EFA,0
2008-03-06,GLD,1
2008-03-06,IWM,0
2008-03-06,QQQ,0
2008-03-06,SPY,0
2008-03-06,TLT,0
2008-03-07,EEM,0
2008-03-07,EFA,0
2008-03-07,GLD,1
2008-03-07,IWM,0
2008-03-07,QQQ,0
2008-03-07,SPY,0
2008-03-07,TLT,0
2008-03-10,EEM,0
2008-03-10,EFA,0
2008-03-10,GLD,0.83333333333333337
2008-03-10,IWM,0
2008-03-10,QQQ,0
2008-03-10,SPY,0
2008-03-10,TLT,0.16666666666666666
2008-03-11,EEM,0
2008-03-11,EFA,0
2008-03-11,GLD,0.83333333333333337
2008-03-11,IWM,0
2008-03-11,QQQ,0
2008-03-11,SPY,0
2008-03-11,TLT,0.16666666666666666
2008-03-12,EEM,0
2008-03-12,EFA,0
2008-03-12,GLD,0.83333333333333337
2008-03-12,IWM,0
2008-03-12,QQQ,0
2008-03-12,SPY,0
2008-03-12,TLT,0.16666666666666666
2008-03-13,EEM,0
2008-03-13,EFA,0
2008-03-13,GLD,0.83333333333333337
2008-03-13,IWM,0
2008-03-13,QQQ,0
2008-03-13,SPY,0
2008-03-13,TLT,0.16666666666666666
2008-03-14,EEM,0
2008-03-14,EFA,0
2008-03-14,GLD,0.83333333333333337
2008-03-14,IWM,0
2008-03-14,QQQ,0
2008-03-14,SPY,0
2008-03-14,TLT,0.16666666666666666
2008-03-17,EEM,0
2008-03-17,EFA,0
2008-03-17,GLD,0.83333333333333337
2008-03-17,IWM,0
2008-03-17,QQQ,0
2008-03-17,SPY,0
2008-03-17,TLT,0.16666666666666666
2008-03-18,EEM,0
2008-03-18,EFA,0
2008-03-18,GLD,0.83333333333333337
2008-03-18,IWM,0
2008-03-18,QQQ,0
2008-03-18,SPY,0
2008-03-18,TLT,0.16666666666666666
2008-03-19,EEM,0
2008-03-19,EFA,0
2008-03-19,GLD,0.83333333333333337
2008-03-19,IWM,0
2008-03-19,QQQ,0
2008-03-19,SPY,0
2008-03-19,TLT,0.16666666666666666
2008-03-20,EEM,0
2008-03-20,EFA,0
2008-03-20,GLD,0.83333333333333337
2008-03-20,IWM,0
2008-03-20,QQQ,0
2008-03-20,SPY,0
2008-03-20,TLT,0.16666666666666666
2008-03-24,EEM,0
2008-03-24,EFA,0
2008-03-24,GLD,0.83333333333333337
2008-03-24,IWM,0
2008-03-24,QQQ,0
2008-03-24,SPY,0
2008-03-24,TLT,0.16666666666666666
2008-03-25,EEM,0
2008-03-25,EFA,0
2008-03-25,GLD,0.83333333333333337
2008-03-25,IWM,0
2008-03-25,QQQ,0
2008-03-25,SPY,0
2008-03-25,TLT,0.16666666666666666
2008-03-26,EEM,0
2008-03-26,EFA,0
2008-03-26,GLD,0.83333333333333337
2008-03-26,IWM,0
2008-03-26,QQQ,0
2008-03-26,SPY,0
2008-03-26,TLT,0.16666666666666666
2008-03-27,EEM,0
2008-03-27,EFA,0
2008-03-27,GLD,0.83333333333333337
2008-03-27,IWM,0
2008-03-27,QQQ,0
2008-03-27,SPY,0
2008-03-27,TLT,0.16666666666666666
2008-03-28,EEM,0
2008-03-28,EFA,0
2008-03-28,GLD,0.83333333333333337
2008-03-28,IWM,0
2008-03-28,QQQ,0
2008-03-28,SPY,0
2008-03-28,TLT,0.16666666666666666
2008-03-31,EEM,0
2008-03-31,EFA,0
2008-03-31,GLD,0.83333333333333337
2008-03-31,IWM,0
2008-03-31,QQQ,0
2008-03-31,SPY,0
2008-03-31,TLT,0.16666666666666666
2008-04-01,EEM,0
2008-04-01,EFA,0
2008-04-01,GLD,0.83333333333333337
2008-04-01,IWM,0
2008-04-01,QQQ,0
2008-04-01,SPY,0
2008-04-01,TLT,0.16666666666666666
2008-04-02,EEM,0
2008-04-02,EFA,0
2008-04-02,GLD,0.83333333333333337
2008-04-02,IWM,0
2008-04-02,QQQ,0
2008-04-02,SPY,0
2008-04-02,TLT,0.16666666666666666
2008-04-03,EEM,0
2008-04-03,EFA,0
2008-04-03,GLD,0.83333333333333337
2008-04-03,IWM,0
2008-04-03,QQQ,0
2008-04-03,SPY,0
2008-04-03,TLT,0.16666666666666666
2008-04-04,EEM,0
2008-04-04,EFA,0
2008-04-04,GLD,0.83333333333333337
2008-04-04,IWM,0
2008-04-04,QQQ,0
2008-04-04,SPY,0
2008-04-04,TLT,0.16666666666666666
2008-04-07,EEM,0
2008-04-07,EFA,0
2008-04-07,GLD,0.83333333333333337
2008-04-07,IWM,0
2008-04-07,QQQ,0
2008-04-07,SPY,0
2008-04-07,TLT,0.16666666666666666
2008-04-08,EEM,0
2008-04-08,EFA,0
2008-04-08,GLD,1
2008-04-08,IWM,0
2008-04-08,QQQ,0
2008-04-08,SPY,0
2008-04-08,TLT,0
2008-04-09,EEM,0
2008-04-09,EFA,0
2008-04-09,GLD,1
2008-04-09,IWM,0
2008-04-09,QQQ,0
2008-04-09,SPY,0
2008-04-09,TLT,0
2008-04-10,EEM,0
2008-04-10,EFA,0
2008-04-10,GLD,1
2008-04-10,IWM,0
2008-04-10,QQQ,0
2008-04-10,SPY,0
2008-04-10,TLT,0
2008-04-11,EEM,0
2008-04-11,EFA,0
2008-04-11,GLD,1
2008-04-11,IWM,0
2008-04-11,QQQ,0
2008-04-11,SPY,0
2008-04-11,TLT,0
2008-04-14,EEM,0
2008-04-14,EFA,0
2008-04-14,GLD,1
2008-04-14,IWM,0
2008-04-14,QQQ,0
2008-04-14,SPY,0
2008-04-14,TLT,0
2008-04-15,EEM,0
2008-04-15,EFA,0
2008-04-15,GLD,1
2008-04-15,IWM,0
2008-04-15,QQQ,0
2008-04-15,SPY,0
2008-04-15,TLT,0
2008-04-16,EEM,0
2008-04-16,EFA,0
2008-04-16,GLD,1
2008-04-16,IWM,0
2008-04-16,QQQ,0
2008-04-16,SPY,0
2008-04-16,TLT,0
2008-04-17,EEM,0
2008-04-17,EFA,0
2008-04-17,GLD,1
2008-04-17,IWM,0
2008-04-17,QQQ,0
2008-04-17,SPY,0
2008-04-17,TLT,0
2008-04-18,EEM,0
2008-04-18,EFA,0
2008-04-18,GLD,1
2008-04-18,IWM,0
2008-04-18,QQQ,0
2008-04-18,SPY,0
2008-04-18,TLT,0
2008-04-21,EEM,0
2008-04-21,EFA,0
2008-04-21,GLD,1
2008-04-21,IWM,0
2008-04-21,QQQ,0
2008-04-21,SPY,0
2008-04-21,TLT,0
2008-04-22,EEM,0.16666666666666666
2008-04-22,EFA,0.16666666666666666
2008-04-22,GLD,0.16666666666666666
2008-04-22,IWM,0.16666666666666666
2008-04-22,QQQ,0.16666666666666666
2008-04-22,SPY,0.16666666666666666
2008-04-22,TLT,0
2008-04-23,EEM,0.16666666666666666
2008-04-23,EFA,0.16666666666666666
2008-04-23,GLD,0.16666666666666666
2008-04-23,IWM,0.16666666666666666
2008-04-23,QQQ,0.16666666666666666
2008-04-23,SPY,0.16666666666666666
2008-04-23,TLT,0
2008-04-24,EEM,0.16666666666666666
2008-04-24,EFA,0.16666666666666666
2008-04-24,GLD,0.16666666666666666
2008-04-24,IWM,0.16666666666666666
2008-04-24,QQQ,0.16666666666666666
2008-04-24,SPY,0.16666666666666666
2008-04-24,TLT,0
2008-04-25,EEM,0.16666666666666666
2008-04-25,EFA,0.16666666666666666
2008-04-25,GLD,0.16666666666666666
2008-04-25,IWM,0.16666666666666666
2008-04-25,QQQ,0.16666666666666666
2008-04-25,SPY,0.16666666666666666
2008-04-25,TLT,0
2008-04-28,EEM,0.16666666666666666
2008-04-28,EFA,0.16666666666666666
2008-04-28,GLD,0.16666666666666666
2008-04-28,IWM,0.16666666666666666
2008-04-28,QQQ,0.16666666666666666
2008-04-28,SPY,0.16666666666666666
2008-04-28,TLT,0
2008-04-29,EEM,0.16666666666666666
2008-04-29,EFA,0.16666666666666666
2008-04-29,GLD,0.16666666666666666
2008-04-29,IWM,0.16666666666666666
2008-04-29,QQQ,0.16666666666666666
2008-04-29,SPY,0.16666666666666666
2008-04-29,TLT,0
2008-04-30,EEM,0.16666666666666666
2008-04-30,EFA,0.16666666666666666
2008-04-30,GLD,0.16666666666666666
2008-04-30,IWM,0.16666666666666666
2008-04-30,QQQ,0.16666666666666666
2008-04-30,SPY,0.16666666666666666
2008-04-30,TLT,0
2008-05-01,EEM,0.16666666666666666
2008-05-01,EFA,0.16666666666666666
2008-05-01,GLD,0.16666666666666666
2008-05-01,IWM,0.16666666666666666
2008-05-01,QQQ,0.16666666666666666
2008-05-01,SPY,0.16666666666666666
2008-05-01,TLT,0
2008-05-02,EEM,0.16666666666666666
2008-05-02,EFA,0.16666666666666666
2008-05-02,GLD,0.16666666666666666
2008-05-02,IWM,0.16666666666666666
2008-05-02,QQQ,0.16666666666666666
2008-05-02,SPY,0.16666666666666666
2008-05-02,TLT,0
2008-05-05,EEM,0.16666666666666666
2008-05-05,EFA,0.16666666666666666
2008-05-05,GLD,0.16666666666666666
2008-05-05,IWM,0.16666666666666666
2008-05-05,QQQ,0.16666666666666666
2008-05-05,SPY,0.16666666666666666
2008-05-05,TLT,0
2008-05-06,EEM,0.16666666666666666
2008-05-06,EFA,0.16666666666666666
2008-05-06,GLD,0.16666666666666666
2008-05-06,IWM,0.16666666666666666
2008-05-06,QQQ,0.16666666666666666
2008-05-06,SPY,0.16666666666666666
2008-05-06,TLT,0
2008-05-07,EEM,0.16666666666666666
2008-05-07,EFA,0.16666666666666666
2008-05-07,GLD,0.16666666666666666
2008-05-07,IWM,0.16666666666666666
2008-05-07,QQQ,0.16666666666666666
2008-05-07,SPY,0.16666666666666666
2008-05-07,TLT,0
2008-05-08,EEM,0.16666666666666666
2008-05-08,EFA,0.16666666666666666
2008-05-08,GLD,0.16666666666666666
2008-05-08,IWM,0.16666666666666666
2008-05-08,QQQ,0.16666666666666666
2008-05-08,SPY,0.16666666666666666
2008-05-08,TLT,0
2008-05-09,EEM,0.16666666666666666
2008-05-09,EFA,0.16666666666666666
2008-05-09,GLD,0.16666666666666666
2008-05-09,IWM,0.16666666666666666
2008-05-09,QQQ,0.16666666666666666
2008-05-09,SPY,0.16666666666666666
2008-05-09,TLT,0
2008-05-12,EEM,0.16666666666666666
2008-05-12,EFA,0.16666666666666666
2008-05-12,GLD,0.16666666666666666
2008-05-12,IWM,0.16666666666666666
2008-05-12,QQQ,0.16666666666666666
2008-05-12,SPY,0.16666666666666666
2008-05-12,TLT,0
2008-05-13,EEM,0.16666666666666666
2008-05-13,EFA,0.16666666666666666
2008-05-13,GLD,0.16666666666666666
2008-05-13,IWM,0.16666666666666666
2008-05-13,QQQ,0.16666666666666666
2008-05-13,SPY,0.16666666666666666
2008-05-13,TLT,0
2008-05-14,EEM,0.16666666666666666
2008-05-14,EFA,0.16666666666666666
2008-05-14,GLD,0.16666666666666666
2008-05-14,IWM,0.16666666666666666
2008-05-14,QQQ,0.16666666666666666
2008-05-14,SPY,0.16666666666666666
2008-05-14,TLT,0
2008-05-15,EEM,0.16666666666666666
2008-05-15,EFA,0.16666666666666666
2008-05-15,GLD,0.16666666666666666
2008-05-15,IWM,0.16666666666666666
2008-05-15,QQQ,0.16666666666666666
2008-05-15,SPY,0.16666666666666666
2008-05-15,TLT,0
2008-05-16,EEM,0.16666666666666666
2008-05-16,EFA,0.16666666666666666
2008-05-16,GLD,0.16666666666666666
2008-05-16,IWM,0.16666666666666666
2008-05-16,QQQ,0.16666666666666666
2008-05-16,SPY,0.16666666666666666
2008-05-16,TLT,0
2008-05-19,EEM,0.16666666666666666
2008-05-19,EFA,0.16666666666666666
2008-05-19,GLD,0.16666666666666666
2008-05-19,IWM,0.16666666666666666
2008-05-19,QQQ,0.16666666666666666
2008-05-19,SPY,0.16666666666666666
2008-05-19,TLT,0
2008-05-20,EEM,0.16666666666666666
2008-05-20,EFA,0.16666666666666666
2008-05-20,GLD,0
2008-05-20,IWM,0.16666666666666666
2008-05-20,QQQ,0.16666666666666666
2008-05-20,SPY,0.16666666666666666
2008-05-20,TLT,0.16666666666666666
2008-05-21,EEM,0.16666666666666666
2008-05-21,EFA,0.16666666666666666
2008-05-21,GLD,0
2008-05-21,IWM,0.16666666666666666
2008-05-21,QQQ,0.16666666666666666
2008-05-21,SPY,0.16666666666666666
2008-05-21,TLT,0.16666666666666666
2008-05-22,EEM,0.16666666666666666
2008-05-22,EFA,0.16666666666666666
2008-05-22,GLD,0
2008-05-22,IWM,0.16666666666666666
2008-05-22,QQQ,0.16666666666666666
2008-05-22,SPY,0.16666666666666666
2008-05-22,TLT,0.16666666666666666
2008-05-23,EEM,0.16666666666666666
2008-05-23,EFA,0.16666666666666666
2008-05-23,GLD,0
2008-05-23,IWM,0.16666666666666666
2008-05-23,QQQ,0.16666666666666666
2008-05-23,SPY,0.16666666666666666
2008-05-23,TLT,0.16666666666666666
2008-05-27,EEM,0.16666666666666666
2008-05-27,EFA,0.16666666666666666
2008-05-27,GLD,0
2008-05-27,IWM,0.16666666666666666
2008-05-27,QQQ,0.16666666666666666
2008-05-27,SPY,0.16666666666666666
2008-05-27,TLT,0.16666666666666666
2008-05-28,EEM,0.16666666666666666
2008-05-28,EFA,0.16666666666666666
2008-05-28,GLD,0.16666666666666666
2008-05-28,IWM,0.16666666666666666
2008-05-28,QQQ,0.16666666666666666
2008-05-28,SPY,0.16666666666666666
2008-05-28,TLT,0
2008-05-29,EEM,0.16666666666666666
2008-05-29,EFA,0.16666666666666666
2008-05-29,GLD,0.16666666666666666
2008-05-29,IWM,0.16666666666666666
2008-05-29,QQQ,0.16666666666666666
2008-05-29,SPY,0.16666666666666666
2008-05-29,TLT,0
2008-05-30,EEM,0.16666666666666666
2008-05-30,EFA,0.16666666666666666
2008-05-30,GLD,0.16666666666666666
2008-05-30,IWM,0.16666666666666666
2008-05-30,QQQ,0.16666666666666666
2008-05-30,SPY,0.16666666666666666
2008-05-30,TLT,0
2008-06-02,EEM,0.16666666666666666
2008-06-02,EFA,0.16666666666666666
2008-06-02,GLD,0.16666666666666666
2008-06-02,IWM,0.16666666666666666
2008-06-02,QQQ,0.16666666666666666
2008-06-02,SPY,0.16666666666666666
2008-06-02,TLT,0
2008-06-03,EEM,0.16666666666666666
2008-06-03,EFA,0.16666666666666666
2008-06-03,GLD,0.16666666666666666
2008-06-03,IWM,0.16666666666666666
2008-06-03,QQQ,0.16666666666666666
2008-06-03,SPY,0.16666666666666666
2008-06-03,TLT,0
2008-06-04,EEM,0.16666666666666666
2008-06-04,EFA,0.16666666666666666
2008-06-04,GLD,0.16666666666666666
2008-06-04,IWM,0.16666666666666666
2008-06-04,QQQ,0.16666666666666666
2008-06-04,SPY,0.16666666666666666
2008-06-04,TLT,0
2008-06-05,EEM,0.16666666666666666
2008-06-05,EFA,0.16666666666666666
2008-06-05,GLD,0.16666666666666666
2008-06-05,IWM,0.16666666666666666
2008-06-05,QQQ,0.16666666666666666
2008-06-05,SPY,0.16666666666666666
2008-06-05,TLT,0
2008-06-06,EEM,0.16666666666666666
2008-06-06,EFA,0.16666666666666666
2008-06-06,GLD,0.16666666666666666
2008-06-06,IWM,0.16666666666666666
2008-06-06,QQQ,0.16666666666666666
2008-06-06,SPY,0.16666666666666666
2008-06-06,TLT,0
2008-06-09,EEM,0.16666666666666666
2008-06-09,EFA,0.16666666666666666
2008-06-09,GLD,0.16666666666666666
2008-06-09,IWM,0.16666666666666666
2008-06-09,QQQ,0.16666666666666666
2008-06-09,SPY,0.16666666666666666
2008-06-09,TLT,0
2008-06-10,EEM,0.16666666666666666
2008-06-10,EFA,0.16666666666666666
2008-06-10,GLD,0.16666666666666666
2008-06-10,IWM,0.16666666666666666
2008-06-10,QQQ,0.16666666666666666
2008-06-10,SPY,0.16666666666666666
2008-06-10,TLT,0
2008-06-11,EEM,0.16666666666666666
2008-06-11,EFA,0.16666666666666666
2008-06-11,GLD,0.16666666666666666
2008-06-11,IWM,0.16666666666666666
2008-06-11,QQQ,0.16666666666666666
2008-06-11,SPY,0.16666666666666666
2008-06-11,TLT,0
2008-06-12,EEM,0.16666666666666666
2008-06-12,EFA,0.16666666666666666
2008-06-12,GLD,0.16666666666666666
2008-06-12,IWM,0.16666666666666666
2008-06-12,QQQ,0.16666666666666666
2008-06-12,SPY,0.16666666666666666
2008-06-12,TLT,0
2008-06-13,EEM,0.16666666666666666
2008-06-13,EFA,0.16666666666666666
2008-06-13,GLD,0.16666666666666666
2008-06-13,IWM,0.16666666666666666
2008-06-13,QQQ,0.16666666666666666
2008-06-13,SPY,0.16666666666666666
2008-06-13,TLT,0
2008-06-16,EEM,0.16666666666666666
2008-06-16,EFA,0.16666666666666666
2008-06-16,GLD,0.16666666666666666
2008-06-16,IWM,0.16666666666666666
2008-06-16,QQQ,0.16666666666666666
2008-06-16,SPY,0.16666666666666666
2008-06-16,TLT,0
2008-06-17,EEM,0.16666666666666666
2008-06-17,EFA,0.16666666666666666
2008-06-17,GLD,0.16666666666666666
2008-06-17,IWM,0.16666666666666666
2008-06-17,QQQ,0.16666666666666666
2008-06-17,SPY,0.16666666666666666
2008-06-17,TLT,0
2008-06-18,EEM,0.16666666666666666
2008-06-18,EFA,0.16666666666666666
2008-06-18,GLD,0.16666666666666666
2008-06-18,IWM,0.16666666666666666
2008-06-18,QQQ,0.16666666666666666
2008-06-18,SPY,0.16666666666666666
2008-06-18,TLT,0
2008-06-19,EEM,0.16666666666666666
2008-06-19,EFA,0.16666666666666666
2008-06-19,GLD,0.16666666666666666
2008-06-19,IWM,0.16666666666666666
2008-06-19,QQQ,0.16666666666666666
2008-06-19,SPY,0.16666666666666666
2008-06-19,TLT,0
2008-06-20,EEM,0.16666666666666666
2008-06-20,EFA,0.16666666666666666
2008-06-20,GLD,0.16666666666666666
2008-06-20,IWM,0.16666666666666666
2008-06-20,QQQ,0.16666666666666666
2008-06-20,SPY,0.16666666666666666
2008-06-20,TLT,0
2008-06-23,EEM,0.16666666666666666
2008-06-23,EFA,0.16666666666666666
2008-06-23,GLD,0.16666666666666666
2008-06-23,IWM,0.16666666666666666
2008-06-23,QQQ,0.16666666666666666
2008-06-23,SPY,0.16666666666666666
2008-06-23,TLT,0
2008-06-24,EEM,0.16666666666666666
2008-06-24,EFA,0.16666666666666666
2008-06-24,GLD,0.16666666666666666
2008-06-24,IWM,0.16666666666666666
2008-06-24,QQQ,0.16666666666666666
2008-06-24,SPY,0.16666666666666666
2008-06-24,TLT,0
2008-06-25,EEM,0.16666666666666666
2008-06-25,EFA,0
2008-06-25,GLD,0.5
2008-06-25,IWM,0.16666666666666666
2008-06-25,QQQ,0.16666666666666666
2008-06-25,SPY,0
2008-06-25,TLT,0
2008-06-26,EEM,0.16666666666666666
2008-06-26,EFA,0
2008-06-26,GLD,0.5
2008-06-26,IWM,0.16666666666666666
2008-06-26,QQQ,0.16666666666666666
2008-06-26,SPY,0
2008-06-26,TLT,0
2008-06-27,EEM,0.16666666666666666
2008-06-27,EFA,0
2008-06-27,GLD,0.5
2008-06-27,IWM,0.16666666666666666
2008-06-27,QQQ,0.16666666666666666
2008-06-27,SPY,0
2008-06-27,TLT,0
2008-06-30,EEM,0.16666666666666666
2008-06-30,EFA,0
2008-06-30,GLD,0.5
2008-06-30,IWM,0.16666666666666666
2008-06-30,QQQ,0.16666666666666666
2008-06-30,SPY,0
2008-06-30,TLT,0
2008-07-01,EEM,0.16666666666666666
2008-07-01,EFA,0
2008-07-01,GLD,0.5
2008-07-01,IWM,0.16666666666666666
2008-07-01,QQQ,0.16666666666666666
2008-07-01,SPY,0
2008-07-01,TLT,0
2008-07-02,EEM,0
2008-07-02,EFA,0
2008-07-02,GLD,1
2008-07-02,IWM,0
2008-07-02,QQQ,0
2008-07-02,SPY,0
2008-07-02,TLT,0
2008-07-03,EEM,0
2008-07-03,EFA,0
2008-07-03,GLD,1
2008-07-03,IWM,0
2008-07-03,QQQ,0
2008-07-03,SPY,0
2008-07-03,TLT,0
2008-07-07,EEM,0
2008-07-07,EFA,0
2008-07-07,GLD,1
2008-07-07,IWM,0
2008-07-07,QQQ,0
2008-07-07,SPY,0
2008-07-07,TLT,0
2008-07-08,EEM,0
2008-07-08,EFA,0
2008-07-08,GLD,1
2008-07-08,IWM,0
2008-07-08,QQQ,0
2008-07-08,SPY,0
2008-07-08,TLT,0
2008-07-09,EEM,0
2008-07-09,EFA,0
2008-07-09,GLD,1
2008-07-09,IWM,0
2008-07-09,QQQ,0
2008-07-09,SPY,0
2008-07-09,TLT,0
2008-07-10,EEM,0
2008-07-10,EFA,0
2008-07-10,GLD,1
2008-07-10,IWM,0
2008-07-10,QQQ,0
2008-07-10,SPY,0
2008-07-10,TLT,0
2008-07-11,EEM,0
2008-07-11,EFA,0
2008-07-11,GLD,1
2008-07-11,IWM,0
2008-07-11,QQQ,0
2008-07-11,SPY,0
2008-07-11,TLT,0
2008-07-14,EEM,0
2008-07-14,EFA,0
2008-07-14,GLD,1
2008-07-14,IWM,0
2008-07-14,QQQ,0
2008-07-14,SPY,0
2008-07-14,TLT,0
2008-07-15,EEM,0
2008-07-15,EFA,0
2008-07-15,GLD,1
2008-07-15,IWM,0
2008-07-15,QQQ,0
2008-07-15,SPY,0
2008-07-15,TLT,0
2008-07-16,EEM,0
2008-07-16,EFA,0
2008-07-16,GLD,1
2008-07-16,IWM,0
2008-07-16,QQQ,0
2008-07-16,SPY,0
2008-07-16,TLT,0
2008-07-17,EEM,0
2008-07-17,EFA,0
2008-07-17,GLD,0.83333333333333337
2008-07-17,IWM,0
2008-07-17,QQQ,0.16666666666666666
2008-07-17,SPY,0
2008-07-17,TLT,0
2008-07-18,EEM,0
2008-07-18,EFA,0
2008-07-18,GLD,0.83333333333333337
2008-07-18,IWM,0
2008-07-18,QQQ,0.16666666666666666
2008-07-18,SPY,0
2008-07-18,TLT,0
2008-07-21,EEM,0
2008-07-21,EFA,0
2008-07-21,GLD,0.83333333333333337
2008-07-21,IWM,0
2008-07-21,QQQ,0.16666666666666666
2008-07-21,SPY,0
2008-07-21,TLT,0
2008-07-22,EEM,0
2008-07-22,EFA,0
2008-07-22,GLD,0.83333333333333337
2008-07-22,IWM,0
2008-07-22,QQQ,0.16666666666666666
2008-07-22,SPY,0
2008-07-22,TLT,0
2008-07-23,EEM,0
2008-07-23,EFA,0
2008-07-23,GLD,0.83333333333333337
2008-07-23,IWM,0
2008-07-23,QQQ,0.16666666666666666
2008-07-23,SPY,0
2008-07-23,TLT,0
2008-07-24,EEM,0
2008-07-24,EFA,0
2008-07-24,GLD,1
2008-07-24,IWM,0
2008-07-24,QQQ,0
2008-07-24,SPY,0
2008-07-24,TLT,0
2008-07-25,EEM,0
2008-07-25,EFA,0
2008-07-25,GLD,1
2008-07-25,IWM,0
2008-07-25,QQQ,0
2008-07-25,SPY,0
2008-07-25,TLT,0
2008-07-28,EEM,0
2008-07-28,EFA,0
2008-07-28,GLD,1
2008-07-28,IWM,0
2008-07-28,QQQ,0
2008-07-28,SPY,0
2008-07-28,TLT,0
2008-07-29,EEM,0
2008-07-29,EFA,0
2008-07-29,GLD,1
2008-07-29,IWM,0
2008-07-29,QQQ,0
2008-07-29,SPY,0
2008-07-29,TLT,0
2008-07-30,EEM,0
2008-07-30,EFA,0
2008-07-30,GLD,1
2008-07-30,IWM,0
2008-07-30,QQQ,0
2008-07-30,SPY,0
2008-07-30,TLT,0
2008-07-31,EEM,0
2008-07-31,EFA,0
2008-07-31,GLD,1
2008-07-31,IWM,0
2008-07-31,QQQ,0
2008-07-31,SPY,0
2008-07-31,TLT,0
2008-08-01,EEM,0
2008-08-01,EFA,0
2008-08-01,GLD,1
2008-08-01,IWM,0
2008-08-01,QQQ,0
2008-08-01,SPY,0
2008-08-01,TLT,0
2008-08-04,EEM,0
2008-08-04,EFA,0
2008-08-04,GLD,1
2008-08-04,IWM,0
2008-08-04,QQQ,0
2008-08-04,SPY,0
2008-08-04,TLT,0
2008-08-05,EEM,0
2008-08-05,EFA,0
2008-08-05,GLD,1
2008-08-05,IWM,0
2008-08-05,QQQ,0
2008-08-05,SPY,0
2008-08-05,TLT,0
2008-08-06,EEM,0
2008-08-06,EFA,0
2008-08-06,GLD,1
2008-08-06,IWM,0
2008-08-06,QQQ,0
2008-08-06,SPY,0
2008-08-06,TLT,0
2008-08-07,EEM,0
2008-08-07,EFA,0
2008-08-07,GLD,1
2008-08-07,IWM,0
2008-08-07,QQQ,0
2008-08-07,SPY,0
2008-08-07,TLT,0
2008-08-08,EEM,0
2008-08-08,EFA,0
2008-08-08,GLD,1
2008-08-08,IWM,0
2008-08-08,QQQ,0
2008-08-08,SPY,0
2008-08-08,TLT,0
2008-08-11,EEM,0
2008-08-11,EFA,0
2008-08-11,GLD,1
2008-08-11,IWM,0
2008-08-11,QQQ,0
2008-08-11,SPY,0
2008-08-11,TLT,0
2008-08-12,EEM,0
2008-08-12,EFA,0
2008-08-12,GLD,1
2008-08-12,IWM,0
2008-08-12,QQQ,0
2008-08-12,SPY,0
2008-08-12,TLT,0
2008-08-13,EEM,0
2008-08-13,EFA,0
2008-08-13,GLD,1
2008-08-13,IWM,0
2008-08-13,QQQ,0
2008-08-13,SPY,0
2008-08-13,TLT,0
2008-08-14,EEM,0
2008-08-14,EFA,0
2008-08-14,GLD,0.66666666666666663
2008-08-14,IWM,0.16666666666666666
2008-08-14,QQQ,0
2008-08-14,SPY,0
2008-08-14,TLT,0.16666666666666666
2008-08-15,EEM,0
2008-08-15,EFA,0
2008-08-15,GLD,0.66666666666666663
2008-08-15,IWM,0.16666666666666666
2008-08-15,QQQ,0
2008-08-15,SPY,0
2008-08-15,TLT,0.16666666666666666
2008-08-18,EEM,0
2008-08-18,EFA,0
2008-08-18,GLD,0.66666666666666663
2008-08-18,IWM,0.16666666666666666
2008-08-18,QQQ,0
2008-08-18,SPY,0
2008-08-18,TLT,0.16666666666666666
2008-08-19,EEM,0
2008-08-19,EFA,0
2008-08-19,GLD,0.66666666666666663
2008-08-19,IWM,0.16666666666666666
2008-08-19,QQQ,0
2008-08-19,SPY,0
2008-08-19,TLT,0.16666666666666666
2008-08-20,EEM,0
2008-08-20,EFA,0
2008-08-20,GLD,0.66666666666666663
2008-08-20,IWM,0.16666666666666666
2008-08-20,QQQ,0
2008-08-20,SPY,0
2008-08-20,TLT,0.16666666666666666
2008-08-21,EEM,0
2008-08-21,EFA,0
2008-08-21,GLD,0.83333333333333337
2008-08-21,IWM,0
2008-08-21,QQQ,0
2008-08-21,SPY,0
2008-08-21,TLT,0.16666666666666666
2008-08-22,EEM,0
2008-08-22,EFA,0
2008-08-22,GLD,0.83333333333333337
2008-08-22,IWM,0
2008-08-22,QQQ,0
2008-08-22,SPY,0
2008-08-22,TLT,0.16666666666666666
2008-08-25,EEM,0
2008-08-25,EFA,0
2008-08-25,GLD,0.83333333333333337
2008-08-25,IWM,0
2008-08-25,QQQ,0
2008-08-25,SPY,0
2008-08-25,TLT,0.16666666666666666
2008-08-26,EEM,0
2008-08-26,EFA,0
2008-08-26,GLD,0.83333333333333337
2008-08-26,IWM,0
2008-08-26,QQQ,0
2008-08-26,SPY,0
2008-08-26,TLT,0.16666666666666666
2008-08-27,EEM,0
2008-08-27,EFA,0
2008-08-27,GLD,0.83333333333333337
2008-08-27,IWM,0
2008-08-27,QQQ,0
2008-08-27,SPY,0
2008-08-27,TLT,0.16666666666666666
2008-08-28,EEM,0
2008-08-28,EFA,0
2008-08-28,GLD,0.83333333333333337
2008-08-28,IWM,0
2008-08-28,QQQ,0
2008-08-28,SPY,0
2008-08-28,TLT,0.16666666666666666
2008-08-29,EEM,0
2008-08-29,EFA,0
2008-08-29,GLD,0.83333333333333337
2008-08-29,IWM,0
2008-08-29,QQQ,0
2008-08-29,SPY,0
2008-08-29,TLT,0.16666666666666666
2008-09-02,EEM,0
2008-09-02,EFA,0
2008-09-02,GLD,0.83333333333333337
2008-09-02,IWM,0
2008-09-02,QQQ,0
2008-09-02,SPY,0
2008-09-02,TLT,0.16666666666666666
2008-09-03,EEM,0
2008-09-03,EFA,0
2008-09-03,GLD,0.83333333333333337
2008-09-03,IWM,0
2008-09-03,QQQ,0
2008-09-03,SPY,0
2008-09-03,TLT,0.16666666666666666
2008-09-04,EEM,0
2008-09-04,EFA,0
2008-09-04,GLD,0.83333333333333337
2008-09-04,IWM,0
2008-09-04,QQQ,0
2008-09-04,SPY,0
2008-09-04,TLT,0.16666666666666666
2008-09-05,EEM,0
2008-09-05,EFA,0
2008-09-05,GLD,0.83333333333333337
2008-09-05,IWM,0
2008-09-05,QQQ,0
2008-09-05,SPY,0
2008-09-05,TLT,0.16666666666666666
2008-09-08,EEM,0
2008-09-08,EFA,0
2008-09-08,GLD,0.83333333333333337
2008-09-08,IWM,0
2008-09-08,QQQ,0
2008-09-08,SPY,0
2008-09-08,TLT,0.16666666666666666
2008-09-09,EEM,0
2008-09-09,EFA,0
2008-09-09,GLD,0.83333333333333337
2008-09-09,IWM,0
2008-09-09,QQQ,0
2008-09-09,SPY,0
2008-09-09,TLT,0.16666666666666666
2008-09-10,EEM,0
2008-09-10,EFA,0
2008-09-10,GLD,0.83333333333333337
2008-09-10,IWM,0
2008-09-10,QQQ,0
2008-09-10,SPY,0
2008-09-10,TLT,0.16666666666666666
2008-09-11,EEM,0
2008-09-11,EFA,0
2008-09-11,GLD,0.83333333333333337
2008-09-11,IWM,0
2008-09-11,QQQ,0
2008-09-11,SPY,0
2008-09-11,TLT,0.16666666666666666
2008-09-12,EEM,0
2008-09-12,EFA,0
2008-09-12,GLD,0.83333333333333337
2008-09-12,IWM,0
2008-09-12,QQQ,0
2008-09-12,SPY,0
2008-09-12,TLT,0.16666666666666666
2008-09-15,EEM,0
2008-09-15,EFA,0
2008-09-15,GLD,0.83333333333333337
2008-09-15,IWM,0
2008-09-15,QQQ,0
2008-09-15,SPY,0
2008-09-15,TLT,0.16666666666666666
2008-09-16,EEM,0
2008-09-16,EFA,0
2008-09-16,GLD,0.83333333333333337
2008-09-16,IWM,0
2008-09-16,QQQ,0
2008-09-16,SPY,0
2008-09-16,TLT,0.16666666666666666
2008-09-17,EEM,0
2008-09-17,EFA,0
2008-09-17,GLD,0.83333333333333337
2008-09-17,IWM,0
2008-09-17,QQQ,0
2008-09-17,SPY,0
2008-09-17,TLT,0.16666666666666666
2008-09-18,EEM,0
2008-09-18,EFA,0
2008-09-18,GLD,0.83333333333333337
2008-09-18,IWM,0
2008-09-18,QQQ,0
2008-09-18,SPY,0
2008-09-18,TLT,0.16666666666666666
2008-09-19,EEM,0
2008-09-19,EFA,0
2008-09-19,GLD,0.66666666666666663
2008-09-19,IWM,0.16666666666666666
2008-09-19,QQQ,0
2008-09-19,SPY,0
2008-09-19,TLT,0.16666666666666666
2008-09-22,EEM,0
2008-09-22,EFA,0
2008-09-22,GLD,0.66666666666666663
2008-09-22,IWM,0.16666666666666666
2008-09-22,QQQ,0
2008-09-22,SPY,0
2008-09-22,TLT,0.16666666666666666
2008-09-23,EEM,0
2008-09-23,EFA,0
2008-09-23,GLD,0.66666666666666663
2008-09-23,IWM,0.16666666666666666
2008-09-23,QQQ,0
2008-09-23,SPY,0
2008-09-23,TLT,0.16666666666666666
2008-09-24,EEM,0
2008-09-24,EFA,0
2008-09-24,GLD,0.66666666666666663
2008-09-24,IWM,0.16666666666666666
2008-09-24,QQQ,0
2008-09-24,SPY,0
2008-09-24,TLT,0.16666666666666666
2008-09-25,EEM,0
2008-09-25,EFA,0
2008-09-25,GLD,0.66666666666666663
2008-09-25,IWM,0.16666666666666666
2008-09-25,QQQ,0
2008-09-25,SPY,0
2008-09-25,TLT,0.16666666666666666
2008-09-26,EEM,0
2008-09-26,EFA,0
2008-09-26,GLD,0.66666666666666663
2008-09-26,IWM,0.16666666666666666
2008-09-26,QQQ,0
2008-09-26,SPY,0
2008-09-26,TLT,0.16666666666666666
2008-09-29,EEM,0
2008-09-29,EFA,0
2008-09-29,GLD,0.66666666666666663
2008-09-29,IWM,0.16666666666666666
2008-09-29,QQQ,0
2008-09-29,SPY,0
2008-09-29,TLT,0.16666666666666666
2008-09-30,EEM,0
2008-09-30,EFA,0
2008-09-30,GLD,0.66666666666666663
2008-09-30,IWM,0.16666666666666666
2008-09-30,QQQ,0
2008-09-30,SPY,0
2008-09-30,TLT,0.16666666666666666
2008-10-01,EEM,0
2008-10-01,EFA,0
2008-10-01,GLD,0.66666666666666663
2008-10-01,IWM,0.16666666666666666
2008-10-01,QQQ,0
2008-10-01,SPY,0
2008-10-01,TLT,0.16666666666666666
2008-10-02,EEM,0
2008-10-02,EFA,0
2008-10-02,GLD,0.66666666666666663
2008-10-02,IWM,0.16666666666666666
2008-10-02,QQQ,0
2008-10-02,SPY,0
2008-10-02,TLT,0.16666666666666666
2008-10-03,EEM,0
2008-10-03,EFA,0
2008-10-03,GLD,0.83333333333333337
2008-10-03,IWM,0
2008-10-03,QQQ,0
2008-10-03,SPY,0
2008-10-03,TLT,0.16666666666666666
2008-10-06,EEM,0
2008-10-06,EFA,0
2008-10-06,GLD,0.83333333333333337
2008-10-06,IWM,0
2008-10-06,QQQ,0
2008-10-06,SPY,0
2008-10-06,TLT,0.16666666666666666
2008-10-07,EEM,0
2008-10-07,EFA,0
2008-10-07,GLD,0.83333333333333337
2008-10-07,IWM,0
2008-10-07,QQQ,0
2008-10-07,SPY,0
2008-10-07,TLT,0.16666666666666666
2008-10-08,EEM,0
2008-10-08,EFA,0
2008-10-08,GLD,0.83333333333333337
2008-10-08,IWM,0
2008-10-08,QQQ,0
2008-10-08,SPY,0
2008-10-08,TLT,0.16666666666666666
2008-10-09,EEM,0
2008-10-09,EFA,0
2008-10-09,GLD,0.83333333333333337
2008-10-09,IWM,0
2008-10-09,QQQ,0
2008-10-09,SPY,0
2008-10-09,TLT,0.16666666666666666
2008-10-10,EEM,0
2008-10-10,EFA,0
2008-10-10,GLD,0.83333333333333337
2008-10-10,IWM,0
2008-10-10,QQQ,0
2008-10-10,SPY,0
2008-10-10,TLT,0.16666666666666666
2008-10-13,EEM,0
2008-10-13,EFA,0
2008-10-13,GLD,0.83333333333333337
2008-10-13,IWM,0
2008-10-13,QQQ,0
2008-10-13,SPY,0
2008-10-13,TLT,0.16666666666666666
2008-10-14,EEM,0
2008-10-14,EFA,0
2008-10-14,GLD,0.83333333333333337
2008-10-14,IWM,0
2008-10-14,QQQ,0
2008-10-14,SPY,0
2008-10-14,TLT,0.16666666666666666
2008-10-15,EEM,0
2008-10-15,EFA,0
2008-10-15,GLD,0.83333333333333337
2008-10-15,IWM,0
2008-10-15,QQQ,0
2008-10-15,SPY,0
2008-10-15,TLT,0.16666666666666666
2008-10-16,EEM,0
2008-10-16,EFA,0
2008-10-16,GLD,0.83333333333333337
2008-10-16,IWM,0
2008-10-16,QQQ,0
2008-10-16,SPY,0
2008-10-16,TLT,0.16666666666666666
2008-10-17,EEM,0
2008-10-17,EFA,0
2008-10-17,GLD,0.83333333333333337
2008-10-17,IWM,0
2008-10-17,QQQ,0
2008-10-17,SPY,0
2008-10-17,TLT,0.16666666666666666
2008-10-20,EEM,0
2008-10-20,EFA,0
2008-10-20,GLD,0.83333333333333337
2008-10-20,IWM,0
2008-10-20,QQQ,0
2008-10-20,SPY,0
2008-10-20,TLT,0.16666666666666666
2008-10-21,EEM,0
2008-10-21,EFA,0
2008-10-21,GLD,0.83333333333333337
2008-10-21,IWM,0
2008-10-21,QQQ,0
2008-10-21,SPY,0
2008-10-21,TLT,0.16666666666666666
2008-10-22,EEM,0
2008-10-22,EFA,0
2008-10-22,GLD,0.83333333333333337
2008-10-22,IWM,0
2008-10-22,QQQ,0
2008-10-22,SPY,0
2008-10-22,TLT,0.16666666666666666
2008-10-23,EEM,0
2008-10-23,EFA,0
2008-10-23,GLD,0.83333333333333337
2008-10-23,IWM,0
2008-10-23,QQQ,0
2008-10-23,SPY,0
2008-10-23,TLT,0.16666666666666666
2008-10-24,EEM,0
2008-10-24,EFA,0
2008-10-24,GLD,0.83333333333333337
2008-10-24,IWM,0
2008-10-24,QQQ,0
2008-10-24,SPY,0
2008-10-24,TLT,0.16666666666666666
2008-10-27,EEM,0
2008-10-27,EFA,0
2008-10-27,GLD,0.83333333333333337
2008-10-27,IWM,0
2008-10-27,QQQ,0
2008-10-27,SPY,0
2008-10-27,TLT,0.16666666666666666
2008-10-28,EEM,0
2008-10-28,EFA,0
2008-10-28,GLD,0.83333333333333337
2008-10-28,IWM,0
2008-10-28,QQQ,0
2008-10-28,SPY,0
2008-10-28,TLT,0.16666666666666666
2008-10-29,EEM,0
2008-10-29,EFA,0
2008-10-29,GLD,0.83333333333333337
2008-10-29,IWM,0
2008-10-29,QQQ,0
2008-10-29,SPY,0
2008-10-29,TLT,0.16666666666666666
2008-10-30,EEM,0
2008-10-30,EFA,0
2008-10-30,GLD,0.83333333333333337
2008-10-30,IWM,0
2008-10-30,QQQ,0
2008-10-30,SPY,0
2008-10-30,TLT,0.16666666666666666
2008-10-31,EEM,0
2008-10-31,EFA,0
2008-10-31,GLD,0.83333333333333337
2008-10-31,IWM,0
2008-10-31,QQQ,0
2008-10-31,SPY,0
2008-10-31,TLT,0.16666666666666666
2008-11-03,EEM,0
2008-11-03,EFA,0
2008-11-03,GLD,0.83333333333333337
2008-11-03,IWM,0
2008-11-03,QQQ,0
2008-11-03,SPY,0
2008-11-03,TLT,0.16666666666666666
2008-11-04,EEM,0
2008-11-04,EFA,0
2008-11-04,GLD,0.83333333333333337
2008-11-04,IWM,0
2008-11-04,QQQ,0
2008-11-04,SPY,0
2008-11-04,TLT,0.16666666666666666
2008-11-05,EEM,0
2008-11-05,EFA,0
2008-11-05,GLD,0.83333333333333337
2008-11-05,IWM,0
2008-11-05,QQQ,0
2008-11-05,SPY,0
2008-11-05,TLT,0.16666666666666666
2008-11-06,EEM,0
2008-11-06,EFA,0
2008-11-06,GLD,0.83333333333333337
2008-11-06,IWM,0
2008-11-06,QQQ,0
2008-11-06,SPY,0
2008-11-06,TLT,0.16666666666666666
2008-11-07,EEM,0
2008-11-07,EFA,0
2008-11-07,GLD,0.83333333333333337
2008-11-07,IWM,0
2008-11-07,QQQ,0
2008-11-07,SPY,0
2008-11-07,TLT,0.16666666666666666
2008-11-10,EEM,0
2008-11-10,EFA,0
2008-11-10,GLD,0.83333333333333337
2008-11-10,IWM,0
2008-11-10,QQQ,0
2008-11-10,SPY,0
2008-11-10,TLT,0.16666666666666666
2008-11-11,EEM,0
2008-11-11,EFA,0
2008-11-11,GLD,0.83333333333333337
2008-11-11,IWM,0
2008-11-11,QQQ,0
2008-11-11,SPY,0
2008-11-11,TLT,0.16666666666666666
2008-11-12,EEM,0
2008-11-12,EFA,0
2008-11-12,GLD,0.83333333333333337
2008-11-12,IWM,0
2008-11-12,QQQ,0
2008-11-12,SPY,0
2008-11-12,TLT,0.16666666666666666
2008-11-13,EEM,0
2008-11-13,EFA,0
2008-11-13,GLD,0.83333333333333337
2008-11-13,IWM,0
2008-11-13,QQQ,0
2008-11-13,SPY,0
2008-11-13,TLT,0.16666666666666666
2008-11-14,EEM,0
2008-11-14,EFA,0
2008-11-14,GLD,0.83333333333333337
2008-11-14,IWM,0
2008-11-14,QQQ,0
2008-11-14,SPY,0
2008-11-14,TLT,0.16666666666666666
2008-11-17,EEM,0
2008-11-17,EFA,0
2008-11-17,GLD,0.83333333333333337
2008-11-17,IWM,0
2008-11-17,QQQ,0
2008-11-17,SPY,0
2008-11-17,TLT,0.16666666666666666
2008-11-18,EEM,0
2008-11-18,EFA,0
2008-11-18,GLD,0.83333333333333337
2008-11-18,IWM,0
2008-11-18,QQQ,0
2008-11-18,SPY,0
2008-11-18,TLT,0.16666666666666666
2008-11-19,EEM,0
2008-11-19,EFA,0
2008-11-19,GLD,0.83333333333333337
2008-11-19,IWM,0
2008-11-19,QQQ,0
2008-11-19,SPY,0
2008-11-19,TLT,0.16666666666666666
2008-11-20,EEM,0
2008-11-20,EFA,0
2008-11-20,GLD,0.83333333333333337
2008-11-20,IWM,0
2008-11-20,QQQ,0
2008-11-20,SPY,0
2008-11-20,TLT,0.16666666666666666
2008-11-21,EEM,0
2008-11-21,EFA,0
2008-11-21,GLD,0.83333333333333337
2008-11-21,IWM,0
2008-11-21,QQQ,0
2008-11-21,SPY,0
2008-11-21,TLT,0.16666666666666666
2008-11-24,EEM,0
2008-11-24,EFA,0
2008-11-24,GLD,0.83333333333333337
2008-11-24,IWM,0
2008-11-24,QQQ,0
2008-11-24,SPY,0
2008-11-24,TLT,0.16666666666666666
2008-11-25,EEM,0
2008-11-25,EFA,0
2008-11-25,GLD,0.83333333333333337
2008-11-25,IWM,0
2008-11-25,QQQ,0
2008-11-25,SPY,0
2008-11-25,TLT,0.16666666666666666
2008-11-26,EEM,0
2008-11-26,EFA,0
2008-11-26,GLD,0.83333333333333337
2008-11-26,IWM,0
2008-11-26,QQQ,0
2008-11-26,SPY,0
2008-11-26,TLT,0.16666666666666666
2008-11-28,EEM,0
2008-11-28,EFA,0
2008-11-28,GLD,0.83333333333333337
2008-11-28,IWM,0
2008-11-28,QQQ,0
2008-11-28,SPY,0
2008-11-28,TLT,0.16666666666666666
2008-12-01,EEM,0
2008-12-01,EFA,0
2008-12-01,GLD,0.83333333333333337
2008-12-01,IWM,0
2008-12-01,QQQ,0
2008-12-01,SPY,0
2008-12-01,TLT,0.16666666666666666
2008-12-02,EEM,0
2008-12-02,EFA,0
2008-12-02,GLD,0.83333333333333337
2008-12-02,IWM,0
2008-12-02,QQQ,0
2008-12-02,SPY,0
2008-12-02,TLT,0.16666666666666666
2008-12-03,EEM,0
2008-12-03,EFA,0
2008-12-03,GLD,0.83333333333333337
2008-12-03,IWM,0
2008-12-03,QQQ,0
2008-12-03,SPY,0
2008-12-03,TLT,0.16666666666666666
2008-12-04,EEM,0
2008-12-04,EFA,0
2008-12-04,GLD,0.83333333333333337
2008-12-04,IWM,0
2008-12-04,QQQ,0
2008-12-04,SPY,0
2008-12-04,TLT,0.16666666666666666
2008-12-05,EEM,0
2008-12-05,EFA,0
2008-12-05,GLD,0.83333333333333337
2008-12-05,IWM,0
2008-12-05,QQQ,0
2008-12-05,SPY,0
2008-12-05,TLT,0.16666666666666666
2008-12-08,EEM,0
2008-12-08,EFA,0
2008-12-08,GLD,0.83333333333333337
2008-12-08,IWM,0
2008-12-08,QQQ,0
2008-12-08,SPY,0
2008-12-08,TLT,0.16666666666666666
2008-12-09,EEM,0
2008-12-09,EFA,0
2008-12-09,GLD,0.83333333333333337
2008-12-09,IWM,0
2008-12-09,QQQ,0
2008-12-09,SPY,0
2008-12-09,TLT,0.16666666666666666
2008-12-10,EEM,0
2008-12-10,EFA,0
2008-12-10,GLD,0.83333333333333337
2008-12-10,IWM,0
2008-12-10,QQQ,0
2008-12-10,SPY,0
2008-12-10,TLT,0.16666666666666666
2008-12-11,EEM,0
2008-12-11,EFA,0
2008-12-11,GLD,0.83333333333333337
2008-12-11,IWM,0
2008-12-11,QQQ,0
2008-12-11,SPY,0
2008-12-11,TLT,0.16666666666666666
2008-12-12,EEM,0
2008-12-12,EFA,0
2008-12-12,GLD,0.83333333333333337
2008-12-12,IWM,0
2008-12-12,QQQ,0
2008-12-12,SPY,0
2008-12-12,TLT,0.16666666666666666
2008-12-15,EEM,0
2008-12-15,EFA,0
2008-12-15,GLD,0.83333333333333337
2008-12-15,IWM,0
2008-12-15,QQQ,0
2008-12-15,SPY,0
2008-12-15,TLT,0.16666666666666666
2008-12-16,EEM,0
2008-12-16,EFA,0
2008-12-16,GLD,0.83333333333333337
2008-12-16,IWM,0
2008-12-16,QQQ,0
2008-12-16,SPY,0
2008-12-16,TLT,0.16666666666666666
2008-12-17,EEM,0
2008-12-17,EFA,0
2008-12-17,GLD,0.83333333333333337
2008-12-17,IWM,0
2008-12-17,QQQ,0
2008-12-17,SPY,0
2008-12-17,TLT,0.16666666666666666
2008-12-18,EEM,0
2008-12-18,EFA,0
2008-12-18,GLD,0.83333333333333337
2008-12-18,IWM,0
2008-12-18,QQQ,0
2008-12-18,SPY,0
2008-12-18,TLT,0.16666666666666666
2008-12-19,EEM,0
2008-12-19,EFA,0
2008-12-19,GLD,0.83333333333333337
2008-12-19,IWM,0
2008-12-19,QQQ,0
2008-12-19,SPY,0
2008-12-19,TLT,0.16666666666666666
2008-12-22,EEM,0
2008-12-22,EFA,0
2008-12-22,GLD,0.83333333333333337
2008-12-22,IWM,0
2008-12-22,QQQ,0
2008-12-22,SPY,0
2008-12-22,TLT,0.16666666666666666
2008-12-23,EEM,0
2008-12-23,EFA,0
2008-12-23,GLD,0.83333333333333337
2008-12-23,IWM,0
2008-12-23,QQQ,0
2008-12-23,SPY,0
2008-12-23,TLT,0.16666666666666666
2008-12-24,EEM,0
2008-12-24,EFA,0
2008-12-24,GLD,0.83333333333333337
2008-12-24,IWM,0
2008-12-24,QQQ,0
2008-12-24,SPY,0
2008-12-24,TLT,0.16666666666666666
2008-12-26,EEM,0
2008-12-26,EFA,0
2008-12-26,GLD,0.83333333333333337
2008-12-26,IWM,0
2008-12-26,QQQ,0
2008-12-26,SPY,0
2008-12-26,TLT,0.16666666666666666
2008-12-29,EEM,0
2008-12-29,EFA,0
2008-12-29,GLD,0.83333333333333337
2008-12-29,IWM,0
2008-12-29,QQQ,0
2008-12-29,SPY,0
2008-12-29,TLT,0.16666666666666666
2008-12-30,EEM,0
2008-12-30,EFA,0
2008-12-30,GLD,0.83333333333333337
2008-12-30,IWM,0
2008-12-30,QQQ,0
2008-12-30,SPY,0
2008-12-30,TLT,0.16666666666666666
2008-12-31,EEM,0
2008-12-31,EFA,0
2008-12-31,GLD,0.83333333333333337
2008-12-31,IWM,0
2008-12-31,QQQ,0
2008-12-31,SPY,0
2008-12-31,TLT,0.16666666666666666
2009-01-02,EEM,0
2009-01-02,EFA,0
2009-01-02,GLD,0.83333333333333337
2009-01-02,IWM,0
2009-01-02,QQQ,0
2009-01-02,SPY,0
2009-01-02,TLT,0.16666666666666666
2009-01-05,EEM,0
2009-01-05,EFA,0
2009-01-05,GLD,0.83333333333333337
2009-01-05,IWM,0
2009-01-05,QQQ,0
2009-01-05,SPY,0
2009-01-05,TLT,0.16666666666666666
2009-01-06,EEM,0
2009-01-06,EFA,0
2009-01-06,GLD,0.83333333333333337
2009-01-06,IWM,0
2009-01-06,QQQ,0
2009-01-06,SPY,0
2009-01-06,TLT,0.16666666666666666
2009-01-07,EEM,0
2009-01-07,EFA,0
2009-01-07,GLD,0.83333333333333337
2009-01-07,IWM,0
2009-01-07,QQQ,0
2009-01-07,SPY,0
2009-01-07,TLT,0.16666666666666666
2009-01-08,EEM,0
2009-01-08,EFA,0
2009-01-08,GLD,0.83333333333333337
2009-01-08,IWM,0
2009-01-08,QQQ,0
2009-01-08,SPY,0
2009-01-08,TLT,0.16666666666666666
2009-01-09,EEM,0
2009-01-09,EFA,0
2009-01-09,GLD,0.83333333333333337
2009-01-09,IWM,0
2009-01-09,QQQ,0
2009-01-09,SPY,0
2009-01-09,TLT,0.16666666666666666
2009-01-12,EEM,0
2009-01-12,EFA,0
2009-01-12,GLD,0.83333333333333337
2009-01-12,IWM,0
2009-01-12,QQQ,0
2009-01-12,SPY,0
2009-01-12,TLT,0.16666666666666666
2009-01-13,EEM,0
2009-01-13,EFA,0
2009-01-13,GLD,0.83333333333333337
2009-01-13,IWM,0
2009-01-13,QQQ,0
2009-01-13,SPY,0
2009-01-13,TLT,0.16666666666666666
2009-01-14,EEM,0
2009-01-14,EFA,0
2009-01-14,GLD,0.83333333333333337
2009-01-14,IWM,0
2009-01-14,QQQ,0
2009-01-14,SPY,0
2009-01-14,TLT,0.16666666666666666
2009-01-15,EEM,0
2009-01-15,EFA,0
2009-01-15,GLD,0.83333333333333337
2009-01-15,IWM,0
2009-01-15,QQQ,0
2009-01-15,SPY,0
2009-01-15,TLT,0.16666666666666666
2009-01-16,EEM,0
2009-01-16,EFA,0
2009-01-16,GLD,0.83333333333333337
2009-01-16,IWM,0
2009-01-16,QQQ,0
2009-01-16,SPY,0
2009-01-16,TLT,0.16666666666666666
2009-01-20,EEM,0
2009-01-20,EFA,0
2009-01-20,GLD,0.83333333333333337
2009-01-20,IWM,0
2009-01-20,QQQ,0
2009-01-20,SPY,0
2009-01-20,TLT,0.16666666666666666
2009-01-21,EEM,0
2009-01-21,EFA,0
2009-01-21,GLD,0.83333333333333337
2009-01-21,IWM,0
2009-01-21,QQQ,0
2009-01-21,SPY,0
2009-01-21,TLT,0.16666666666666666
2009-01-22,EEM,0
2009-01-22,EFA,0
2009-01-22,GLD,0.83333333333333337
2009-01-22,IWM,0
2009-01-22,QQQ,0
2009-01-22,SPY,0
2009-01-22,TLT,0.16666666666666666
2009-01-23,EEM,0
2009-01-23,EFA,0
2009-01-23,GLD,0.83333333333333337
2009-01-23,IWM,0
2009-01-23,QQQ,0
2009-01-23,SPY,0
2009-01-23,TLT,0.16666666666666666
2009-01-26,EEM,0
2009-01-26,EFA,0
2009-01-26,GLD,0.83333333333333337
2009-01-26,IWM,0
2009-01-26,QQQ,0
2009-01-26,SPY,0
2009-01-26,TLT,0.16666666666666666
2009-01-27,EEM,0
2009-01-27,EFA,0
2009-01-27,GLD,0.83333333333333337
2009-01-27,IWM,0
2009-01-27,QQQ,0
2009-01-27,SPY,0
2009-01-27,TLT,0.16666666666666666
2009-01-28,EEM,0
2009-01-28,EFA,0
2009-01-28,GLD,0.83333333333333337
2009-01-28,IWM,0
2009-01-28,QQQ,0
2009-01-28,SPY,0
2009-01-28,TLT,0.16666666666666666
2009-01-29,EEM,0
2009-01-29,EFA,0
2009-01-29,GLD,0.83333333333333337
2009-01-29,IWM,0
2009-01-29,QQQ,0
2009-01-29,SPY,0
2009-01-29,TLT,0.16666666666666666
2009-01-30,EEM,0
2009-01-30,EFA,0
2009-01-30,GLD,0.83333333333333337
2009-01-30,IWM,0
2009-01-30,QQQ,0
2009-01-30,SPY,0
2009-01-30,TLT,0.16666666666666666
2009-02-02,EEM,0
2009-02-02,EFA,0
2009-02-02,GLD,0.83333333333333337
2009-02-02,IWM,0
2009-02-02,QQQ,0
2009-02-02,SPY,0
2009-02-02,TLT,0.16666666666666666
2009-02-03,EEM,0
2009-02-03,EFA,0
2009-02-03,GLD,0.83333333333333337
2009-02-03,IWM,0
2009-02-03,QQQ,0
2009-02-03,SPY,0
2009-02-03,TLT,0.16666666666666666
2009-02-04,EEM,0
2009-02-04,EFA,0
2009-02-04,GLD,0.83333333333333337
2009-02-04,IWM,0
2009-02-04,QQQ,0
2009-02-04,SPY,0
2009-02-04,TLT,0.16666666666666666
2009-02-05,EEM,0
2009-02-05,EFA,0
2009-02-05,GLD,0.83333333333333337
2009-02-05,IWM,0
2009-02-05,QQQ,0
2009-02-05,SPY,0
2009-02-05,TLT,0.16666666666666666
2009-02-06,EEM,0
2009-02-06,EFA,0
2009-02-06,GLD,0.83333333333333337
2009-02-06,IWM,0
2009-02-06,QQQ,0
2009-02-06,SPY,0
2009-02-06,TLT,0.16666666666666666
2009-02-09,EEM,0
2009-02-09,EFA,0
2009-02-09,GLD,0.83333333333333337
2009-02-09,IWM,0
2009-02-09,QQQ,0
2009-02-09,SPY,0
2009-02-09,TLT,0.16666666666666666
2009-02-10,EEM,0
2009-02-10,EFA,0
2009-02-10,GLD,0.83333333333333337
2009-02-10,IWM,0
2009-02-10,QQQ,0
2009-02-10,SPY,0
2009-02-10,TLT,0.16666666666666666
2009-02-11,EEM,0
2009-02-11,EFA,0
2009-02-11,GLD,0.83333333333333337
2009-02-11,IWM,0
2009-02-11,QQQ,0
2009-02-11,SPY,0
2009-02-11,TLT,0.16666666666666666
2009-02-12,EEM,0.16666666666666666
2009-02-12,EFA,0
2009-02-12,GLD,0.5
2009-02-12,IWM,0
2009-02-12,QQQ,0.16666666666666666
2009-02-12,SPY,0
2009-02-12,TLT,0.16666666666666666
2009-02-13,EEM,0.16666666666666666
2009-02-13,EFA,0
2009-02-13,GLD,0.5
2009-02-13,IWM,0
2009-02-13,QQQ,0.16666666666666666
2009-02-13,SPY,0
2009-02-13,TLT,0.16666666666666666
2009-02-17,EEM,0.16666666666666666
2009-02-17,EFA,0
2009-02-17,GLD,0.5
2009-02-17,IWM,0
2009-02-17,QQQ,0.16666666666666666
2009-02-17,SPY,0
2009-02-17,TLT,0.16666666666666666
2009-02-18,EEM,0.16666666666666666
2009-02-18,EFA,0
2009-02-18,GLD,0.5
2009-02-18,IWM,0
2009-02-18,QQQ,0.16666666666666666
2009-02-18,SPY,0
2009-02-18,TLT,0.16666666666666666
2009-02-19,EEM,0.16666666666666666
2009-02-19,EFA,0
2009-02-19,GLD,0.5
2009-02-19,IWM,0
2009-02-19,QQQ,0.16666666666666666
2009-02-19,SPY,0
2009-02-19,TLT,0.16666666666666666
2009-02-20,EEM,0
2009-02-20,EFA,0
2009-02-20,GLD,0.66666666666666663
2009-02-20,IWM,0
2009-02-20,QQQ,0.16666666666666666
2009-02-20,SPY,0
2009-02-20,TLT,0.16666666666666666
2009-02-23,EEM,0
2009-02-23,EFA,0
2009-02-23,GLD,0.66666666666666663
2009-02-23,IWM,0
2009-02-23,QQQ,0.16666666666666666
2009-02-23,SPY,0
2009-02-23,TLT,0.16666666666666666
2009-02-24,EEM,0
2009-02-24,EFA,0
2009-02-24,GLD,0.66666666666666663
2009-02-24,IWM,0
2009-02-24,QQQ,0.16666666666666666
2009-02-24,SPY,0
2009-02-24,TLT,0.16666666666666666
2009-02-25,EEM,0
2009-02-25,EFA,0
2009-02-25,GLD,0.66666666666666663
2009-02-25,IWM,0
2009-02-25,QQQ,0.16666666666666666
2009-02-25,SPY,0
2009-02-25,TLT,0.16666666666666666
2009-02-26,EEM,0
2009-02-26,EFA,0
2009-02-26,GLD,0.66666666666666663
2009-02-26,IWM,0
2009-02-26,QQQ,0.16666666666666666
2009-02-26,SPY,0
2009-02-26,TLT,0.16666666666666666
2009-02-27,EEM,0
2009-02-27,EFA,0
2009-02-27,GLD,1
2009-02-27,IWM,0
2009-02-27,QQQ,0
2009-02-27,SPY,0
2009-02-27,TLT,0
2009-03-02,EEM,0
2009-03-02,EFA,0
2009-03-02,GLD,1
2009-03-02,IWM,0
2009-03-02,QQQ,0
2009-03-02,SPY,0
2009-03-02,TLT,0
2009-03-03,EEM,0
2009-03-03,EFA,0
2009-03-03,GLD,1
2009-03-03,IWM,0
2009-03-03,QQQ,0
2009-03-03,SPY,0
2009-03-03,TLT,0
2009-03-04,EEM,0
2009-03-04,EFA,0
2009-03-04,GLD,1
2009-03-04,IWM,0
2009-03-04,QQQ,0
2009-03-04,SPY,0
2009-03-04,TLT,0
2009-03-05,EEM,0
2009-03-05,EFA,0
2009-03-05,GLD,1
2009-03-05,IWM,0
2009-03-05,QQQ,0
2009-03-05,SPY,0
2009-03-05,TLT,0
2009-03-06,EEM,0
2009-03-06,EFA,0
2009-03-06,GLD,1
2009-03-06,IWM,0
2009-03-06,QQQ,0
2009-03-06,SPY,0
2009-03-06,TLT,0
2009-03-09,EEM,0
2009-03-09,EFA,0
2009-03-09,GLD,1
2009-03-09,IWM,0
2009-03-09,QQQ,0
2009-03-09,SPY,0
2009-03-09,TLT,0
2009-03-10,EEM,0
2009-03-10,EFA,0
2009-03-10,GLD,1
2009-03-10,IWM,0
2009-03-10,QQQ,0
2009-03-10,SPY,0
2009-03-10,TLT,0
2009-03-11,EEM,0
2009-03-11,EFA,0
2009-03-11,GLD,1
2009-03-11,IWM,0
2009-03-11,QQQ,0
2009-03-11,SPY,0
2009-03-11,TLT,0
2009-03-12,EEM,0
2009-03-12,EFA,0
2009-03-12,GLD,1
2009-03-12,IWM,0
2009-03-12,QQQ,0
2009-03-12,SPY,0
2009-03-12,TLT,0
2009-03-13,EEM,0
2009-03-13,EFA,0
2009-03-13,GLD,1
2009-03-13,IWM,0
2009-03-13,QQQ,0
2009-03-13,SPY,0
2009-03-13,TLT,0
2009-03-16,EEM,0
2009-03-16,EFA,0
2009-03-16,GLD,1
2009-03-16,IWM,0
2009-03-16,QQQ,0
2009-03-16,SPY,0
2009-03-16,TLT,0
2009-03-17,EEM,0
2009-03-17,EFA,0
2009-03-17,GLD,1
2009-03-17,IWM,0
2009-03-17,QQQ,0
2009-03-17,SPY,0
2009-03-17,TLT,0
2009-03-18,EEM,0
2009-03-18,EFA,0
2009-03-18,GLD,1
2009-03-18,IWM,0
2009-03-18,QQQ,0
2009-03-18,SPY,0
2009-03-18,TLT,0
2009-03-19,EEM,0
2009-03-19,EFA,0
2009-03-19,GLD,1
2009-03-19,IWM,0
2009-03-19,QQQ,0
2009-03-19,SPY,0
2009-03-19,TLT,0
2009-03-20,EEM,0
2009-03-20,EFA,0
2009-03-20,GLD,1
2009-03-20,IWM,0
2009-03-20,QQQ,0
2009-03-20,SPY,0
2009-03-20,TLT,0
2009-03-23,EEM,0
2009-03-23,EFA,0
2009-03-23,GLD,1
2009-03-23,IWM,0
2009-03-23,QQQ,0
2009-03-23,SPY,0
2009-03-23,TLT,0
2009-03-24,EEM,0
2009-03-24,EFA,0
2009-03-24,GLD,1
2009-03-24,IWM,0
2009-03-24,QQQ,0
2009-03-24,SPY,0
2009-03-24,TLT,0
2009-03-25,EEM,0
2009-03-25,EFA,0
2009-03-25,GLD,1
2009-03-25,IWM,0
2009-03-25,QQQ,0
2009-03-25,SPY,0
2009-03-25,TLT,0
2009-03-26,EEM,0
2009-03-26,EFA,0
2009-03-26,GLD,1
2009-03-26,IWM,0
2009-03-26,QQQ,0
2009-03-26,SPY,0
2009-03-26,TLT,0
2009-03-27,EEM,0.16666666666666666
2009-03-27,EFA,0
2009-03-27,GLD,0.66666666666666663
2009-03-27,IWM,0
2009-03-27,QQQ,0.16666666666666666
2009-03-27,SPY,0
2009-03-27,TLT,0
2009-03-30,EEM,0.16666666666666666
2009-03-30,EFA,0
2009-03-30,GLD,0.66666666666666663
2009-03-30,IWM,0
2009-03-30,QQQ,0.16666666666666666
2009-03-30,SPY,0
2009-03-30,TLT,0
2009-03-31,EEM,0.16666666666666666
2009-03-31,EFA,0
2009-03-31,GLD,0.66666666666666663
2009-03-31,IWM,0
2009-03-31,QQQ,0.16666666666666666
2009-03-31,SPY,0
2009-03-31,TLT,0
2009-04-01,EEM,0.16666666666666666
2009-04-01,EFA,0
2009-04-01,GLD,0.66666666666666663
2009-04-01,IWM,0
2009-04-01,QQQ,0.16666666666666666
2009-04-01,SPY,0
2009-04-01,TLT,0
2009-04-02,EEM,0.16666666666666666
2009-04-02,EFA,0
2009-04-02,GLD,0.66666666666666663
2009-04-02,IWM,0
2009-04-02,QQQ,0.16666666666666666
2009-04-02,SPY,0
2009-04-02,TLT,0
2009-04-03,EEM,0.16666666666666666
2009-04-03,EFA,0
2009-04-03,GLD,0.66666666666666663
2009-04-03,IWM,0
2009-04-03,QQQ,0.16666666666666666
2009-04-03,SPY,0
2009-04-03,TLT,0
2009-04-06,EEM,0.16666666666666666
2009-04-06,EFA,0
2009-04-06,GLD,0.66666666666666663
2009-04-06,IWM,0
2009-04-06,QQQ,0.16666666666666666
2009-04-06,SPY,0
2009-04-06,TLT,0
2009-04-07,EEM,0.16666666666666666
2009-04-07,EFA,0
2009-04-07,GLD,0.66666666666666663
2009-04-07,IWM,0
2009-04-07,QQQ,0.16666666666666666
2009-04-07,SPY,0
2009-04-07,TLT,0
2009-04-08,EEM,0.16666666666666666
2009-04-08,EFA,0
2009-04-08,GLD,0.66666666666666663
2009-04-08,IWM,0
2009-04-08,QQQ,0.16666666666666666
2009-04-08,SPY,0
2009-04-08,TLT,0
2009-04-09,EEM,0.16666666666666666
2009-04-09,EFA,0
2009-04-09,GLD,0.66666666666666663
2009-04-09,IWM,0
2009-04-09,QQQ,0.16666666666666666
2009-04-09,SPY,0
2009-04-09,TLT,0
2009-04-13,EEM,0.16666666666666666
2009-04-13,EFA,0
2009-04-13,GLD,0.66666666666666663
2009-04-13,IWM,0
2009-04-13,QQQ,0.16666666666666666
2009-04-13,SPY,0
2009-04-13,TLT,0
2009-04-14,EEM,0.16666666666666666
2009-04-14,EFA,0
2009-04-14,GLD,0.66666666666666663
2009-04-14,IWM,0
2009-04-14,QQQ,0.16666666666666666
2009-04-14,SPY,0
2009-04-14,TLT,0
2009-04-15,EEM,0.16666666666666666
2009-04-15,EFA,0
2009-04-15,GLD,0.66666666666666663
2009-04-15,IWM,0
2009-04-15,QQQ,0.16666666666666666
2009-04-15,SPY,0
2009-04-15,TLT,0
2009-04-16,EEM,0.16666666666666666
2009-04-16,EFA,0
2009-04-16,GLD,0.66666666666666663
2009-04-16,IWM,0
2009-04-16,QQQ,0.16666666666666666
2009-04-16,SPY,0
2009-04-16,TLT,0
2009-04-17,EEM,0.16666666666666666
2009-04-17,EFA,0
2009-04-17,GLD,0.66666666666666663
2009-04-17,IWM,0
2009-04-17,QQQ,0.16666666666666666
2009-04-17,SPY,0
2009-04-17,TLT,0
2009-04-20,EEM,0.16666666666666666
2009-04-20,EFA,0
2009-04-20,GLD,0.66666666666666663
2009-04-20,IWM,0
2009-04-20,QQQ,0.16666666666666666
2009-04-20,SPY,0
2009-04-20,TLT,0
2009-04-21,EEM,0.16666666666666666
2009-04-21,EFA,0
2009-04-21,GLD,0.66666666666666663
2009-04-21,IWM,0
2009-04-21,QQQ,0.16666666666666666
2009-04-21,SPY,0
2009-04-21,TLT,0
2009-04-22,EEM,0.16666666666666666
2009-04-22,EFA,0
2009-04-22,GLD,0.66666666666666663
2009-04-22,IWM,0
2009-04-22,QQQ,0.16666666666666666
2009-04-22,SPY,0
2009-04-22,TLT,0
2009-04-23,EEM,0.16666666666666666
2009-04-23,EFA,0
2009-04-23,GLD,0.66666666666666663
2009-04-23,IWM,0
2009-04-23,QQQ,0.16666666666666666
2009-04-23,SPY,0
2009-04-23,TLT,0
2009-04-24,EEM,0.16666666666666666
2009-04-24,EFA,0
2009-04-24,GLD,0.66666666666666663
2009-04-24,IWM,0
2009-04-24,QQQ,0.16666666666666666
2009-04-24,SPY,0
2009-04-24,TLT,0
2009-04-27,EEM,0.16666666666666666
2009-04-27,EFA,0.16666666666666666
2009-04-27,GLD,0.16666666666666666
2009-04-27,IWM,0.16666666666666666
2009-04-27,QQQ,0.16666666666666666
2009-04-27,SPY,0.16666666666666666
2009-04-27,TLT,0
2009-04-28,EEM,0.16666666666666666
2009-04-28,EFA,0.16666666666666666
2009-04-28,GLD,0.16666666666666666
2009-04-28,IWM,0.16666666666666666
2009-04-28,QQQ,0.16666666666666666
2009-04-28,SPY,0.16666666666666666
2009-04-28,TLT,0
2009-04-29,EEM,0.16666666666666666
2009-04-29,EFA,0.16666666666666666
2009-04-29,GLD,0.16666666666666666
2009-04-29,IWM,0.16666666666666666
2009-04-29,QQQ,0.16666666666666666
2009-04-29,SPY,0.16666666666666666
2009-04-29,TLT,0
2009-04-30,EEM,0.16666666666666666
2009-04-30,EFA,0.16666666666666666
2009-04-30,GLD,0.16666666666666666
2009-04-30,IWM,0.16666666666666666
2009-04-30,QQQ,0.16666666666666666
2009-04-30,SPY,0.16666666666666666
2009-04-30,TLT,0
2009-05-01,EEM,0.16666666666666666
2009-05-01,EFA,0.16666666666666666
2009-05-01,GLD,0.16666666666666666
2009-05-01,IWM,0.16666666666666666
2009-05-01,QQQ,0.16666666666666666
2009-05-01,SPY,0.16666666666666666
2009-05-01,TLT,0
2009-05-04,EEM,0.16666666666666666
2009-05-04,EFA,0.16666666666666666
2009-05-04,GLD,0.16666666666666666
2009-05-04,IWM,0.16666666666666666
2009-05-04,QQQ,0.16666666666666666
2009-05-04,SPY,0.16666666666666666
2009-05-04,TLT,0
2009-05-05,EEM,0.16666666666666666
2009-05-05,EFA,0.16666666666666666
2009-05-05,GLD,0.16666666666666666
2009-05-05,IWM,0.16666666666666666
2009-05-05,QQQ,0.16666666666666666
2009-05-05,SPY,0.16666666666666666
2009-05-05,TLT,0
2009-05-06,EEM,0.16666666666666666
2009-05-06,EFA,0.16666666666666666
2009-05-06,GLD,0.16666666666666666
2009-05-06,IWM,0.16666666666666666
2009-05-06,QQQ,0.16666666666666666
2009-05-06,SPY,0.16666666666666666
2009-05-06,TLT,0
2009-05-07,EEM,0.16666666666666666
2009-05-07,EFA,0.16666666666666666
2009-05-07,GLD,0.16666666666666666
2009-05-07,IWM,0.16666666666666666
2009-05-07,QQQ,0.16666666666666666
2009-05-07,SPY,0.16666666666666666
2009-05-07,TLT,0
2009-05-08,EEM,0.16666666666666666
2009-05-08,EFA,0.16666666666666666
2009-05-08,GLD,0.16666666666666666
2009-05-08,IWM,0.16666666666666666
2009-05-08,QQQ,0.16666666666666666
2009-05-08,SPY,0.16666666666666666
2009-05-08,TLT,0
2009-05-11,EEM,0.16666666666666666
2009-05-11,EFA,0.16666666666666666
2009-05-11,GLD,0.16666666666666666
2009-05-11,IWM,0.16666666666666666
2009-05-11,QQQ,0.16666666666666666
2009-05-11,SPY,0.16666666666666666
2009-05-11,TLT,0
2009-05-12,EEM,0.16666666666666666
2009-05-12,EFA,0.16666666666666666
2009-05-12,GLD,0.16666666666666666
2009-05-12,IWM,0.16666666666666666
2009-05-12,QQQ,0.16666666666666666
2009-05-12,SPY,0.16666666666666666
2009-05-12,TLT,0
2009-05-13,EEM,0.16666666666666666
2009-05-13,EFA,0.16666666666666666
2009-05-13,GLD,0.16666666666666666
2009-05-13,IWM,0.16666666666666666
2009-05-13,QQQ,0.16666666666666666
2009-05-13,SPY,0.16666666666666666
2009-05-13,TLT,0
2009-05-14,EEM,0.16666666666666666
2009-05-14,EFA,0.16666666666666666
2009-05-14,GLD,0.16666666666666666
2009-05-14,IWM,0.16666666666666666
2009-05-14,QQQ,0.16666666666666666
2009-05-14,SPY,0.16666666666666666
2009-05-14,TLT,0
2009-05-15,EEM,0.16666666666666666
2009-05-15,EFA,0.16666666666666666
2009-05-15,GLD,0.16666666666666666
2009-05-15,IWM,0.16666666666666666
2009-05-15,QQQ,0.16666666666666666
2009-05-15,SPY,0.16666666666666666
2009-05-15,TLT,0
2009-05-18,EEM,0.16666666666666666
2009-05-18,EFA,0.16666666666666666
2009-05-18,GLD,0.16666666666666666
2009-05-18,IWM,0.16666666666666666
2009-05-18,QQQ,0.16666666666666666
2009-05-18,SPY,0.16666666666666666
2009-05-18,TLT,0
2009-05-19,EEM,0.16666666666666666
2009-05-19,EFA,0.16666666666666666
2009-05-19,GLD,0.16666666666666666
2009-05-19,IWM,0.16666666666666666
2009-05-19,QQQ,0.16666666666666666
2009-05-19,SPY,0.16666666666666666
2009-05-19,TLT,0
2009-05-20,EEM,0.16666666666666666
2009-05-20,EFA,0.16666666666666666
2009-05-20,GLD,0.16666666666666666
2009-05-20,IWM,0.16666666666666666
2009-05-20,QQQ,0.16666666666666666
2009-05-20,SPY,0.16666666666666666
2009-05-20,TLT,0
2009-05-21,EEM,0.16666666666666666
2009-05-21,EFA,0.16666666666666666
2009-05-21,GLD,0.16666666666666666
2009-05-21,IWM,0.16666666666666666
2009-05-21,QQQ,0.16666666666666666
2009-05-21,SPY,0.16666666666666666
2009-05-21,TLT,0
2009-05-22,EEM,0.16666666666666666
2009-05-22,EFA,0.16666666666666666
2009-05-22,GLD,0.16666666666666666
2009-05-22,IWM,0.16666666666666666
2009-05-22,QQQ,0.16666666666666666
2009-05-22,SPY,0.16666666666666666
2009-05-22,TLT,0
2009-05-26,EEM,0.16666666666666666
2009-05-26,EFA,0.16666666666666666
2009-05-26,GLD,0.16666666666666666
2009-05-26,IWM,0.16666666666666666
2009-05-26,QQQ,0.16666666666666666
2009-05-26,SPY,0.16666666666666666
2009-05-26,TLT,0
2009-05-27,EEM,0.16666666666666666
2009-05-27,EFA,0.16666666666666666
2009-05-27,GLD,0.16666666666666666
2009-05-27,IWM,0.16666666666666666
2009-05-27,QQQ,0.16666666666666666
2009-05-27,SPY,0.16666666666666666
2009-05-27,TLT,0
2009-05-28,EEM,0.16666666666666666
2009-05-28,EFA,0.16666666666666666
2009-05-28,GLD,0.16666666666666666
2009-05-28,IWM,0.16666666666666666
2009-05-28,QQQ,0.16666666666666666
2009-05-28,SPY,0.16666666666666666
2009-05-28,TLT,0
2009-05-29,EEM,0.16666666666666666
2009-05-29,EFA,0.16666666666666666
2009-05-29,GLD,0.16666666666666666
2009-05-29,IWM,0.16666666666666666
2009-05-29,QQQ,0.16666666666666666
2009-05-29,SPY,0.16666666666666666
2009-05-29,TLT,0
2009-06-01,EEM,0.16666666666666666
2009-06-01,EFA,0.16666666666666666
2009-06-01,GLD,0.16666666666666666
2009-06-01,IWM,0.16666666666666666
2009-06-01,QQQ,0.16666666666666666
2009-06-01,SPY,0.16666666666666666
2009-06-01,TLT,0
2009-06-02,EEM,0.16666666666666666
2009-06-02,EFA,0.16666666666666666
2009-06-02,GLD,0.16666666666666666
2009-06-02,IWM,0.16666666666666666
2009-06-02,QQQ,0.16666666666666666
2009-06-02,SPY,0.16666666666666666
2009-06-02,TLT,0
2009-06-03,EEM,0.16666666666666666
2009-06-03,EFA,0.16666666666666666
2009-06-03,GLD,0.16666666666666666
2009-06-03,IWM,0.16666666666666666
2009-06-03,QQQ,0.16666666666666666
2009-06-03,SPY,0.16666666666666666
2009-06-03,TLT,0
2009-06-04,EEM,0.16666666666666666
2009-06-04,EFA,0.16666666666666666
2009-06-04,GLD,0.16666666666666666
2009-06-04,IWM,0.16666666666666666
2009-06-04,QQQ,0.16666666666666666
2009-06-04,SPY,0.16666666666666666
2009-06-04,TLT,0
2009-06-05,EEM,0.16666666666666666
2009-06-05,EFA,0.16666666666666666
2009-06-05,GLD,0.16666666666666666
2009-06-05,IWM,0.16666666666666666
2009-06-05,QQQ,0.16666666666666666
2009-06-05,SPY,0.16666666666666666
2009-06-05,TLT,0
2009-06-08,EEM,0.16666666666666666
2009-06-08,EFA,0.16666666666666666
2009-06-08,GLD,0.16666666666666666
2009-06-08,IWM,0.16666666666666666
2009-06-08,QQQ,0.16666666666666666
2009-06-08,SPY,0.16666666666666666
2009-06-08,TLT,0
2009-06-09,EEM,0.16666666666666666
2009-06-09,EFA,0.16666666666666666
2009-06-09,GLD,0.16666666666666666
2009-06-09,IWM,0.16666666666666666
2009-06-09,QQQ,0.16666666666666666
2009-06-09,SPY,0.16666666666666666
2009-06-09,TLT,0
2009-06-10,EEM,0.16666666666666666
2009-06-10,EFA,0.16666666666666666
2009-06-10,GLD,0.16666666666666666
2009-06-10,IWM,0.16666666666666666
2009-06-10,QQQ,0.16666666666666666
2009-06-10,SPY,0.16666666666666666
2009-06-10,TLT,0
2009-06-11,EEM,0.16666666666666666
2009-06-11,EFA,0.16666666666666666
2009-06-11,GLD,0.16666666666666666
2009-06-11,IWM,0.16666666666666666
2009-06-11,QQQ,0.16666666666666666
2009-06-11,SPY,0.16666666666666666
2009-06-11,TLT,0
2009-06-12,EEM,0.16666666666666666
2009-06-12,EFA,0.16666666666666666
2009-06-12,GLD,0.16666666666666666
2009-06-12,IWM,0.16666666666666666
2009-06-12,QQQ,0.16666666666666666
2009-06-12,SPY,0.16666666666666666
2009-06-12,TLT,0
2009-06-15,EEM,0.16666666666666666
2009-06-15,EFA,0.16666666666666666
2009-06-15,GLD,0.16666666666666666
2009-06-15,IWM,0.16666666666666666
2009-06-15,QQQ,0.16666666666666666
2009-06-15,SPY,0.16666666666666666
2009-06-15,TLT,0
2009-06-16,EEM,0.16666666666666666
2009-06-16,EFA,0.16666666666666666
2009-06-16,GLD,0.16666666666666666
2009-06-16,IWM,0.16666666666666666
2009-06-16,QQQ,0.16666666666666666
2009-06-16,SPY,0.16666666666666666
2009-06-16,TLT,0
2009-06-17,EEM,0.16666666666666666
2009-06-17,EFA,0.16666666666666666
2009-06-17,GLD,0.16666666666666666
2009-06-17,IWM,0.16666666666666666
2009-06-17,QQQ,0.16666666666666666
2009-06-17,SPY,0.16666666666666666
2009-06-17,TLT,0
2009-06-18,EEM,0.16666666666666666
2009-06-18,EFA,0.16666666666666666
2009-06-18,GLD,0.16666666666666666
2009-06-18,IWM,0.16666666666666666
2009-06-18,QQQ,0.16666666666666666
2009-06-18,SPY,0.16666666666666666
2009-06-18,TLT,0
2009-06-19,EEM,0.16666666666666666
2009-06-19,EFA,0.16666666666666666
2009-06-19,GLD,0.16666666666666666
2009-06-19,IWM,0.16666666666666666
2009-06-19,QQQ,0.16666666666666666
2009-06-19,SPY,0.16666666666666666
2009-06-19,TLT,0
2009-06-22,EEM,0.16666666666666666
2009-06-22,EFA,0.16666666666666666
2009-06-22,GLD,0.16666666666666666
2009-06-22,IWM,0.16666666666666666
2009-06-22,QQQ,0.16666666666666666
2009-06-22,SPY,0.16666666666666666
2009-06-22,TLT,0
2009-06-23,EEM,0.16666666666666666
2009-06-23,EFA,0.16666666666666666
2009-06-23,GLD,0.16666666666666666
2009-06-23,IWM,0.16666666666666666
2009-06-23,QQQ,0.16666666666666666
2009-06-23,SPY,0.16666666666666666
2009-06-23,TLT,0
2009-06-24,EEM,0.16666666666666666
2009-06-24,EFA,0.16666666666666666
2009-06-24,GLD,0.16666666666666666
2009-06-24,IWM,0.16666666666666666
2009-06-24,QQQ,0.16666666666666666
2009-06-24,SPY,0.16666666666666666
2009-06-24,TLT,0
2009-06-25,EEM,0.16666666666666666
2009-06-25,EFA,0.16666666666666666
2009-06-25,GLD,0.16666666666666666
2009-06-25,IWM,0.16666666666666666
2009-06-25,QQQ,0.16666666666666666
2009-06-25,SPY,0.16666666666666666
2009-06-25,TLT,0
2009-06-26,EEM,0.16666666666666666
2009-06-26,EFA,0.16666666666666666
2009-06-26,GLD,0.16666666666666666
2009-06-26,IWM,0.16666666666666666
2009-06-26,QQQ,0.16666666666666666
2009-06-26,SPY,0.16666666666666666
2009-06-26,TLT,0
2009-06-29,EEM,0.16666666666666666
2009-06-29,EFA,0.16666666666666666
2009-06-29,GLD,0.16666666666666666
2009-06-29,IWM,0.16666666666666666
2009-06-29,QQQ,0.16666666666666666
2009-06-29,SPY,0.16666666666666666
2009-06-29,TLT,0
2009-06-30,EEM,0.16666666666666666
2009-06-30,EFA,0.16666666666666666
2009-06-30,GLD,0.16666666666666666
2009-06-30,IWM,0.16666666666666666
2009-06-30,QQQ,0.16666666666666666
2009-06-30,SPY,0.16666666666666666
2009-06-30,TLT,0
2009-07-01,EEM,0.16666666666666666
2009-07-01,EFA,0.16666666666666666
2009-07-01,GLD,0.16666666666666666
2009-07-01,IWM,0.16666666666666666
2009-07-01,QQQ,0.16666666666666666
2009-07-01,SPY,0.16666666666666666
2009-07-01,TLT,0
2009-07-02,EEM,0.16666666666666666
2009-07-02,EFA,0.16666666666666666
2009-07-02,GLD,0.16666666666666666
2009-07-02,IWM,0.16666666666666666
2009-07-02,QQQ,0.16666666666666666
2009-07-02,SPY,0.16666666666666666
2009-07-02,TLT,0
2009-07-06,EEM,0.16666666666666666
2009-07-06,EFA,0.16666666666666666
2009-07-06,GLD,0.16666666666666666
2009-07-06,IWM,0.16666666666666666
2009-07-06,QQQ,0.16666666666666666
2009-07-06,SPY,0.16666666666666666
2009-07-06,TLT,0
2009-07-07,EEM,0.16666666666666666
2009-07-07,EFA,0.16666666666666666
2009-07-07,GLD,0.16666666666666666
2009-07-07,IWM,0.16666666666666666
2009-07-07,QQQ,0.16666666666666666
2009-07-07,SPY,0.16666666666666666
2009-07-07,TLT,0
2009-07-08,EEM,0.16666666666666666
2009-07-08,EFA,0.16666666666666666
2009-07-08,GLD,0.16666666666666666
2009-07-08,IWM,0.16666666666666666
2009-07-08,QQQ,0.16666666666666666
2009-07-08,SPY,0.16666666666666666
2009-07-08,TLT,0
2009-07-09,EEM,0.16666666666666666
2009-07-09,EFA,0.16666666666666666
2009-07-09,GLD,0.16666666666666666
2009-07-09,IWM,0.16666666666666666
2009-07-09,QQQ,0.16666666666666666
2009-07-09,SPY,0.16666666666666666
2009-07-09,TLT,0
2009-07-10,EEM,0.16666666666666666
2009-07-10,EFA,0.16666666666666666
2009-07-10,GLD,0.16666666666666666
2009-07-10,IWM,0.16666666666666666
2009-07-10,QQQ,0.16666666666666666
2009-07-10,SPY,0.16666666666666666
2009-07-10,TLT,0
2009-07-13,EEM,0.16666666666666666
2009-07-13,EFA,0.16666666666666666
2009-07-13,GLD,0.16666666666666666
2009-07-13,IWM,0.16666666666666666
2009-07-13,QQQ,0.16666666666666666
2009-07-13,SPY,0.16666666666666666
2009-07-13,TLT,0
2009-07-14,EEM,0.16666666666666666
2009-07-14,EFA,0.16666666666666666
2009-07-14,GLD,0.16666666666666666
2009-07-14,IWM,0.16666666666666666
2009-07-14,QQQ,0.16666666666666666
2009-07-14,SPY,0.16666666666666666
2009-07-14,TLT,0
2009-07-15,EEM,0.16666666666666666
2009-07-15,EFA,0.16666666666666666
2009-07-15,GLD,0.16666666666666666
2009-07-15,IWM,0.16666666666666666
2009-07-15,QQQ,0.16666666666666666
2009-07-15,SPY,0.16666666666666666
2009-07-15,TLT,0
2009-07-16,EEM,0.16666666666666666
2009-07-16,EFA,0.16666666666666666
2009-07-16,GLD,0.16666666666666666
2009-07-16,IWM,0.16666666666666666
2009-07-16,QQQ,0.16666666666666666
2009-07-16,SPY,0.16666666666666666
2009-07-16,TLT,0
2009-07-17,EEM,0.16666666666666666
2009-07-17,EFA,0.16666666666666666
2009-07-17,GLD,0.16666666666666666
2009-07-17,IWM,0.16666666666666666
2009-07-17,QQQ,0.16666666666666666
2009-07-17,SPY,0.16666666666666666
2009-07-17,TLT,0
2009-07-20,EEM,0.16666666666666666
2009-07-20,EFA,0.16666666666666666
2009-07-20,GLD,0.16666666666666666
2009-07-20,IWM,0.16666666666666666
2009-07-20,QQQ,0.16666666666666666
2009-07-20,SPY,0.16666666666666666
2009-07-20,TLT,0
2009-07-21,EEM,0.16666666666666666
2009-07-21,EFA,0.16666666666666666
2009-07-21,GLD,0.16666666666666666
2009-07-21,IWM,0.16666666666666666
2009-07-21,QQQ,0.16666666666666666
2009-07-21,SPY,0.16666666666666666
2009-07-21,TLT,0
2009-07-22,EEM,0.16666666666666666
2009-07-22,EFA,0.16666666666666666
2009-07-22,GLD,0.16666666666666666
2009-07-22,IWM,0.16666666666666666
2009-07-22,QQQ,0.16666666666666666
2009-07-22,SPY,0.16666666666666666
2009-07-22,TLT,0
2009-07-23,EEM,0.16666666666666666
2009-07-23,EFA,0.16666666666666666
2009-07-23,GLD,0.16666666666666666
2009-07-23,IWM,0.16666666666666666
2009-07-23,QQQ,0.16666666666666666
2009-07-23,SPY,0.16666666666666666
2009-07-23,TLT,0
2009-07-24,EEM,0.16666666666666666
2009-07-24,EFA,0.16666666666666666
2009-07-24,GLD,0.16666666666666666
2009-07-24,IWM,0.16666666666666666
2009-07-24,QQQ,0.16666666666666666
2009-07-24,SPY,0.16666666666666666
2009-07-24,TLT,0
2009-07-27,EEM,0.16666666666666666
2009-07-27,EFA,0.16666666666666666
2009-07-27,GLD,0.16666666666666666
2009-07-27,IWM,0.16666666666666666
2009-07-27,QQQ,0.16666666666666666
2009-07-27,SPY,0.16666666666666666
2009-07-27,TLT,0
2009-07-28,EEM,0.16666666666666666
2009-07-28,EFA,0.16666666666666666
2009-07-28,GLD,0.16666666666666666
2009-07-28,IWM,0.16666666666666666
2009-07-28,QQQ,0.16666666666666666
2009-07-28,SPY,0.16666666666666666
2009-07-28,TLT,0
2009-07-29,EEM,0.16666666666666666
2009-07-29,EFA,0.16666666666666666
2009-07-29,GLD,0.16666666666666666
2009-07-29,IWM,0.16666666666666666
2009-07-29,QQQ,0.16666666666666666
2009-07-29,SPY,0.16666666666666666
2009-07-29,TLT,0
2009-07-30,EEM,0.16666666666666666
2009-07-30,EFA,0.16666666666666666
2009-07-30,GLD,0.16666666666666666
2009-07-30,IWM,0.16666666666666666
2009-07-30,QQQ,0.16666666666666666
2009-07-30,SPY,0.16666666666666666
2009-07-30,TLT,0
2009-07-31,EEM,0.16666666666666666
2009-07-31,EFA,0.16666666666666666
2009-07-31,GLD,0.16666666666666666
2009-07-31,IWM,0.16666666666666666
2009-07-31,QQQ,0.16666666666666666
2009-07-31,SPY,0.16666666666666666
2009-07-31,TLT,0
2009-08-03,EEM,0.16666666666666666
2009-08-03,EFA,0.16666666666666666
2009-08-03,GLD,0.16666666666666666
2009-08-03,IWM,0.16666666666666666
2009-08-03,QQQ,0.16666666666666666
2009-08-03,SPY,0.16666666666666666
2009-08-03,TLT,0
2009-08-04,EEM,0.16666666666666666
2009-08-04,EFA,0.16666666666666666
2009-08-04,GLD,0.16666666666666666
2009-08-04,IWM,0.16666666666666666
2009-08-04,QQQ,0.16666666666666666
2009-08-04,SPY,0.16666666666666666
2009-08-04,TLT,0
2009-08-05,EEM,0.16666666666666666
2009-08-05,EFA,0.16666666666666666
2009-08-05,GLD,0.16666666666666666
2009-08-05,IWM,0.16666666666666666
2009-08-05,QQQ,0.16666666666666666
2009-08-05,SPY,0.16666666666666666
2009-08-05,TLT,0
2009-08-06,EEM,0.16666666666666666
2009-08-06,EFA,0.16666666666666666
2009-08-06,GLD,0.16666666666666666
2009-08-06,IWM,0.16666666666666666
2009-08-06,QQQ,0.16666666666666666
2009-08-06,SPY,0.16666666666666666
2009-08-06,TLT,0
2009-08-07,EEM,0.16666666666666666
2009-08-07,EFA,0.16666666666666666
2009-08-07,GLD,0.16666666666666666
2009-08-07,IWM,0.16666666666666666
2009-08-07,QQQ,0.16666666666666666
2009-08-07,SPY,0.16666666666666666
2009-08-07,TLT,0
2009-08-10,EEM,0.16666666666666666
2009-08-10,EFA,0.16666666666666666
2009-08-10,GLD,0.16666666666666666
2009-08-10,IWM,0.16666666666666666
2009-08-10,QQQ,0.16666666666666666
2009-08-10,SPY,0.16666666666666666
2009-08-10,TLT,0
2009-08-11,EEM,0.16666666666666666
2009-08-11,EFA,0.16666666666666666
2009-08-11,GLD,0.16666666666666666
2009-08-11,IWM,0.16666666666666666
2009-08-11,QQQ,0.16666666666666666
2009-08-11,SPY,0.16666666666666666
2009-08-11,TLT,0
2009-08-12,EEM,0.16666666666666666
2009-08-12,EFA,0.16666666666666666
2009-08-12,GLD,0.16666666666666666
2009-08-12,IWM,0.16666666666666666
2009-08-12,QQQ,0.16666666666666666
2009-08-12,SPY,0.16666666666666666
2009-08-12,TLT,0
2009-08-13,EEM,0.16666666666666666
2009-08-13,EFA,0.16666666666666666
2009-08-13,GLD,0.16666666666666666
2009-08-13,IWM,0.16666666666666666
2009-08-13,QQQ,0.16666666666666666
2009-08-13,SPY,0.16666666666666666
2009-08-13,TLT,0
2009-08-14,EEM,0.16666666666666666
2009-08-14,EFA,0.16666666666666666
2009-08-14,GLD,0.16666666666666666
2009-08-14,IWM,0.16666666666666666
2009-08-14,QQQ,0.16666666666666666
2009-08-14,SPY,0.16666666666666666
2009-08-14,TLT,0
2009-08-17,EEM,0.16666666666666666
2009-08-17,EFA,0.16666666666666666
2009-08-17,GLD,0.16666666666666666
2009-08-17,IWM,0.16666666666666666
2009-08-17,QQQ,0.16666666666666666
2009-08-17,SPY,0.16666666666666666
2009-08-17,TLT,0
2009-08-18,EEM,0.16666666666666666
2009-08-18,EFA,0.16666666666666666
2009-08-18,GLD,0.16666666666666666
2009-08-18,IWM,0.16666666666666666
2009-08-18,QQQ,0.16666666666666666
2009-08-18,SPY,0.16666666666666666
2009-08-18,TLT,0
2009-08-19,EEM,0.16666666666666666
2009-08-19,EFA,0.16666666666666666
2009-08-19,GLD,0.16666666666666666
2009-08-19,IWM,0.16666666666666666
2009-08-19,QQQ,0.16666666666666666
2009-08-19,SPY,0.16666666666666666
2009-08-19,TLT,0
2009-08-20,EEM,0.16666666666666666
2009-08-20,EFA,0.16666666666666666
2009-08-20,GLD,0.16666666666666666
2009-08-20,IWM,0.16666666666666666
2009-08-20,QQQ,0.16666666666666666
2009-08-20,SPY,0.16666666666666666
2009-08-20,TLT,0
2009-08-21,EEM,0.16666666666666666
2009-08-21,EFA,0.16666666666666666
2009-08-21,GLD,0.16666666666666666
2009-08-21,IWM,0.16666666666666666
2009-08-21,QQQ,0.16666666666666666
2009-08-21,SPY,0.16666666666666666
2009-08-21,TLT,0
2009-08-24,EEM,0.16666666666666666
2009-08-24,EFA,0.16666666666666666
2009-08-24,GLD,0.16666666666666666
2009-08-24,IWM,0.16666666666666666
2009-08-24,QQQ,0.16666666666666666
2009-08-24,SPY,0.16666666666666666
2009-08-24,TLT,0
2009-08-25,EEM,0.16666666666666666
2009-08-25,EFA,0.16666666666666666
2009-08-25,GLD,0.16666666666666666
2009-08-25,IWM,0.16666666666666666
2009-08-25,QQQ,0.16666666666666666
2009-08-25,SPY,0.16666666666666666
2009-08-25,TLT,0
2009-08-26,EEM,0.16666666666666666
2009-08-26,EFA,0.16666666666666666
2009-08-26,GLD,0
2009-08-26,IWM,0.16666666666666666
2009-08-26,QQQ,0.16666666666666666
2009-08-26,SPY,0.16666666666666666
2009-08-26,TLT,0.16666666666666666
2009-08-27,EEM,0.16666666666666666
2009-08-27,EFA,0.16666666666666666
2009-08-27,GLD,0
2009-08-27,IWM,0.16666666666666666
2009-08-27,QQQ,0.16666666666666666
2009-08-27,SPY,0.16666666666666666
2009-08-27,TLT,0.16666666666666666
2009-08-28,EEM,0.16666666666666666
2009-08-28,EFA,0.16666666666666666
2009-08-28,GLD,0
2009-08-28,IWM,0.16666666666666666
2009-08-28,QQQ,0.16666666666666666
2009-08-28,SPY,0.16666666666666666
2009-08-28,TLT,0.16666666666666666
2009-08-31,EEM,0.16666666666666666
2009-08-31,EFA,0.16666666666666666
2009-08-31,GLD,0
2009-08-31,IWM,0.16666666666666666
2009-08-31,QQQ,0.16666666666666666
2009-08-31,SPY,0.16666666666666666
2009-08-31,TLT,0.16666666666666666
2009-09-01,EEM,0.16666666666666666
2009-09-01,EFA,0.16666666666666666
2009-09-01,GLD,0
2009-09-01,IWM,0.16666666666666666
2009-09-01,QQQ,0.16666666666666666
2009-09-01,SPY,0.16666666666666666
2009-09-01,TLT,0.16666666666666666
2009-09-02,EEM,0.16666666666666666
2009-09-02,EFA,0.16666666666666666
2009-09-02,GLD,0
2009-09-02,IWM,0.16666666666666666
2009-09-02,QQQ,0.16666666666666666
2009-09-02,SPY,0.16666666666666666
2009-09-02,TLT,0.16666666666666666
2009-09-03,EEM,0.16666666666666666
2009-09-03,EFA,0.16666666666666666
2009-09-03,GLD,0
2009-09-03,IWM,0.16666666666666666
2009-09-03,QQQ,0.16666666666666666
2009-09-03,SPY,0.16666666666666666
2009-09-03,TLT,0.16666666666666666
2009-09-04,EEM,0.16666666666666666
2009-09-04,EFA,0.16666666666666666
2009-09-04,GLD,0
2009-09-04,IWM,0.16666666666666666
2009-09-04,QQQ,0.16666666666666666
2009-09-04,SPY,0.16666666666666666
2009-09-04,TLT,0.16666666666666666
2009-09-08,EEM,0.16666666666666666
2009-09-08,EFA,0.16666666666666666
2009-09-08,GLD,0
2009-09-08,IWM,0.16666666666666666
2009-09-08,QQQ,0.16666666666666666
2009-09-08,SPY,0.16666666666666666
2009-09-08,TLT,0.16666666666666666
2009-09-09,EEM,0.16666666666666666
2009-09-09,EFA,0.16666666666666666
2009-09-09,GLD,0
2009-09-09,IWM,0.16666666666666666
2009-09-09,QQQ,0.16666666666666666
2009-09-09,SPY,0.16666666666666666
2009-09-09,TLT,0.16666666666666666
2009-09-10,EEM,0.16666666666666666
2009-09-10,EFA,0.16666666666666666
2009-09-10,GLD,0
2009-09-10,IWM,0.16666666666666666
2009-09-10,QQQ,0.16666666666666666
2009-09-10,SPY,0.16666666666666666
2009-09-10,TLT,0.16666666666666666
2009-09-11,EEM,0.16666666666666666
2009-09-11,EFA,0.16666666666666666
2009-09-11,GLD,0
2009-09-11,IWM,0.16666666666666666
2009-09-11,QQQ,0.16666666666666666
2009-09-11,SPY,0.16666666666666666
2009-09-11,TLT,0.16666666666666666
2009-09-14,EEM,0.16666666666666666
2009-09-14,EFA,0.16666666666666666
2009-09-14,GLD,0
2009-09-14,IWM,0.16666666666666666
2009-09-14,QQQ,0.16666666666666666
2009-09-14,SPY,0.16666666666666666
2009-09-14,TLT,0.16666666666666666
2009-09-15,EEM,0.16666666666666666
2009-09-15,EFA,0.16666666666666666
2009-09-15,GLD,0
2009-09-15,IWM,0.16666666666666666
2009-09-15,QQQ,0.16666666666666666
2009-09-15,SPY,0.16666666666666666
2009-09-15,TLT,0.16666666666666666
2009-09-16,EEM,0.16666666666666666
2009-09-16,EFA,0.16666666666666666
2009-09-16,GLD,0
2009-09-16,IWM,0.16666666666666666
2009-09-16,QQQ,0.16666666666666666
2009-09-16,SPY,0.16666666666666666
2009-09-16,TLT,0.16666666666666666
2009-09-17,EEM,0.16666666666666666
2009-09-17,EFA,0.16666666666666666
2009-09-17,GLD,0
2009-09-17,IWM,0.16666666666666666
2009-09-17,QQQ,0.16666666666666666
2009-09-17,SPY,0.16666666666666666
2009-09-17,TLT,0.16666666666666666
2009-09-18,EEM,0.16666666666666666
2009-09-18,EFA,0.16666666666666666
2009-09-18,GLD,0
2009-09-18,IWM,0.16666666666666666
2009-09-18,QQQ,0.16666666666666666
2009-09-18,SPY,0.16666666666666666
2009-09-18,TLT,0.16666666666666666
2009-09-21,EEM,0.16666666666666666
2009-09-21,EFA,0.16666666666666666
2009-09-21,GLD,0
2009-09-21,IWM,0.16666666666666666
2009-09-21,QQQ,0.16666666666666666
2009-09-21,SPY,0.16666666666666666
2009-09-21,TLT,0.16666666666666666
2009-09-22,EEM,0.16666666666666666
2009-09-22,EFA,0.16666666666666666
2009-09-22,GLD,0
2009-09-22,IWM,0.16666666666666666
2009-09-22,QQQ,0.16666666666666666
2009-09-22,SPY,0.16666666666666666
2009-09-22,TLT,0.16666666666666666
2009-09-23,EEM,0.16666666666666666
2009-09-23,EFA,0.16666666666666666
2009-09-23,GLD,0
2009-09-23,IWM,0.16666666666666666
2009-09-23,QQQ,0.16666666666666666
2009-09-23,SPY,0.16666666666666666
2009-09-23,TLT,0.16666666666666666
2009-09-24,EEM,0.16666666666666666
2009-09-24,EFA,0.16666666666666666
2009-09-24,GLD,0
2009-09-24,IWM,0.16666666666666666
2009-09-24,QQQ,0.16666666666666666
2009-09-24,SPY,0.16666666666666666
2009-09-24,TLT,0.16666666666666666
2009-09-25,EEM,0.16666666666666666
2009-09-25,EFA,0.16666666666666666
2009-09-25,GLD,0
2009-09-25,IWM,0.16666666666666666
2009-09-25,QQQ,0.16666666666666666
2009-09-25,SPY,0.16666666666666666
2009-09-25,TLT,0.16666666666666666
2009-09-28,EEM,0.16666666666666666
2009-09-28,EFA,0.16666666666666666
2009-09-28,GLD,0
2009-09-28,IWM,0.16666666666666666
2009-09-28,QQQ,0.16666666666666666
2009-09-28,SPY,0.16666666666666666
2009-09-28,TLT,0.16666666666666666
2009-09-29,EEM,0.16666666666666666
2009-09-29,EFA,0.16666666666666666
2009-09-29,GLD,0
2009-09-29,IWM,0.16666666666666666
2009-09-29,QQQ,0.16666666666666666
2009-09-29,SPY,0.16666666666666666
2009-09-29,TLT,0.16666666666666666
2009-09-30,EEM,0.16666666666666666
2009-09-30,EFA,0.16666666666666666
2009-09-30,GLD,0
2009-09-30,IWM,0.16666666666666666
2009-09-30,QQQ,0.16666666666666666
2009-09-30,SPY,0.16666666666666666
2009-09-30,TLT,0.16666666666666666
2009-10-01,EEM,0.16666666666666666
2009-10-01,EFA,0.16666666666666666
2009-10-01,GLD,0
2009-10-01,IWM,0.16666666666666666
2009-10-01,QQQ,0.16666666666666666
2009-10-01,SPY,0.16666666666666666
2009-10-01,TLT,0.16666666666666666
2009-10-02,EEM,0.16666666666666666
2009-10-02,EFA,0.16666666666666666
2009-10-02,GLD,0
2009-10-02,IWM,0.16666666666666666
2009-10-02,QQQ,0.16666666666666666
2009-10-02,SPY,0.16666666666666666
2009-10-02,TLT,0.16666666666666666
2009-10-05,EEM,0.16666666666666666
2009-10-05,EFA,0.16666666666666666
2009-10-05,GLD,0
2009-10-05,IWM,0.16666666666666666
2009-10-05,QQQ,0.16666666666666666
2009-10-05,SPY,0.16666666666666666
2009-10-05,TLT,0.16666666666666666
2009-10-06,EEM,0.16666666666666666
2009-10-06,EFA,0.16666666666666666
2009-10-06,GLD,0
2009-10-06,IWM,0.16666666666666666
2009-10-06,QQQ,0.16666666666666666
2009-10-06,SPY,0.16666666666666666
2009-10-06,TLT,0.16666666666666666
2009-10-07,EEM,0.16666666666666666
2009-10-07,EFA,0.16666666666666666
2009-10-07,GLD,0
2009-10-07,IWM,0.16666666666666666
2009-10-07,QQQ,0.16666666666666666
2009-10-07,SPY,0.16666666666666666
2009-10-07,TLT,0.16666666666666666
2009-10-08,EEM,0.16666666666666666
2009-10-08,EFA,0.16666666666666666
2009-10-08,GLD,0
2009-10-08,IWM,0.16666666666666666
2009-10-08,QQQ,0.16666666666666666
2009-10-08,SPY,0.16666666666666666
2009-10-08,TLT,0.16666666666666666
2009-10-09,EEM,0.16666666666666666
2009-10-09,EFA,0.16666666666666666
2009-10-09,GLD,0
2009-10-09,IWM,0.16666666666666666
2009-10-09,QQQ,0.16666666666666666
2009-10-09,SPY,0.16666666666666666
2009-10-09,TLT,0.16666666666666666
2009-10-12,EEM,0.16666666666666666
2009-10-12,EFA,0.16666666666666666
2009-10-12,GLD,0
2009-10-12,IWM,0.16666666666666666
2009-10-12,QQQ,0.16666666666666666
2009-10-12,SPY,0.16666666666666666
2009-10-12,TLT,0.16666666666666666
2009-10-13,EEM,0.16666666666666666
2009-10-13,EFA,0.16666666666666666
2009-10-13,GLD,0
2009-10-13,IWM,0.16666666666666666
2009-10-13,QQQ,0.16666666666666666
2009-10-13,SPY,0.16666666666666666
2009-10-13,TLT,0.16666666666666666
2009-10-14,EEM,0.16666666666666666
2009-10-14,EFA,0.16666666666666666
2009-10-14,GLD,0
2009-10-14,IWM,0.16666666666666666
2009-10-14,QQQ,0.16666666666666666
2009-10-14,SPY,0.16666666666666666
2009-10-14,TLT,0.16666666666666666
2009-10-15,EEM,0.16666666666666666
2009-10-15,EFA,0.16666666666666666
2009-10-15,GLD,0
2009-10-15,IWM,0.16666666666666666
2009-10-15,QQQ,0.16666666666666666
2009-10-15,SPY,0.16666666666666666
2009-10-15,TLT,0.16666666666666666
2009-10-16,EEM,0.16666666666666666
2009-10-16,EFA,0.16666666666666666
2009-10-16,GLD,0
2009-10-16,IWM,0.16666666666666666
2009-10-16,QQQ,0.16666666666666666
2009-10-16,SPY,0.16666666666666666
2009-10-16,TLT,0.16666666666666666
2009-10-19,EEM,0.16666666666666666
2009-10-19,EFA,0.16666666666666666
2009-10-19,GLD,0
2009-10-19,IWM,0.16666666666666666
2009-10-19,QQQ,0.16666666666666666
2009-10-19,SPY,0.16666666666666666
2009-10-19,TLT,0.16666666666666666
2009-10-20,EEM,0.16666666666666666
2009-10-20,EFA,0.16666666666666666
2009-10-20,GLD,0
2009-10-20,IWM,0.16666666666666666
2009-10-20,QQQ,0.16666666666666666
2009-10-20,SPY,0.16666666666666666
2009-10-20,TLT,0.16666666666666666
2009-10-21,EEM,0.16666666666666666
2009-10-21,EFA,0.16666666666666666
2009-10-21,GLD,0
2009-10-21,IWM,0.16666666666666666
2009-10-21,QQQ,0.16666666666666666
2009-10-21,SPY,0.16666666666666666
2009-10-21,TLT,0.16666666666666666
2009-10-22,EEM,0.16666666666666666
2009-10-22,EFA,0.16666666666666666
2009-10-22,GLD,0
2009-10-22,IWM,0.16666666666666666
2009-10-22,QQQ,0.16666666666666666
2009-10-22,SPY,0.16666666666666666
2009-10-22,TLT,0.16666666666666666
2009-10-23,EEM,0.16666666666666666
2009-10-23,EFA,0.16666666666666666
2009-10-23,GLD,0
2009-10-23,IWM,0.16666666666666666
2009-10-23,QQQ,0.16666666666666666
2009-10-23,SPY,0.16666666666666666
2009-10-23,TLT,0.16666666666666666
2009-10-26,EEM,0.16666666666666666
2009-10-26,EFA,0.16666666666666666
2009-10-26,GLD,0
2009-10-26,IWM,0.16666666666666666
2009-10-26,QQQ,0.16666666666666666
2009-10-26,SPY,0.16666666666666666
2009-10-26,TLT,0.16666666666666666
2009-10-27,EEM,0.16666666666666666
2009-10-27,EFA,0.16666666666666666
2009-10-27,GLD,0
2009-10-27,IWM,0.16666666666666666
2009-10-27,QQQ,0.16666666666666666
2009-10-27,SPY,0.16666666666666666
2009-10-27,TLT,0.16666666666666666
2009-10-28,EEM,0.16666666666666666
2009-10-28,EFA,0.16666666666666666
2009-10-28,GLD,0
2009-10-28,IWM,0.16666666666666666
2009-10-28,QQQ,0.16666666666666666
2009-10-28,SPY,0.16666666666666666
2009-10-28,TLT,0.16666666666666666
2009-10-29,EEM,0.16666666666666666
2009-10-29,EFA,0.16666666666666666
2009-10-29,GLD,0.16666666666666666
2009-10-29,IWM,0.16666666666666666
2009-10-29,QQQ,0.16666666666666666
2009-10-29,SPY,0.16666666666666666
2009-10-29,TLT,0
2009-10-30,EEM,0.16666666666666666
2009-10-30,EFA,0.16666666666666666
2009-10-30,GLD,0.16666666666666666
2009-10-30,IWM,0.16666666666666666
2009-10-30,QQQ,0.16666666666666666
2009-10-30,SPY,0.16666666666666666
2009-10-30,TLT,0
2009-11-02,EEM,0.16666666666666666
2009-11-02,EFA,0.16666666666666666
2009-11-02,GLD,0.16666666666666666
2009-11-02,IWM,0.16666666666666666
2009-11-02,QQQ,0.16666666666666666
2009-11-02,SPY,0.16666666666666666
2009-11-02,TLT,0
2009-11-03,EEM,0.16666666666666666
2009-11-03,EFA,0.16666666666666666
2009-11-03,GLD,0.16666666666666666
2009-11-03,IWM,0.16666666666666666
2009-11-03,QQQ,0.16666666666666666
2009-11-03,SPY,0.16666666666666666
2009-11-03,TLT,0
2009-11-04,EEM,0.16666666666666666
2009-11-04,EFA,0.16666666666666666
2009-11-04,GLD,0.16666666666666666
2009-11-04,IWM,0.16666666666666666
2009-11-04,QQQ,0.16666666666666666
2009-11-04,SPY,0.16666666666666666
2009-11-04,TLT,0
2009-11-05,EEM,0.16666666666666666
2009-11-05,EFA,0.16666666666666666
2009-11-05,GLD,0
2009-11-05,IWM,0.16666666666666666
2009-11-05,QQQ,0.16666666666666666
2009-11-05,SPY,0.16666666666666666
2009-11-05,TLT,0.16666666666666666
2009-11-06,EEM,0.16666666666666666
2009-11-06,EFA,0.16666666666666666
2009-11-06,GLD,0
2009-11-06,IWM,0.16666666666666666
2009-11-06,QQQ,0.16666666666666666
2009-11-06,SPY,0.16666666666666666
2009-11-06,TLT,0.16666666666666666
2009-11-09,EEM,0.16666666666666666
2009-11-09,EFA,0.16666666666666666
2009-11-09,GLD,0
2009-11-09,IWM,0.16666666666666666
2009-11-09,QQQ,0.16666666666666666
2009-11-09,SPY,0.16666666666666666
2009-11-09,TLT,0.16666666666666666
2009-11-10,EEM,0.16666666666666666
2009-11-10,EFA,0.16666666666666666
2009-11-10,GLD,0
2009-11-10,IWM,0.16666666666666666
2009-11-10,QQQ,0.16666666666666666
2009-11-10,SPY,0.16666666666666666
2009-11-10,TLT,0.16666666666666666
2009-11-11,EEM,0.16666666666666666
2009-11-11,EFA,0.16666666666666666
2009-11-11,GLD,0
2009-11-11,IWM,0.16666666666666666
2009-11-11,QQQ,0.16666666666666666
2009-11-11,SPY,0.16666666666666666
2009-11-11,TLT,0.16666666666666666
2009-11-12,EEM,0.16666666666666666
2009-11-12,EFA,0.16666666666666666
2009-11-12,GLD,0
2009-11-12,IWM,0.16666666666666666
2009-11-12,QQQ,0.16666666666666666
2009-11-12,SPY,0.16666666666666666
2009-11-12,TLT,0.16666666666666666
2009-11-13,EEM,0.16666666666666666
2009-11-13,EFA,0.16666666666666666
2009-11-13,GLD,0
2009-11-13,IWM,0.16666666666666666
2009-11-13,QQQ,0.16666666666666666
2009-11-13,SPY,0.16666666666666666
2009-11-13,TLT,0.16666666666666666
2009-11-16,EEM,0.16666666666666666
2009-11-16,EFA,0.16666666666666666
2009-11-16,GLD,0
2009-11-16,IWM,0.16666666666666666
2009-11-16,QQQ,0.16666666666666666
2009-11-16,SPY,0.16666666666666666
2009-11-16,TLT,0.16666666666666666
2009-11-17,EEM,0.16666666666666666
2009-11-17,EFA,0.16666666666666666
2009-11-17,GLD,0
2009-11-17,IWM,0.16666666666666666
2009-11-17,QQQ,0.16666666666666666
2009-11-17,SPY,0.16666666666666666
2009-11-17,TLT,0.16666666666666666
2009-11-18,EEM,0.16666666666666666
2009-11-18,EFA,0.16666666666666666
2009-11-18,GLD,0
2009-11-18,IWM,0.16666666666666666
2009-11-18,QQQ,0.16666666666666666
2009-11-18,SPY,0.16666666666666666
2009-11-18,TLT,0.16666666666666666
2009-11-19,EEM,0.16666666666666666
2009-11-19,EFA,0.16666666666666666
2009-11-19,GLD,0
2009-11-19,IWM,0.16666666666666666
2009-11-19,QQQ,0.16666666666666666
2009-11-19,SPY,0.16666666666666666
2009-11-19,TLT,0.16666666666666666
2009-11-20,EEM,0.16666666666666666
2009-11-20,EFA,0.16666666666666666
2009-11-20,GLD,0
2009-11-20,IWM,0.16666666666666666
2009-11-20,QQQ,0.16666666666666666
2009-11-20,SPY,0.16666666666666666
2009-11-20,TLT,0.16666666666666666
2009-11-23,EEM,0.16666666666666666
2009-11-23,EFA,0.16666666666666666
2009-11-23,GLD,0
2009-11-23,IWM,0.16666666666666666
2009-11-23,QQQ,0.16666666666666666
2009-11-23,SPY,0.16666666666666666
2009-11-23,TLT,0.16666666666666666
2009-11-24,EEM,0.16666666666666666
2009-11-24,EFA,0.16666666666666666
2009-11-24,GLD,0
2009-11-24,IWM,0.16666666666666666
2009-11-24,QQQ,0.16666666666666666
2009-11-24,SPY,0.16666666666666666
2009-11-24,TLT,0.16666666666666666
2009-11-25,EEM,0.16666666666666666
2009-11-25,EFA,0.16666666666666666
2009-11-25,GLD,0
2009-11-25,IWM,0.16666666666666666
2009-11-25,QQQ,0.16666666666666666
2009-11-25,SPY,0.16666666666666666
2009-11-25,TLT,0.16666666666666666
2009-11-27,EEM,0.16666666666666666
2009-11-27,EFA,0.16666666666666666
2009-11-27,GLD,0.33333333333333331
2009-11-27,IWM,0
2009-11-27,QQQ,0.16666666666666666
2009-11-27,SPY,0.16666666666666666
2009-11-27,TLT,0
2009-11-30,EEM,0.16666666666666666
2009-11-30,EFA,0.16666666666666666
2009-11-30,GLD,0.33333333333333331
2009-11-30,IWM,0
2009-11-30,QQQ,0.16666666666666666
2009-11-30,SPY,0.16666666666666666
2009-11-30,TLT,0
2009-12-01,EEM,0.16666666666666666
2009-12-01,EFA,0.16666666666666666
2009-12-01,GLD,0.33333333333333331
2009-12-01,IWM,0
2009-12-01,QQQ,0.16666666666666666
2009-12-01,SPY,0.16666666666666666
2009-12-01,TLT,0
2009-12-02,EEM,0.16666666666666666
2009-12-02,EFA,0.16666666666666666
2009-12-02,GLD,0.33333333333333331
2009-12-02,IWM,0
2009-12-02,QQQ,0.16666666666666666
2009-12-02,SPY,0.16666666666666666
2009-12-02,TLT,0
2009-12-03,EEM,0.16666666666666666
2009-12-03,EFA,0.16666666666666666
2009-12-03,GLD,0.33333333333333331
2009-12-03,IWM,0
2009-12-03,QQQ,0.16666666666666666
2009-12-03,SPY,0.16666666666666666
2009-12-03,TLT,0
2009-12-04,EEM,0.16666666666666666
2009-12-04,EFA,0.16666666666666666
2009-12-04,GLD,0.16666666666666666
2009-12-04,IWM,0.16666666666666666
2009-12-04,QQQ,0.16666666666666666
2009-12-04,SPY,0.16666666666666666
2009-12-04,TLT,0
2009-12-07,EEM,0.16666666666666666
2009-12-07,EFA,0.16666666666666666
2009-12-07,GLD,0.16666666666666666
2009-12-07,IWM,0.16666666666666666
2009-12-07,QQQ,0.16666666666666666
2009-12-07,SPY,0.16666666666666666
2009-12-07,TLT,0
2009-12-08,EEM,0.16666666666666666
2009-12-08,EFA,0.16666666666666666
2009-12-08,GLD,0.16666666666666666
2009-12-08,IWM,0.16666666666666666
2009-12-08,QQQ,0.16666666666666666
2009-12-08,SPY,0.16666666666666666
2009-12-08,TLT,0
2009-12-09,EEM,0.16666666666666666
2009-12-09,EFA,0.16666666666666666
2009-12-09,GLD,0.16666666666666666
2009-12-09,IWM,0.16666666666666666
2009-12-09,QQQ,0.16666666666666666
2009-12-09,SPY,0.16666666666666666
2009-12-09,TLT,0
2009-12-10,EEM,0.16666666666666666
2009-12-10,EFA,0.16666666666666666
2009-12-10,GLD,0.16666666666666666
2009-12-10,IWM,0.16666666666666666
2009-12-10,QQQ,0.16666666666666666
2009-12-10,SPY,0.16666666666666666
2009-12-10,TLT,0
2009-12-11,EEM,0.16666666666666666
2009-12-11,EFA,0.16666666666666666
2009-12-11,GLD,0.16666666666666666
2009-12-11,IWM,0.16666666666666666
2009-12-11,QQQ,0.16666666666666666
2009-12-11,SPY,0.16666666666666666
2009-12-11,TLT,0
2009-12-14,EEM,0.16666666666666666
2009-12-14,EFA,0.16666666666666666
2009-12-14,GLD,0.16666666666666666
2009-12-14,IWM,0.16666666666666666
2009-12-14,QQQ,0.16666666666666666
2009-12-14,SPY,0.16666666666666666
2009-12-14,TLT,0
2009-12-15,EEM,0.16666666666666666
2009-12-15,EFA,0.16666666666666666
2009-12-15,GLD,0.16666666666666666
2009-12-15,IWM,0.16666666666666666
2009-12-15,QQQ,0.16666666666666666
2009-12-15,SPY,0.16666666666666666
2009-12-15,TLT,0
2009-12-16,EEM,0.16666666666666666
2009-12-16,EFA,0.16666666666666666
2009-12-16,GLD,0.16666666666666666
2009-12-16,IWM,0.16666666666666666
2009-12-16,QQQ,0.16666666666666666
2009-12-16,SPY,0.16666666666666666
2009-12-16,TLT,0
2009-12-17,EEM,0.16666666666666666
2009-12-17,EFA,0.16666666666666666
2009-12-17,GLD,0.16666666666666666
2009-12-17,IWM,0.16666666666666666
2009-12-17,QQQ,0.16666666666666666
2009-12-17,SPY,0.16666666666666666
2009-12-17,TLT,0
2009-12-18,EEM,0.16666666666666666
2009-12-18,EFA,0
2009-12-18,GLD,0.5
2009-12-18,IWM,0
2009-12-18,QQQ,0.16666666666666666
2009-12-18,SPY,0.16666666666666666
2009-12-18,TLT,0
2009-12-21,EEM,0.16666666666666666
2009-12-21,EFA,0
2009-12-21,GLD,0.5
2009-12-21,IWM,0
2009-12-21,QQQ,0.16666666666666666
2009-12-21,SPY,0.16666666666666666
2009-12-21,TLT,0
2009-12-22,EEM,0.16666666666666666
2009-12-22,EFA,0
2009-12-22,GLD,0.5
2009-12-22,IWM,0
2009-12-22,QQQ,0.16666666666666666
2009-12-22,SPY,0.16666666666666666
2009-12-22,TLT,0
2009-12-23,EEM,0.16666666666666666
2009-12-23,EFA,0
2009-12-23,GLD,0.5
2009-12-23,IWM,0
2009-12-23,QQQ,0.16666666666666666
2009-12-23,SPY,0.16666666666666666
2009-12-23,TLT,0
2009-12-24,EEM,0.16666666666666666
2009-12-24,EFA,0
2009-12-24,GLD,0.5
2009-12-24,IWM,0
2009-12-24,QQQ,0.16666666666666666
2009-12-24,SPY,0.16666666666666666
2009-12-24,TLT,0
2009-12-28,EEM,0.16666666666666666
2009-12-28,EFA,0.16666666666666666
2009-12-28,GLD,0.16666666666666666
2009-12-28,IWM,0.16666666666666666
2009-12-28,QQQ,0.16666666666666666
2009-12-28,SPY,0.16666666666666666
2009-12-28,TLT,0
2009-12-29,EEM,0.16666666666666666
2009-12-29,EFA,0.16666666666666666
2009-12-29,GLD,0.16666666666666666
2009-12-29,IWM,0.16666666666666666
2009-12-29,QQQ,0.16666666666666666
2009-12-29,SPY,0.16666666666666666
2009-12-29,TLT,0
2009-12-30,EEM,0.16666666666666666
2009-12-30,EFA,0.16666666666666666
2009-12-30,GLD,0.16666666666666666
2009-12-30,IWM,0.16666666666666666
2009-12-30,QQQ,0.16666666666666666
2009-12-30,SPY,0.16666666666666666
2009-12-30,TLT,0
2009-12-31,EEM,0.16666666666666666
2009-12-31,EFA,0.16666666666666666
2009-12-31,GLD,0.16666666666666666
2009-12-31,IWM,0.16666666666666666
2009-12-31,QQQ,0.16666666666666666
2009-12-31,SPY,0.16666666666666666
2009-12-31,TLT,0
2010-01-04,EEM,0.16666666666666666
2010-01-04,EFA,0.16666666666666666
2010-01-04,GLD,0.16666666666666666
2010-01-04,IWM,0.16666666666666666
2010-01-04,QQQ,0.16666666666666666
2010-01-04,SPY,0.16666666666666666
2010-01-04,TLT,0
2010-01-05,EEM,0.16666666666666666
2010-01-05,EFA,0.16666666666666666
2010-01-05,GLD,0.16666666666666666
2010-01-05,IWM,0.16666666666666666
2010-01-05,QQQ,0.16666666666666666
2010-01-05,SPY,0.16666666666666666
2010-01-05,TLT,0
2010-01-06,EEM,0.16666666666666666
2010-01-06,EFA,0.16666666666666666
2010-01-06,GLD,0.16666666666666666
2010-01-06,IWM,0.16666666666666666
2010-01-06,QQQ,0.16666666666666666
2010-01-06,SPY,0.16666666666666666
2010-01-06,TLT,0
2010-01-07,EEM,0.16666666666666666
2010-01-07,EFA,0.16666666666666666
2010-01-07,GLD,0.16666666666666666
2010-01-07,IWM,0.16666666666666666
2010-01-07,QQQ,0.16666666666666666
2010-01-07,SPY,0.16666666666666666
2010-01-07,TLT,0
2010-01-08,EEM,0.16666666666666666
2010-01-08,EFA,0.16666666666666666
2010-01-08,GLD,0.16666666666666666
2010-01-08,IWM,0.16666666666666666
2010-01-08,QQQ,0.16666666666666666
2010-01-08,SPY,0.16666666666666666
2010-01-08,TLT,0
2010-01-11,EEM,0.16666666666666666
2010-01-11,EFA,0.16666666666666666
2010-01-11,GLD,0.16666666666666666
2010-01-11,IWM,0.16666666666666666
2010-01-11,QQQ,0.16666666666666666
2010-01-11,SPY,0.16666666666666666
2010-01-11,TLT,0
2010-01-12,EEM,0.16666666666666666
2010-01-12,EFA,0.16666666666666666
2010-01-12,GLD,0.16666666666666666
2010-01-12,IWM,0.16666666666666666
2010-01-12,QQQ,0.16666666666666666
2010-01-12,SPY,0.16666666666666666
2010-01-12,TLT,0
2010-01-13,EEM,0.16666666666666666
2010-01-13,EFA,0.16666666666666666
2010-01-13,GLD,0.16666666666666666
2010-01-13,IWM,0.16666666666666666
2010-01-13,QQQ,0.16666666666666666
2010-01-13,SPY,0.16666666666666666
2010-01-13,TLT,0
2010-01-14,EEM,0.16666666666666666
2010-01-14,EFA,0.16666666666666666
2010-01-14,GLD,0.16666666666666666
2010-01-14,IWM,0.16666666666666666
2010-01-14,QQQ,0.16666666666666666
2010-01-14,SPY,0.16666666666666666
2010-01-14,TLT,0
2010-01-15,EEM,0.16666666666666666
2010-01-15,EFA,0.16666666666666666
2010-01-15,GLD,0.16666666666666666
2010-01-15,IWM,0.16666666666666666
2010-01-15,QQQ,0.16666666666666666
2010-01-15,SPY,0.16666666666666666
2010-01-15,TLT,0
2010-01-19,EEM,0.16666666666666666
2010-01-19,EFA,0.16666666666666666
2010-01-19,GLD,0.16666666666666666
2010-01-19,IWM,0.16666666666666666
2010-01-19,QQQ,0.16666666666666666
2010-01-19,SPY,0.16666666666666666
2010-01-19,TLT,0
2010-01-20,EEM,0.16666666666666666
2010-01-20,EFA,0
2010-01-20,GLD,0.33333333333333331
2010-01-20,IWM,0.16666666666666666
2010-01-20,QQQ,0.16666666666666666
2010-01-20,SPY,0.16666666666666666
2010-01-20,TLT,0
2010-01-21,EEM,0.16666666666666666
2010-01-21,EFA,0
2010-01-21,GLD,0.33333333333333331
2010-01-21,IWM,0.16666666666666666
2010-01-21,QQQ,0.16666666666666666
2010-01-21,SPY,0.16666666666666666
2010-01-21,TLT,0
2010-01-22,EEM,0.16666666666666666
2010-01-22,EFA,0
2010-01-22,GLD,0.33333333333333331
2010-01-22,IWM,0.16666666666666666
2010-01-22,QQQ,0.16666666666666666
2010-01-22,SPY,0.16666666666666666
2010-01-22,TLT,0
2010-01-25,EEM,0.16666666666666666
2010-01-25,EFA,0
2010-01-25,GLD,0.33333333333333331
2010-01-25,IWM,0.16666666666666666
2010-01-25,QQQ,0.16666666666666666
2010-01-25,SPY,0.16666666666666666
2010-01-25,TLT,0
2010-01-26,EEM,0.16666666666666666
2010-01-26,EFA,0
2010-01-26,GLD,0.33333333333333331
2010-01-26,IWM,0.16666666666666666
2010-01-26,QQQ,0.16666666666666666
2010-01-26,SPY,0.16666666666666666
2010-01-26,TLT,0
2010-01-27,EEM,0
2010-01-27,EFA,0
2010-01-27,GLD,0.5
2010-01-27,IWM,0.16666666666666666
2010-01-27,QQQ,0.16666666666666666
2010-01-27,SPY,0.16666666666666666
2010-01-27,TLT,0
2010-01-28,EEM,0
2010-01-28,EFA,0
2010-01-28,GLD,0.5
2010-01-28,IWM,0.16666666666666666
2010-01-28,QQQ,0.16666666666666666
2010-01-28,SPY,0.16666666666666666
2010-01-28,TLT,0
2010-01-29,EEM,0
2010-01-29,EFA,0
2010-01-29,GLD,0.5
2010-01-29,IWM,0.16666666666666666
2010-01-29,QQQ,0.16666666666666666
2010-01-29,SPY,0.16666666666666666
2010-01-29,TLT,0
2010-02-01,EEM,0
2010-02-01,EFA,0
2010-02-01,GLD,0.5
2010-02-01,IWM,0.16666666666666666
2010-02-01,QQQ,0.16666666666666666
2010-02-01,SPY,0.16666666666666666
2010-02-01,TLT,0
2010-02-02,EEM,0
2010-02-02,EFA,0
2010-02-02,GLD,0.5
2010-02-02,IWM,0.16666666666666666
2010-02-02,QQQ,0.16666666666666666
2010-02-02,SPY,0.16666666666666666
2010-02-02,TLT,0
2010-02-03,EEM,0.16666666666666666
2010-02-03,EFA,0
2010-02-03,GLD,0.33333333333333331
2010-02-03,IWM,0.16666666666666666
2010-02-03,QQQ,0.16666666666666666
2010-02-03,SPY,0.16666666666666666
2010-02-03,TLT,0
2010-02-04,EEM,0.16666666666666666
2010-02-04,EFA,0
2010-02-04,GLD,0.33333333333333331
2010-02-04,IWM,0.16666666666666666
2010-02-04,QQQ,0.16666666666666666
2010-02-04,SPY,0.16666666666666666
2010-02-04,TLT,0
2010-02-05,EEM,0.16666666666666666
2010-02-05,EFA,0
2010-02-05,GLD,0.33333333333333331
2010-02-05,IWM,0.16666666666666666
2010-02-05,QQQ,0.16666666666666666
2010-02-05,SPY,0.16666666666666666
2010-02-05,TLT,0
2010-02-08,EEM,0.16666666666666666
2010-02-08,EFA,0
2010-02-08,GLD,0.33333333333333331
2010-02-08,IWM,0.16666666666666666
2010-02-08,QQQ,0.16666666666666666
2010-02-08,SPY,0.16666666666666666
2010-02-08,TLT,0
2010-02-09,EEM,0.16666666666666666
2010-02-09,EFA,0
2010-02-09,GLD,0.33333333333333331
2010-02-09,IWM,0.16666666666666666
2010-02-09,QQQ,0.16666666666666666
2010-02-09,SPY,0.16666666666666666
2010-02-09,TLT,0
2010-02-10,EEM,0
2010-02-10,EFA,0
2010-02-10,GLD,0.83333333333333337
2010-02-10,IWM,0.16666666666666666
2010-02-10,QQQ,0
2010-02-10,SPY,0
2010-02-10,TLT,0
2010-02-11,EEM,0
2010-02-11,EFA,0
2010-02-11,GLD,0.83333333333333337
2010-02-11,IWM,0.16666666666666666
2010-02-11,QQQ,0
2010-02-11,SPY,0
2010-02-11,TLT,0
2010-02-12,EEM,0
2010-02-12,EFA,0
2010-02-12,GLD,0.83333333333333337
2010-02-12,IWM,0.16666666666666666
2010-02-12,QQQ,0
2010-02-12,SPY,0
2010-02-12,TLT,0
2010-02-16,EEM,0
2010-02-16,EFA,0
2010-02-16,GLD,0.83333333333333337
2010-02-16,IWM,0.16666666666666666
2010-02-16,QQQ,0
2010-02-16,SPY,0
2010-02-16,TLT,0
2010-02-17,EEM,0
2010-02-17,EFA,0
2010-02-17,GLD,0.83333333333333337
2010-02-17,IWM,0.16666666666666666
2010-02-17,QQQ,0
2010-02-17,SPY,0
2010-02-17,TLT,0
2010-02-18,EEM,0
2010-02-18,EFA,0
2010-02-18,GLD,0.66666666666666663
2010-02-18,IWM,0.16666666666666666
2010-02-18,QQQ,0.16666666666666666
2010-02-18,SPY,0
2010-02-18,TLT,0
2010-02-19,EEM,0
2010-02-19,EFA,0
2010-02-19,GLD,0.66666666666666663
2010-02-19,IWM,0.16666666666666666
2010-02-19,QQQ,0.16666666666666666
2010-02-19,SPY,0
2010-02-19,TLT,0
2010-02-22,EEM,0
2010-02-22,EFA,0
2010-02-22,GLD,0.66666666666666663
2010-02-22,IWM,0.16666666666666666
2010-02-22,QQQ,0.16666666666666666
2010-02-22,SPY,0
2010-02-22,TLT,0
2010-02-23,EEM,0
2010-02-23,EFA,0
2010-02-23,GLD,0.66666666666666663
2010-02-23,IWM,0.16666666666666666
2010-02-23,QQQ,0.16666666666666666
2010-02-23,SPY,0
2010-02-23,TLT,0
2010-02-24,EEM,0
2010-02-24,EFA,0
2010-02-24,GLD,0.66666666666666663
2010-02-24,IWM,0.16666666666666666
2010-02-24,QQQ,0.16666666666666666
2010-02-24,SPY,0
2010-02-24,TLT,0
2010-02-25,EEM,0
2010-02-25,EFA,0
2010-02-25,GLD,0.66666666666666663
2010-02-25,IWM,0.16666666666666666
2010-02-25,QQQ,0.16666666666666666
2010-02-25,SPY,0
2010-02-25,TLT,0
2010-02-26,EEM,0
2010-02-26,EFA,0
2010-02-26,GLD,0.66666666666666663
2010-02-26,IWM,0.16666666666666666
2010-02-26,QQQ,0.16666666666666666
2010-02-26,SPY,0
2010-02-26,TLT,0
2010-03-01,EEM,0
2010-03-01,EFA,0
2010-03-01,GLD,0.66666666666666663
2010-03-01,IWM,0.16666666666666666
2010-03-01,QQQ,0.16666666666666666
2010-03-01,SPY,0
2010-03-01,TLT,0
2010-03-02,EEM,0
2010-03-02,EFA,0
2010-03-02,GLD,0.66666666666666663
2010-03-02,IWM,0.16666666666666666
2010-03-02,QQQ,0.16666666666666666
2010-03-02,SPY,0
2010-03-02,TLT,0
2010-03-03,EEM,0
2010-03-03,EFA,0
2010-03-03,GLD,0.66666666666666663
2010-03-03,IWM,0.16666666666666666
2010-03-03,QQQ,0.16666666666666666
2010-03-03,SPY,0
2010-03-03,TLT,0
2010-03-04,EEM,0
2010-03-04,EFA,0
2010-03-04,GLD,0.5
2010-03-04,IWM,0.16666666666666666
2010-03-04,QQQ,0.16666666666666666
2010-03-04,SPY,0.16666666666666666
2010-03-04,TLT,0
2010-03-05,EEM,0
2010-03-05,EFA,0
2010-03-05,GLD,0.5
2010-03-05,IWM,0.16666666666666666
2010-03-05,QQQ,0.16666666666666666
2010-03-05,SPY,0.16666666666666666
2010-03-05,TLT,0
2010-03-08,EEM,0
2010-03-08,EFA,0
2010-03-08,GLD,0.5
2010-03-08,IWM,0.16666666666666666
2010-03-08,QQQ,0.16666666666666666
2010-03-08,SPY,0.16666666666666666
2010-03-08,TLT,0
2010-03-09,EEM,0
2010-03-09,EFA,0
2010-03-09,GLD,0.5
2010-03-09,IWM,0.16666666666666666
2010-03-09,QQQ,0.16666666666666666
2010-03-09,SPY,0.16666666666666666
2010-03-09,TLT,0
2010-03-10,EEM,0
2010-03-10,EFA,0
2010-03-10,GLD,0.5
2010-03-10,IWM,0.16666666666666666
2010-03-10,QQQ,0.16666666666666666
2010-03-10,SPY,0.16666666666666666
2010-03-10,TLT,0
2010-03-11,EEM,0.16666666666666666
2010-03-11,EFA,0
2010-03-11,GLD,0.33333333333333331
2010-03-11,IWM,0.16666666666666666
2010-03-11,QQQ,0.16666666666666666
2010-03-11,SPY,0.16666666666666666
2010-03-11,TLT,0
2010-03-12,EEM,0.16666666666666666
2010-03-12,EFA,0
2010-03-12,GLD,0.33333333333333331
2010-03-12,IWM,0.16666666666666666
2010-03-12,QQQ,0.16666666666666666
2010-03-12,SPY,0.16666666666666666
2010-03-12,TLT,0
2010-03-15,EEM,0.16666666666666666
2010-03-15,EFA,0
2010-03-15,GLD,0.33333333333333331
2010-03-15,IWM,0.16666666666666666
2010-03-15,QQQ,0.16666666666666666
2010-03-15,SPY,0.16666666666666666
2010-03-15,TLT,0
2010-03-16,EEM,0.16666666666666666
2010-03-16,EFA,0
2010-03-16,GLD,0.33333333333333331
2010-03-16,IWM,0.16666666666666666
2010-03-16,QQQ,0.16666666666666666
2010-03-16,SPY,0.16666666666666666
2010-03-16,TLT,0
2010-03-17,EEM,0.16666666666666666
2010-03-17,EFA,0
2010-03-17,GLD,0.33333333333333331
2010-03-17,IWM,0.16666666666666666
2010-03-17,QQQ,0.16666666666666666
2010-03-17,SPY,0.16666666666666666
2010-03-17,TLT,0
2010-03-18,EEM,0.16666666666666666
2010-03-18,EFA,0.16666666666666666
2010-03-18,GLD,0.16666666666666666
2010-03-18,IWM,0.16666666666666666
2010-03-18,QQQ,0.16666666666666666
2010-03-18,SPY,0.16666666666666666
2010-03-18,TLT,0
2010-03-19,EEM,0.16666666666666666
2010-03-19,EFA,0.16666666666666666
2010-03-19,GLD,0.16666666666666666
2010-03-19,IWM,0.16666666666666666
2010-03-19,QQQ,0.16666666666666666
2010-03-19,SPY,0.16666666666666666
2010-03-19,TLT,0
2010-03-22,EEM,0.16666666666666666
2010-03-22,EFA,0.16666666666666666
2010-03-22,GLD,0.16666666666666666
2010-03-22,IWM,0.16666666666666666
2010-03-22,QQQ,0.16666666666666666
2010-03-22,SPY,0.16666666666666666
2010-03-22,TLT,0
2010-03-23,EEM,0.16666666666666666
2010-03-23,EFA,0.16666666666666666
2010-03-23,GLD,0.16666666666666666
2010-03-23,IWM,0.16666666666666666
2010-03-23,QQQ,0.16666666666666666
2010-03-23,SPY,0.16666666666666666
2010-03-23,TLT,0
2010-03-24,EEM,0.16666666666666666
2010-03-24,EFA,0.16666666666666666
2010-03-24,GLD,0.16666666666666666
2010-03-24,IWM,0.16666666666666666
2010-03-24,QQQ,0.16666666666666666
2010-03-24,SPY,0.16666666666666666
2010-03-24,TLT,0
2010-03-25,EEM,0.16666666666666666
2010-03-25,EFA,0.16666666666666666
2010-03-25,GLD,0.16666666666666666
2010-03-25,IWM,0.16666666666666666
2010-03-25,QQQ,0.16666666666666666
2010-03-25,SPY,0.16666666666666666
2010-03-25,TLT,0
2010-03-26,EEM,0.16666666666666666
2010-03-26,EFA,0.16666666666666666
2010-03-26,GLD,0.16666666666666666
2010-03-26,IWM,0.16666666666666666
2010-03-26,QQQ,0.16666666666666666
2010-03-26,SPY,0.16666666666666666
2010-03-26,TLT,0
2010-03-29,EEM,0.16666666666666666
2010-03-29,EFA,0.16666666666666666
2010-03-29,GLD,0.16666666666666666
2010-03-29,IWM,0.16666666666666666
2010-03-29,QQQ,0.16666666666666666
2010-03-29,SPY,0.16666666666666666
2010-03-29,TLT,0
2010-03-30,EEM,0.16666666666666666
2010-03-30,EFA,0.16666666666666666
2010-03-30,GLD,0.16666666666666666
2010-03-30,IWM,0.16666666666666666
2010-03-30,QQQ,0.16666666666666666
2010-03-30,SPY,0.16666666666666666
2010-03-30,TLT,0
2010-03-31,EEM,0.16666666666666666
2010-03-31,EFA,0.16666666666666666
2010-03-31,GLD,0.16666666666666666
2010-03-31,IWM,0.16666666666666666
2010-03-31,QQQ,0.16666666666666666
2010-03-31,SPY,0.16666666666666666
2010-03-31,TLT,0
2010-04-01,EEM,0.16666666666666666
2010-04-01,EFA,0.16666666666666666
2010-04-01,GLD,0.16666666666666666
2010-04-01,IWM,0.16666666666666666
2010-04-01,QQQ,0.16666666666666666
2010-04-01,SPY,0.16666666666666666
2010-04-01,TLT,0
2010-04-05,EEM,0.16666666666666666
2010-04-05,EFA,0.16666666666666666
2010-04-05,GLD,0.16666666666666666
2010-04-05,IWM,0.16666666666666666
2010-04-05,QQQ,0.16666666666666666
2010-04-05,SPY,0.16666666666666666
2010-04-05,TLT,0
2010-04-06,EEM,0.16666666666666666
2010-04-06,EFA,0.16666666666666666
2010-04-06,GLD,0.16666666666666666
2010-04-06,IWM,0.16666666666666666
2010-04-06,QQQ,0.16666666666666666
2010-04-06,SPY,0.16666666666666666
2010-04-06,TLT,0
2010-04-07,EEM,0.16666666666666666
2010-04-07,EFA,0.16666666666666666
2010-04-07,GLD,0.16666666666666666
2010-04-07,IWM,0.16666666666666666
2010-04-07,QQQ,0.16666666666666666
2010-04-07,SPY,0.16666666666666666
2010-04-07,TLT,0
2010-04-08,EEM,0.16666666666666666
2010-04-08,EFA,0.16666666666666666
2010-04-08,GLD,0.16666666666666666
2010-04-08,IWM,0.16666666666666666
2010-04-08,QQQ,0.16666666666666666
2010-04-08,SPY,0.16666666666666666
2010-04-08,TLT,0
2010-04-09,EEM,0.16666666666666666
2010-04-09,EFA,0.16666666666666666
2010-04-09,GLD,0.16666666666666666
2010-04-09,IWM,0.16666666666666666
2010-04-09,QQQ,0.16666666666666666
2010-04-09,SPY,0.16666666666666666
2010-04-09,TLT,0
2010-04-12,EEM,0.16666666666666666
2010-04-12,EFA,0.16666666666666666
2010-04-12,GLD,0.16666666666666666
2010-04-12,IWM,0.16666666666666666
2010-04-12,QQQ,0.16666666666666666
2010-04-12,SPY,0.16666666666666666
2010-04-12,TLT,0
2010-04-13,EEM,0.16666666666666666
2010-04-13,EFA,0.16666666666666666
2010-04-13,GLD,0.16666666666666666
2010-04-13,IWM,0.16666666666666666
2010-04-13,QQQ,0.16666666666666666
2010-04-13,SPY,0.16666666666666666
2010-04-13,TLT,0
2010-04-14,EEM,0.16666666666666666
2010-04-14,EFA,0.16666666666666666
2010-04-14,GLD,0.16666666666666666
2010-04-14,IWM,0.16666666666666666
2010-04-14,QQQ,0.16666666666666666
2010-04-14,SPY,0.16666666666666666
2010-04-14,TLT,0
2010-04-15,EEM,0.16666666666666666
2010-04-15,EFA,0.16666666666666666
2010-04-15,GLD,0.16666666666666666
2010-04-15,IWM,0.16666666666666666
2010-04-15,QQQ,0.16666666666666666
2010-04-15,SPY,0.16666666666666666
2010-04-15,TLT,0
2010-04-16,EEM,0.16666666666666666
2010-04-16,EFA,0
2010-04-16,GLD,0.33333333333333331
2010-04-16,IWM,0.16666666666666666
2010-04-16,QQQ,0.16666666666666666
2010-04-16,SPY,0.16666666666666666
2010-04-16,TLT,0
2010-04-19,EEM,0.16666666666666666
2010-04-19,EFA,0
2010-04-19,GLD,0.33333333333333331
2010-04-19,IWM,0.16666666666666666
2010-04-19,QQQ,0.16666666666666666
2010-04-19,SPY,0.16666666666666666
2010-04-19,TLT,0
2010-04-20,EEM,0.16666666666666666
2010-04-20,EFA,0
2010-04-20,GLD,0.33333333333333331
2010-04-20,IWM,0.16666666666666666
2010-04-20,QQQ,0.16666666666666666
2010-04-20,SPY,0.16666666666666666
2010-04-20,TLT,0
2010-04-21,EEM,0.16666666666666666
2010-04-21,EFA,0
2010-04-21,GLD,0.33333333333333331
2010-04-21,IWM,0.16666666666666666
2010-04-21,QQQ,0.16666666666666666
2010-04-21,SPY,0.16666666666666666
2010-04-21,TLT,0
2010-04-22,EEM,0.16666666666666666
2010-04-22,EFA,0
2010-04-22,GLD,0.33333333333333331
2010-04-22,IWM,0.16666666666666666
2010-04-22,QQQ,0.16666666666666666
2010-04-22,SPY,0.16666666666666666
2010-04-22,TLT,0
2010-04-23,EEM,0.16666666666666666
2010-04-23,EFA,0.16666666666666666
2010-04-23,GLD,0.16666666666666666
2010-04-23,IWM,0.16666666666666666
2010-04-23,QQQ,0.16666666666666666
2010-04-23,SPY,0.16666666666666666
2010-04-23,TLT,0
2010-04-26,EEM,0.16666666666666666
2010-04-26,EFA,0.16666666666666666
2010-04-26,GLD,0.16666666666666666
2010-04-26,IWM,0.16666666666666666
2010-04-26,QQQ,0.16666666666666666
2010-04-26,SPY,0.16666666666666666
2010-04-26,TLT,0
2010-04-27,EEM,0.16666666666666666
2010-04-27,EFA,0.16666666666666666
2010-04-27,GLD,0.16666666666666666
2010-04-27,IWM,0.16666666666666666
2010-04-27,QQQ,0.16666666666666666
2010-04-27,SPY,0.16666666666666666
2010-04-27,TLT,0
2010-04-28,EEM,0.16666666666666666
2010-04-28,EFA,0.16666666666666666
2010-04-28,GLD,0.16666666666666666
2010-04-28,IWM,0.16666666666666666
2010-04-28,QQQ,0.16666666666666666
2010-04-28,SPY,0.16666666666666666
2010-04-28,TLT,0
2010-04-29,EEM,0.16666666666666666
2010-04-29,EFA,0.16666666666666666
2010-04-29,GLD,0.16666666666666666
2010-04-29,IWM,0.16666666666666666
2010-04-29,QQQ,0.16666666666666666
2010-04-29,SPY,0.16666666666666666
2010-04-29,TLT,0
2010-04-30,EEM,0.16666666666666666
2010-04-30,EFA,0.16666666666666666
2010-04-30,GLD,0.16666666666666666
2010-04-30,IWM,0.16666666666666666
2010-04-30,QQQ,0.16666666666666666
2010-04-30,SPY,0.16666666666666666
2010-04-30,TLT,0
2010-05-03,EEM,0.16666666666666666
2010-05-03,EFA,0.16666666666666666
2010-05-03,GLD,0.16666666666666666
2010-05-03,IWM,0.16666666666666666
2010-05-03,QQQ,0.16666666666666666
2010-05-03,SPY,0.16666666666666666
2010-05-03,TLT,0
2010-05-04,EEM,0.16666666666666666
2010-05-04,EFA,0.16666666666666666
2010-05-04,GLD,0.16666666666666666
2010-05-04,IWM,0.16666666666666666
2010-05-04,QQQ,0.16666666666666666
2010-05-04,SPY,0.16666666666666666
2010-05-04,TLT,0
2010-05-05,EEM,0.16666666666666666
2010-05-05,EFA,0.16666666666666666
2010-05-05,GLD,0.16666666666666666
2010-05-05,IWM,0.16666666666666666
2010-05-05,QQQ,0.16666666666666666
2010-05-05,SPY,0.16666666666666666
2010-05-05,TLT,0
2010-05-06,EEM,0.16666666666666666
2010-05-06,EFA,0.16666666666666666
2010-05-06,GLD,0.16666666666666666
2010-05-06,IWM,0.16666666666666666
2010-05-06,QQQ,0.16666666666666666
2010-05-06,SPY,0.16666666666666666
2010-05-06,TLT,0
2010-05-07,EEM,0.16666666666666666
2010-05-07,EFA,0
2010-05-07,GLD,0.16666666666666666
2010-05-07,IWM,0.16666666666666666
2010-05-07,QQQ,0.16666666666666666
2010-05-07,SPY,0.16666666666666666
2010-05-07,TLT,0.16666666666666666
2010-05-10,EEM,0.16666666666666666
2010-05-10,EFA,0
2010-05-10,GLD,0.16666666666666666
2010-05-10,IWM,0.16666666666666666
2010-05-10,QQQ,0.16666666666666666
2010-05-10,SPY,0.16666666666666666
2010-05-10,TLT,0.16666666666666666
2010-05-11,EEM,0.16666666666666666
2010-05-11,EFA,0
2010-05-11,GLD,0.16666666666666666
2010-05-11,IWM,0.16666666666666666
2010-05-11,QQQ,0.16666666666666666
2010-05-11,SPY,0.16666666666666666
2010-05-11,TLT,0.16666666666666666
2010-05-12,EEM,0.16666666666666666
2010-05-12,EFA,0
2010-05-12,GLD,0.16666666666666666
2010-05-12,IWM,0.16666666666666666
2010-05-12,QQQ,0.16666666666666666
2010-05-12,SPY,0.16666666666666666
2010-05-12,TLT,0.16666666666666666
2010-05-13,EEM,0.16666666666666666
2010-05-13,EFA,0
2010-05-13,GLD,0.16666666666666666
2010-05-13,IWM,0.16666666666666666
2010-05-13,QQQ,0.16666666666666666
2010-05-13,SPY,0.16666666666666666
2010-05-13,TLT,0.16666666666666666
2010-05-14,EEM,0.16666666666666666
2010-05-14,EFA,0
2010-05-14,GLD,0.16666666666666666
2010-05-14,IWM,0.16666666666666666
2010-05-14,QQQ,0.16666666666666666
2010-05-14,SPY,0.16666666666666666
2010-05-14,TLT,0.16666666666666666
2010-05-17,EEM,0.16666666666666666
2010-05-17,EFA,0
2010-05-17,GLD,0.16666666666666666
2010-05-17,IWM,0.16666666666666666
2010-05-17,QQQ,0.16666666666666666
2010-05-17,SPY,0.16666666666666666
2010-05-17,TLT,0.16666666666666666
2010-05-18,EEM,0.16666666666666666
2010-05-18,EFA,0
2010-05-18,GLD,0.16666666666666666
2010-05-18,IWM,0.16666666666666666
2010-05-18,QQQ,0.16666666666666666
2010-05-18,SPY,0.16666666666666666
2010-05-18,TLT,0.16666666666666666
2010-05-19,EEM,0.16666666666666666
2010-05-19,EFA,0
2010-05-19,GLD,0.16666666666666666
2010-05-19,IWM,0.16666666666666666
2010-05-19,QQQ,0.16666666666666666
2010-05-19,SPY,0.16666666666666666
2010-05-19,TLT,0.16666666666666666
2010-05-20,EEM,0.16666666666666666
2010-05-20,EFA,0
2010-05-20,GLD,0.16666666666666666
2010-05-20,IWM,0.16666666666666666
2010-05-20,QQQ,0.16666666666666666
2010-05-20,SPY,0.16666666666666666
2010-05-20,TLT,0.16666666666666666
2010-05-21,EEM,0
2010-05-21,EFA,0
2010-05-21,GLD,0.5
2010-05-21,IWM,0.16666666666666666
2010-05-21,QQQ,0.16666666666666666
2010-05-21,SPY,0
2010-05-21,TLT,0.16666666666666666
2010-05-24,EEM,0
2010-05-24,EFA,0
2010-05-24,GLD,0.5
2010-05-24,IWM,0.16666666666666666
2010-05-24,QQQ,0.16666666666666666
2010-05-24,SPY,0
2010-05-24,TLT,0.16666666666666666
2010-05-25,EEM,0
2010-05-25,EFA,0
2010-05-25,GLD,0.5
2010-05-25,IWM,0.16666666666666666
2010-05-25,QQQ,0.16666666666666666
2010-05-25,SPY,0
2010-05-25,TLT,0.16666666666666666
2010-05-26,EEM,0
2010-05-26,EFA,0
2010-05-26,GLD,0.5
2010-05-26,IWM,0.16666666666666666
2010-05-26,QQQ,0.16666666666666666
2010-05-26,SPY,0
2010-05-26,TLT,0.16666666666666666
2010-05-27,EEM,0
2010-05-27,EFA,0
2010-05-27,GLD,0.5
2010-05-27,IWM,0.16666666666666666
2010-05-27,QQQ,0.16666666666666666
2010-05-27,SPY,0
2010-05-27,TLT,0.16666666666666666
2010-05-28,EEM,0
2010-05-28,EFA,0
2010-05-28,GLD,0.5
2010-05-28,IWM,0.16666666666666666
2010-05-28,QQQ,0.16666666666666666
2010-05-28,SPY,0
2010-05-28,TLT,0.16666666666666666
2010-06-01,EEM,0
2010-06-01,EFA,0
2010-06-01,GLD,0.5
2010-06-01,IWM,0.16666666666666666
2010-06-01,QQQ,0.16666666666666666
2010-06-01,SPY,0
2010-06-01,TLT,0.16666666666666666
2010-06-02,EEM,0
2010-06-02,EFA,0
2010-06-02,GLD,0.5
2010-06-02,IWM,0.16666666666666666
2010-06-02,QQQ,0.16666666666666666
2010-06-02,SPY,0
2010-06-02,TLT,0.16666666666666666
2010-06-03,EEM,0
2010-06-03,EFA,0
2010-06-03,GLD,0.5
2010-06-03,IWM,0.16666666666666666
2010-06-03,QQQ,0.16666666666666666
2010-06-03,SPY,0
2010-06-03,TLT,0.16666666666666666
2010-06-04,EEM,0
2010-06-04,EFA,0
2010-06-04,GLD,0.5
2010-06-04,IWM,0.16666666666666666
2010-06-04,QQQ,0.16666666666666666
2010-06-04,SPY,0
2010-06-04,TLT,0.16666666666666666
2010-06-07,EEM,0
2010-06-07,EFA,0
2010-06-07,GLD,0.83333333333333337
2010-06-07,IWM,0
2010-06-07,QQQ,0
2010-06-07,SPY,0
2010-06-07,TLT,0.16666666666666666
2010-06-08,EEM,0
2010-06-08,EFA,0
2010-06-08,GLD,0.83333333333333337
2010-06-08,IWM,0
2010-06-08,QQQ,0
2010-06-08,SPY,0
2010-06-08,TLT,0.16666666666666666
2010-06-09,EEM,0
2010-06-09,EFA,0
2010-06-09,GLD,0.83333333333333337
2010-06-09,IWM,0
2010-06-09,QQQ,0
2010-06-09,SPY,0
2010-06-09,TLT,0.16666666666666666
2010-06-10,EEM,0
2010-06-10,EFA,0
2010-06-10,GLD,0.83333333333333337
2010-06-10,IWM,0
2010-06-10,QQQ,0
2010-06-10,SPY,0
2010-06-10,TLT,0.16666666666666666
2010-06-11,EEM,0
2010-06-11,EFA,0
2010-06-11,GLD,0.83333333333333337
2010-06-11,IWM,0
2010-06-11,QQQ,0
2010-06-11,SPY,0
2010-06-11,TLT,0.16666666666666666
2010-06-14,EEM,0
2010-06-14,EFA,0
2010-06-14,GLD,0.83333333333333337
2010-06-14,IWM,0
2010-06-14,QQQ,0
2010-06-14,SPY,0
2010-06-14,TLT,0.16666666666666666
2010-06-15,EEM,0
2010-06-15,EFA,0
2010-06-15,GLD,0.83333333333333337
2010-06-15,IWM,0
2010-06-15,QQQ,0
2010-06-15,SPY,0
2010-06-15,TLT,0.16666666666666666
2010-06-16,EEM,0
2010-06-16,EFA,0
2010-06-16,GLD,0.83333333333333337
2010-06-16,IWM,0
2010-06-16,QQQ,0
2010-06-16,SPY,0
2010-06-16,TLT,0.16666666666666666
2010-06-17,EEM,0
2010-06-17,EFA,0
2010-06-17,GLD,0.83333333333333337
2010-06-17,IWM,0
2010-06-17,QQQ,0
2010-06-17,SPY,0
2010-06-17,TLT,0.16666666666666666
2010-06-18,EEM,0
2010-06-18,EFA,0
2010-06-18,GLD,0.83333333333333337
2010-06-18,IWM,0
2010-06-18,QQQ,0
2010-06-18,SPY,0
2010-06-18,TLT,0.16666666666666666
2010-06-21,EEM,0
2010-06-21,EFA,0
2010-06-21,GLD,0.83333333333333337
2010-06-21,IWM,0
2010-06-21,QQQ,0
2010-06-21,SPY,0
2010-06-21,TLT,0.16666666666666666
2010-06-22,EEM,0
2010-06-22,EFA,0
2010-06-22,GLD,0.83333333333333337
2010-06-22,IWM,0
2010-06-22,QQQ,0
2010-06-22,SPY,0
2010-06-22,TLT,0.16666666666666666
2010-06-23,EEM,0
2010-06-23,EFA,0
2010-06-23,GLD,0.83333333333333337
2010-06-23,IWM,0
2010-06-23,QQQ,0
2010-06-23,SPY,0
2010-06-23,TLT,0.16666666666666666
2010-06-24,EEM,0
2010-06-24,EFA,0
2010-06-24,GLD,0.83333333333333337
2010-06-24,IWM,0
2010-06-24,QQQ,0
2010-06-24,SPY,0
2010-06-24,TLT,0.16666666666666666
2010-06-25,EEM,0
2010-06-25,EFA,0
2010-06-25,GLD,0.83333333333333337
2010-06-25,IWM,0
2010-06-25,QQQ,0
2010-06-25,SPY,0
2010-06-25,TLT,0.16666666666666666
2010-06-28,EEM,0
2010-06-28,EFA,0
2010-06-28,GLD,0.83333333333333337
2010-06-28,IWM,0
2010-06-28,QQQ,0
2010-06-28,SPY,0
2010-06-28,TLT,0.16666666666666666
2010-06-29,EEM,0
2010-06-29,EFA,0
2010-06-29,GLD,0.83333333333333337
2010-06-29,IWM,0
2010-06-29,QQQ,0
2010-06-29,SPY,0
2010-06-29,TLT,0.16666666666666666
2010-06-30,EEM,0
2010-06-30,EFA,0
2010-06-30,GLD,0.83333333333333337
2010-06-30,IWM,0
2010-06-30,QQQ,0
2010-06-30,SPY,0
2010-06-30,TLT,0.16666666666666666
2010-07-01,EEM,0
2010-07-01,EFA,0
2010-07-01,GLD,0.83333333333333337
2010-07-01,IWM,0
2010-07-01,QQQ,0
2010-07-01,SPY,0
2010-07-01,TLT,0.16666666666666666
2010-07-02,EEM,0
2010-07-02,EFA,0
2010-07-02,GLD,0.83333333333333337
2010-07-02,IWM,0
2010-07-02,QQQ,0
2010-07-02,SPY,0
2010-07-02,TLT,0.16666666666666666
2010-07-06,EEM,0
2010-07-06,EFA,0
2010-07-06,GLD,0.83333333333333337
2010-07-06,IWM,0
2010-07-06,QQQ,0
2010-07-06,SPY,0
2010-07-06,TLT,0.16666666666666666
2010-07-07,EEM,0
2010-07-07,EFA,0
2010-07-07,GLD,0.83333333333333337
2010-07-07,IWM,0
2010-07-07,QQQ,0
2010-07-07,SPY,0
2010-07-07,TLT,0.16666666666666666
2010-07-08,EEM,0
2010-07-08,EFA,0
2010-07-08,GLD,0.83333333333333337
2010-07-08,IWM,0
2010-07-08,QQQ,0
2010-07-08,SPY,0
2010-07-08,TLT,0.16666666666666666
2010-07-09,EEM,0
2010-07-09,EFA,0
2010-07-09,GLD,0.83333333333333337
2010-07-09,IWM,0
2010-07-09,QQQ,0
2010-07-09,SPY,0
2010-07-09,TLT,0.16666666666666666
2010-07-12,EEM,0
2010-07-12,EFA,0
2010-07-12,GLD,0.83333333333333337
2010-07-12,IWM,0
2010-07-12,QQQ,0
2010-07-12,SPY,0
2010-07-12,TLT,0.16666666666666666
2010-07-13,EEM,0
2010-07-13,EFA,0
2010-07-13,GLD,0.83333333333333337
2010-07-13,IWM,0
2010-07-13,QQQ,0
2010-07-13,SPY,0
2010-07-13,TLT,0.16666666666666666
2010-07-14,EEM,0
2010-07-14,EFA,0
2010-07-14,GLD,0.83333333333333337
2010-07-14,IWM,0
2010-07-14,QQQ,0
2010-07-14,SPY,0
2010-07-14,TLT,0.16666666666666666
2010-07-15,EEM,0
2010-07-15,EFA,0
2010-07-15,GLD,0.83333333333333337
2010-07-15,IWM,0
2010-07-15,QQQ,0
2010-07-15,SPY,0
2010-07-15,TLT,0.16666666666666666
2010-07-16,EEM,0
2010-07-16,EFA,0
2010-07-16,GLD,0.83333333333333337
2010-07-16,IWM,0
2010-07-16,QQQ,0
2010-07-16,SPY,0
2010-07-16,TLT,0.16666666666666666
2010-07-19,EEM,0
2010-07-19,EFA,0
2010-07-19,GLD,0.83333333333333337
2010-07-19,IWM,0
2010-07-19,QQQ,0
2010-07-19,SPY,0
2010-07-19,TLT,0.16666666666666666
2010-07-20,EEM,0
2010-07-20,EFA,0
2010-07-20,GLD,0.83333333333333337
2010-07-20,IWM,0
2010-07-20,QQQ,0
2010-07-20,SPY,0
2010-07-20,TLT,0.16666666666666666
2010-07-21,EEM,0
2010-07-21,EFA,0
2010-07-21,GLD,0.83333333333333337
2010-07-21,IWM,0
2010-07-21,QQQ,0
2010-07-21,SPY,0
2010-07-21,TLT,0.16666666666666666
2010-07-22,EEM,0
2010-07-22,EFA,0
2010-07-22,GLD,0.83333333333333337
2010-07-22,IWM,0
2010-07-22,QQQ,0
2010-07-22,SPY,0
2010-07-22,TLT,0.16666666666666666
2010-07-23,EEM,0
2010-07-23,EFA,0
2010-07-23,GLD,0.83333333333333337
2010-07-23,IWM,0
2010-07-23,QQQ,0
2010-07-23,SPY,0
2010-07-23,TLT,0.16666666666666666
2010-07-26,EEM,0
2010-07-26,EFA,0
2010-07-26,GLD,0.83333333333333337
2010-07-26,IWM,0
2010-07-26,QQQ,0
2010-07-26,SPY,0
2010-07-26,TLT,0.16666666666666666
2010-07-27,EEM,0
2010-07-27,EFA,0
2010-07-27,GLD,0.83333333333333337
2010-07-27,IWM,0
2010-07-27,QQQ,0
2010-07-27,SPY,0
2010-07-27,TLT,0.16666666666666666
2010-07-28,EEM,0
2010-07-28,EFA,0
2010-07-28,GLD,0.83333333333333337
2010-07-28,IWM,0
2010-07-28,QQQ,0
2010-07-28,SPY,0
2010-07-28,TLT,0.16666666666666666
2010-07-29,EEM,0
2010-07-29,EFA,0
2010-07-29,GLD,0.83333333333333337
2010-07-29,IWM,0
2010-07-29,QQQ,0
2010-07-29,SPY,0
2010-07-29,TLT,0.16666666666666666
2010-07-30,EEM,0
2010-07-30,EFA,0
2010-07-30,GLD,0.83333333333333337
2010-07-30,IWM,0
2010-07-30,QQQ,0
2010-07-30,SPY,0
2010-07-30,TLT,0.16666666666666666
2010-08-02,EEM,0
2010-08-02,EFA,0
2010-08-02,GLD,0.83333333333333337
2010-08-02,IWM,0
2010-08-02,QQQ,0
2010-08-02,SPY,0
2010-08-02,TLT,0.16666666666666666
2010-08-03,EEM,0.16666666666666666
2010-08-03,EFA,0.16666666666666666
2010-08-03,GLD,0.5
2010-08-03,IWM,0
2010-08-03,QQQ,0
2010-08-03,SPY,0
2010-08-03,TLT,0.16666666666666666
2010-08-04,EEM,0.16666666666666666
2010-08-04,EFA,0.16666666666666666
2010-08-04,GLD,0.5
2010-08-04,IWM,0
2010-08-04,QQQ,0
2010-08-04,SPY,0
2010-08-04,TLT,0.16666666666666666
2010-08-05,EEM,0.16666666666666666
2010-08-05,EFA,0.16666666666666666
2010-08-05,GLD,0.5
2010-08-05,IWM,0
2010-08-05,QQQ,0
2010-08-05,SPY,0
2010-08-05,TLT,0.16666666666666666
2010-08-06,EEM,0.16666666666666666
2010-08-06,EFA,0.16666666666666666
2010-08-06,GLD,0.5
2010-08-06,IWM,0
2010-08-06,QQQ,0
2010-08-06,SPY,0
2010-08-06,TLT,0.16666666666666666
2010-08-09,EEM,0.16666666666666666
2010-08-09,EFA,0.16666666666666666
2010-08-09,GLD,0.5
2010-08-09,IWM,0
2010-08-09,QQQ,0
2010-08-09,SPY,0
2010-08-09,TLT,0.16666666666666666
2010-08-10,EEM,0.16666666666666666
2010-08-10,EFA,0.16666666666666666
2010-08-10,GLD,0.5
2010-08-10,IWM,0
2010-08-10,QQQ,0
2010-08-10,SPY,0
2010-08-10,TLT,0.16666666666666666
2010-08-11,EEM,0.16666666666666666
2010-08-11,EFA,0.16666666666666666
2010-08-11,GLD,0.5
2010-08-11,IWM,0
2010-08-11,QQQ,0
2010-08-11,SPY,0
2010-08-11,TLT,0.16666666666666666
2010-08-12,EEM,0.16666666666666666
2010-08-12,EFA,0.16666666666666666
2010-08-12,GLD,0.5
2010-08-12,IWM,0
2010-08-12,QQQ,0
2010-08-12,SPY,0
2010-08-12,TLT,0.16666666666666666
2010-08-13,EEM,0.16666666666666666
2010-08-13,EFA,0.16666666666666666
2010-08-13,GLD,0.5
2010-08-13,IWM,0
2010-08-13,QQQ,0
2010-08-13,SPY,0
2010-08-13,TLT,0.16666666666666666
2010-08-16,EEM,0.16666666666666666
2010-08-16,EFA,0.16666666666666666
2010-08-16,GLD,0.5
2010-08-16,IWM,0
2010-08-16,QQQ,0
2010-08-16,SPY,0
2010-08-16,TLT,0.16666666666666666
2010-08-17,EEM,0.16666666666666666
2010-08-17,EFA,0.16666666666666666
2010-08-17,GLD,0.5
2010-08-17,IWM,0
2010-08-17,QQQ,0
2010-08-17,SPY,0
2010-08-17,TLT,0.16666666666666666
2010-08-18,EEM,0.16666666666666666
2010-08-18,EFA,0.16666666666666666
2010-08-18,GLD,0.5
2010-08-18,IWM,0
2010-08-18,QQQ,0
2010-08-18,SPY,0
2010-08-18,TLT,0.16666666666666666
2010-08-19,EEM,0.16666666666666666
2010-08-19,EFA,0.16666666666666666
2010-08-19,GLD,0.5
2010-08-19,IWM,0
2010-08-19,QQQ,0
2010-08-19,SPY,0
2010-08-19,TLT,0.16666666666666666
2010-08-20,EEM,0.16666666666666666
2010-08-20,EFA,0.16666666666666666
2010-08-20,GLD,0.5
2010-08-20,IWM,0
2010-08-20,QQQ,0
2010-08-20,SPY,0
2010-08-20,TLT,0.16666666666666666
2010-08-23,EEM,0.16666666666666666
2010-08-23,EFA,0.16666666666666666
2010-08-23,GLD,0.5
2010-08-23,IWM,0
2010-08-23,QQQ,0
2010-08-23,SPY,0
2010-08-23,TLT,0.16666666666666666
2010-08-24,EEM,0.16666666666666666
2010-08-24,EFA,0.16666666666666666
2010-08-24,GLD,0.5
2010-08-24,IWM,0
2010-08-24,QQQ,0
2010-08-24,SPY,0
2010-08-24,TLT,0.16666666666666666
2010-08-25,EEM,0.16666666666666666
2010-08-25,EFA,0.16666666666666666
2010-08-25,GLD,0.5
2010-08-25,IWM,0
2010-08-25,QQQ,0
2010-08-25,SPY,0
2010-08-25,TLT,0.16666666666666666
2010-08-26,EEM,0.16666666666666666
2010-08-26,EFA,0.16666666666666666
2010-08-26,GLD,0.5
2010-08-26,IWM,0
2010-08-26,QQQ,0
2010-08-26,SPY,0
2010-08-26,TLT,0.16666666666666666
2010-08-27,EEM,0.16666666666666666
2010-08-27,EFA,0.16666666666666666
2010-08-27,GLD,0.5
2010-08-27,IWM,0
2010-08-27,QQQ,0
2010-08-27,SPY,0
2010-08-27,TLT,0.16666666666666666
2010-08-30,EEM,0.16666666666666666
2010-08-30,EFA,0.16666666666666666
2010-08-30,GLD,0.5
2010-08-30,IWM,0
2010-08-30,QQQ,0
2010-08-30,SPY,0
2010-08-30,TLT,0.16666666666666666
2010-08-31,EEM,0.16666666666666666
2010-08-31,EFA,0.16666666666666666
2010-08-31,GLD,0.5
2010-08-31,IWM,0
2010-08-31,QQQ,0
2010-08-31,SPY,0
2010-08-31,TLT,0.16666666666666666
2010-09-01,EEM,0.16666666666666666
2010-09-01,EFA,0.16666666666666666
2010-09-01,GLD,0.5
2010-09-01,IWM,0
2010-09-01,QQQ,0
2010-09-01,SPY,0
2010-09-01,TLT,0.16666666666666666
2010-09-02,EEM,0.16666666666666666
2010-09-02,EFA,0.16666666666666666
2010-09-02,GLD,0.5
2010-09-02,IWM,0
2010-09-02,QQQ,0
2010-09-02,SPY,0
2010-09-02,TLT,0.16666666666666666
2010-09-03,EEM,0.16666666666666666
2010-09-03,EFA,0.16666666666666666
2010-09-03,GLD,0.5
2010-09-03,IWM,0
2010-09-03,QQQ,0
2010-09-03,SPY,0
2010-09-03,TLT,0.16666666666666666
2010-09-07,EEM,0.16666666666666666
2010-09-07,EFA,0.16666666666666666
2010-09-07,GLD,0.5
2010-09-07,IWM,0
2010-09-07,QQQ,0
2010-09-07,SPY,0
2010-09-07,TLT,0.16666666666666666
2010-09-08,EEM,0.16666666666666666
2010-09-08,EFA,0.16666666666666666
2010-09-08,GLD,0
2010-09-08,IWM,0.16666666666666666
2010-09-08,QQQ,0.16666666666666666
2010-09-08,SPY,0.16666666666666666
2010-09-08,TLT,0.16666666666666666
2010-09-09,EEM,0.16666666666666666
2010-09-09,EFA,0.16666666666666666
2010-09-09,GLD,0
2010-09-09,IWM,0.16666666666666666
2010-09-09,QQQ,0.16666666666666666
2010-09-09,SPY,0.16666666666666666
2010-09-09,TLT,0.16666666666666666
2010-09-10,EEM,0.16666666666666666
2010-09-10,EFA,0.16666666666666666
2010-09-10,GLD,0
2010-09-10,IWM,0.16666666666666666
2010-09-10,QQQ,0.16666666666666666
2010-09-10,SPY,0.16666666666666666
2010-09-10,TLT,0.16666666666666666
2010-09-13,EEM,0.16666666666666666
2010-09-13,EFA,0.16666666666666666
2010-09-13,GLD,0
2010-09-13,IWM,0.16666666666666666
2010-09-13,QQQ,0.16666666666666666
2010-09-13,SPY,0.16666666666666666
2010-09-13,TLT,0.16666666666666666
2010-09-14,EEM,0.16666666666666666
2010-09-14,EFA,0.16666666666666666
2010-09-14,GLD,0
2010-09-14,IWM,0.16666666666666666
2010-09-14,QQQ,0.16666666666666666
2010-09-14,SPY,0.16666666666666666
2010-09-14,TLT,0.16666666666666666
2010-09-15,EEM,0.16666666666666666
2010-09-15,EFA,0.16666666666666666
2010-09-15,GLD,0.16666666666666666
2010-09-15,IWM,0
2010-09-15,QQQ,0.16666666666666666
2010-09-15,SPY,0.16666666666666666
2010-09-15,TLT,0.16666666666666666
2010-09-16,EEM,0.16666666666666666
2010-09-16,EFA,0.16666666666666666
2010-09-16,GLD,0.16666666666666666
2010-09-16,IWM,0
2010-09-16,QQQ,0.16666666666666666
2010-09-16,SPY,0.16666666666666666
2010-09-16,TLT,0.16666666666666666
2010-09-17,EEM,0.16666666666666666
2010-09-17,EFA,0.16666666666666666
2010-09-17,GLD,0.16666666666666666
2010-09-17,IWM,0
2010-09-17,QQQ,0.16666666666666666
2010-09-17,SPY,0.16666666666666666
2010-09-17,TLT,0.16666666666666666
2010-09-20,EEM,0.16666666666666666
2010-09-20,EFA,0.16666666666666666
2010-09-20,GLD,0.16666666666666666
2010-09-20,IWM,0
2010-09-20,QQQ,0.16666666666666666
2010-09-20,SPY,0.16666666666666666
2010-09-20,TLT,0.16666666666666666
2010-09-21,EEM,0.16666666666666666
2010-09-21,EFA,0.16666666666666666
2010-09-21,GLD,0.16666666666666666
2010-09-21,IWM,0
2010-09-21,QQQ,0.16666666666666666
2010-09-21,SPY,0.16666666666666666
2010-09-21,TLT,0.16666666666666666
2010-09-22,EEM,0.16666666666666666
2010-09-22,EFA,0.16666666666666666
2010-09-22,GLD,0
2010-09-22,IWM,0.16666666666666666
2010-09-22,QQQ,0.16666666666666666
2010-09-22,SPY,0.16666666666666666
2010-09-22,TLT,0.16666666666666666
2010-09-23,EEM,0.16666666666666666
2010-09-23,EFA,0.16666666666666666
2010-09-23,GLD,0
2010-09-23,IWM,0.16666666666666666
2010-09-23,QQQ,0.16666666666666666
2010-09-23,SPY,0.16666666666666666
2010-09-23,TLT,0.16666666666666666
2010-09-24,EEM,0.16666666666666666
2010-09-24,EFA,0.16666666666666666
2010-09-24,GLD,0
2010-09-24,IWM,0.16666666666666666
2010-09-24,QQQ,0.16666666666666666
2010-09-24,SPY,0.16666666666666666
2010-09-24,TLT,0.16666666666666666
2010-09-27,EEM,0.16666666666666666
2010-09-27,EFA,0.16666666666666666
2010-09-27,GLD,0
2010-09-27,IWM,0.16666666666666666
2010-09-27,QQQ,0.16666666666666666
2010-09-27,SPY,0.16666666666666666
2010-09-27,TLT,0.16666666666666666
2010-09-28,EEM,0.16666666666666666
2010-09-28,EFA,0.16666666666666666
2010-09-28,GLD,0
2010-09-28,IWM,0.16666666666666666
2010-09-28,QQQ,0.16666666666666666
2010-09-28,SPY,0.16666666666666666
2010-09-28,TLT,0.16666666666666666
2010-09-29,EEM,0.16666666666666666
2010-09-29,EFA,0.16666666666666666
2010-09-29,GLD,0
2010-09-29,IWM,0.16666666666666666
2010-09-29,QQQ,0.16666666666666666
2010-09-29,SPY,0.16666666666666666
2010-09-29,TLT,0.16666666666666666
2010-09-30,EEM,0.16666666666666666
2010-09-30,EFA,0.16666666666666666
2010-09-30,GLD,0
2010-09-30,IWM,0.16666666666666666
2010-09-30,QQQ,0.16666666666666666
2010-09-30,SPY,0.16666666666666666
2010-09-30,TLT,0.16666666666666666
2010-10-01,EEM,0.16666666666666666
2010-10-01,EFA,0.16666666666666666
2010-10-01,GLD,0
2010-10-01,IWM,0.16666666666666666
2010-10-01,QQQ,0.16666666666666666
2010-10-01,SPY,0.16666666666666666
2010-10-01,TLT,0.16666666666666666
2010-10-04,EEM,0.16666666666666666
2010-10-04,EFA,0.16666666666666666
2010-10-04,GLD,0
2010-10-04,IWM,0.16666666666666666
2010-10-04,QQQ,0.16666666666666666
2010-10-04,SPY,0.16666666666666666
2010-10-04,TLT,0.16666666666666666
2010-10-05,EEM,0.16666666666666666
2010-10-05,EFA,0.16666666666666666
2010-10-05,GLD,0
2010-10-05,IWM,0.16666666666666666
2010-10-05,QQQ,0.16666666666666666
2010-10-05,SPY,0.16666666666666666
2010-10-05,TLT,0.16666666666666666
2010-10-06,EEM,0.16666666666666666
2010-10-06,EFA,0.16666666666666666
2010-10-06,GLD,0
2010-10-06,IWM,0.16666666666666666
2010-10-06,QQQ,0.16666666666666666
2010-10-06,SPY,0.16666666666666666
2010-10-06,TLT,0.16666666666666666
2010-10-07,EEM,0.16666666666666666
2010-10-07,EFA,0.16666666666666666
2010-10-07,GLD,0
2010-10-07,IWM,0.16666666666666666
2010-10-07,QQQ,0.16666666666666666
2010-10-07,SPY,0.16666666666666666
2010-10-07,TLT,0.16666666666666666
2010-10-08,EEM,0.16666666666666666
2010-10-08,EFA,0.16666666666666666
2010-10-08,GLD,0
2010-10-08,IWM,0.16666666666666666
2010-10-08,QQQ,0.16666666666666666
2010-10-08,SPY,0.16666666666666666
2010-10-08,TLT,0.16666666666666666
2010-10-11,EEM,0.16666666666666666
2010-10-11,EFA,0.16666666666666666
2010-10-11,GLD,0
2010-10-11,IWM,0.16666666666666666
2010-10-11,QQQ,0.16666666666666666
2010-10-11,SPY,0.16666666666666666
2010-10-11,TLT,0.16666666666666666
2010-10-12,EEM,0.16666666666666666
2010-10-12,EFA,0.16666666666666666
2010-10-12,GLD,0
2010-10-12,IWM,0.16666666666666666
2010-10-12,QQQ,0.16666666666666666
2010-10-12,SPY,0.16666666666666666
2010-10-12,TLT,0.16666666666666666
2010-10-13,EEM,0.16666666666666666
2010-10-13,EFA,0.16666666666666666
2010-10-13,GLD,0
2010-10-13,IWM,0.16666666666666666
2010-10-13,QQQ,0.16666666666666666
2010-10-13,SPY,0.16666666666666666
2010-10-13,TLT,0.16666666666666666
2010-10-14,EEM,0.16666666666666666
2010-10-14,EFA,0.16666666666666666
2010-10-14,GLD,0
2010-10-14,IWM,0.16666666666666666
2010-10-14,QQQ,0.16666666666666666
2010-10-14,SPY,0.16666666666666666
2010-10-14,TLT,0.16666666666666666
2010-10-15,EEM,0.16666666666666666
2010-10-15,EFA,0.16666666666666666
2010-10-15,GLD,0
2010-10-15,IWM,0.16666666666666666
2010-10-15,QQQ,0.16666666666666666
2010-10-15,SPY,0.16666666666666666
2010-10-15,TLT,0.16666666666666666
2010-10-18,EEM,0.16666666666666666
2010-10-18,EFA,0.16666666666666666
2010-10-18,GLD,0
2010-10-18,IWM,0.16666666666666666
2010-10-18,QQQ,0.16666666666666666
2010-10-18,SPY,0.16666666666666666
2010-10-18,TLT,0.16666666666666666
2010-10-19,EEM,0.16666666666666666
2010-10-19,EFA,0.16666666666666666
2010-10-19,GLD,0
2010-10-19,IWM,0.16666666666666666
2010-10-19,QQQ,0.16666666666666666
2010-10-19,SPY,0.16666666666666666
2010-10-19,TLT,0.16666666666666666
2010-10-20,EEM,0.16666666666666666
2010-10-20,EFA,0.16666666666666666
2010-10-20,GLD,0
2010-10-20,IWM,0.16666666666666666
2010-10-20,QQQ,0.16666666666666666
2010-10-20,SPY,0.16666666666666666
2010-10-20,TLT,0.16666666666666666
2010-10-21,EEM,0.16666666666666666
2010-10-21,EFA,0.16666666666666666
2010-10-21,GLD,0
2010-10-21,IWM,0.16666666666666666
2010-10-21,QQQ,0.16666666666666666
2010-10-21,SPY,0.16666666666666666
2010-10-21,TLT,0.16666666666666666
2010-10-22,EEM,0.16666666666666666
2010-10-22,EFA,0.16666666666666666
2010-10-22,GLD,0
2010-10-22,IWM,0.16666666666666666
2010-10-22,QQQ,0.16666666666666666
2010-10-22,SPY,0.16666666666666666
2010-10-22,TLT,0.16666666666666666
2010-10-25,EEM,0.16666666666666666
2010-10-25,EFA,0.16666666666666666
2010-10-25,GLD,0
2010-10-25,IWM,0.16666666666666666
2010-10-25,QQQ,0.16666666666666666
2010-10-25,SPY,0.16666666666666666
2010-10-25,TLT,0.16666666666666666
2010-10-26,EEM,0.16666666666666666
2010-10-26,EFA,0.16666666666666666
2010-10-26,GLD,0
2010-10-26,IWM,0.16666666666666666
2010-10-26,QQQ,0.16666666666666666
2010-10-26,SPY,0.16666666666666666
2010-10-26,TLT,0.16666666666666666
2010-10-27,EEM,0.16666666666666666
2010-10-27,EFA,0.16666666666666666
2010-10-27,GLD,0
2010-10-27,IWM,0.16666666666666666
2010-10-27,QQQ,0.16666666666666666
2010-10-27,SPY,0.16666666666666666
2010-10-27,TLT,0.16666666666666666
2010-10-28,EEM,0.16666666666666666
2010-10-28,EFA,0.16666666666666666
2010-10-28,GLD,0
2010-10-28,IWM,0.16666666666666666
2010-10-28,QQQ,0.16666666666666666
2010-10-28,SPY,0.16666666666666666
2010-10-28,TLT,0.16666666666666666
2010-10-29,EEM,0.16666666666666666
2010-10-29,EFA,0.16666666666666666
2010-10-29,GLD,0
2010-10-29,IWM,0.16666666666666666
2010-10-29,QQQ,0.16666666666666666
2010-10-29,SPY,0.16666666666666666
2010-10-29,TLT,0.16666666666666666
2010-11-01,EEM,0.16666666666666666
2010-11-01,EFA,0.16666666666666666
2010-11-01,GLD,0
2010-11-01,IWM,0.16666666666666666
2010-11-01,QQQ,0.16666666666666666
2010-11-01,SPY,0.16666666666666666
2010-11-01,TLT,0.16666666666666666
2010-11-02,EEM,0.16666666666666666
2010-11-02,EFA,0.16666666666666666
2010-11-02,GLD,0
2010-11-02,IWM,0.16666666666666666
2010-11-02,QQQ,0.16666666666666666
2010-11-02,SPY,0.16666666666666666
2010-11-02,TLT,0.16666666666666666
2010-11-03,EEM,0.16666666666666666
2010-11-03,EFA,0.16666666666666666
2010-11-03,GLD,0.16666666666666666
2010-11-03,IWM,0.16666666666666666
2010-11-03,QQQ,0.16666666666666666
2010-11-03,SPY,0.16666666666666666
2010-11-03,TLT,0
2010-11-04,EEM,0.16666666666666666
2010-11-04,EFA,0.16666666666666666
2010-11-04,GLD,0.16666666666666666
2010-11-04,IWM,0.16666666666666666
2010-11-04,QQQ,0.16666666666666666
2010-11-04,SPY,0.16666666666666666
2010-11-04,TLT,0
2010-11-05,EEM,0.16666666666666666
2010-11-05,EFA,0.16666666666666666
2010-11-05,GLD,0.16666666666666666
2010-11-05,IWM,0.16666666666666666
2010-11-05,QQQ,0.16666666666666666
2010-11-05,SPY,0.16666666666666666
2010-11-05,TLT,0
2010-11-08,EEM,0.16666666666666666
2010-11-08,EFA,0.16666666666666666
2010-11-08,GLD,0.16666666666666666
2010-11-08,IWM,0.16666666666666666
2010-11-08,QQQ,0.16666666666666666
2010-11-08,SPY,0.16666666666666666
2010-11-08,TLT,0
2010-11-09,EEM,0.16666666666666666
2010-11-09,EFA,0.16666666666666666
2010-11-09,GLD,0.16666666666666666
2010-11-09,IWM,0.16666666666666666
2010-11-09,QQQ,0.16666666666666666
2010-11-09,SPY,0.16666666666666666
2010-11-09,TLT,0
2010-11-10,EEM,0.16666666666666666
2010-11-10,EFA,0.16666666666666666
2010-11-10,GLD,0.16666666666666666
2010-11-10,IWM,0.16666666666666666
2010-11-10,QQQ,0.16666666666666666
2010-11-10,SPY,0.16666666666666666
2010-11-10,TLT,0
2010-11-11,EEM,0.16666666666666666
2010-11-11,EFA,0.16666666666666666
2010-11-11,GLD,0.16666666666666666
2010-11-11,IWM,0.16666666666666666
2010-11-11,QQQ,0.16666666666666666
2010-11-11,SPY,0.16666666666666666
2010-11-11,TLT,0
2010-11-12,EEM,0.16666666666666666
2010-11-12,EFA,0.16666666666666666
2010-11-12,GLD,0.16666666666666666
2010-11-12,IWM,0.16666666666666666
2010-11-12,QQQ,0.16666666666666666
2010-11-12,SPY,0.16666666666666666
2010-11-12,TLT,0
2010-11-15,EEM,0.16666666666666666
2010-11-15,EFA,0.16666666666666666
2010-11-15,GLD,0.16666666666666666
2010-11-15,IWM,0.16666666666666666
2010-11-15,QQQ,0.16666666666666666
2010-11-15,SPY,0.16666666666666666
2010-11-15,TLT,0
2010-11-16,EEM,0.16666666666666666
2010-11-16,EFA,0.16666666666666666
2010-11-16,GLD,0.16666666666666666
2010-11-16,IWM,0.16666666666666666
2010-11-16,QQQ,0.16666666666666666
2010-11-16,SPY,0.16666666666666666
2010-11-16,TLT,0
2010-11-17,EEM,0.16666666666666666
2010-11-17,EFA,0.16666666666666666
2010-11-17,GLD,0.16666666666666666
2010-11-17,IWM,0.16666666666666666
2010-11-17,QQQ,0.16666666666666666
2010-11-17,SPY,0.16666666666666666
2010-11-17,TLT,0
2010-11-18,EEM,0.16666666666666666
2010-11-18,EFA,0.16666666666666666
2010-11-18,GLD,0.16666666666666666
2010-11-18,IWM,0.16666666666666666
2010-11-18,QQQ,0.16666666666666666
2010-11-18,SPY,0.16666666666666666
2010-11-18,TLT,0
2010-11-19,EEM,0.16666666666666666
2010-11-19,EFA,0.16666666666666666
2010-11-19,GLD,0.16666666666666666
2010-11-19,IWM,0.16666666666666666
2010-11-19,QQQ,0.16666666666666666
2010-11-19,SPY,0.16666666666666666
2010-11-19,TLT,0
2010-11-22,EEM,0.16666666666666666
2010-11-22,EFA,0.16666666666666666
2010-11-22,GLD,0.16666666666666666
2010-11-22,IWM,0.16666666666666666
2010-11-22,QQQ,0.16666666666666666
2010-11-22,SPY,0.16666666666666666
2010-11-22,TLT,0
2010-11-23,EEM,0.16666666666666666
2010-11-23,EFA,0.16666666666666666
2010-11-23,GLD,0.16666666666666666
2010-11-23,IWM,0.16666666666666666
2010-11-23,QQQ,0.16666666666666666
2010-11-23,SPY,0.16666666666666666
2010-11-23,TLT,0
2010-11-24,EEM,0.16666666666666666
2010-11-24,EFA,0.16666666666666666
2010-11-24,GLD,0.16666666666666666
2010-11-24,IWM,0.16666666666666666
2010-11-24,QQQ,0.16666666666666666
2010-11-24,SPY,0.16666666666666666
2010-11-24,TLT,0
2010-11-26,EEM,0.16666666666666666
2010-11-26,EFA,0.16666666666666666
2010-11-26,GLD,0.16666666666666666
2010-11-26,IWM,0.16666666666666666
2010-11-26,QQQ,0.16666666666666666
2010-11-26,SPY,0.16666666666666666
2010-11-26,TLT,0
2010-11-29,EEM,0.16666666666666666
2010-11-29,EFA,0.16666666666666666
2010-11-29,GLD,0.16666666666666666
2010-11-29,IWM,0.16666666666666666
2010-11-29,QQQ,0.16666666666666666
2010-11-29,SPY,0.16666666666666666
2010-11-29,TLT,0
2010-11-30,EEM,0.16666666666666666
2010-11-30,EFA,0.16666666666666666
2010-11-30,GLD,0.16666666666666666
2010-11-30,IWM,0.16666666666666666
2010-11-30,QQQ,0.16666666666666666
2010-11-30,SPY,0.16666666666666666
2010-11-30,TLT,0
2010-12-01,EEM,0.16666666666666666
2010-12-01,EFA,0.16666666666666666
2010-12-01,GLD,0.16666666666666666
2010-12-01,IWM,0.16666666666666666
2010-12-01,QQQ,0.16666666666666666
2010-12-01,SPY,0.16666666666666666
2010-12-01,TLT,0
2010-12-02,EEM,0.16666666666666666
2010-12-02,EFA,0.16666666666666666
2010-12-02,GLD,0.16666666666666666
2010-12-02,IWM,0.16666666666666666
2010-12-02,QQQ,0.16666666666666666
2010-12-02,SPY,0.16666666666666666
2010-12-02,TLT,0
2010-12-03,EEM,0.16666666666666666
2010-12-03,EFA,0.16666666666666666
2010-12-03,GLD,0.16666666666666666
2010-12-03,IWM,0.16666666666666666
2010-12-03,QQQ,0.16666666666666666
2010-12-03,SPY,0.16666666666666666
2010-12-03,TLT,0
2010-12-06,EEM,0.16666666666666666
2010-12-06,EFA,0.16666666666666666
2010-12-06,GLD,0.16666666666666666
2010-12-06,IWM,0.16666666666666666
2010-12-06,QQQ,0.16666666666666666
2010-12-06,SPY,0.16666666666666666
2010-12-06,TLT,0
2010-12-07,EEM,0.16666666666666666
2010-12-07,EFA,0.16666666666666666
2010-12-07,GLD,0.16666666666666666
2010-12-07,IWM,0.16666666666666666
2010-12-07,QQQ,0.16666666666666666
2010-12-07,SPY,0.16666666666666666
2010-12-07,TLT,0
2010-12-08,EEM,0.16666666666666666
2010-12-08,EFA,0.16666666666666666
2010-12-08,GLD,0.16666666666666666
2010-12-08,IWM,0.16666666666666666
2010-12-08,QQQ,0.16666666666666666
2010-12-08,SPY,0.16666666666666666
2010-12-08,TLT,0
2010-12-09,EEM,0.16666666666666666
2010-12-09,EFA,0.16666666666666666
2010-12-09,GLD,0.16666666666666666
2010-12-09,IWM,0.16666666666666666
2010-12-09,QQQ,0.16666666666666666
2010-12-09,SPY,0.16666666666666666
2010-12-09,TLT,0
2010-12-10,EEM,0.16666666666666666
2010-12-10,EFA,0.16666666666666666
2010-12-10,GLD,0.16666666666666666
2010-12-10,IWM,0.16666666666666666
2010-12-10,QQQ,0.16666666666666666
2010-12-10,SPY,0.16666666666666666
2010-12-10,TLT,0
2010-12-13,EEM,0.16666666666666666
2010-12-13,EFA,0.16666666666666666
2010-12-13,GLD,0.16666666666666666
2010-12-13,IWM,0.16666666666666666
2010-12-13,QQQ,0.16666666666666666
2010-12-13,SPY,0.16666666666666666
2010-12-13,TLT,0
2010-12-14,EEM,0.16666666666666666
2010-12-14,EFA,0.16666666666666666
2010-12-14,GLD,0.16666666666666666
2010-12-14,IWM,0.16666666666666666
2010-12-14,QQQ,0.16666666666666666
2010-12-14,SPY,0.16666666666666666
2010-12-14,TLT,0
2010-12-15,EEM,0.16666666666666666
2010-12-15,EFA,0.16666666666666666
2010-12-15,GLD,0.16666666666666666
2010-12-15,IWM,0.16666666666666666
2010-12-15,QQQ,0.16666666666666666
2010-12-15,SPY,0.16666666666666666
2010-12-15,TLT,0
2010-12-16,EEM,0.16666666666666666
2010-12-16,EFA,0.16666666666666666
2010-12-16,GLD,0.16666666666666666
2010-12-16,IWM,0.16666666666666666
2010-12-16,QQQ,0.16666666666666666
2010-12-16,SPY,0.16666666666666666
2010-12-16,TLT,0
2010-12-17,EEM,0.16666666666666666
2010-12-17,EFA,0.16666666666666666
2010-12-17,GLD,0.16666666666666666
2010-12-17,IWM,0.16666666666666666
2010-12-17,QQQ,0.16666666666666666
2010-12-17,SPY,0.16666666666666666
2010-12-17,TLT,0
2010-12-20,EEM,0.16666666666666666
2010-12-20,EFA,0.16666666666666666
2010-12-20,GLD,0.16666666666666666
2010-12-20,IWM,0.16666666666666666
2010-12-20,QQQ,0.16666666666666666
2010-12-20,SPY,0.16666666666666666
2010-12-20,TLT,0
2010-12-21,EEM,0.16666666666666666
2010-12-21,EFA,0.16666666666666666
2010-12-21,GLD,0.16666666666666666
2010-12-21,IWM,0.16666666666666666
2010-12-21,QQQ,0.16666666666666666
2010-12-21,SPY,0.16666666666666666
2010-12-21,TLT,0
2010-12-22,EEM,0.16666666666666666
2010-12-22,EFA,0.16666666666666666
2010-12-22,GLD,0.16666666666666666
2010-12-22,IWM,0.16666666666666666
2010-12-22,QQQ,0.16666666666666666
2010-12-22,SPY,0.16666666666666666
2010-12-22,TLT,0
2010-12-23,EEM,0.16666666666666666
2010-12-23,EFA,0.16666666666666666
2010-12-23,GLD,0.16666666666666666
2010-12-23,IWM,0.16666666666666666
2010-12-23,QQQ,0.16666666666666666
2010-12-23,SPY,0.16666666666666666
2010-12-23,TLT,0
2010-12-27,EEM,0.16666666666666666
2010-12-27,EFA,0.16666666666666666
2010-12-27,GLD,0.16666666666666666
2010-12-27,IWM,0.16666666666666666
2010-12-27,QQQ,0.16666666666666666
2010-12-27,SPY,0.16666666666666666
2010-12-27,TLT,0
2010-12-28,EEM,0.16666666666666666
2010-12-28,EFA,0.16666666666666666
2010-12-28,GLD,0.16666666666666666
2010-12-28,IWM,0.16666666666666666
2010-12-28,QQQ,0.16666666666666666
2010-12-28,SPY,0.16666666666666666
2010-12-28,TLT,0
2010-12-29,EEM,0.16666666666666666
2010-12-29,EFA,0.16666666666666666
2010-12-29,GLD,0.16666666666666666
2010-12-29,IWM,0.16666666666666666
2010-12-29,QQQ,0.16666666666666666
2010-12-29,SPY,0.16666666666666666
2010-12-29,TLT,0
2010-12-30,EEM,0.16666666666666666
2010-12-30,EFA,0.16666666666666666
2010-12-30,GLD,0.16666666666666666
2010-12-30,IWM,0.16666666666666666
2010-12-30,QQQ,0.16666666666666666
2010-12-30,SPY,0.16666666666666666
2010-12-30,TLT,0
2010-12-31,EEM,0.16666666666666666
2010-12-31,EFA,0.16666666666666666
2010-12-31,GLD,0.16666666666666666
2010-12-31,IWM,0.16666666666666666
2010-12-31,QQQ,0.16666666666666666
2010-12-31,SPY,0.16666666666666666
2010-12-31,TLT,0
2011-01-03,EEM,0.16666666666666666
2011-01-03,EFA,0.16666666666666666
2011-01-03,GLD,0.16666666666666666
2011-01-03,IWM,0.16666666666666666
2011-01-03,QQQ,0.16666666666666666
2011-01-03,SPY,0.16666666666666666
2011-01-03,TLT,0
2011-01-04,EEM,0.16666666666666666
2011-01-04,EFA,0.16666666666666666
2011-01-04,GLD,0.16666666666666666
2011-01-04,IWM,0.16666666666666666
2011-01-04,QQQ,0.16666666666666666
2011-01-04,SPY,0.16666666666666666
2011-01-04,TLT,0
2011-01-05,EEM,0.16666666666666666
2011-01-05,EFA,0.16666666666666666
2011-01-05,GLD,0.16666666666666666
2011-01-05,IWM,0.16666666666666666
2011-01-05,QQQ,0.16666666666666666
2011-01-05,SPY,0.16666666666666666
2011-01-05,TLT,0
2011-01-06,EEM,0.16666666666666666
2011-01-06,EFA,0.16666666666666666
2011-01-06,GLD,0.16666666666666666
2011-01-06,IWM,0.16666666666666666
2011-01-06,QQQ,0.16666666666666666
2011-01-06,SPY,0.16666666666666666
2011-01-06,TLT,0
2011-01-07,EEM,0.16666666666666666
2011-01-07,EFA,0.16666666666666666
2011-01-07,GLD,0.16666666666666666
2011-01-07,IWM,0.16666666666666666
2011-01-07,QQQ,0.16666666666666666
2011-01-07,SPY,0.16666666666666666
2011-01-07,TLT,0
2011-01-10,EEM,0.16666666666666666
2011-01-10,EFA,0.16666666666666666
2011-01-10,GLD,0.16666666666666666
2011-01-10,IWM,0.16666666666666666
2011-01-10,QQQ,0.16666666666666666
2011-01-10,SPY,0.16666666666666666
2011-01-10,TLT,0
2011-01-11,EEM,0.16666666666666666
2011-01-11,EFA,0.16666666666666666
2011-01-11,GLD,0.16666666666666666
2011-01-11,IWM,0.16666666666666666
2011-01-11,QQQ,0.16666666666666666
2011-01-11,SPY,0.16666666666666666
2011-01-11,TLT,0
2011-01-12,EEM,0.16666666666666666
2011-01-12,EFA,0.16666666666666666
2011-01-12,GLD,0.16666666666666666
2011-01-12,IWM,0.16666666666666666
2011-01-12,QQQ,0.16666666666666666
2011-01-12,SPY,0.16666666666666666
2011-01-12,TLT,0
2011-01-13,EEM,0.16666666666666666
2011-01-13,EFA,0.16666666666666666
2011-01-13,GLD,0.16666666666666666
2011-01-13,IWM,0.16666666666666666
2011-01-13,QQQ,0.16666666666666666
2011-01-13,SPY,0.16666666666666666
2011-01-13,TLT,0
2011-01-14,EEM,0.16666666666666666
2011-01-14,EFA,0.16666666666666666
2011-01-14,GLD,0.16666666666666666
2011-01-14,IWM,0.16666666666666666
2011-01-14,QQQ,0.16666666666666666
2011-01-14,SPY,0.16666666666666666
2011-01-14,TLT,0
2011-01-18,EEM,0.16666666666666666
2011-01-18,EFA,0.16666666666666666
2011-01-18,GLD,0.16666666666666666
2011-01-18,IWM,0.16666666666666666
2011-01-18,QQQ,0.16666666666666666
2011-01-18,SPY,0.16666666666666666
2011-01-18,TLT,0
2011-01-19,EEM,0.16666666666666666
2011-01-19,EFA,0.16666666666666666
2011-01-19,GLD,0.16666666666666666
2011-01-19,IWM,0.16666666666666666
2011-01-19,QQQ,0.16666666666666666
2011-01-19,SPY,0.16666666666666666
2011-01-19,TLT,0
2011-01-20,EEM,0.16666666666666666
2011-01-20,EFA,0.16666666666666666
2011-01-20,GLD,0.16666666666666666
2011-01-20,IWM,0.16666666666666666
2011-01-20,QQQ,0.16666666666666666
2011-01-20,SPY,0.16666666666666666
2011-01-20,TLT,0
2011-01-21,EEM,0.16666666666666666
2011-01-21,EFA,0.16666666666666666
2011-01-21,GLD,0.16666666666666666
2011-01-21,IWM,0.16666666666666666
2011-01-21,QQQ,0.16666666666666666
2011-01-21,SPY,0.16666666666666666
2011-01-21,TLT,0
2011-01-24,EEM,0.16666666666666666
2011-01-24,EFA,0.16666666666666666
2011-01-24,GLD,0.16666666666666666
2011-01-24,IWM,0.16666666666666666
2011-01-24,QQQ,0.16666666666666666
2011-01-24,SPY,0.16666666666666666
2011-01-24,TLT,0
2011-01-25,EEM,0.16666666666666666
2011-01-25,EFA,0.16666666666666666
2011-01-25,GLD,0.16666666666666666
2011-01-25,IWM,0.16666666666666666
2011-01-25,QQQ,0.16666666666666666
2011-01-25,SPY,0.16666666666666666
2011-01-25,TLT,0
2011-01-26,EEM,0.16666666666666666
2011-01-26,EFA,0.16666666666666666
2011-01-26,GLD,0.16666666666666666
2011-01-26,IWM,0.16666666666666666
2011-01-26,QQQ,0.16666666666666666
2011-01-26,SPY,0.16666666666666666
2011-01-26,TLT,0
2011-01-27,EEM,0.16666666666666666
2011-01-27,EFA,0.16666666666666666
2011-01-27,GLD,0.16666666666666666
2011-01-27,IWM,0.16666666666666666
2011-01-27,QQQ,0.16666666666666666
2011-01-27,SPY,0.16666666666666666
2011-01-27,TLT,0
2011-01-28,EEM,0.16666666666666666
2011-01-28,EFA,0.16666666666666666
2011-01-28,GLD,0.16666666666666666
2011-01-28,IWM,0.16666666666666666
2011-01-28,QQQ,0.16666666666666666
2011-01-28,SPY,0.16666666666666666
2011-01-28,TLT,0
2011-01-31,EEM,0
2011-01-31,EFA,0.16666666666666666
2011-01-31,GLD,0.33333333333333331
2011-01-31,IWM,0.16666666666666666
2011-01-31,QQQ,0.16666666666666666
2011-01-31,SPY,0.16666666666666666
2011-01-31,TLT,0
2011-02-01,EEM,0
2011-02-01,EFA,0.16666666666666666
2011-02-01,GLD,0.33333333333333331
2011-02-01,IWM,0.16666666666666666
2011-02-01,QQQ,0.16666666666666666
2011-02-01,SPY,0.16666666666666666
2011-02-01,TLT,0
2011-02-02,EEM,0
2011-02-02,EFA,0.16666666666666666
2011-02-02,GLD,0.33333333333333331
2011-02-02,IWM,0.16666666666666666
2011-02-02,QQQ,0.16666666666666666
2011-02-02,SPY,0.16666666666666666
2011-02-02,TLT,0
2011-02-03,EEM,0
2011-02-03,EFA,0.16666666666666666
2011-02-03,GLD,0.33333333333333331
2011-02-03,IWM,0.16666666666666666
2011-02-03,QQQ,0.16666666666666666
2011-02-03,SPY,0.16666666666666666
2011-02-03,TLT,0
2011-02-04,EEM,0
2011-02-04,EFA,0.16666666666666666
2011-02-04,GLD,0.33333333333333331
2011-02-04,IWM,0.16666666666666666
2011-02-04,QQQ,0.16666666666666666
2011-02-04,SPY,0.16666666666666666
2011-02-04,TLT,0
2011-02-07,EEM,0
2011-02-07,EFA,0.16666666666666666
2011-02-07,GLD,0.33333333333333331
2011-02-07,IWM,0.16666666666666666
2011-02-07,QQQ,0.16666666666666666
2011-02-07,SPY,0.16666666666666666
2011-02-07,TLT,0
2011-02-08,EEM,0
2011-02-08,EFA,0.16666666666666666
2011-02-08,GLD,0.33333333333333331
2011-02-08,IWM,0.16666666666666666
2011-02-08,QQQ,0.16666666666666666
2011-02-08,SPY,0.16666666666666666
2011-02-08,TLT,0
2011-02-09,EEM,0
2011-02-09,EFA,0.16666666666666666
2011-02-09,GLD,0.33333333333333331
2011-02-09,IWM,0.16666666666666666
2011-02-09,QQQ,0.16666666666666666
2011-02-09,SPY,0.16666666666666666
2011-02-09,TLT,0
2011-02-10,EEM,0
2011-02-10,EFA,0.16666666666666666
2011-02-10,GLD,0.33333333333333331
2011-02-10,IWM,0.16666666666666666
2011-02-10,QQQ,0.16666666666666666
2011-02-10,SPY,0.16666666666666666
2011-02-10,TLT,0
2011-02-11,EEM,0
2011-02-11,EFA,0.16666666666666666
2011-02-11,GLD,0.33333333333333331
2011-02-11,IWM,0.16666666666666666
2011-02-11,QQQ,0.16666666666666666
2011-02-11,SPY,0.16666666666666666
2011-02-11,TLT,0
2011-02-14,EEM,0
2011-02-14,EFA,0.16666666666666666
2011-02-14,GLD,0.33333333333333331
2011-02-14,IWM,0.16666666666666666
2011-02-14,QQQ,0.16666666666666666
2011-02-14,SPY,0.16666666666666666
2011-02-14,TLT,0
2011-02-15,EEM,0
2011-02-15,EFA,0.16666666666666666
2011-02-15,GLD,0.33333333333333331
2011-02-15,IWM,0.16666666666666666
2011-02-15,QQQ,0.16666666666666666
2011-02-15,SPY,0.16666666666666666
2011-02-15,TLT,0
2011-02-16,EEM,0
2011-02-16,EFA,0.16666666666666666
2011-02-16,GLD,0.33333333333333331
2011-02-16,IWM,0.16666666666666666
2011-02-16,QQQ,0.16666666666666666
2011-02-16,SPY,0.16666666666666666
2011-02-16,TLT,0
2011-02-18,EEM,0
2011-02-18,EFA,0.16666666666666666
2011-02-18,GLD,0.33333333333333331
2011-02-18,IWM,0.16666666666666666
2011-02-18,QQQ,0.16666666666666666
2011-02-18,SPY,0.16666666666666666
2011-02-18,TLT,0
2011-02-22,EEM,0
2011-02-22,EFA,0.16666666666666666
2011-02-22,GLD,0.33333333333333331
2011-02-22,IWM,0.16666666666666666
2011-02-22,QQQ,0.16666666666666666
2011-02-22,SPY,0.16666666666666666
2011-02-22,TLT,0
2011-02-23,EEM,0
2011-02-23,EFA,0.16666666666666666
2011-02-23,GLD,0.33333333333333331
2011-02-23,IWM,0.16666666666666666
2011-02-23,QQQ,0.16666666666666666
2011-02-23,SPY,0.16666666666666666
2011-02-23,TLT,0
2011-02-24,EEM,0
2011-02-24,EFA,0.16666666666666666
2011-02-24,GLD,0.33333333333333331
2011-02-24,IWM,0.16666666666666666
2011-02-24,QQQ,0.16666666666666666
2011-02-24,SPY,0.16666666666666666
2011-02-24,TLT,0
2011-02-25,EEM,0
2011-02-25,EFA,0.16666666666666666
2011-02-25,GLD,0.33333333333333331
2011-02-25,IWM,0.16666666666666666
2011-02-25,QQQ,0.16666666666666666
2011-02-25,SPY,0.16666666666666666
2011-02-25,TLT,0
2011-02-28,EEM,0
2011-02-28,EFA,0.16666666666666666
2011-02-28,GLD,0.33333333333333331
2011-02-28,IWM,0.16666666666666666
2011-02-28,QQQ,0.16666666666666666
2011-02-28,SPY,0.16666666666666666
2011-02-28,TLT,0
2011-03-01,EEM,0
2011-03-01,EFA,0.16666666666666666
2011-03-01,GLD,0.33333333333333331
2011-03-01,IWM,0.16666666666666666
2011-03-01,QQQ,0.16666666666666666
2011-03-01,SPY,0.16666666666666666
2011-03-01,TLT,0
2011-03-02,EEM,0.16666666666666666
2011-03-02,EFA,0.16666666666666666
2011-03-02,GLD,0.16666666666666666
2011-03-02,IWM,0.16666666666666666
2011-03-02,QQQ,0.16666666666666666
2011-03-02,SPY,0.16666666666666666
2011-03-02,TLT,0
2011-03-03,EEM,0.16666666666666666
2011-03-03,EFA,0.16666666666666666
2011-03-03,GLD,0.16666666666666666
2011-03-03,IWM,0.16666666666666666
2011-03-03,QQQ,0.16666666666666666
2011-03-03,SPY,0.16666666666666666
2011-03-03,TLT,0
2011-03-04,EEM,0.16666666666666666
2011-03-04,EFA,0.16666666666666666
2011-03-04,GLD,0.16666666666666666
2011-03-04,IWM,0.16666666666666666
2011-03-04,QQQ,0.16666666666666666
2011-03-04,SPY,0.16666666666666666
2011-03-04,TLT,0
2011-03-07,EEM,0.16666666666666666
2011-03-07,EFA,0.16666666666666666
2011-03-07,GLD,0.16666666666666666
2011-03-07,IWM,0.16666666666666666
2011-03-07,QQQ,0.16666666666666666
2011-03-07,SPY,0.16666666666666666
2011-03-07,TLT,0
2011-03-08,EEM,0.16666666666666666
2011-03-08,EFA,0.16666666666666666
2011-03-08,GLD,0.16666666666666666
2011-03-08,IWM,0.16666666666666666
2011-03-08,QQQ,0.16666666666666666
2011-03-08,SPY,0.16666666666666666
2011-03-08,TLT,0
2011-03-09,EEM,0
2011-03-09,EFA,0.16666666666666666
2011-03-09,GLD,0.33333333333333331
2011-03-09,IWM,0.16666666666666666
2011-03-09,QQQ,0.16666666666666666
2011-03-09,SPY,0.16666666666666666
2011-03-09,TLT,0
2011-03-10,EEM,0
2011-03-10,EFA,0.16666666666666666
2011-03-10,GLD,0.33333333333333331
2011-03-10,IWM,0.16666666666666666
2011-03-10,QQQ,0.16666666666666666
2011-03-10,SPY,0.16666666666666666
2011-03-10,TLT,0
2011-03-11,EEM,0
2011-03-11,EFA,0.16666666666666666
2011-03-11,GLD,0.33333333333333331
2011-03-11,IWM,0.16666666666666666
2011-03-11,QQQ,0.16666666666666666
2011-03-11,SPY,0.16666666666666666
2011-03-11,TLT,0
2011-03-14,EEM,0
2011-03-14,EFA,0.16666666666666666
2011-03-14,GLD,0.33333333333333331
2011-03-14,IWM,0.16666666666666666
2011-03-14,QQQ,0.16666666666666666
2011-03-14,SPY,0.16666666666666666
2011-03-14,TLT,0
2011-03-15,EEM,0
2011-03-15,EFA,0.16666666666666666
2011-03-15,GLD,0.33333333333333331
2011-03-15,IWM,0.16666666666666666
2011-03-15,QQQ,0.16666666666666666
2011-03-15,SPY,0.16666666666666666
2011-03-15,TLT,0
2011-03-16,EEM,0
2011-03-16,EFA,0
2011-03-16,GLD,0.5
2011-03-16,IWM,0.16666666666666666
2011-03-16,QQQ,0
2011-03-16,SPY,0.16666666666666666
2011-03-16,TLT,0.16666666666666666
2011-03-17,EEM,0
2011-03-17,EFA,0
2011-03-17,GLD,0.5
2011-03-17,IWM,0.16666666666666666
2011-03-17,QQQ,0
2011-03-17,SPY,0.16666666666666666
2011-03-17,TLT,0.16666666666666666
2011-03-18,EEM,0
2011-03-18,EFA,0
2011-03-18,GLD,0.5
2011-03-18,IWM,0.16666666666666666
2011-03-18,QQQ,0
2011-03-18,SPY,0.16666666666666666
2011-03-18,TLT,0.16666666666666666
2011-03-21,EEM,0
2011-03-21,EFA,0
2011-03-21,GLD,0.5
2011-03-21,IWM,0.16666666666666666
2011-03-21,QQQ,0
2011-03-21,SPY,0.16666666666666666
2011-03-21,TLT,0.16666666666666666
2011-03-22,EEM,0
2011-03-22,EFA,0
2011-03-22,GLD,0.5
2011-03-22,IWM,0.16666666666666666
2011-03-22,QQQ,0
2011-03-22,SPY,0.16666666666666666
2011-03-22,TLT,0.16666666666666666
2011-03-23,EEM,0.16666666666666666
2011-03-23,EFA,0.16666666666666666
2011-03-23,GLD,0
2011-03-23,IWM,0.16666666666666666
2011-03-23,QQQ,0.16666666666666666
2011-03-23,SPY,0.16666666666666666
2011-03-23,TLT,0.16666666666666666
2011-03-24,EEM,0.16666666666666666
2011-03-24,EFA,0.16666666666666666
2011-03-24,GLD,0
2011-03-24,IWM,0.16666666666666666
2011-03-24,QQQ,0.16666666666666666
2011-03-24,SPY,0.16666666666666666
2011-03-24,TLT,0.16666666666666666
2011-03-25,EEM,0.16666666666666666
2011-03-25,EFA,0.16666666666666666
2011-03-25,GLD,0
2011-03-25,IWM,0.16666666666666666
2011-03-25,QQQ,0.16666666666666666
2011-03-25,SPY,0.16666666666666666
2011-03-25,TLT,0.16666666666666666
2011-03-28,EEM,0.16666666666666666
2011-03-28,EFA,0.16666666666666666
2011-03-28,GLD,0
2011-03-28,IWM,0.16666666666666666
2011-03-28,QQQ,0.16666666666666666
2011-03-28,SPY,0.16666666666666666
2011-03-28,TLT,0.16666666666666666
2011-03-29,EEM,0.16666666666666666
2011-03-29,EFA,0.16666666666666666
2011-03-29,GLD,0
2011-03-29,IWM,0.16666666666666666
2011-03-29,QQQ,0.16666666666666666
2011-03-29,SPY,0.16666666666666666
2011-03-29,TLT,0.16666666666666666
2011-03-30,EEM,0.16666666666666666
2011-03-30,EFA,0.16666666666666666
2011-03-30,GLD,0
2011-03-30,IWM,0.16666666666666666
2011-03-30,QQQ,0.16666666666666666
2011-03-30,SPY,0.16666666666666666
2011-03-30,TLT,0.16666666666666666
2011-03-31,EEM,0.16666666666666666
2011-03-31,EFA,0.16666666666666666
2011-03-31,GLD,0
2011-03-31,IWM,0.16666666666666666
2011-03-31,QQQ,0.16666666666666666
2011-03-31,SPY,0.16666666666666666
2011-03-31,TLT,0.16666666666666666
2011-04-01,EEM,0.16666666666666666
2011-04-01,EFA,0.16666666666666666
2011-04-01,GLD,0
2011-04-01,IWM,0.16666666666666666
2011-04-01,QQQ,0.16666666666666666
2011-04-01,SPY,0.16666666666666666
2011-04-01,TLT,0.16666666666666666
2011-04-04,EEM,0.16666666666666666
2011-04-04,EFA,0.16666666666666666
2011-04-04,GLD,0
2011-04-04,IWM,0.16666666666666666
2011-04-04,QQQ,0.16666666666666666
2011-04-04,SPY,0.16666666666666666
2011-04-04,TLT,0.16666666666666666
2011-04-05,EEM,0.16666666666666666
2011-04-05,EFA,0.16666666666666666
2011-04-05,GLD,0
2011-04-05,IWM,0.16666666666666666
2011-04-05,QQQ,0.16666666666666666
2011-04-05,SPY,0.16666666666666666
2011-04-05,TLT,0.16666666666666666
2011-04-06,EEM,0.16666666666666666
2011-04-06,EFA,0.16666666666666666
2011-04-06,GLD,0.16666666666666666
2011-04-06,IWM,0.16666666666666666
2011-04-06,QQQ,0.16666666666666666
2011-04-06,SPY,0.16666666666666666
2011-04-06,TLT,0
2011-04-07,EEM,0.16666666666666666
2011-04-07,EFA,0.16666666666666666
2011-04-07,GLD,0.16666666666666666
2011-04-07,IWM,0.16666666666666666
2011-04-07,QQQ,0.16666666666666666
2011-04-07,SPY,0.16666666666666666
2011-04-07,TLT,0
2011-04-08,EEM,0.16666666666666666
2011-04-08,EFA,0.16666666666666666
2011-04-08,GLD,0.16666666666666666
2011-04-08,IWM,0.16666666666666666
2011-04-08,QQQ,0.16666666666666666
2011-04-08,SPY,0.16666666666666666
2011-04-08,TLT,0
2011-04-11,EEM,0.16666666666666666
2011-04-11,EFA,0.16666666666666666
2011-04-11,GLD,0.16666666666666666
2011-04-11,IWM,0.16666666666666666
2011-04-11,QQQ,0.16666666666666666
2011-04-11,SPY,0.16666666666666666
2011-04-11,TLT,0
2011-04-12,EEM,0.16666666666666666
2011-04-12,EFA,0.16666666666666666
2011-04-12,GLD,0.16666666666666666
2011-04-12,IWM,0.16666666666666666
2011-04-12,QQQ,0.16666666666666666
2011-04-12,SPY,0.16666666666666666
2011-04-12,TLT,0
2011-04-13,EEM,0.16666666666666666
2011-04-13,EFA,0.16666666666666666
2011-04-13,GLD,0.16666666666666666
2011-04-13,IWM,0.16666666666666666
2011-04-13,QQQ,0.16666666666666666
2011-04-13,SPY,0.16666666666666666
2011-04-13,TLT,0
2011-04-14,EEM,0.16666666666666666
2011-04-14,EFA,0.16666666666666666
2011-04-14,GLD,0.16666666666666666
2011-04-14,IWM,0.16666666666666666
2011-04-14,QQQ,0.16666666666666666
2011-04-14,SPY,0.16666666666666666
2011-04-14,TLT,0
2011-04-15,EEM,0.16666666666666666
2011-04-15,EFA,0.16666666666666666
2011-04-15,GLD,0.16666666666666666
2011-04-15,IWM,0.16666666666666666
2011-04-15,QQQ,0.16666666666666666
2011-04-15,SPY,0.16666666666666666
2011-04-15,TLT,0
2011-04-18,EEM,0.16666666666666666
2011-04-18,EFA,0.16666666666666666
2011-04-18,GLD,0.16666666666666666
2011-04-18,IWM,0.16666666666666666
2011-04-18,QQQ,0.16666666666666666
2011-04-18,SPY,0.16666666666666666
2011-04-18,TLT,0
2011-04-19,EEM,0.16666666666666666
2011-04-19,EFA,0.16666666666666666
2011-04-19,GLD,0.16666666666666666
2011-04-19,IWM,0.16666666666666666
2011-04-19,QQQ,0.16666666666666666
2011-04-19,SPY,0.16666666666666666
2011-04-19,TLT,0
2011-04-20,EEM,0.16666666666666666
2011-04-20,EFA,0.16666666666666666
2011-04-20,GLD,0
2011-04-20,IWM,0.16666666666666666
2011-04-20,QQQ,0.16666666666666666
2011-04-20,SPY,0.16666666666666666
2011-04-20,TLT,0.16666666666666666
2011-04-21,EEM,0.16666666666666666
2011-04-21,EFA,0.16666666666666666
2011-04-21,GLD,0
2011-04-21,IWM,0.16666666666666666
2011-04-21,QQQ,0.16666666666666666
2011-04-21,SPY,0.16666666666666666
2011-04-21,TLT,0.16666666666666666
2011-04-25,EEM,0.16666666666666666
2011-04-25,EFA,0.16666666666666666
2011-04-25,GLD,0
2011-04-25,IWM,0.16666666666666666
2011-04-25,QQQ,0.16666666666666666
2011-04-25,SPY,0.16666666666666666
2011-04-25,TLT,0.16666666666666666
2011-04-26,EEM,0.16666666666666666
2011-04-26,EFA,0.16666666666666666
2011-04-26,GLD,0
2011-04-26,IWM,0.16666666666666666
2011-04-26,QQQ,0.16666666666666666
2011-04-26,SPY,0.16666666666666666
2011-04-26,TLT,0.16666666666666666
2011-04-27,EEM,0.16666666666666666
2011-04-27,EFA,0.16666666666666666
2011-04-27,GLD,0
2011-04-27,IWM,0.16666666666666666
2011-04-27,QQQ,0.16666666666666666
2011-04-27,SPY,0.16666666666666666
2011-04-27,TLT,0.16666666666666666
2011-04-28,EEM,0.16666666666666666
2011-04-28,EFA,0.16666666666666666
2011-04-28,GLD,0
2011-04-28,IWM,0.16666666666666666
2011-04-28,QQQ,0.16666666666666666
2011-04-28,SPY,0.16666666666666666
2011-04-28,TLT,0.16666666666666666
2011-04-29,EEM,0.16666666666666666
2011-04-29,EFA,0.16666666666666666
2011-04-29,GLD,0
2011-04-29,IWM,0.16666666666666666
2011-04-29,QQQ,0.16666666666666666
2011-04-29,SPY,0.16666666666666666
2011-04-29,TLT,0.16666666666666666
2011-05-02,EEM,0.16666666666666666
2011-05-02,EFA,0.16666666666666666
2011-05-02,GLD,0
2011-05-02,IWM,0.16666666666666666
2011-05-02,QQQ,0.16666666666666666
2011-05-02,SPY,0.16666666666666666
2011-05-02,TLT,0.16666666666666666
2011-05-03,EEM,0.16666666666666666
2011-05-03,EFA,0.16666666666666666
2011-05-03,GLD,0
2011-05-03,IWM,0.16666666666666666
2011-05-03,QQQ,0.16666666666666666
2011-05-03,SPY,0.16666666666666666
2011-05-03,TLT,0.16666666666666666
2011-05-04,EEM,0.16666666666666666
2011-05-04,EFA,0.16666666666666666
2011-05-04,GLD,0
2011-05-04,IWM,0.16666666666666666
2011-05-04,QQQ,0.16666666666666666
2011-05-04,SPY,0.16666666666666666
2011-05-04,TLT,0.16666666666666666
2011-05-05,EEM,0.16666666666666666
2011-05-05,EFA,0.16666666666666666
2011-05-05,GLD,0
2011-05-05,IWM,0.16666666666666666
2011-05-05,QQQ,0.16666666666666666
2011-05-05,SPY,0.16666666666666666
2011-05-05,TLT,0.16666666666666666
2011-05-06,EEM,0.16666666666666666
2011-05-06,EFA,0.16666666666666666
2011-05-06,GLD,0
2011-05-06,IWM,0.16666666666666666
2011-05-06,QQQ,0.16666666666666666
2011-05-06,SPY,0.16666666666666666
2011-05-06,TLT,0.16666666666666666
2011-05-09,EEM,0.16666666666666666
2011-05-09,EFA,0.16666666666666666
2011-05-09,GLD,0
2011-05-09,IWM,0.16666666666666666
2011-05-09,QQQ,0.16666666666666666
2011-05-09,SPY,0.16666666666666666
2011-05-09,TLT,0.16666666666666666
2011-05-10,EEM,0.16666666666666666
2011-05-10,EFA,0.16666666666666666
2011-05-10,GLD,0
2011-05-10,IWM,0.16666666666666666
2011-05-10,QQQ,0.16666666666666666
2011-05-10,SPY,0.16666666666666666
2011-05-10,TLT,0.16666666666666666
2011-05-11,EEM,0.16666666666666666
2011-05-11,EFA,0.16666666666666666
2011-05-11,GLD,0
2011-05-11,IWM,0.16666666666666666
2011-05-11,QQQ,0.16666666666666666
2011-05-11,SPY,0.16666666666666666
2011-05-11,TLT,0.16666666666666666
2011-05-12,EEM,0.16666666666666666
2011-05-12,EFA,0.16666666666666666
2011-05-12,GLD,0
2011-05-12,IWM,0.16666666666666666
2011-05-12,QQQ,0.16666666666666666
2011-05-12,SPY,0.16666666666666666
2011-05-12,TLT,0.16666666666666666
2011-05-13,EEM,0.16666666666666666
2011-05-13,EFA,0.16666666666666666
2011-05-13,GLD,0
2011-05-13,IWM,0.16666666666666666
2011-05-13,QQQ,0.16666666666666666
2011-05-13,SPY,0.16666666666666666
2011-05-13,TLT,0.16666666666666666
2011-05-16,EEM,0.16666666666666666
2011-05-16,EFA,0.16666666666666666
2011-05-16,GLD,0
2011-05-16,IWM,0.16666666666666666
2011-05-16,QQQ,0.16666666666666666
2011-05-16,SPY,0.16666666666666666
2011-05-16,TLT,0.16666666666666666
2011-05-17,EEM,0.16666666666666666
2011-05-17,EFA,0.16666666666666666
2011-05-17,GLD,0
2011-05-17,IWM,0.16666666666666666
2011-05-17,QQQ,0.16666666666666666
2011-05-17,SPY,0.16666666666666666
2011-05-17,TLT,0.16666666666666666
2011-05-18,EEM,0.16666666666666666
2011-05-18,EFA,0.16666666666666666
2011-05-18,GLD,0
2011-05-18,IWM,0.16666666666666666
2011-05-18,QQQ,0.16666666666666666
2011-05-18,SPY,0.16666666666666666
2011-05-18,TLT,0.16666666666666666
2011-05-19,EEM,0.16666666666666666
2011-05-19,EFA,0
2011-05-19,GLD,0.33333333333333331
2011-05-19,IWM,0.16666666666666666
2011-05-19,QQQ,0
2011-05-19,SPY,0.16666666666666666
2011-05-19,TLT,0.16666666666666666
2011-05-20,EEM,0.16666666666666666
2011-05-20,EFA,0
2011-05-20,GLD,0.33333333333333331
2011-05-20,IWM,0.16666666666666666
2011-05-20,QQQ,0
2011-05-20,SPY,0.16666666666666666
2011-05-20,TLT,0.16666666666666666
2011-05-23,EEM,0.16666666666666666
2011-05-23,EFA,0
2011-05-23,GLD,0.33333333333333331
2011-05-23,IWM,0.16666666666666666
2011-05-23,QQQ,0
2011-05-23,SPY,0.16666666666666666
2011-05-23,TLT,0.16666666666666666
2011-05-24,EEM,0.16666666666666666
2011-05-24,EFA,0
2011-05-24,GLD,0.33333333333333331
2011-05-24,IWM,0.16666666666666666
2011-05-24,QQQ,0
2011-05-24,SPY,0.16666666666666666
2011-05-24,TLT,0.16666666666666666
2011-05-25,EEM,0.16666666666666666
2011-05-25,EFA,0
2011-05-25,GLD,0.33333333333333331
2011-05-25,IWM,0.16666666666666666
2011-05-25,QQQ,0
2011-05-25,SPY,0.16666666666666666
2011-05-25,TLT,0.16666666666666666
2011-05-26,EEM,0.16666666666666666
2011-05-26,EFA,0
2011-05-26,GLD,0.33333333333333331
2011-05-26,IWM,0.16666666666666666
2011-05-26,QQQ,0
2011-05-26,SPY,0.16666666666666666
2011-05-26,TLT,0.16666666666666666
2011-05-27,EEM,0.16666666666666666
2011-05-27,EFA,0
2011-05-27,GLD,0.33333333333333331
2011-05-27,IWM,0.16666666666666666
2011-05-27,QQQ,0
2011-05-27,SPY,0.16666666666666666
2011-05-27,TLT,0.16666666666666666
2011-05-31,EEM,0.16666666666666666
2011-05-31,EFA,0
2011-05-31,GLD,0.33333333333333331
2011-05-31,IWM,0.16666666666666666
2011-05-31,QQQ,0
2011-05-31,SPY,0.16666666666666666
2011-05-31,TLT,0.16666666666666666
2011-06-01,EEM,0.16666666666666666
2011-06-01,EFA,0
2011-06-01,GLD,0.33333333333333331
2011-06-01,IWM,0.16666666666666666
2011-06-01,QQQ,0
2011-06-01,SPY,0.16666666666666666
2011-06-01,TLT,0.16666666666666666
2011-06-02,EEM,0.16666666666666666
2011-06-02,EFA,0
2011-06-02,GLD,0.33333333333333331
2011-06-02,IWM,0.16666666666666666
2011-06-02,QQQ,0
2011-06-02,SPY,0.16666666666666666
2011-06-02,TLT,0.16666666666666666
2011-06-03,EEM,0.16666666666666666
2011-06-03,EFA,0
2011-06-03,GLD,0.66666666666666663
2011-06-03,IWM,0
2011-06-03,QQQ,0
2011-06-03,SPY,0
2011-06-03,TLT,0.16666666666666666
2011-06-06,EEM,0.16666666666666666
2011-06-06,EFA,0
2011-06-06,GLD,0.66666666666666663
2011-06-06,IWM,0
2011-06-06,QQQ,0
2011-06-06,SPY,0
2011-06-06,TLT,0.16666666666666666
2011-06-07,EEM,0.16666666666666666
2011-06-07,EFA,0
2011-06-07,GLD,0.66666666666666663
2011-06-07,IWM,0
2011-06-07,QQQ,0
2011-06-07,SPY,0
2011-06-07,TLT,0.16666666666666666
2011-06-08,EEM,0.16666666666666666
2011-06-08,EFA,0
2011-06-08,GLD,0.66666666666666663
2011-06-08,IWM,0
2011-06-08,QQQ,0
2011-06-08,SPY,0
2011-06-08,TLT,0.16666666666666666
2011-06-09,EEM,0.16666666666666666
2011-06-09,EFA,0
2011-06-09,GLD,0.66666666666666663
2011-06-09,IWM,0
2011-06-09,QQQ,0
2011-06-09,SPY,0
2011-06-09,TLT,0.16666666666666666
2011-06-10,EEM,0.16666666666666666
2011-06-10,EFA,0
2011-06-10,GLD,0.66666666666666663
2011-06-10,IWM,0
2011-06-10,QQQ,0
2011-06-10,SPY,0
2011-06-10,TLT,0.16666666666666666
2011-06-13,EEM,0.16666666666666666
2011-06-13,EFA,0
2011-06-13,GLD,0.66666666666666663
2011-06-13,IWM,0
2011-06-13,QQQ,0
2011-06-13,SPY,0
2011-06-13,TLT,0.16666666666666666
2011-06-14,EEM,0.16666666666666666
2011-06-14,EFA,0
2011-06-14,GLD,0.66666666666666663
2011-06-14,IWM,0
2011-06-14,QQQ,0
2011-06-14,SPY,0
2011-06-14,TLT,0.16666666666666666
2011-06-15,EEM,0.16666666666666666
2011-06-15,EFA,0
2011-06-15,GLD,0.66666666666666663
2011-06-15,IWM,0
2011-06-15,QQQ,0
2011-06-15,SPY,0
2011-06-15,TLT,0.16666666666666666
2011-06-16,EEM,0.16666666666666666
2011-06-16,EFA,0
2011-06-16,GLD,0.66666666666666663
2011-06-16,IWM,0
2011-06-16,QQQ,0
2011-06-16,SPY,0
2011-06-16,TLT,0.16666666666666666
2011-06-17,EEM,0.16666666666666666
2011-06-17,EFA,0.16666666666666666
2011-06-17,GLD,0.5
2011-06-17,IWM,0
2011-06-17,QQQ,0
2011-06-17,SPY,0
2011-06-17,TLT,0.16666666666666666
2011-06-20,EEM,0.16666666666666666
2011-06-20,EFA,0.16666666666666666
2011-06-20,GLD,0.5
2011-06-20,IWM,0
2011-06-20,QQQ,0
2011-06-20,SPY,0
2011-06-20,TLT,0.16666666666666666
2011-06-21,EEM,0.16666666666666666
2011-06-21,EFA,0.16666666666666666
2011-06-21,GLD,0.5
2011-06-21,IWM,0
2011-06-21,QQQ,0
2011-06-21,SPY,0
2011-06-21,TLT,0.16666666666666666
2011-06-22,EEM,0.16666666666666666
2011-06-22,EFA,0.16666666666666666
2011-06-22,GLD,0.5
2011-06-22,IWM,0
2011-06-22,QQQ,0
2011-06-22,SPY,0
2011-06-22,TLT,0.16666666666666666
2011-06-23,EEM,0.16666666666666666
2011-06-23,EFA,0.16666666666666666
2011-06-23,GLD,0.5
2011-06-23,IWM,0
2011-06-23,QQQ,0
2011-06-23,SPY,0
2011-06-23,TLT,0.16666666666666666
2011-06-24,EEM,0
2011-06-24,EFA,0
2011-06-24,GLD,0.83333333333333337
2011-06-24,IWM,0
2011-06-24,QQQ,0
2011-06-24,SPY,0
2011-06-24,TLT,0.16666666666666666
2011-06-27,EEM,0
2011-06-27,EFA,0
2011-06-27,GLD,0.83333333333333337
2011-06-27,IWM,0
2011-06-27,QQQ,0
2011-06-27,SPY,0
2011-06-27,TLT,0.16666666666666666
2011-06-28,EEM,0
2011-06-28,EFA,0
2011-06-28,GLD,0.83333333333333337
2011-06-28,IWM,0
2011-06-28,QQQ,0
2011-06-28,SPY,0
2011-06-28,TLT,0.16666666666666666
2011-06-29,EEM,0
2011-06-29,EFA,0
2011-06-29,GLD,0.83333333333333337
2011-06-29,IWM,0
2011-06-29,QQQ,0
2011-06-29,SPY,0
2011-06-29,TLT,0.16666666666666666
2011-06-30,EEM,0
2011-06-30,EFA,0
2011-06-30,GLD,0.83333333333333337
2011-06-30,IWM,0
2011-06-30,QQQ,0
2011-06-30,SPY,0
2011-06-30,TLT,0.16666666666666666
2011-07-01,EEM,0
2011-07-01,EFA,0.16666666666666666
2011-07-01,GLD,0.33333333333333331
2011-07-01,IWM,0
2011-07-01,QQQ,0.16666666666666666
2011-07-01,SPY,0.16666666666666666
2011-07-01,TLT,0.16666666666666666
2011-07-05,EEM,0
2011-07-05,EFA,0.16666666666666666
2011-07-05,GLD,0.33333333333333331
2011-07-05,IWM,0
2011-07-05,QQQ,0.16666666666666666
2011-07-05,SPY,0.16666666666666666
2011-07-05,TLT,0.16666666666666666
2011-07-06,EEM,0
2011-07-06,EFA,0.16666666666666666
2011-07-06,GLD,0.33333333333333331
2011-07-06,IWM,0
2011-07-06,QQQ,0.16666666666666666
2011-07-06,SPY,0.16666666666666666
2011-07-06,TLT,0.16666666666666666
2011-07-07,EEM,0
2011-07-07,EFA,0.16666666666666666
2011-07-07,GLD,0.33333333333333331
2011-07-07,IWM,0
2011-07-07,QQQ,0.16666666666666666
2011-07-07,SPY,0.16666666666666666
2011-07-07,TLT,0.16666666666666666
2011-07-08,EEM,0
2011-07-08,EFA,0.16666666666666666
2011-07-08,GLD,0.33333333333333331
2011-07-08,IWM,0
2011-07-08,QQQ,0.16666666666666666
2011-07-08,SPY,0.16666666666666666
2011-07-08,TLT,0.16666666666666666
2011-07-11,EEM,0
2011-07-11,EFA,0
2011-07-11,GLD,0.66666666666666663
2011-07-11,IWM,0
2011-07-11,QQQ,0.16666666666666666
2011-07-11,SPY,0
2011-07-11,TLT,0.16666666666666666
2011-07-12,EEM,0
2011-07-12,EFA,0
2011-07-12,GLD,0.66666666666666663
2011-07-12,IWM,0
2011-07-12,QQQ,0.16666666666666666
2011-07-12,SPY,0
2011-07-12,TLT,0.16666666666666666
2011-07-13,EEM,0
2011-07-13,EFA,0
2011-07-13,GLD,0.66666666666666663
2011-07-13,IWM,0
2011-07-13,QQQ,0.16666666666666666
2011-07-13,SPY,0
2011-07-13,TLT,0.16666666666666666
2011-07-14,EEM,0
2011-07-14,EFA,0
2011-07-14,GLD,0.66666666666666663
2011-07-14,IWM,0
2011-07-14,QQQ,0.16666666666666666
2011-07-14,SPY,0
2011-07-14,TLT,0.16666666666666666
2011-07-15,EEM,0
2011-07-15,EFA,0
2011-07-15,GLD,0.66666666666666663
2011-07-15,IWM,0
2011-07-15,QQQ,0.16666666666666666
2011-07-15,SPY,0
2011-07-15,TLT,0.16666666666666666
2011-07-18,EEM,0
2011-07-18,EFA,0
2011-07-18,GLD,0.66666666666666663
2011-07-18,IWM,0
2011-07-18,QQQ,0.16666666666666666
2011-07-18,SPY,0
2011-07-18,TLT,0.16666666666666666
2011-07-19,EEM,0
2011-07-19,EFA,0
2011-07-19,GLD,0.66666666666666663
2011-07-19,IWM,0
2011-07-19,QQQ,0.16666666666666666
2011-07-19,SPY,0
2011-07-19,TLT,0.16666666666666666
2011-07-20,EEM,0
2011-07-20,EFA,0
2011-07-20,GLD,0.66666666666666663
2011-07-20,IWM,0
2011-07-20,QQQ,0.16666666666666666
2011-07-20,SPY,0
2011-07-20,TLT,0.16666666666666666
2011-07-21,EEM,0
2011-07-21,EFA,0
2011-07-21,GLD,0.66666666666666663
2011-07-21,IWM,0
2011-07-21,QQQ,0.16666666666666666
2011-07-21,SPY,0
2011-07-21,TLT,0.16666666666666666
2011-07-22,EEM,0
2011-07-22,EFA,0
2011-07-22,GLD,0.66666666666666663
2011-07-22,IWM,0
2011-07-22,QQQ,0.16666666666666666
2011-07-22,SPY,0
2011-07-22,TLT,0.16666666666666666
2011-07-25,EEM,0
2011-07-25,EFA,0
2011-07-25,GLD,0.5
2011-07-25,IWM,0
2011-07-25,QQQ,0.16666666666666666
2011-07-25,SPY,0.16666666666666666
2011-07-25,TLT,0.16666666666666666
2011-07-26,EEM,0
2011-07-26,EFA,0
2011-07-26,GLD,0.5
2011-07-26,IWM,0
2011-07-26,QQQ,0.16666666666666666
2011-07-26,SPY,0.16666666666666666
2011-07-26,TLT,0.16666666666666666
2011-07-27,EEM,0
2011-07-27,EFA,0
2011-07-27,GLD,0.5
2011-07-27,IWM,0
2011-07-27,QQQ,0.16666666666666666
2011-07-27,SPY,0.16666666666666666
2011-07-27,TLT,0.16666666666666666
2011-07-28,EEM,0
2011-07-28,EFA,0
2011-07-28,GLD,0.5
2011-07-28,IWM,0
2011-07-28,QQQ,0.16666666666666666
2011-07-28,SPY,0.16666666666666666
2011-07-28,TLT,0.16666666666666666
2011-07-29,EEM,0
2011-07-29,EFA,0
2011-07-29,GLD,0.5
2011-07-29,IWM,0
2011-07-29,QQQ,0.16666666666666666
2011-07-29,SPY,0.16666666666666666
2011-07-29,TLT,0.16666666666666666
2011-08-01,EEM,0
2011-08-01,EFA,0
2011-08-01,GLD,0.83333333333333337
2011-08-01,IWM,0
2011-08-01,QQQ,0
2011-08-01,SPY,0
2011-08-01,TLT,0.16666666666666666
2011-08-02,EEM,0
2011-08-02,EFA,0
2011-08-02,GLD,0.83333333333333337
2011-08-02,IWM,0
2011-08-02,QQQ,0
2011-08-02,SPY,0
2011-08-02,TLT,0.16666666666666666
2011-08-03,EEM,0
2011-08-03,EFA,0
2011-08-03,GLD,0.83333333333333337
2011-08-03,IWM,0
2011-08-03,QQQ,0
2011-08-03,SPY,0
2011-08-03,TLT,0.16666666666666666
2011-08-04,EEM,0
2011-08-04,EFA,0
2011-08-04,GLD,0.83333333333333337
2011-08-04,IWM,0
2011-08-04,QQQ,0
2011-08-04,SPY,0
2011-08-04,TLT,0.16666666666666666
2011-08-05,EEM,0
2011-08-05,EFA,0
2011-08-05,GLD,0.83333333333333337
2011-08-05,IWM,0
2011-08-05,QQQ,0
2011-08-05,SPY,0
2011-08-05,TLT,0.16666666666666666
2011-08-08,EEM,0
2011-08-08,EFA,0
2011-08-08,GLD,0.83333333333333337
2011-08-08,IWM,0
2011-08-08,QQQ,0
2011-08-08,SPY,0
2011-08-08,TLT,0.16666666666666666
2011-08-09,EEM,0
2011-08-09,EFA,0
2011-08-09,GLD,0.83333333333333337
2011-08-09,IWM,0
2011-08-09,QQQ,0
2011-08-09,SPY,0
2011-08-09,TLT,0.16666666666666666
2011-08-10,EEM,0
2011-08-10,EFA,0
2011-08-10,GLD,0.83333333333333337
2011-08-10,IWM,0
2011-08-10,QQQ,0
2011-08-10,SPY,0
2011-08-10,TLT,0.16666666666666666
2011-08-11,EEM,0
2011-08-11,EFA,0
2011-08-11,GLD,0.83333333333333337
2011-08-11,IWM,0
2011-08-11,QQQ,0
2011-08-11,SPY,0
2011-08-11,TLT,0.16666666666666666
2011-08-12,EEM,0
2011-08-12,EFA,0
2011-08-12,GLD,0.83333333333333337
2011-08-12,IWM,0
2011-08-12,QQQ,0
2011-08-12,SPY,0
2011-08-12,TLT,0.16666666666666666
2011-08-15,EEM,0
2011-08-15,EFA,0
2011-08-15,GLD,0.83333333333333337
2011-08-15,IWM,0
2011-08-15,QQQ,0
2011-08-15,SPY,0
2011-08-15,TLT,0.16666666666666666
2011-08-16,EEM,0
2011-08-16,EFA,0
2011-08-16,GLD,0.83333333333333337
2011-08-16,IWM,0
2011-08-16,QQQ,0
2011-08-16,SPY,0
2011-08-16,TLT,0.16666666666666666
2011-08-17,EEM,0
2011-08-17,EFA,0
2011-08-17,GLD,0.83333333333333337
2011-08-17,IWM,0
2011-08-17,QQQ,0
2011-08-17,SPY,0
2011-08-17,TLT,0.16666666666666666
2011-08-18,EEM,0
2011-08-18,EFA,0
2011-08-18,GLD,0.83333333333333337
2011-08-18,IWM,0
2011-08-18,QQQ,0
2011-08-18,SPY,0
2011-08-18,TLT,0.16666666666666666
2011-08-19,EEM,0
2011-08-19,EFA,0
2011-08-19,GLD,0.83333333333333337
2011-08-19,IWM,0
2011-08-19,QQQ,0
2011-08-19,SPY,0
2011-08-19,TLT,0.16666666666666666
2011-08-22,EEM,0
2011-08-22,EFA,0
2011-08-22,GLD,0.83333333333333337
2011-08-22,IWM,0
2011-08-22,QQQ,0
2011-08-22,SPY,0
2011-08-22,TLT,0.16666666666666666
2011-08-23,EEM,0
2011-08-23,EFA,0
2011-08-23,GLD,0.83333333333333337
2011-08-23,IWM,0
2011-08-23,QQQ,0
2011-08-23,SPY,0
2011-08-23,TLT,0.16666666666666666
2011-08-24,EEM,0
2011-08-24,EFA,0
2011-08-24,GLD,0.83333333333333337
2011-08-24,IWM,0
2011-08-24,QQQ,0
2011-08-24,SPY,0
2011-08-24,TLT,0.16666666666666666
2011-08-25,EEM,0
2011-08-25,EFA,0
2011-08-25,GLD,0.83333333333333337
2011-08-25,IWM,0
2011-08-25,QQQ,0
2011-08-25,SPY,0
2011-08-25,TLT,0.16666666666666666
2011-08-26,EEM,0
2011-08-26,EFA,0
2011-08-26,GLD,0.83333333333333337
2011-08-26,IWM,0
2011-08-26,QQQ,0
2011-08-26,SPY,0
2011-08-26,TLT,0.16666666666666666
2011-08-29,EEM,0
2011-08-29,EFA,0
2011-08-29,GLD,0.83333333333333337
2011-08-29,IWM,0
2011-08-29,QQQ,0
2011-08-29,SPY,0
2011-08-29,TLT,0.16666666666666666
2011-08-30,EEM,0
2011-08-30,EFA,0
2011-08-30,GLD,0.83333333333333337
2011-08-30,IWM,0
2011-08-30,QQQ,0
2011-08-30,SPY,0
2011-08-30,TLT,0.16666666666666666
2011-08-31,EEM,0
2011-08-31,EFA,0
2011-08-31,GLD,0.83333333333333337
2011-08-31,IWM,0
2011-08-31,QQQ,0
2011-08-31,SPY,0
2011-08-31,TLT,0.16666666666666666
2011-09-01,EEM,0
2011-09-01,EFA,0
2011-09-01,GLD,0.83333333333333337
2011-09-01,IWM,0
2011-09-01,QQQ,0
2011-09-01,SPY,0
2011-09-01,TLT,0.16666666666666666
2011-09-02,EEM,0
2011-09-02,EFA,0
2011-09-02,GLD,0.83333333333333337
2011-09-02,IWM,0
2011-09-02,QQQ,0
2011-09-02,SPY,0
2011-09-02,TLT,0.16666666666666666
2011-09-06,EEM,0
2011-09-06,EFA,0
2011-09-06,GLD,0.83333333333333337
2011-09-06,IWM,0
2011-09-06,QQQ,0
2011-09-06,SPY,0
2011-09-06,TLT,0.16666666666666666
2011-09-07,EEM,0
2011-09-07,EFA,0
2011-09-07,GLD,0.83333333333333337
2011-09-07,IWM,0
2011-09-07,QQQ,0
2011-09-07,SPY,0
2011-09-07,TLT,0.16666666666666666
2011-09-08,EEM,0
2011-09-08,EFA,0
2011-09-08,GLD,0.83333333333333337
2011-09-08,IWM,0
2011-09-08,QQQ,0
2011-09-08,SPY,0
2011-09-08,TLT,0.16666666666666666
2011-09-09,EEM,0
2011-09-09,EFA,0
2011-09-09,GLD,0.83333333333333337
2011-09-09,IWM,0
2011-09-09,QQQ,0
2011-09-09,SPY,0
2011-09-09,TLT,0.16666666666666666
2011-09-12,EEM,0
2011-09-12,EFA,0
2011-09-12,GLD,0.83333333333333337
2011-09-12,IWM,0
2011-09-12,QQQ,0
2011-09-12,SPY,0
2011-09-12,TLT,0.16666666666666666
2011-09-13,EEM,0
2011-09-13,EFA,0
2011-09-13,GLD,0.83333333333333337
2011-09-13,IWM,0
2011-09-13,QQQ,0
2011-09-13,SPY,0
2011-09-13,TLT,0.16666666666666666
2011-09-14,EEM,0
2011-09-14,EFA,0
2011-09-14,GLD,0.83333333333333337
2011-09-14,IWM,0
2011-09-14,QQQ,0
2011-09-14,SPY,0
2011-09-14,TLT,0.16666666666666666
2011-09-15,EEM,0
2011-09-15,EFA,0
2011-09-15,GLD,0.83333333333333337
2011-09-15,IWM,0
2011-09-15,QQQ,0
2011-09-15,SPY,0
2011-09-15,TLT,0.16666666666666666
2011-09-16,EEM,0
2011-09-16,EFA,0
2011-09-16,GLD,0.83333333333333337
2011-09-16,IWM,0
2011-09-16,QQQ,0
2011-09-16,SPY,0
2011-09-16,TLT,0.16666666666666666
2011-09-19,EEM,0
2011-09-19,EFA,0
2011-09-19,GLD,0.83333333333333337
2011-09-19,IWM,0
2011-09-19,QQQ,0
2011-09-19,SPY,0
2011-09-19,TLT,0.16666666666666666
2011-09-20,EEM,0
2011-09-20,EFA,0
2011-09-20,GLD,0.66666666666666663
2011-09-20,IWM,0
2011-09-20,QQQ,0.16666666666666666
2011-09-20,SPY,0
2011-09-20,TLT,0.16666666666666666
2011-09-21,EEM,0
2011-09-21,EFA,0
2011-09-21,GLD,0.66666666666666663
2011-09-21,IWM,0
2011-09-21,QQQ,0.16666666666666666
2011-09-21,SPY,0
2011-09-21,TLT,0.16666666666666666
2011-09-22,EEM,0
2011-09-22,EFA,0
2011-09-22,GLD,0.66666666666666663
2011-09-22,IWM,0
2011-09-22,QQQ,0.16666666666666666
2011-09-22,SPY,0
2011-09-22,TLT,0.16666666666666666
2011-09-23,EEM,0
2011-09-23,EFA,0
2011-09-23,GLD,0.66666666666666663
2011-09-23,IWM,0
2011-09-23,QQQ,0.16666666666666666
2011-09-23,SPY,0
2011-09-23,TLT,0.16666666666666666
2011-09-26,EEM,0
2011-09-26,EFA,0
2011-09-26,GLD,0.66666666666666663
2011-09-26,IWM,0
2011-09-26,QQQ,0.16666666666666666
2011-09-26,SPY,0
2011-09-26,TLT,0.16666666666666666
2011-09-27,EEM,0
2011-09-27,EFA,0
2011-09-27,GLD,0.83333333333333337
2011-09-27,IWM,0
2011-09-27,QQQ,0
2011-09-27,SPY,0
2011-09-27,TLT,0.16666666666666666
2011-09-28,EEM,0
2011-09-28,EFA,0
2011-09-28,GLD,0.83333333333333337
2011-09-28,IWM,0
2011-09-28,QQQ,0
2011-09-28,SPY,0
2011-09-28,TLT,0.16666666666666666
2011-09-29,EEM,0
2011-09-29,EFA,0
2011-09-29,GLD,0.83333333333333337
2011-09-29,IWM,0
2011-09-29,QQQ,0
2011-09-29,SPY,0
2011-09-29,TLT,0.16666666666666666
2011-09-30,EEM,0
2011-09-30,EFA,0
2011-09-30,GLD,0.83333333333333337
2011-09-30,IWM,0
2011-09-30,QQQ,0
2011-09-30,SPY,0
2011-09-30,TLT,0.16666666666666666
2011-10-03,EEM,0
2011-10-03,EFA,0
2011-10-03,GLD,0.83333333333333337
2011-10-03,IWM,0
2011-10-03,QQQ,0
2011-10-03,SPY,0
2011-10-03,TLT,0.16666666666666666
2011-10-04,EEM,0
2011-10-04,EFA,0
2011-10-04,GLD,0.83333333333333337
2011-10-04,IWM,0
2011-10-04,QQQ,0
2011-10-04,SPY,0
2011-10-04,TLT,0.16666666666666666
2011-10-05,EEM,0
2011-10-05,EFA,0
2011-10-05,GLD,0.83333333333333337
2011-10-05,IWM,0
2011-10-05,QQQ,0
2011-10-05,SPY,0
2011-10-05,TLT,0.16666666666666666
2011-10-06,EEM,0
2011-10-06,EFA,0
2011-10-06,GLD,0.83333333333333337
2011-10-06,IWM,0
2011-10-06,QQQ,0
2011-10-06,SPY,0
2011-10-06,TLT,0.16666666666666666
2011-10-07,EEM,0
2011-10-07,EFA,0
2011-10-07,GLD,0.83333333333333337
2011-10-07,IWM,0
2011-10-07,QQQ,0
2011-10-07,SPY,0
2011-10-07,TLT,0.16666666666666666
2011-10-10,EEM,0
2011-10-10,EFA,0
2011-10-10,GLD,0.83333333333333337
2011-10-10,IWM,0
2011-10-10,QQQ,0
2011-10-10,SPY,0
2011-10-10,TLT,0.16666666666666666
2011-10-11,EEM,0
2011-10-11,EFA,0
2011-10-11,GLD,0.83333333333333337
2011-10-11,IWM,0
2011-10-11,QQQ,0
2011-10-11,SPY,0
2011-10-11,TLT,0.16666666666666666
2011-10-12,EEM,0
2011-10-12,EFA,0
2011-10-12,GLD,0.83333333333333337
2011-10-12,IWM,0
2011-10-12,QQQ,0
2011-10-12,SPY,0
2011-10-12,TLT,0.16666666666666666
2011-10-13,EEM,0
2011-10-13,EFA,0
2011-10-13,GLD,0.83333333333333337
2011-10-13,IWM,0
2011-10-13,QQQ,0
2011-10-13,SPY,0
2011-10-13,TLT,0.16666666666666666
2011-10-14,EEM,0
2011-10-14,EFA,0
2011-10-14,GLD,0.83333333333333337
2011-10-14,IWM,0
2011-10-14,QQQ,0
2011-10-14,SPY,0
2011-10-14,TLT,0.16666666666666666
2011-10-17,EEM,0
2011-10-17,EFA,0
2011-10-17,GLD,0.83333333333333337
2011-10-17,IWM,0
2011-10-17,QQQ,0
2011-10-17,SPY,0
2011-10-17,TLT,0.16666666666666666
2011-10-18,EEM,0
2011-10-18,EFA,0
2011-10-18,GLD,0.83333333333333337
2011-10-18,IWM,0
2011-10-18,QQQ,0
2011-10-18,SPY,0
2011-10-18,TLT,0.16666666666666666
2011-10-19,EEM,0
2011-10-19,EFA,0
2011-10-19,GLD,0.83333333333333337
2011-10-19,IWM,0
2011-10-19,QQQ,0
2011-10-19,SPY,0
2011-10-19,TLT,0.16666666666666666
2011-10-20,EEM,0
2011-10-20,EFA,0
2011-10-20,GLD,0.83333333333333337
2011-10-20,IWM,0
2011-10-20,QQQ,0
2011-10-20,SPY,0
2011-10-20,TLT,0.16666666666666666
2011-10-21,EEM,0
2011-10-21,EFA,0
2011-10-21,GLD,0.83333333333333337
2011-10-21,IWM,0
2011-10-21,QQQ,0
2011-10-21,SPY,0
2011-10-21,TLT,0.16666666666666666
2011-10-24,EEM,0
2011-10-24,EFA,0
2011-10-24,GLD,0.83333333333333337
2011-10-24,IWM,0
2011-10-24,QQQ,0
2011-10-24,SPY,0
2011-10-24,TLT,0.16666666666666666
2011-10-25,EEM,0
2011-10-25,EFA,0
2011-10-25,GLD,0.83333333333333337
2011-10-25,IWM,0
2011-10-25,QQQ,0
2011-10-25,SPY,0
2011-10-25,TLT,0.16666666666666666
2011-10-26,EEM,0
2011-10-26,EFA,0
2011-10-26,GLD,0.83333333333333337
2011-10-26,IWM,0
2011-10-26,QQQ,0
2011-10-26,SPY,0
2011-10-26,TLT,0.16666666666666666
2011-10-27,EEM,0
2011-10-27,EFA,0
2011-10-27,GLD,0.83333333333333337
2011-10-27,IWM,0
2011-10-27,QQQ,0
2011-10-27,SPY,0
2011-10-27,TLT,0.16666666666666666
2011-10-28,EEM,0
2011-10-28,EFA,0
2011-10-28,GLD,0.83333333333333337
2011-10-28,IWM,0
2011-10-28,QQQ,0
2011-10-28,SPY,0
2011-10-28,TLT,0.16666666666666666
2011-10-31,EEM,0
2011-10-31,EFA,0
2011-10-31,GLD,0.83333333333333337
2011-10-31,IWM,0
2011-10-31,QQQ,0
2011-10-31,SPY,0
2011-10-31,TLT,0.16666666666666666
2011-11-01,EEM,0
2011-11-01,EFA,0
2011-11-01,GLD,0.83333333333333337
2011-11-01,IWM,0
2011-11-01,QQQ,0
2011-11-01,SPY,0
2011-11-01,TLT,0.16666666666666666
2011-11-02,EEM,0
2011-11-02,EFA,0
2011-11-02,GLD,0.83333333333333337
2011-11-02,IWM,0
2011-11-02,QQQ,0
2011-11-02,SPY,0
2011-11-02,TLT,0.16666666666666666
2011-11-03,EEM,0
2011-11-03,EFA,0
2011-11-03,GLD,0.83333333333333337
2011-11-03,IWM,0
2011-11-03,QQQ,0
2011-11-03,SPY,0
2011-11-03,TLT,0.16666666666666666
2011-11-04,EEM,0
2011-11-04,EFA,0
2011-11-04,GLD,0.83333333333333337
2011-11-04,IWM,0
2011-11-04,QQQ,0
2011-11-04,SPY,0
2011-11-04,TLT,0.16666666666666666
2011-11-07,EEM,0
2011-11-07,EFA,0
2011-11-07,GLD,0.83333333333333337
2011-11-07,IWM,0
2011-11-07,QQQ,0
2011-11-07,SPY,0
2011-11-07,TLT,0.16666666666666666
2011-11-08,EEM,0.16666666666666666
2011-11-08,EFA,0.16666666666666666
2011-11-08,GLD,0
2011-11-08,IWM,0.16666666666666666
2011-11-08,QQQ,0.16666666666666666
2011-11-08,SPY,0.16666666666666666
2011-11-08,TLT,0.16666666666666666
2011-11-09,EEM,0.16666666666666666
2011-11-09,EFA,0.16666666666666666
2011-11-09,GLD,0
2011-11-09,IWM,0.16666666666666666
2011-11-09,QQQ,0.16666666666666666
2011-11-09,SPY,0.16666666666666666
2011-11-09,TLT,0.16666666666666666
2011-11-10,EEM,0.16666666666666666
2011-11-10,EFA,0.16666666666666666
2011-11-10,GLD,0
2011-11-10,IWM,0.16666666666666666
2011-11-10,QQQ,0.16666666666666666
2011-11-10,SPY,0.16666666666666666
2011-11-10,TLT,0.16666666666666666
2011-11-11,EEM,0.16666666666666666
2011-11-11,EFA,0.16666666666666666
2011-11-11,GLD,0
2011-11-11,IWM,0.16666666666666666
2011-11-11,QQQ,0.16666666666666666
2011-11-11,SPY,0.16666666666666666
2011-11-11,TLT,0.16666666666666666
2011-11-14,EEM,0.16666666666666666
2011-11-14,EFA,0.16666666666666666
2011-11-14,GLD,0
2011-11-14,IWM,0.16666666666666666
2011-11-14,QQQ,0.16666666666666666
2011-11-14,SPY,0.16666666666666666
2011-11-14,TLT,0.16666666666666666
2011-11-15,EEM,0
2011-11-15,EFA,0
2011-11-15,GLD,0.33333333333333331
2011-11-15,IWM,0.16666666666666666
2011-11-15,QQQ,0.16666666666666666
2011-11-15,SPY,0.16666666666666666
2011-11-15,TLT,0.16666666666666666
2011-11-16,EEM,0
2011-11-16,EFA,0
2011-11-16,GLD,0.33333333333333331
2011-11-16,IWM,0.16666666666666666
2011-11-16,QQQ,0.16666666666666666
2011-11-16,SPY,0.16666666666666666
2011-11-16,TLT,0.16666666666666666
2011-11-17,EEM,0
2011-11-17,EFA,0
2011-11-17,GLD,0.33333333333333331
2011-11-17,IWM,0.16666666666666666
2011-11-17,QQQ,0.16666666666666666
2011-11-17,SPY,0.16666666666666666
2011-11-17,TLT,0.16666666666666666
2011-11-18,EEM,0
2011-11-18,EFA,0
2011-11-18,GLD,0.33333333333333331
2011-11-18,IWM,0.16666666666666666
2011-11-18,QQQ,0.16666666666666666
2011-11-18,SPY,0.16666666666666666
2011-11-18,TLT,0.16666666666666666
2011-11-21,EEM,0
2011-11-21,EFA,0
2011-11-21,GLD,0.33333333333333331
2011-11-21,IWM,0.16666666666666666
2011-11-21,QQQ,0.16666666666666666
2011-11-21,SPY,0.16666666666666666
2011-11-21,TLT,0.16666666666666666
2011-11-22,EEM,0
2011-11-22,EFA,0
2011-11-22,GLD,0.33333333333333331
2011-11-22,IWM,0.16666666666666666
2011-11-22,QQQ,0.16666666666666666
2011-11-22,SPY,0.16666666666666666
2011-11-22,TLT,0.16666666666666666
2011-11-23,EEM,0
2011-11-23,EFA,0
2011-11-23,GLD,0.33333333333333331
2011-11-23,IWM,0.16666666666666666
2011-11-23,QQQ,0.16666666666666666
2011-11-23,SPY,0.16666666666666666
2011-11-23,TLT,0.16666666666666666
2011-11-25,EEM,0
2011-11-25,EFA,0
2011-11-25,GLD,0.33333333333333331
2011-11-25,IWM,0.16666666666666666
2011-11-25,QQQ,0.16666666666666666
2011-11-25,SPY,0.16666666666666666
2011-11-25,TLT,0.16666666666666666
2011-11-28,EEM,0
2011-11-28,EFA,0
2011-11-28,GLD,0.33333333333333331
2011-11-28,IWM,0.16666666666666666
2011-11-28,QQQ,0.16666666666666666
2011-11-28,SPY,0.16666666666666666
2011-11-28,TLT,0.16666666666666666
2011-11-29,EEM,0
2011-11-29,EFA,0
2011-11-29,GLD,0.33333333333333331
2011-11-29,IWM,0.16666666666666666
2011-11-29,QQQ,0.16666666666666666
2011-11-29,SPY,0.16666666666666666
2011-11-29,TLT,0.16666666666666666
2011-11-30,EEM,0
2011-11-30,EFA,0
2011-11-30,GLD,0.33333333333333331
2011-11-30,IWM,0.16666666666666666
2011-11-30,QQQ,0.16666666666666666
2011-11-30,SPY,0.16666666666666666
2011-11-30,TLT,0.16666666666666666
2011-12-01,EEM,0
2011-12-01,EFA,0
2011-12-01,GLD,0.33333333333333331
2011-12-01,IWM,0.16666666666666666
2011-12-01,QQQ,0.16666666666666666
2011-12-01,SPY,0.16666666666666666
2011-12-01,TLT,0.16666666666666666
2011-12-02,EEM,0
2011-12-02,EFA,0
2011-12-02,GLD,0.33333333333333331
2011-12-02,IWM,0.16666666666666666
2011-12-02,QQQ,0.16666666666666666
2011-12-02,SPY,0.16666666666666666
2011-12-02,TLT,0.16666666666666666
2011-12-05,EEM,0
2011-12-05,EFA,0
2011-12-05,GLD,0.33333333333333331
2011-12-05,IWM,0.16666666666666666
2011-12-05,QQQ,0.16666666666666666
2011-12-05,SPY,0.16666666666666666
2011-12-05,TLT,0.16666666666666666
2011-12-06,EEM,0
2011-12-06,EFA,0
2011-12-06,GLD,0.33333333333333331
2011-12-06,IWM,0.16666666666666666
2011-12-06,QQQ,0.16666666666666666
2011-12-06,SPY,0.16666666666666666
2011-12-06,TLT,0.16666666666666666
2011-12-07,EEM,0
2011-12-07,EFA,0.16666666666666666
2011-12-07,GLD,0.16666666666666666
2011-12-07,IWM,0.16666666666666666
2011-12-07,QQQ,0.16666666666666666
2011-12-07,SPY,0.16666666666666666
2011-12-07,TLT,0.16666666666666666
2011-12-08,EEM,0
2011-12-08,EFA,0.16666666666666666
2011-12-08,GLD,0.16666666666666666
2011-12-08,IWM,0.16666666666666666
2011-12-08,QQQ,0.16666666666666666
2011-12-08,SPY,0.16666666666666666
2011-12-08,TLT,0.16666666666666666
2011-12-09,EEM,0
2011-12-09,EFA,0.16666666666666666
2011-12-09,GLD,0.16666666666666666
2011-12-09,IWM,0.16666666666666666
2011-12-09,QQQ,0.16666666666666666
2011-12-09,SPY,0.16666666666666666
2011-12-09,TLT,0.16666666666666666
2011-12-12,EEM,0
2011-12-12,EFA,0.16666666666666666
2011-12-12,GLD,0.16666666666666666
2011-12-12,IWM,0.16666666666666666
2011-12-12,QQQ,0.16666666666666666
2011-12-12,SPY,0.16666666666666666
2011-12-12,TLT,0.16666666666666666
2011-12-13,EEM,0
2011-12-13,EFA,0.16666666666666666
2011-12-13,GLD,0.16666666666666666
2011-12-13,IWM,0.16666666666666666
2011-12-13,QQQ,0.16666666666666666
2011-12-13,SPY,0.16666666666666666
2011-12-13,TLT,0.16666666666666666
2011-12-14,EEM,0
2011-12-14,EFA,0
2011-12-14,GLD,0.66666666666666663
2011-12-14,IWM,0
2011-12-14,QQQ,0
2011-12-14,SPY,0.16666666666666666
2011-12-14,TLT,0.16666666666666666
2011-12-15,EEM,0
2011-12-15,EFA,0
2011-12-15,GLD,0.66666666666666663
2011-12-15,IWM,0
2011-12-15,QQQ,0
2011-12-15,SPY,0.16666666666666666
2011-12-15,TLT,0.16666666666666666
2011-12-16,EEM,0
2011-12-16,EFA,0
2011-12-16,GLD,0.66666666666666663
2011-12-16,IWM,0
2011-12-16,QQQ,0
2011-12-16,SPY,0.16666666666666666
2011-12-16,TLT,0.16666666666666666
2011-12-19,EEM,0
2011-12-19,EFA,0
2011-12-19,GLD,0.66666666666666663
2011-12-19,IWM,0
2011-12-19,QQQ,0
2011-12-19,SPY,0.16666666666666666
2011-12-19,TLT,0.16666666666666666
2011-12-20,EEM,0
2011-12-20,EFA,0
2011-12-20,GLD,0.66666666666666663
2011-12-20,IWM,0
2011-12-20,QQQ,0
2011-12-20,SPY,0.16666666666666666
2011-12-20,TLT,0.16666666666666666
2011-12-21,EEM,0.16666666666666666
2011-12-21,EFA,0.16666666666666666
2011-12-21,GLD,0.16666666666666666
2011-12-21,IWM,0.16666666666666666
2011-12-21,QQQ,0.16666666666666666
2011-12-21,SPY,0.16666666666666666
2011-12-21,TLT,0
2011-12-22,EEM,0.16666666666666666
2011-12-22,EFA,0.16666666666666666
2011-12-22,GLD,0.16666666666666666
2011-12-22,IWM,0.16666666666666666
2011-12-22,QQQ,0.16666666666666666
2011-12-22,SPY,0.16666666666666666
2011-12-22,TLT,0
2011-12-23,EEM,0.16666666666666666
2011-12-23,EFA,0.16666666666666666
2011-12-23,GLD,0.16666666666666666
2011-12-23,IWM,0.16666666666666666
2011-12-23,QQQ,0.16666666666666666
2011-12-23,SPY,0.16666666666666666
2011-12-23,TLT,0
2011-12-27,EEM,0.16666666666666666
2011-12-27,EFA,0.16666666666666666
2011-12-27,GLD,0.16666666666666666
2011-12-27,IWM,0.16666666666666666
2011-12-27,QQQ,0.16666666666666666
2011-12-27,SPY,0.16666666666666666
2011-12-27,TLT,0
2011-12-28,EEM,0.16666666666666666
2011-12-28,EFA,0.16666666666666666
2011-12-28,GLD,0.16666666666666666
2011-12-28,IWM,0.16666666666666666
2011-12-28,QQQ,0.16666666666666666
2011-12-28,SPY,0.16666666666666666
2011-12-28,TLT,0
2011-12-29,EEM,0.16666666666666666
2011-12-29,EFA,0.16666666666666666
2011-12-29,GLD,0
2011-12-29,IWM,0.16666666666666666
2011-12-29,QQQ,0.16666666666666666
2011-12-29,SPY,0.16666666666666666
2011-12-29,TLT,0.16666666666666666
2011-12-30,EEM,0.16666666666666666
2011-12-30,EFA,0.16666666666666666
2011-12-30,GLD,0
2011-12-30,IWM,0.16666666666666666
2011-12-30,QQQ,0.16666666666666666
2011-12-30,SPY,0.16666666666666666
2011-12-30,TLT,0.16666666666666666
2012-01-03,EEM,0.16666666666666666
2012-01-03,EFA,0.16666666666666666
2012-01-03,GLD,0
2012-01-03,IWM,0.16666666666666666
2012-01-03,QQQ,0.16666666666666666
2012-01-03,SPY,0.16666666666666666
2012-01-03,TLT,0.16666666666666666
2012-01-04,EEM,0.16666666666666666
2012-01-04,EFA,0.16666666666666666
2012-01-04,GLD,0
2012-01-04,IWM,0.16666666666666666
2012-01-04,QQQ,0.16666666666666666
2012-01-04,SPY,0.16666666666666666
2012-01-04,TLT,0.16666666666666666
2012-01-05,EEM,0.16666666666666666
2012-01-05,EFA,0.16666666666666666
2012-01-05,GLD,0
2012-01-05,IWM,0.16666666666666666
2012-01-05,QQQ,0.16666666666666666
2012-01-05,SPY,0.16666666666666666
2012-01-05,TLT,0.16666666666666666
2012-01-06,EEM,0.16666666666666666
2012-01-06,EFA,0.16666666666666666
2012-01-06,GLD,0
2012-01-06,IWM,0.16666666666666666
2012-01-06,QQQ,0.16666666666666666
2012-01-06,SPY,0.16666666666666666
2012-01-06,TLT,0.16666666666666666
2012-01-09,EEM,0.16666666666666666
2012-01-09,EFA,0.16666666666666666
2012-01-09,GLD,0
2012-01-09,IWM,0.16666666666666666
2012-01-09,QQQ,0.16666666666666666
2012-01-09,SPY,0.16666666666666666
2012-01-09,TLT,0.16666666666666666
2012-01-10,EEM,0.16666666666666666
2012-01-10,EFA,0.16666666666666666
2012-01-10,GLD,0
2012-01-10,IWM,0.16666666666666666
2012-01-10,QQQ,0.16666666666666666
2012-01-10,SPY,0.16666666666666666
2012-01-10,TLT,0.16666666666666666
2012-01-11,EEM,0.16666666666666666
2012-01-11,EFA,0.16666666666666666
2012-01-11,GLD,0
2012-01-11,IWM,0.16666666666666666
2012-01-11,QQQ,0.16666666666666666
2012-01-11,SPY,0.16666666666666666
2012-01-11,TLT,0.16666666666666666
2012-01-12,EEM,0.16666666666666666
2012-01-12,EFA,0.16666666666666666
2012-01-12,GLD,0
2012-01-12,IWM,0.16666666666666666
2012-01-12,QQQ,0.16666666666666666
2012-01-12,SPY,0.16666666666666666
2012-01-12,TLT,0.16666666666666666
2012-01-13,EEM,0.16666666666666666
2012-01-13,EFA,0
2012-01-13,GLD,0.16666666666666666
2012-01-13,IWM,0.16666666666666666
2012-01-13,QQQ,0.16666666666666666
2012-01-13,SPY,0.16666666666666666
2012-01-13,TLT,0.16666666666666666
2012-01-17,EEM,0.16666666666666666
2012-01-17,EFA,0
2012-01-17,GLD,0.16666666666666666
2012-01-17,IWM,0.16666666666666666
2012-01-17,QQQ,0.16666666666666666
2012-01-17,SPY,0.16666666666666666
2012-01-17,TLT,0.16666666666666666
2012-01-18,EEM,0.16666666666666666
2012-01-18,EFA,0
2012-01-18,GLD,0.16666666666666666
2012-01-18,IWM,0.16666666666666666
2012-01-18,QQQ,0.16666666666666666
2012-01-18,SPY,0.16666666666666666
2012-01-18,TLT,0.16666666666666666
2012-01-19,EEM,0.16666666666666666
2012-01-19,EFA,0
2012-01-19,GLD,0.16666666666666666
2012-01-19,IWM,0.16666666666666666
2012-01-19,QQQ,0.16666666666666666
2012-01-19,SPY,0.16666666666666666
2012-01-19,TLT,0.16666666666666666
2012-01-20,EEM,0.16666666666666666
2012-01-20,EFA,0
2012-01-20,GLD,0.16666666666666666
2012-01-20,IWM,0.16666666666666666
2012-01-20,QQQ,0.16666666666666666
2012-01-20,SPY,0.16666666666666666
2012-01-20,TLT,0.16666666666666666
2012-01-23,EEM,0.16666666666666666
2012-01-23,EFA,0.16666666666666666
2012-01-23,GLD,0
2012-01-23,IWM,0.16666666666666666
2012-01-23,QQQ,0.16666666666666666
2012-01-23,SPY,0.16666666666666666
2012-01-23,TLT,0.16666666666666666
2012-01-24,EEM,0.16666666666666666
2012-01-24,EFA,0.16666666666666666
2012-01-24,GLD,0
2012-01-24,IWM,0.16666666666666666
2012-01-24,QQQ,0.16666666666666666
2012-01-24,SPY,0.16666666666666666
2012-01-24,TLT,0.16666666666666666
2012-01-25,EEM,0.16666666666666666
2012-01-25,EFA,0.16666666666666666
2012-01-25,GLD,0
2012-01-25,IWM,0.16666666666666666
2012-01-25,QQQ,0.16666666666666666
2012-01-25,SPY,0.16666666666666666
2012-01-25,TLT,0.16666666666666666
2012-01-26,EEM,0.16666666666666666
2012-01-26,EFA,0.16666666666666666
2012-01-26,GLD,0
2012-01-26,IWM,0.16666666666666666
2012-01-26,QQQ,0.16666666666666666
2012-01-26,SPY,0.16666666666666666
2012-01-26,TLT,0.16666666666666666
2012-01-27,EEM,0.16666666666666666
2012-01-27,EFA,0.16666666666666666
2012-01-27,GLD,0
2012-01-27,IWM,0.16666666666666666
2012-01-27,QQQ,0.16666666666666666
2012-01-27,SPY,0.16666666666666666
2012-01-27,TLT,0.16666666666666666
2012-01-30,EEM,0
2012-01-30,EFA,0
2012-01-30,GLD,0.33333333333333331
2012-01-30,IWM,0.16666666666666666
2012-01-30,QQQ,0.16666666666666666
2012-01-30,SPY,0.16666666666666666
2012-01-30,TLT,0.16666666666666666
2012-01-31,EEM,0
2012-01-31,EFA,0
2012-01-31,GLD,0.33333333333333331
2012-01-31,IWM,0.16666666666666666
2012-01-31,QQQ,0.16666666666666666
2012-01-31,SPY,0.16666666666666666
2012-01-31,TLT,0.16666666666666666
2012-02-01,EEM,0
2012-02-01,EFA,0
2012-02-01,GLD,0.33333333333333331
2012-02-01,IWM,0.16666666666666666
2012-02-01,QQQ,0.16666666666666666
2012-02-01,SPY,0.16666666666666666
2012-02-01,TLT,0.16666666666666666
2012-02-02,EEM,0
2012-02-02,EFA,0
2012-02-02,GLD,0.33333333333333331
2012-02-02,IWM,0.16666666666666666
2012-02-02,QQQ,0.16666666666666666
2012-02-02,SPY,0.16666666666666666
2012-02-02,TLT,0.16666666666666666
2012-02-03,EEM,0
2012-02-03,EFA,0
2012-02-03,GLD,0.33333333333333331
2012-02-03,IWM,0.16666666666666666
2012-02-03,QQQ,0.16666666666666666
2012-02-03,SPY,0.16666666666666666
2012-02-03,TLT,0.16666666666666666
2012-02-06,EEM,0.16666666666666666
2012-02-06,EFA,0.16666666666666666
2012-02-06,GLD,0
2012-02-06,IWM,0.16666666666666666
2012-02-06,QQQ,0.16666666666666666
2012-02-06,SPY,0.16666666666666666
2012-02-06,TLT,0.16666666666666666
2012-02-07,EEM,0.16666666666666666
2012-02-07,EFA,0.16666666666666666
2012-02-07,GLD,0
2012-02-07,IWM,0.16666666666666666
2012-02-07,QQQ,0.16666666666666666
2012-02-07,SPY,0.16666666666666666
2012-02-07,TLT,0.16666666666666666
2012-02-08,EEM,0.16666666666666666
2012-02-08,EFA,0.16666666666666666
2012-02-08,GLD,0
2012-02-08,IWM,0.16666666666666666
2012-02-08,QQQ,0.16666666666666666
2012-02-08,SPY,0.16666666666666666
2012-02-08,TLT,0.16666666666666666
2012-02-09,EEM,0.16666666666666666
2012-02-09,EFA,0.16666666666666666
2012-02-09,GLD,0
2012-02-09,IWM,0.16666666666666666
2012-02-09,QQQ,0.16666666666666666
2012-02-09,SPY,0.16666666666666666
2012-02-09,TLT,0.16666666666666666
2012-02-10,EEM,0.16666666666666666
2012-02-10,EFA,0.16666666666666666
2012-02-10,GLD,0
2012-02-10,IWM,0.16666666666666666
2012-02-10,QQQ,0.16666666666666666
2012-02-10,SPY,0.16666666666666666
2012-02-10,TLT,0.16666666666666666
2012-02-13,EEM,0.16666666666666666
2012-02-13,EFA,0.16666666666666666
2012-02-13,GLD,0
2012-02-13,IWM,0.16666666666666666
2012-02-13,QQQ,0.16666666666666666
2012-02-13,SPY,0.16666666666666666
2012-02-13,TLT,0.16666666666666666
2012-02-14,EEM,0.16666666666666666
2012-02-14,EFA,0.16666666666666666
2012-02-14,GLD,0
2012-02-14,IWM,0.16666666666666666
2012-02-14,QQQ,0.16666666666666666
2012-02-14,SPY,0.16666666666666666
2012-02-14,TLT,0.16666666666666666
2012-02-15,EEM,0.16666666666666666
2012-02-15,EFA,0.16666666666666666
2012-02-15,GLD,0
2012-02-15,IWM,0.16666666666666666
2012-02-15,QQQ,0.16666666666666666
2012-02-15,SPY,0.16666666666666666
2012-02-15,TLT,0.16666666666666666
2012-02-16,EEM,0.16666666666666666
2012-02-16,EFA,0.16666666666666666
2012-02-16,GLD,0
2012-02-16,IWM,0.16666666666666666
2012-02-16,QQQ,0.16666666666666666
2012-02-16,SPY,0.16666666666666666
2012-02-16,TLT,0.16666666666666666
2012-02-17,EEM,0.16666666666666666
2012-02-17,EFA,0.16666666666666666
2012-02-17,GLD,0
2012-02-17,IWM,0.16666666666666666
2012-02-17,QQQ,0.16666666666666666
2012-02-17,SPY,0.16666666666666666
2012-02-17,TLT,0.16666666666666666
2012-02-21,EEM,0.16666666666666666
2012-02-21,EFA,0.16666666666666666
2012-02-21,GLD,0.16666666666666666
2012-02-21,IWM,0.16666666666666666
2012-02-21,QQQ,0.16666666666666666
2012-02-21,SPY,0.16666666666666666
2012-02-21,TLT,0
2012-02-22,EEM,0.16666666666666666
2012-02-22,EFA,0.16666666666666666
2012-02-22,GLD,0.16666666666666666
2012-02-22,IWM,0.16666666666666666
2012-02-22,QQQ,0.16666666666666666
2012-02-22,SPY,0.16666666666666666
2012-02-22,TLT,0
2012-02-23,EEM,0.16666666666666666
2012-02-23,EFA,0.16666666666666666
2012-02-23,GLD,0.16666666666666666
2012-02-23,IWM,0.16666666666666666
2012-02-23,QQQ,0.16666666666666666
2012-02-23,SPY,0.16666666666666666
2012-02-23,TLT,0
2012-02-24,EEM,0.16666666666666666
2012-02-24,EFA,0.16666666666666666
2012-02-24,GLD,0.16666666666666666
2012-02-24,IWM,0.16666666666666666
2012-02-24,QQQ,0.16666666666666666
2012-02-24,SPY,0.16666666666666666
2012-02-24,TLT,0
2012-02-27,EEM,0.16666666666666666
2012-02-27,EFA,0.16666666666666666
2012-02-27,GLD,0.16666666666666666
2012-02-27,IWM,0.16666666666666666
2012-02-27,QQQ,0.16666666666666666
2012-02-27,SPY,0.16666666666666666
2012-02-27,TLT,0
2012-02-28,EEM,0.16666666666666666
2012-02-28,EFA,0.16666666666666666
2012-02-28,GLD,0.16666666666666666
2012-02-28,IWM,0.16666666666666666
2012-02-28,QQQ,0.16666666666666666
2012-02-28,SPY,0.16666666666666666
2012-02-28,TLT,0
2012-02-29,EEM,0.16666666666666666
2012-02-29,EFA,0.16666666666666666
2012-02-29,GLD,0.16666666666666666
2012-02-29,IWM,0.16666666666666666
2012-02-29,QQQ,0.16666666666666666
2012-02-29,SPY,0.16666666666666666
2012-02-29,TLT,0
2012-03-01,EEM,0.16666666666666666
2012-03-01,EFA,0.16666666666666666
2012-03-01,GLD,0.16666666666666666
2012-03-01,IWM,0.16666666666666666
2012-03-01,QQQ,0.16666666666666666
2012-03-01,SPY,0.16666666666666666
2012-03-01,TLT,0
2012-03-02,EEM,0.16666666666666666
2012-03-02,EFA,0.16666666666666666
2012-03-02,GLD,0.16666666666666666
2012-03-02,IWM,0.16666666666666666
2012-03-02,QQQ,0.16666666666666666
2012-03-02,SPY,0.16666666666666666
2012-03-02,TLT,0
2012-03-05,EEM,0.16666666666666666
2012-03-05,EFA,0.16666666666666666
2012-03-05,GLD,0.16666666666666666
2012-03-05,IWM,0.16666666666666666
2012-03-05,QQQ,0.16666666666666666
2012-03-05,SPY,0.16666666666666666
2012-03-05,TLT,0
2012-03-06,EEM,0.16666666666666666
2012-03-06,EFA,0.16666666666666666
2012-03-06,GLD,0.16666666666666666
2012-03-06,IWM,0.16666666666666666
2012-03-06,QQQ,0.16666666666666666
2012-03-06,SPY,0.16666666666666666
2012-03-06,TLT,0
2012-03-07,EEM,0.16666666666666666
2012-03-07,EFA,0.16666666666666666
2012-03-07,GLD,0.16666666666666666
2012-03-07,IWM,0.16666666666666666
2012-03-07,QQQ,0.16666666666666666
2012-03-07,SPY,0.16666666666666666
2012-03-07,TLT,0
2012-03-08,EEM,0.16666666666666666
2012-03-08,EFA,0.16666666666666666
2012-03-08,GLD,0.16666666666666666
2012-03-08,IWM,0.16666666666666666
2012-03-08,QQQ,0.16666666666666666
2012-03-08,SPY,0.16666666666666666
2012-03-08,TLT,0
2012-03-09,EEM,0.16666666666666666
2012-03-09,EFA,0.16666666666666666
2012-03-09,GLD,0.16666666666666666
2012-03-09,IWM,0.16666666666666666
2012-03-09,QQQ,0.16666666666666666
2012-03-09,SPY,0.16666666666666666
2012-03-09,TLT,0
2012-03-12,EEM,0.16666666666666666
2012-03-12,EFA,0.16666666666666666
2012-03-12,GLD,0.16666666666666666
2012-03-12,IWM,0.16666666666666666
2012-03-12,QQQ,0.16666666666666666
2012-03-12,SPY,0.16666666666666666
2012-03-12,TLT,0
2012-03-13,EEM,0.16666666666666666
2012-03-13,EFA,0.16666666666666666
2012-03-13,GLD,0.16666666666666666
2012-03-13,IWM,0.16666666666666666
2012-03-13,QQQ,0.16666666666666666
2012-03-13,SPY,0.16666666666666666
2012-03-13,TLT,0
2012-03-14,EEM,0.16666666666666666
2012-03-14,EFA,0.16666666666666666
2012-03-14,GLD,0.16666666666666666
2012-03-14,IWM,0.16666666666666666
2012-03-14,QQQ,0.16666666666666666
2012-03-14,SPY,0.16666666666666666
2012-03-14,TLT,0
2012-03-15,EEM,0.16666666666666666
2012-03-15,EFA,0.16666666666666666
2012-03-15,GLD,0.16666666666666666
2012-03-15,IWM,0.16666666666666666
2012-03-15,QQQ,0.16666666666666666
2012-03-15,SPY,0.16666666666666666
2012-03-15,TLT,0
2012-03-16,EEM,0.16666666666666666
2012-03-16,EFA,0.16666666666666666
2012-03-16,GLD,0.16666666666666666
2012-03-16,IWM,0.16666666666666666
2012-03-16,QQQ,0.16666666666666666
2012-03-16,SPY,0.16666666666666666
2012-03-16,TLT,0
2012-03-19,EEM,0.16666666666666666
2012-03-19,EFA,0.16666666666666666
2012-03-19,GLD,0.16666666666666666
2012-03-19,IWM,0.16666666666666666
2012-03-19,QQQ,0.16666666666666666
2012-03-19,SPY,0.16666666666666666
2012-03-19,TLT,0
2012-03-20,EEM,0.16666666666666666
2012-03-20,EFA,0.16666666666666666
2012-03-20,GLD,0.16666666666666666
2012-03-20,IWM,0.16666666666666666
2012-03-20,QQQ,0.16666666666666666
2012-03-20,SPY,0.16666666666666666
2012-03-20,TLT,0
2012-03-21,EEM,0.16666666666666666
2012-03-21,EFA,0.16666666666666666
2012-03-21,GLD,0.16666666666666666
2012-03-21,IWM,0.16666666666666666
2012-03-21,QQQ,0.16666666666666666
2012-03-21,SPY,0.16666666666666666
2012-03-21,TLT,0
2012-03-22,EEM,0.16666666666666666
2012-03-22,EFA,0.16666666666666666
2012-03-22,GLD,0.16666666666666666
2012-03-22,IWM,0.16666666666666666
2012-03-22,QQQ,0.16666666666666666
2012-03-22,SPY,0.16666666666666666
2012-03-22,TLT,0
2012-03-23,EEM,0.16666666666666666
2012-03-23,EFA,0.16666666666666666
2012-03-23,GLD,0.16666666666666666
2012-03-23,IWM,0.16666666666666666
2012-03-23,QQQ,0.16666666666666666
2012-03-23,SPY,0.16666666666666666
2012-03-23,TLT,0
2012-03-26,EEM,0.16666666666666666
2012-03-26,EFA,0.16666666666666666
2012-03-26,GLD,0.16666666666666666
2012-03-26,IWM,0.16666666666666666
2012-03-26,QQQ,0.16666666666666666
2012-03-26,SPY,0.16666666666666666
2012-03-26,TLT,0
2012-03-27,EEM,0.16666666666666666
2012-03-27,EFA,0.16666666666666666
2012-03-27,GLD,0.16666666666666666
2012-03-27,IWM,0.16666666666666666
2012-03-27,QQQ,0.16666666666666666
2012-03-27,SPY,0.16666666666666666
2012-03-27,TLT,0
2012-03-28,EEM,0.16666666666666666
2012-03-28,EFA,0.16666666666666666
2012-03-28,GLD,0.16666666666666666
2012-03-28,IWM,0.16666666666666666
2012-03-28,QQQ,0.16666666666666666
2012-03-28,SPY,0.16666666666666666
2012-03-28,TLT,0
2012-03-29,EEM,0.16666666666666666
2012-03-29,EFA,0.16666666666666666
2012-03-29,GLD,0.16666666666666666
2012-03-29,IWM,0.16666666666666666
2012-03-29,QQQ,0.16666666666666666
2012-03-29,SPY,0.16666666666666666
2012-03-29,TLT,0
2012-03-30,EEM,0.16666666666666666
2012-03-30,EFA,0.16666666666666666
2012-03-30,GLD,0.16666666666666666
2012-03-30,IWM,0.16666666666666666
2012-03-30,QQQ,0.16666666666666666
2012-03-30,SPY,0.16666666666666666
2012-03-30,TLT,0
2012-04-02,EEM,0.16666666666666666
2012-04-02,EFA,0.16666666666666666
2012-04-02,GLD,0.16666666666666666
2012-04-02,IWM,0.16666666666666666
2012-04-02,QQQ,0.16666666666666666
2012-04-02,SPY,0.16666666666666666
2012-04-02,TLT,0
2012-04-03,EEM,0.16666666666666666
2012-04-03,EFA,0.16666666666666666
2012-04-03,GLD,0.16666666666666666
2012-04-03,IWM,0.16666666666666666
2012-04-03,QQQ,0.16666666666666666
2012-04-03,SPY,0.16666666666666666
2012-04-03,TLT,0
2012-04-04,EEM,0.16666666666666666
2012-04-04,EFA,0.16666666666666666
2012-04-04,GLD,0.16666666666666666
2012-04-04,IWM,0.16666666666666666
2012-04-04,QQQ,0.16666666666666666
2012-04-04,SPY,0.16666666666666666
2012-04-04,TLT,0
2012-04-05,EEM,0.16666666666666666
2012-04-05,EFA,0.16666666666666666
2012-04-05,GLD,0.16666666666666666
2012-04-05,IWM,0.16666666666666666
2012-04-05,QQQ,0.16666666666666666
2012-04-05,SPY,0.16666666666666666
2012-04-05,TLT,0
2012-04-09,EEM,0.16666666666666666
2012-04-09,EFA,0.16666666666666666
2012-04-09,GLD,0.16666666666666666
2012-04-09,IWM,0.16666666666666666
2012-04-09,QQQ,0.16666666666666666
2012-04-09,SPY,0.16666666666666666
2012-04-09,TLT,0
2012-04-10,EEM,0.16666666666666666
2012-04-10,EFA,0.16666666666666666
2012-04-10,GLD,0.16666666666666666
2012-04-10,IWM,0.16666666666666666
2012-04-10,QQQ,0.16666666666666666
2012-04-10,SPY,0.16666666666666666
2012-04-10,TLT,0
2012-04-11,EEM,0.16666666666666666
2012-04-11,EFA,0.16666666666666666
2012-04-11,GLD,0.16666666666666666
2012-04-11,IWM,0.16666666666666666
2012-04-11,QQQ,0.16666666666666666
2012-04-11,SPY,0.16666666666666666
2012-04-11,TLT,0
2012-04-12,EEM,0.16666666666666666
2012-04-12,EFA,0.16666666666666666
2012-04-12,GLD,0.16666666666666666
2012-04-12,IWM,0.16666666666666666
2012-04-12,QQQ,0.16666666666666666
2012-04-12,SPY,0.16666666666666666
2012-04-12,TLT,0
2012-04-13,EEM,0.16666666666666666
2012-04-13,EFA,0.16666666666666666
2012-04-13,GLD,0.16666666666666666
2012-04-13,IWM,0.16666666666666666
2012-04-13,QQQ,0.16666666666666666
2012-04-13,SPY,0.16666666666666666
2012-04-13,TLT,0
2012-04-16,EEM,0.16666666666666666
2012-04-16,EFA,0.16666666666666666
2012-04-16,GLD,0.16666666666666666
2012-04-16,IWM,0.16666666666666666
2012-04-16,QQQ,0.16666666666666666
2012-04-16,SPY,0.16666666666666666
2012-04-16,TLT,0
2012-04-17,EEM,0.16666666666666666
2012-04-17,EFA,0.16666666666666666
2012-04-17,GLD,0.16666666666666666
2012-04-17,IWM,0.16666666666666666
2012-04-17,QQQ,0.16666666666666666
2012-04-17,SPY,0.16666666666666666
2012-04-17,TLT,0
2012-04-18,EEM,0.16666666666666666
2012-04-18,EFA,0.16666666666666666
2012-04-18,GLD,0.16666666666666666
2012-04-18,IWM,0.16666666666666666
2012-04-18,QQQ,0.16666666666666666
2012-04-18,SPY,0.16666666666666666
2012-04-18,TLT,0
2012-04-19,EEM,0.16666666666666666
2012-04-19,EFA,0.16666666666666666
2012-04-19,GLD,0.16666666666666666
2012-04-19,IWM,0.16666666666666666
2012-04-19,QQQ,0.16666666666666666
2012-04-19,SPY,0.16666666666666666
2012-04-19,TLT,0
2012-04-20,EEM,0.16666666666666666
2012-04-20,EFA,0.16666666666666666
2012-04-20,GLD,0.16666666666666666
2012-04-20,IWM,0.16666666666666666
2012-04-20,QQQ,0.16666666666666666
2012-04-20,SPY,0.16666666666666666
2012-04-20,TLT,0
2012-04-23,EEM,0.16666666666666666
2012-04-23,EFA,0.16666666666666666
2012-04-23,GLD,0.16666666666666666
2012-04-23,IWM,0.16666666666666666
2012-04-23,QQQ,0.16666666666666666
2012-04-23,SPY,0.16666666666666666
2012-04-23,TLT,0
2012-04-24,EEM,0.16666666666666666
2012-04-24,EFA,0.16666666666666666
2012-04-24,GLD,0.16666666666666666
2012-04-24,IWM,0.16666666666666666
2012-04-24,QQQ,0.16666666666666666
2012-04-24,SPY,0.16666666666666666
2012-04-24,TLT,0
2012-04-25,EEM,0
2012-04-25,EFA,0.16666666666666666
2012-04-25,GLD,0.16666666666666666
2012-04-25,IWM,0.16666666666666666
2012-04-25,QQQ,0.16666666666666666
2012-04-25,SPY,0.16666666666666666
2012-04-25,TLT,0.16666666666666666
2012-04-26,EEM,0
2012-04-26,EFA,0.16666666666666666
2012-04-26,GLD,0.16666666666666666
2012-04-26,IWM,0.16666666666666666
2012-04-26,QQQ,0.16666666666666666
2012-04-26,SPY,0.16666666666666666
2012-04-26,TLT,0.16666666666666666
2012-04-27,EEM,0
2012-04-27,EFA,0.16666666666666666
2012-04-27,GLD,0.16666666666666666
2012-04-27,IWM,0.16666666666666666
2012-04-27,QQQ,0.16666666666666666
2012-04-27,SPY,0.16666666666666666
2012-04-27,TLT,0.16666666666666666
2012-04-30,EEM,0
2012-04-30,EFA,0.16666666666666666
2012-04-30,GLD,0.16666666666666666
2012-04-30,IWM,0.16666666666666666
2012-04-30,QQQ,0.16666666666666666
2012-04-30,SPY,0.16666666666666666
2012-04-30,TLT,0.16666666666666666
2012-05-01,EEM,0
2012-05-01,EFA,0.16666666666666666
2012-05-01,GLD,0.16666666666666666
2012-05-01,IWM,0.16666666666666666
2012-05-01,QQQ,0.16666666666666666
2012-05-01,SPY,0.16666666666666666
2012-05-01,TLT,0.16666666666666666
2012-05-02,EEM,0
2012-05-02,EFA,0.16666666666666666
2012-05-02,GLD,0.33333333333333331
2012-05-02,IWM,0.16666666666666666
2012-05-02,QQQ,0.16666666666666666
2012-05-02,SPY,0.16666666666666666
2012-05-02,TLT,0
2012-05-03,EEM,0
2012-05-03,EFA,0.16666666666666666
2012-05-03,GLD,0.33333333333333331
2012-05-03,IWM,0.16666666666666666
2012-05-03,QQQ,0.16666666666666666
2012-05-03,SPY,0.16666666666666666
2012-05-03,TLT,0
2012-05-04,EEM,0
2012-05-04,EFA,0.16666666666666666
2012-05-04,GLD,0.33333333333333331
2012-05-04,IWM,0.16666666666666666
2012-05-04,QQQ,0.16666666666666666
2012-05-04,SPY,0.16666666666666666
2012-05-04,TLT,0
2012-05-07,EEM,0
2012-05-07,EFA,0.16666666666666666
2012-05-07,GLD,0.33333333333333331
2012-05-07,IWM,0.16666666666666666
2012-05-07,QQQ,0.16666666666666666
2012-05-07,SPY,0.16666666666666666
2012-05-07,TLT,0
2012-05-08,EEM,0
2012-05-08,EFA,0.16666666666666666
2012-05-08,GLD,0.33333333333333331
2012-05-08,IWM,0.16666666666666666
2012-05-08,QQQ,0.16666666666666666
2012-05-08,SPY,0.16666666666666666
2012-05-08,TLT,0
2012-05-09,EEM,0
2012-05-09,EFA,0
2012-05-09,GLD,0.5
2012-05-09,IWM,0
2012-05-09,QQQ,0.16666666666666666
2012-05-09,SPY,0.16666666666666666
2012-05-09,TLT,0.16666666666666666
2012-05-10,EEM,0
2012-05-10,EFA,0
2012-05-10,GLD,0.5
2012-05-10,IWM,0
2012-05-10,QQQ,0.16666666666666666
2012-05-10,SPY,0.16666666666666666
2012-05-10,TLT,0.16666666666666666
2012-05-11,EEM,0
2012-05-11,EFA,0
2012-05-11,GLD,0.5
2012-05-11,IWM,0
2012-05-11,QQQ,0.16666666666666666
2012-05-11,SPY,0.16666666666666666
2012-05-11,TLT,0.16666666666666666
2012-05-14,EEM,0
2012-05-14,EFA,0
2012-05-14,GLD,0.5
2012-05-14,IWM,0
2012-05-14,QQQ,0.16666666666666666
2012-05-14,SPY,0.16666666666666666
2012-05-14,TLT,0.16666666666666666
2012-05-15,EEM,0
2012-05-15,EFA,0
2012-05-15,GLD,0.5
2012-05-15,IWM,0
2012-05-15,QQQ,0.16666666666666666
2012-05-15,SPY,0.16666666666666666
2012-05-15,TLT,0.16666666666666666
2012-05-16,EEM,0
2012-05-16,EFA,0
2012-05-16,GLD,0.66666666666666663
2012-05-16,IWM,0
2012-05-16,QQQ,0.16666666666666666
2012-05-16,SPY,0
2012-05-16,TLT,0.16666666666666666
2012-05-17,EEM,0
2012-05-17,EFA,0
2012-05-17,GLD,0.66666666666666663
2012-05-17,IWM,0
2012-05-17,QQQ,0.16666666666666666
2012-05-17,SPY,0
2012-05-17,TLT,0.16666666666666666
2012-05-18,EEM,0
2012-05-18,EFA,0
2012-05-18,GLD,0.66666666666666663
2012-05-18,IWM,0
2012-05-18,QQQ,0.16666666666666666
2012-05-18,SPY,0
2012-05-18,TLT,0.16666666666666666
2012-05-21,EEM,0
2012-05-21,EFA,0
2012-05-21,GLD,0.66666666666666663
2012-05-21,IWM,0
2012-05-21,QQQ,0.16666666666666666
2012-05-21,SPY,0
2012-05-21,TLT,0.16666666666666666
2012-05-22,EEM,0
2012-05-22,EFA,0
2012-05-22,GLD,0.66666666666666663
2012-05-22,IWM,0
2012-05-22,QQQ,0.16666666666666666
2012-05-22,SPY,0
2012-05-22,TLT,0.16666666666666666
2012-05-23,EEM,0
2012-05-23,EFA,0
2012-05-23,GLD,0.83333333333333337
2012-05-23,IWM,0
2012-05-23,QQQ,0
2012-05-23,SPY,0
2012-05-23,TLT,0.16666666666666666
2012-05-24,EEM,0
2012-05-24,EFA,0
2012-05-24,GLD,0.83333333333333337
2012-05-24,IWM,0
2012-05-24,QQQ,0
2012-05-24,SPY,0
2012-05-24,TLT,0.16666666666666666
2012-05-25,EEM,0
2012-05-25,EFA,0
2012-05-25,GLD,0.83333333333333337
2012-05-25,IWM,0
2012-05-25,QQQ,0
2012-05-25,SPY,0
2012-05-25,TLT,0.16666666666666666
2012-05-29,EEM,0
2012-05-29,EFA,0
2012-05-29,GLD,0.83333333333333337
2012-05-29,IWM,0
2012-05-29,QQQ,0
2012-05-29,SPY,0
2012-05-29,TLT,0.16666666666666666
2012-05-30,EEM,0
2012-05-30,EFA,0
2012-05-30,GLD,0.83333333333333337
2012-05-30,IWM,0
2012-05-30,QQQ,0
2012-05-30,SPY,0
2012-05-30,TLT,0.16666666666666666
2012-05-31,EEM,0
2012-05-31,EFA,0
2012-05-31,GLD,0.83333333333333337
2012-05-31,IWM,0
2012-05-31,QQQ,0
2012-05-31,SPY,0
2012-05-31,TLT,0.16666666666666666
2012-06-01,EEM,0
2012-06-01,EFA,0
2012-06-01,GLD,0.83333333333333337
2012-06-01,IWM,0
2012-06-01,QQQ,0
2012-06-01,SPY,0
2012-06-01,TLT,0.16666666666666666
2012-06-04,EEM,0
2012-06-04,EFA,0
2012-06-04,GLD,0.83333333333333337
2012-06-04,IWM,0
2012-06-04,QQQ,0
2012-06-04,SPY,0
2012-06-04,TLT,0.16666666666666666
2012-06-05,EEM,0
2012-06-05,EFA,0
2012-06-05,GLD,0.83333333333333337
2012-06-05,IWM,0
2012-06-05,QQQ,0
2012-06-05,SPY,0
2012-06-05,TLT,0.16666666666666666
2012-06-06,EEM,0
2012-06-06,EFA,0
2012-06-06,GLD,0.83333333333333337
2012-06-06,IWM,0
2012-06-06,QQQ,0
2012-06-06,SPY,0
2012-06-06,TLT,0.16666666666666666
2012-06-07,EEM,0
2012-06-07,EFA,0
2012-06-07,GLD,0.83333333333333337
2012-06-07,IWM,0
2012-06-07,QQQ,0
2012-06-07,SPY,0
2012-06-07,TLT,0.16666666666666666
2012-06-08,EEM,0
2012-06-08,EFA,0
2012-06-08,GLD,0.83333333333333337
2012-06-08,IWM,0
2012-06-08,QQQ,0
2012-06-08,SPY,0
2012-06-08,TLT,0.16666666666666666
2012-06-11,EEM,0
2012-06-11,EFA,0
2012-06-11,GLD,0.83333333333333337
2012-06-11,IWM,0
2012-06-11,QQQ,0
2012-06-11,SPY,0
2012-06-11,TLT,0.16666666666666666
2012-06-12,EEM,0
2012-06-12,EFA,0
2012-06-12,GLD,0.83333333333333337
2012-06-12,IWM,0
2012-06-12,QQQ,0
2012-06-12,SPY,0
2012-06-12,TLT,0.16666666666666666
2012-06-13,EEM,0
2012-06-13,EFA,0
2012-06-13,GLD,0.83333333333333337
2012-06-13,IWM,0
2012-06-13,QQQ,0
2012-06-13,SPY,0
2012-06-13,TLT,0.16666666666666666
2012-06-14,EEM,0
2012-06-14,EFA,0
2012-06-14,GLD,0.83333333333333337
2012-06-14,IWM,0
2012-06-14,QQQ,0
2012-06-14,SPY,0
2012-06-14,TLT,0.16666666666666666
2012-06-15,EEM,0
2012-06-15,EFA,0
2012-06-15,GLD,0.83333333333333337
2012-06-15,IWM,0
2012-06-15,QQQ,0
2012-06-15,SPY,0
2012-06-15,TLT,0.16666666666666666
2012-06-18,EEM,0
2012-06-18,EFA,0
2012-06-18,GLD,0.83333333333333337
2012-06-18,IWM,0
2012-06-18,QQQ,0
2012-06-18,SPY,0
2012-06-18,TLT,0.16666666666666666
2012-06-19,EEM,0
2012-06-19,EFA,0
2012-06-19,GLD,0.83333333333333337
2012-06-19,IWM,0
2012-06-19,QQQ,0
2012-06-19,SPY,0
2012-06-19,TLT,0.16666666666666666
2012-06-20,EEM,0
2012-06-20,EFA,0
2012-06-20,GLD,0.83333333333333337
2012-06-20,IWM,0
2012-06-20,QQQ,0
2012-06-20,SPY,0
2012-06-20,TLT,0.16666666666666666
2012-06-21,EEM,0
2012-06-21,EFA,0
2012-06-21,GLD,0.83333333333333337
2012-06-21,IWM,0
2012-06-21,QQQ,0
2012-06-21,SPY,0
2012-06-21,TLT,0.16666666666666666
2012-06-22,EEM,0
2012-06-22,EFA,0
2012-06-22,GLD,0.83333333333333337
2012-06-22,IWM,0
2012-06-22,QQQ,0
2012-06-22,SPY,0
2012-06-22,TLT,0.16666666666666666
2012-06-25,EEM,0
2012-06-25,EFA,0
2012-06-25,GLD,0.83333333333333337
2012-06-25,IWM,0
2012-06-25,QQQ,0
2012-06-25,SPY,0
2012-06-25,TLT,0.16666666666666666
2012-06-26,EEM,0
2012-06-26,EFA,0
2012-06-26,GLD,0.83333333333333337
2012-06-26,IWM,0
2012-06-26,QQQ,0
2012-06-26,SPY,0
2012-06-26,TLT,0.16666666666666666
2012-06-27,EEM,0
2012-06-27,EFA,0
2012-06-27,GLD,0.83333333333333337
2012-06-27,IWM,0
2012-06-27,QQQ,0
2012-06-27,SPY,0
2012-06-27,TLT,0.16666666666666666
2012-06-28,EEM,0
2012-06-28,EFA,0
2012-06-28,GLD,0.83333333333333337
2012-06-28,IWM,0
2012-06-28,QQQ,0
2012-06-28,SPY,0
2012-06-28,TLT,0.16666666666666666
2012-06-29,EEM,0
2012-06-29,EFA,0
2012-06-29,GLD,0.83333333333333337
2012-06-29,IWM,0
2012-06-29,QQQ,0
2012-06-29,SPY,0
2012-06-29,TLT,0.16666666666666666
2012-07-02,EEM,0
2012-07-02,EFA,0
2012-07-02,GLD,0.83333333333333337
2012-07-02,IWM,0
2012-07-02,QQQ,0
2012-07-02,SPY,0
2012-07-02,TLT,0.16666666666666666
2012-07-03,EEM,0
2012-07-03,EFA,0
2012-07-03,GLD,0.83333333333333337
2012-07-03,IWM,0
2012-07-03,QQQ,0
2012-07-03,SPY,0
2012-07-03,TLT,0.16666666666666666
2012-07-05,EEM,0
2012-07-05,EFA,0
2012-07-05,GLD,0.83333333333333337
2012-07-05,IWM,0
2012-07-05,QQQ,0
2012-07-05,SPY,0
2012-07-05,TLT,0.16666666666666666
2012-07-06,EEM,0
2012-07-06,EFA,0
2012-07-06,GLD,0.83333333333333337
2012-07-06,IWM,0
2012-07-06,QQQ,0
2012-07-06,SPY,0
2012-07-06,TLT,0.16666666666666666
2012-07-09,EEM,0
2012-07-09,EFA,0
2012-07-09,GLD,0.83333333333333337
2012-07-09,IWM,0
2012-07-09,QQQ,0
2012-07-09,SPY,0
2012-07-09,TLT,0.16666666666666666
2012-07-10,EEM,0
2012-07-10,EFA,0
2012-07-10,GLD,0.83333333333333337
2012-07-10,IWM,0
2012-07-10,QQQ,0
2012-07-10,SPY,0
2012-07-10,TLT,0.16666666666666666
2012-07-11,EEM,0
2012-07-11,EFA,0
2012-07-11,GLD,0.83333333333333337
2012-07-11,IWM,0
2012-07-11,QQQ,0
2012-07-11,SPY,0
2012-07-11,TLT,0.16666666666666666
2012-07-12,EEM,0
2012-07-12,EFA,0
2012-07-12,GLD,0.83333333333333337
2012-07-12,IWM,0
2012-07-12,QQQ,0
2012-07-12,SPY,0
2012-07-12,TLT,0.16666666666666666
2012-07-13,EEM,0
2012-07-13,EFA,0
2012-07-13,GLD,0.66666666666666663
2012-07-13,IWM,0.16666666666666666
2012-07-13,QQQ,0
2012-07-13,SPY,0
2012-07-13,TLT,0.16666666666666666
2012-07-16,EEM,0
2012-07-16,EFA,0
2012-07-16,GLD,0.66666666666666663
2012-07-16,IWM,0.16666666666666666
2012-07-16,QQQ,0
2012-07-16,SPY,0
2012-07-16,TLT,0.16666666666666666
2012-07-17,EEM,0
2012-07-17,EFA,0
2012-07-17,GLD,0.66666666666666663
2012-07-17,IWM,0.16666666666666666
2012-07-17,QQQ,0
2012-07-17,SPY,0
2012-07-17,TLT,0.16666666666666666
2012-07-18,EEM,0
2012-07-18,EFA,0
2012-07-18,GLD,0.66666666666666663
2012-07-18,IWM,0.16666666666666666
2012-07-18,QQQ,0
2012-07-18,SPY,0
2012-07-18,TLT,0.16666666666666666
2012-07-19,EEM,0
2012-07-19,EFA,0
2012-07-19,GLD,0.66666666666666663
2012-07-19,IWM,0.16666666666666666
2012-07-19,QQQ,0
2012-07-19,SPY,0
2012-07-19,TLT,0.16666666666666666
2012-07-20,EEM,0
2012-07-20,EFA,0
2012-07-20,GLD,0.83333333333333337
2012-07-20,IWM,0
2012-07-20,QQQ,0
2012-07-20,SPY,0
2012-07-20,TLT,0.16666666666666666
2012-07-23,EEM,0
2012-07-23,EFA,0
2012-07-23,GLD,0.83333333333333337
2012-07-23,IWM,0
2012-07-23,QQQ,0
2012-07-23,SPY,0
2012-07-23,TLT,0.16666666666666666
2012-07-24,EEM,0
2012-07-24,EFA,0
2012-07-24,GLD,0.83333333333333337
2012-07-24,IWM,0
2012-07-24,QQQ,0
2012-07-24,SPY,0
2012-07-24,TLT,0.16666666666666666
2012-07-25,EEM,0
2012-07-25,EFA,0
2012-07-25,GLD,0.83333333333333337
2012-07-25,IWM,0
2012-07-25,QQQ,0
2012-07-25,SPY,0
2012-07-25,TLT,0.16666666666666666
2012-07-26,EEM,0
2012-07-26,EFA,0
2012-07-26,GLD,0.83333333333333337
2012-07-26,IWM,0
2012-07-26,QQQ,0
2012-07-26,SPY,0
2012-07-26,TLT,0.16666666666666666
2012-07-27,EEM,0
2012-07-27,EFA,0
2012-07-27,GLD,0.83333333333333337
2012-07-27,IWM,0
2012-07-27,QQQ,0
2012-07-27,SPY,0
2012-07-27,TLT,0.16666666666666666
2012-07-30,EEM,0
2012-07-30,EFA,0
2012-07-30,GLD,0.83333333333333337
2012-07-30,IWM,0
2012-07-30,QQQ,0
2012-07-30,SPY,0
2012-07-30,TLT,0.16666666666666666
2012-07-31,EEM,0
2012-07-31,EFA,0
2012-07-31,GLD,0.83333333333333337
2012-07-31,IWM,0
2012-07-31,QQQ,0
2012-07-31,SPY,0
2012-07-31,TLT,0.16666666666666666
2012-08-01,EEM,0
2012-08-01,EFA,0
2012-08-01,GLD,0.83333333333333337
2012-08-01,IWM,0
2012-08-01,QQQ,0
2012-08-01,SPY,0
2012-08-01,TLT,0.16666666666666666
2012-08-02,EEM,0
2012-08-02,EFA,0
2012-08-02,GLD,0.83333333333333337
2012-08-02,IWM,0
2012-08-02,QQQ,0
2012-08-02,SPY,0
2012-08-02,TLT,0.16666666666666666
2012-08-03,EEM,0
2012-08-03,EFA,0
2012-08-03,GLD,0.5
2012-08-03,IWM,0
2012-08-03,QQQ,0.16666666666666666
2012-08-03,SPY,0.16666666666666666
2012-08-03,TLT,0.16666666666666666
2012-08-06,EEM,0
2012-08-06,EFA,0
2012-08-06,GLD,0.5
2012-08-06,IWM,0
2012-08-06,QQQ,0.16666666666666666
2012-08-06,SPY,0.16666666666666666
2012-08-06,TLT,0.16666666666666666
2012-08-07,EEM,0
2012-08-07,EFA,0
2012-08-07,GLD,0.5
2012-08-07,IWM,0
2012-08-07,QQQ,0.16666666666666666
2012-08-07,SPY,0.16666666666666666
2012-08-07,TLT,0.16666666666666666
2012-08-08,EEM,0
2012-08-08,EFA,0
2012-08-08,GLD,0.5
2012-08-08,IWM,0
2012-08-08,QQQ,0.16666666666666666
2012-08-08,SPY,0.16666666666666666
2012-08-08,TLT,0.16666666666666666
2012-08-09,EEM,0
2012-08-09,EFA,0
2012-08-09,GLD,0.5
2012-08-09,IWM,0
2012-08-09,QQQ,0.16666666666666666
2012-08-09,SPY,0.16666666666666666
2012-08-09,TLT,0.16666666666666666
2012-08-10,EEM,0.16666666666666666
2012-08-10,EFA,0.16666666666666666
2012-08-10,GLD,0
2012-08-10,IWM,0.16666666666666666
2012-08-10,QQQ,0.16666666666666666
2012-08-10,SPY,0.16666666666666666
2012-08-10,TLT,0.16666666666666666
2012-08-13,EEM,0.16666666666666666
2012-08-13,EFA,0.16666666666666666
2012-08-13,GLD,0
2012-08-13,IWM,0.16666666666666666
2012-08-13,QQQ,0.16666666666666666
2012-08-13,SPY,0.16666666666666666
2012-08-13,TLT,0.16666666666666666
2012-08-14,EEM,0.16666666666666666
2012-08-14,EFA,0.16666666666666666
2012-08-14,GLD,0
2012-08-14,IWM,0.16666666666666666
2012-08-14,QQQ,0.16666666666666666
2012-08-14,SPY,0.16666666666666666
2012-08-14,TLT,0.16666666666666666
2012-08-15,EEM,0.16666666666666666
2012-08-15,EFA,0.16666666666666666
2012-08-15,GLD,0
2012-08-15,IWM,0.16666666666666666
2012-08-15,QQQ,0.16666666666666666
2012-08-15,SPY,0.16666666666666666
2012-08-15,TLT,0.16666666666666666
2012-08-16,EEM,0.16666666666666666
2012-08-16,EFA,0.16666666666666666
2012-08-16,GLD,0
2012-08-16,IWM,0.16666666666666666
2012-08-16,QQQ,0.16666666666666666
2012-08-16,SPY,0.16666666666666666
2012-08-16,TLT,0.16666666666666666
2012-08-17,EEM,0.16666666666666666
2012-08-17,EFA,0.16666666666666666
2012-08-17,GLD,0.16666666666666666
2012-08-17,IWM,0.16666666666666666
2012-08-17,QQQ,0.16666666666666666
2012-08-17,SPY,0.16666666666666666
2012-08-17,TLT,0
2012-08-20,EEM,0.16666666666666666
2012-08-20,EFA,0.16666666666666666
2012-08-20,GLD,0.16666666666666666
2012-08-20,IWM,0.16666666666666666
2012-08-20,QQQ,0.16666666666666666
2012-08-20,SPY,0.16666666666666666
2012-08-20,TLT,0
2012-08-21,EEM,0.16666666666666666
2012-08-21,EFA,0.16666666666666666
2012-08-21,GLD,0.16666666666666666
2012-08-21,IWM,0.16666666666666666
2012-08-21,QQQ,0.16666666666666666
2012-08-21,SPY,0.16666666666666666
2012-08-21,TLT,0
2012-08-22,EEM,0.16666666666666666
2012-08-22,EFA,0.16666666666666666
2012-08-22,GLD,0.16666666666666666
2012-08-22,IWM,0.16666666666666666
2012-08-22,QQQ,0.16666666666666666
2012-08-22,SPY,0.16666666666666666
2012-08-22,TLT,0
2012-08-23,EEM,0.16666666666666666
2012-08-23,EFA,0.16666666666666666
2012-08-23,GLD,0.16666666666666666
2012-08-23,IWM,0.16666666666666666
2012-08-23,QQQ,0.16666666666666666
2012-08-23,SPY,0.16666666666666666
2012-08-23,TLT,0
2012-08-24,EEM,0.16666666666666666
2012-08-24,EFA,0.16666666666666666
2012-08-24,GLD,0
2012-08-24,IWM,0.16666666666666666
2012-08-24,QQQ,0.16666666666666666
2012-08-24,SPY,0.16666666666666666
2012-08-24,TLT,0.16666666666666666
2012-08-27,EEM,0.16666666666666666
2012-08-27,EFA,0.16666666666666666
2012-08-27,GLD,0
2012-08-27,IWM,0.16666666666666666
2012-08-27,QQQ,0.16666666666666666
2012-08-27,SPY,0.16666666666666666
2012-08-27,TLT,0.16666666666666666
2012-08-28,EEM,0.16666666666666666
2012-08-28,EFA,0.16666666666666666
2012-08-28,GLD,0
2012-08-28,IWM,0.16666666666666666
2012-08-28,QQQ,0.16666666666666666
2012-08-28,SPY,0.16666666666666666
2012-08-28,TLT,0.16666666666666666
2012-08-29,EEM,0.16666666666666666
2012-08-29,EFA,0.16666666666666666
2012-08-29,GLD,0
2012-08-29,IWM,0.16666666666666666
2012-08-29,QQQ,0.16666666666666666
2012-08-29,SPY,0.16666666666666666
2012-08-29,TLT,0.16666666666666666
2012-08-30,EEM,0.16666666666666666
2012-08-30,EFA,0.16666666666666666
2012-08-30,GLD,0
2012-08-30,IWM,0.16666666666666666
2012-08-30,QQQ,0.16666666666666666
2012-08-30,SPY,0.16666666666666666
2012-08-30,TLT,0.16666666666666666
2012-08-31,EEM,0.16666666666666666
2012-08-31,EFA,0.16666666666666666
2012-08-31,GLD,0.16666666666666666
2012-08-31,IWM,0.16666666666666666
2012-08-31,QQQ,0.16666666666666666
2012-08-31,SPY,0.16666666666666666
2012-08-31,TLT,0
2012-09-04,EEM,0.16666666666666666
2012-09-04,EFA,0.16666666666666666
2012-09-04,GLD,0.16666666666666666
2012-09-04,IWM,0.16666666666666666
2012-09-04,QQQ,0.16666666666666666
2012-09-04,SPY,0.16666666666666666
2012-09-04,TLT,0
2012-09-05,EEM,0.16666666666666666
2012-09-05,EFA,0.16666666666666666
2012-09-05,GLD,0.16666666666666666
2012-09-05,IWM,0.16666666666666666
2012-09-05,QQQ,0.16666666666666666
2012-09-05,SPY,0.16666666666666666
2012-09-05,TLT,0
2012-09-06,EEM,0.16666666666666666
2012-09-06,EFA,0.16666666666666666
2012-09-06,GLD,0.16666666666666666
2012-09-06,IWM,0.16666666666666666
2012-09-06,QQQ,0.16666666666666666
2012-09-06,SPY,0.16666666666666666
2012-09-06,TLT,0
2012-09-07,EEM,0.16666666666666666
2012-09-07,EFA,0.16666666666666666
2012-09-07,GLD,0.16666666666666666
2012-09-07,IWM,0.16666666666666666
2012-09-07,QQQ,0.16666666666666666
2012-09-07,SPY,0.16666666666666666
2012-09-07,TLT,0
2012-09-10,EEM,0.16666666666666666
2012-09-10,EFA,0.16666666666666666
2012-09-10,GLD,0.16666666666666666
2012-09-10,IWM,0.16666666666666666
2012-09-10,QQQ,0.16666666666666666
2012-09-10,SPY,0.16666666666666666
2012-09-10,TLT,0
2012-09-11,EEM,0.16666666666666666
2012-09-11,EFA,0.16666666666666666
2012-09-11,GLD,0.16666666666666666
2012-09-11,IWM,0.16666666666666666
2012-09-11,QQQ,0.16666666666666666
2012-09-11,SPY,0.16666666666666666
2012-09-11,TLT,0
2012-09-12,EEM,0.16666666666666666
2012-09-12,EFA,0.16666666666666666
2012-09-12,GLD,0.16666666666666666
2012-09-12,IWM,0.16666666666666666
2012-09-12,QQQ,0.16666666666666666
2012-09-12,SPY,0.16666666666666666
2012-09-12,TLT,0
2012-09-13,EEM,0.16666666666666666
2012-09-13,EFA,0.16666666666666666
2012-09-13,GLD,0.16666666666666666
2012-09-13,IWM,0.16666666666666666
2012-09-13,QQQ,0.16666666666666666
2012-09-13,SPY,0.16666666666666666
2012-09-13,TLT,0
2012-09-14,EEM,0.16666666666666666
2012-09-14,EFA,0.16666666666666666
2012-09-14,GLD,0.16666666666666666
2012-09-14,IWM,0.16666666666666666
2012-09-14,QQQ,0.16666666666666666
2012-09-14,SPY,0.16666666666666666
2012-09-14,TLT,0
2012-09-17,EEM,0.16666666666666666
2012-09-17,EFA,0.16666666666666666
2012-09-17,GLD,0.16666666666666666
2012-09-17,IWM,0.16666666666666666
2012-09-17,QQQ,0.16666666666666666
2012-09-17,SPY,0.16666666666666666
2012-09-17,TLT,0
2012-09-18,EEM,0.16666666666666666
2012-09-18,EFA,0.16666666666666666
2012-09-18,GLD,0.16666666666666666
2012-09-18,IWM,0.16666666666666666
2012-09-18,QQQ,0.16666666666666666
2012-09-18,SPY,0.16666666666666666
2012-09-18,TLT,0
2012-09-19,EEM,0.16666666666666666
2012-09-19,EFA,0.16666666666666666
2012-09-19,GLD,0.16666666666666666
2012-09-19,IWM,0.16666666666666666
2012-09-19,QQQ,0.16666666666666666
2012-09-19,SPY,0.16666666666666666
2012-09-19,TLT,0
2012-09-20,EEM,0.16666666666666666
2012-09-20,EFA,0.16666666666666666
2012-09-20,GLD,0.16666666666666666
2012-09-20,IWM,0.16666666666666666
2012-09-20,QQQ,0.16666666666666666
2012-09-20,SPY,0.16666666666666666
2012-09-20,TLT,0
2012-09-21,EEM,0.16666666666666666
2012-09-21,EFA,0.16666666666666666
2012-09-21,GLD,0.16666666666666666
2012-09-21,IWM,0.16666666666666666
2012-09-21,QQQ,0.16666666666666666
2012-09-21,SPY,0.16666666666666666
2012-09-21,TLT,0
2012-09-24,EEM,0.16666666666666666
2012-09-24,EFA,0.16666666666666666
2012-09-24,GLD,0.16666666666666666
2012-09-24,IWM,0.16666666666666666
2012-09-24,QQQ,0.16666666666666666
2012-09-24,SPY,0.16666666666666666
2012-09-24,TLT,0
2012-09-25,EEM,0.16666666666666666
2012-09-25,EFA,0.16666666666666666
2012-09-25,GLD,0.16666666666666666
2012-09-25,IWM,0.16666666666666666
2012-09-25,QQQ,0.16666666666666666
2012-09-25,SPY,0.16666666666666666
2012-09-25,TLT,0
2012-09-26,EEM,0.16666666666666666
2012-09-26,EFA,0.16666666666666666
2012-09-26,GLD,0.16666666666666666
2012-09-26,IWM,0.16666666666666666
2012-09-26,QQQ,0.16666666666666666
2012-09-26,SPY,0.16666666666666666
2012-09-26,TLT,0
2012-09-27,EEM,0.16666666666666666
2012-09-27,EFA,0.16666666666666666
2012-09-27,GLD,0.16666666666666666
2012-09-27,IWM,0.16666666666666666
2012-09-27,QQQ,0.16666666666666666
2012-09-27,SPY,0.16666666666666666
2012-09-27,TLT,0
2012-09-28,EEM,0.16666666666666666
2012-09-28,EFA,0.16666666666666666
2012-09-28,GLD,0.16666666666666666
2012-09-28,IWM,0.16666666666666666
2012-09-28,QQQ,0.16666666666666666
2012-09-28,SPY,0.16666666666666666
2012-09-28,TLT,0
2012-10-01,EEM,0.16666666666666666
2012-10-01,EFA,0.16666666666666666
2012-10-01,GLD,0.16666666666666666
2012-10-01,IWM,0.16666666666666666
2012-10-01,QQQ,0.16666666666666666
2012-10-01,SPY,0.16666666666666666
2012-10-01,TLT,0
2012-10-02,EEM,0.16666666666666666
2012-10-02,EFA,0.16666666666666666
2012-10-02,GLD,0.16666666666666666
2012-10-02,IWM,0.16666666666666666
2012-10-02,QQQ,0.16666666666666666
2012-10-02,SPY,0.16666666666666666
2012-10-02,TLT,0
2012-10-03,EEM,0.16666666666666666
2012-10-03,EFA,0.16666666666666666
2012-10-03,GLD,0.16666666666666666
2012-10-03,IWM,0.16666666666666666
2012-10-03,QQQ,0.16666666666666666
2012-10-03,SPY,0.16666666666666666
2012-10-03,TLT,0
2012-10-04,EEM,0.16666666666666666
2012-10-04,EFA,0.16666666666666666
2012-10-04,GLD,0.16666666666666666
2012-10-04,IWM,0.16666666666666666
2012-10-04,QQQ,0.16666666666666666
2012-10-04,SPY,0.16666666666666666
2012-10-04,TLT,0
2012-10-05,EEM,0.16666666666666666
2012-10-05,EFA,0.16666666666666666
2012-10-05,GLD,0.16666666666666666
2012-10-05,IWM,0.16666666666666666
2012-10-05,QQQ,0.16666666666666666
2012-10-05,SPY,0.16666666666666666
2012-10-05,TLT,0
2012-10-08,EEM,0.16666666666666666
2012-10-08,EFA,0.16666666666666666
2012-10-08,GLD,0.16666666666666666
2012-10-08,IWM,0.16666666666666666
2012-10-08,QQQ,0.16666666666666666
2012-10-08,SPY,0.16666666666666666
2012-10-08,TLT,0
2012-10-09,EEM,0.16666666666666666
2012-10-09,EFA,0.16666666666666666
2012-10-09,GLD,0.16666666666666666
2012-10-09,IWM,0.16666666666666666
2012-10-09,QQQ,0.16666666666666666
2012-10-09,SPY,0.16666666666666666
2012-10-09,TLT,0
2012-10-10,EEM,0.16666666666666666
2012-10-10,EFA,0.16666666666666666
2012-10-10,GLD,0.16666666666666666
2012-10-10,IWM,0.16666666666666666
2012-10-10,QQQ,0.16666666666666666
2012-10-10,SPY,0.16666666666666666
2012-10-10,TLT,0
2012-10-11,EEM,0.16666666666666666
2012-10-11,EFA,0.16666666666666666
2012-10-11,GLD,0.16666666666666666
2012-10-11,IWM,0.16666666666666666
2012-10-11,QQQ,0.16666666666666666
2012-10-11,SPY,0.16666666666666666
2012-10-11,TLT,0
2012-10-12,EEM,0.16666666666666666
2012-10-12,EFA,0.16666666666666666
2012-10-12,GLD,0.16666666666666666
2012-10-12,IWM,0.16666666666666666
2012-10-12,QQQ,0.16666666666666666
2012-10-12,SPY,0.16666666666666666
2012-10-12,TLT,0
2012-10-15,EEM,0.16666666666666666
2012-10-15,EFA,0.16666666666666666
2012-10-15,GLD,0.16666666666666666
2012-10-15,IWM,0.16666666666666666
2012-10-15,QQQ,0.16666666666666666
2012-10-15,SPY,0.16666666666666666
2012-10-15,TLT,0
2012-10-16,EEM,0.16666666666666666
2012-10-16,EFA,0.16666666666666666
2012-10-16,GLD,0.16666666666666666
2012-10-16,IWM,0.16666666666666666
2012-10-16,QQQ,0.16666666666666666
2012-10-16,SPY,0.16666666666666666
2012-10-16,TLT,0
2012-10-17,EEM,0.16666666666666666
2012-10-17,EFA,0.16666666666666666
2012-10-17,GLD,0.16666666666666666
2012-10-17,IWM,0.16666666666666666
2012-10-17,QQQ,0.16666666666666666
2012-10-17,SPY,0.16666666666666666
2012-10-17,TLT,0
2012-10-18,EEM,0.16666666666666666
2012-10-18,EFA,0.16666666666666666
2012-10-18,GLD,0.16666666666666666
2012-10-18,IWM,0.16666666666666666
2012-10-18,QQQ,0.16666666666666666
2012-10-18,SPY,0.16666666666666666
2012-10-18,TLT,0
2012-10-19,EEM,0.16666666666666666
2012-10-19,EFA,0.16666666666666666
2012-10-19,GLD,0.16666666666666666
2012-10-19,IWM,0.16666666666666666
2012-10-19,QQQ,0.16666666666666666
2012-10-19,SPY,0.16666666666666666
2012-10-19,TLT,0
2012-10-22,EEM,0.16666666666666666
2012-10-22,EFA,0.16666666666666666
2012-10-22,GLD,0.16666666666666666
2012-10-22,IWM,0.16666666666666666
2012-10-22,QQQ,0.16666666666666666
2012-10-22,SPY,0.16666666666666666
2012-10-22,TLT,0
2012-10-23,EEM,0.16666666666666666
2012-10-23,EFA,0.16666666666666666
2012-10-23,GLD,0.16666666666666666
2012-10-23,IWM,0.16666666666666666
2012-10-23,QQQ,0.16666666666666666
2012-10-23,SPY,0.16666666666666666
2012-10-23,TLT,0
2012-10-24,EEM,0.16666666666666666
2012-10-24,EFA,0.16666666666666666
2012-10-24,GLD,0.16666666666666666
2012-10-24,IWM,0.16666666666666666
2012-10-24,QQQ,0.16666666666666666
2012-10-24,SPY,0.16666666666666666
2012-10-24,TLT,0
2012-10-25,EEM,0.16666666666666666
2012-10-25,EFA,0.16666666666666666
2012-10-25,GLD,0.16666666666666666
2012-10-25,IWM,0.16666666666666666
2012-10-25,QQQ,0.16666666666666666
2012-10-25,SPY,0.16666666666666666
2012-10-25,TLT,0
2012-10-26,EEM,0.16666666666666666
2012-10-26,EFA,0.16666666666666666
2012-10-26,GLD,0.16666666666666666
2012-10-26,IWM,0.16666666666666666
2012-10-26,QQQ,0.16666666666666666
2012-10-26,SPY,0.16666666666666666
2012-10-26,TLT,0
2012-10-31,EEM,0.16666666666666666
2012-10-31,EFA,0.16666666666666666
2012-10-31,GLD,0.16666666666666666
2012-10-31,IWM,0.16666666666666666
2012-10-31,QQQ,0.16666666666666666
2012-10-31,SPY,0.16666666666666666
2012-10-31,TLT,0
2012-11-01,EEM,0.16666666666666666
2012-11-01,EFA,0.16666666666666666
2012-11-01,GLD,0.16666666666666666
2012-11-01,IWM,0.16666666666666666
2012-11-01,QQQ,0.16666666666666666
2012-11-01,SPY,0.16666666666666666
2012-11-01,TLT,0
2012-11-02,EEM,0.16666666666666666
2012-11-02,EFA,0.16666666666666666
2012-11-02,GLD,0.16666666666666666
2012-11-02,IWM,0.16666666666666666
2012-11-02,QQQ,0.16666666666666666
2012-11-02,SPY,0.16666666666666666
2012-11-02,TLT,0
2012-11-05,EEM,0.16666666666666666
2012-11-05,EFA,0.16666666666666666
2012-11-05,GLD,0.16666666666666666
2012-11-05,IWM,0.16666666666666666
2012-11-05,QQQ,0.16666666666666666
2012-11-05,SPY,0.16666666666666666
2012-11-05,TLT,0
2012-11-06,EEM,0.16666666666666666
2012-11-06,EFA,0.16666666666666666
2012-11-06,GLD,0.16666666666666666
2012-11-06,IWM,0.16666666666666666
2012-11-06,QQQ,0.16666666666666666
2012-11-06,SPY,0.16666666666666666
2012-11-06,TLT,0
2012-11-07,EEM,0.16666666666666666
2012-11-07,EFA,0.16666666666666666
2012-11-07,GLD,0.33333333333333331
2012-11-07,IWM,0.16666666666666666
2012-11-07,QQQ,0
2012-11-07,SPY,0.16666666666666666
2012-11-07,TLT,0
2012-11-08,EEM,0.16666666666666666
2012-11-08,EFA,0.16666666666666666
2012-11-08,GLD,0.33333333333333331
2012-11-08,IWM,0.16666666666666666
2012-11-08,QQQ,0
2012-11-08,SPY,0.16666666666666666
2012-11-08,TLT,0
2012-11-09,EEM,0.16666666666666666
2012-11-09,EFA,0.16666666666666666
2012-11-09,GLD,0.33333333333333331
2012-11-09,IWM,0.16666666666666666
2012-11-09,QQQ,0
2012-11-09,SPY,0.16666666666666666
2012-11-09,TLT,0
2012-11-12,EEM,0.16666666666666666
2012-11-12,EFA,0.16666666666666666
2012-11-12,GLD,0.33333333333333331
2012-11-12,IWM,0.16666666666666666
2012-11-12,QQQ,0
2012-11-12,SPY,0.16666666666666666
2012-11-12,TLT,0
2012-11-13,EEM,0.16666666666666666
2012-11-13,EFA,0.16666666666666666
2012-11-13,GLD,0.33333333333333331
2012-11-13,IWM,0.16666666666666666
2012-11-13,QQQ,0
2012-11-13,SPY,0.16666666666666666
2012-11-13,TLT,0
2012-11-14,EEM,0
2012-11-14,EFA,0.16666666666666666
2012-11-14,GLD,0.66666666666666663
2012-11-14,IWM,0
2012-11-14,QQQ,0
2012-11-14,SPY,0
2012-11-14,TLT,0.16666666666666666
2012-11-15,EEM,0
2012-11-15,EFA,0.16666666666666666
2012-11-15,GLD,0.66666666666666663
2012-11-15,IWM,0
2012-11-15,QQQ,0
2012-11-15,SPY,0
2012-11-15,TLT,0.16666666666666666
2012-11-16,EEM,0
2012-11-16,EFA,0.16666666666666666
2012-11-16,GLD,0.66666666666666663
2012-11-16,IWM,0
2012-11-16,QQQ,0
2012-11-16,SPY,0
2012-11-16,TLT,0.16666666666666666
2012-11-19,EEM,0
2012-11-19,EFA,0.16666666666666666
2012-11-19,GLD,0.66666666666666663
2012-11-19,IWM,0
2012-11-19,QQQ,0
2012-11-19,SPY,0
2012-11-19,TLT,0.16666666666666666
2012-11-20,EEM,0
2012-11-20,EFA,0.16666666666666666
2012-11-20,GLD,0.66666666666666663
2012-11-20,IWM,0
2012-11-20,QQQ,0
2012-11-20,SPY,0
2012-11-20,TLT,0.16666666666666666
2012-11-21,EEM,0.16666666666666666
2012-11-21,EFA,0.16666666666666666
2012-11-21,GLD,0.5
2012-11-21,IWM,0
2012-11-21,QQQ,0
2012-11-21,SPY,0
2012-11-21,TLT,0.16666666666666666
2012-11-23,EEM,0.16666666666666666
2012-11-23,EFA,0.16666666666666666
2012-11-23,GLD,0.5
2012-11-23,IWM,0
2012-11-23,QQQ,0
2012-11-23,SPY,0
2012-11-23,TLT,0.16666666666666666
2012-11-26,EEM,0.16666666666666666
2012-11-26,EFA,0.16666666666666666
2012-11-26,GLD,0.5
2012-11-26,IWM,0
2012-11-26,QQQ,0
2012-11-26,SPY,0
2012-11-26,TLT,0.16666666666666666
2012-11-27,EEM,0.16666666666666666
2012-11-27,EFA,0.16666666666666666
2012-11-27,GLD,0.5
2012-11-27,IWM,0
2012-11-27,QQQ,0
2012-11-27,SPY,0
2012-11-27,TLT,0.16666666666666666
2012-11-28,EEM,0.16666666666666666
2012-11-28,EFA,0.16666666666666666
2012-11-28,GLD,0.5
2012-11-28,IWM,0
2012-11-28,QQQ,0
2012-11-28,SPY,0
2012-11-28,TLT,0.16666666666666666
2012-11-29,EEM,0.16666666666666666
2012-11-29,EFA,0.16666666666666666
2012-11-29,GLD,0.16666666666666666
2012-11-29,IWM,0.16666666666666666
2012-11-29,QQQ,0
2012-11-29,SPY,0.16666666666666666
2012-11-29,TLT,0.16666666666666666
2012-11-30,EEM,0.16666666666666666
2012-11-30,EFA,0.16666666666666666
2012-11-30,GLD,0.16666666666666666
2012-11-30,IWM,0.16666666666666666
2012-11-30,QQQ,0
2012-11-30,SPY,0.16666666666666666
2012-11-30,TLT,0.16666666666666666
2012-12-03,EEM,0.16666666666666666
2012-12-03,EFA,0.16666666666666666
2012-12-03,GLD,0.16666666666666666
2012-12-03,IWM,0.16666666666666666
2012-12-03,QQQ,0
2012-12-03,SPY,0.16666666666666666
2012-12-03,TLT,0.16666666666666666
2012-12-04,EEM,0.16666666666666666
2012-12-04,EFA,0.16666666666666666
2012-12-04,GLD,0.16666666666666666
2012-12-04,IWM,0.16666666666666666
2012-12-04,QQQ,0
2012-12-04,SPY,0.16666666666666666
2012-12-04,TLT,0.16666666666666666
2012-12-05,EEM,0.16666666666666666
2012-12-05,EFA,0.16666666666666666
2012-12-05,GLD,0.16666666666666666
2012-12-05,IWM,0.16666666666666666
2012-12-05,QQQ,0
2012-12-05,SPY,0.16666666666666666
2012-12-05,TLT,0.16666666666666666
2012-12-06,EEM,0.16666666666666666
2012-12-06,EFA,0.16666666666666666
2012-12-06,GLD,0.33333333333333331
2012-12-06,IWM,0.16666666666666666
2012-12-06,QQQ,0
2012-12-06,SPY,0.16666666666666666
2012-12-06,TLT,0
2012-12-07,EEM,0.16666666666666666
2012-12-07,EFA,0.16666666666666666
2012-12-07,GLD,0.33333333333333331
2012-12-07,IWM,0.16666666666666666
2012-12-07,QQQ,0
2012-12-07,SPY,0.16666666666666666
2012-12-07,TLT,0
2012-12-10,EEM,0.16666666666666666
2012-12-10,EFA,0.16666666666666666
2012-12-10,GLD,0.33333333333333331
2012-12-10,IWM,0.16666666666666666
2012-12-10,QQQ,0
2012-12-10,SPY,0.16666666666666666
2012-12-10,TLT,0
2012-12-11,EEM,0.16666666666666666
2012-12-11,EFA,0.16666666666666666
2012-12-11,GLD,0.33333333333333331
2012-12-11,IWM,0.16666666666666666
2012-12-11,QQQ,0
2012-12-11,SPY,0.16666666666666666
2012-12-11,TLT,0
2012-12-12,EEM,0.16666666666666666
2012-12-12,EFA,0.16666666666666666
2012-12-12,GLD,0.33333333333333331
2012-12-12,IWM,0.16666666666666666
2012-12-12,QQQ,0
2012-12-12,SPY,0.16666666666666666
2012-12-12,TLT,0
2012-12-13,EEM,0.16666666666666666
2012-12-13,EFA,0.16666666666666666
2012-12-13,GLD,0.5
2012-12-13,IWM,0
2012-12-13,QQQ,0
2012-12-13,SPY,0
2012-12-13,TLT,0.16666666666666666
2012-12-14,EEM,0.16666666666666666
2012-12-14,EFA,0.16666666666666666
2012-12-14,GLD,0.5
2012-12-14,IWM,0
2012-12-14,QQQ,0
2012-12-14,SPY,0
2012-12-14,TLT,0.16666666666666666
2012-12-17,EEM,0.16666666666666666
2012-12-17,EFA,0.16666666666666666
2012-12-17,GLD,0.5
2012-12-17,IWM,0
2012-12-17,QQQ,0
2012-12-17,SPY,0
2012-12-17,TLT,0.16666666666666666
2012-12-18,EEM,0.16666666666666666
2012-12-18,EFA,0.16666666666666666
2012-12-18,GLD,0.5
2012-12-18,IWM,0
2012-12-18,QQQ,0
2012-12-18,SPY,0
2012-12-18,TLT,0.16666666666666666
2012-12-19,EEM,0.16666666666666666
2012-12-19,EFA,0.16666666666666666
2012-12-19,GLD,0.5
2012-12-19,IWM,0
2012-12-19,QQQ,0
2012-12-19,SPY,0
2012-12-19,TLT,0.16666666666666666
2012-12-20,EEM,0.16666666666666666
2012-12-20,EFA,0.16666666666666666
2012-12-20,GLD,0.33333333333333331
2012-12-20,IWM,0.16666666666666666
2012-12-20,QQQ,0
2012-12-20,SPY,0
2012-12-20,TLT,0.16666666666666666
2012-12-21,EEM,0.16666666666666666
2012-12-21,EFA,0.16666666666666666
2012-12-21,GLD,0.33333333333333331
2012-12-21,IWM,0.16666666666666666
2012-12-21,QQQ,0
2012-12-21,SPY,0
2012-12-21,TLT,0.16666666666666666
2012-12-24,EEM,0.16666666666666666
2012-12-24,EFA,0.16666666666666666
2012-12-24,GLD,0.33333333333333331
2012-12-24,IWM,0.16666666666666666
2012-12-24,QQQ,0
2012-12-24,SPY,0
2012-12-24,TLT,0.16666666666666666
2012-12-26,EEM,0.16666666666666666
2012-12-26,EFA,0.16666666666666666
2012-12-26,GLD,0.33333333333333331
2012-12-26,IWM,0.16666666666666666
2012-12-26,QQQ,0
2012-12-26,SPY,0
2012-12-26,TLT,0.16666666666666666
2012-12-27,EEM,0.16666666666666666
2012-12-27,EFA,0.16666666666666666
2012-12-27,GLD,0.33333333333333331
2012-12-27,IWM,0.16666666666666666
2012-12-27,QQQ,0
2012-12-27,SPY,0
2012-12-27,TLT,0.16666666666666666
2012-12-28,EEM,0.16666666666666666
2012-12-28,EFA,0.16666666666666666
2012-12-28,GLD,0.5
2012-12-28,IWM,0.16666666666666666
2012-12-28,QQQ,0
2012-12-28,SPY,0
2012-12-28,TLT,0
2012-12-31,EEM,0.16666666666666666
2012-12-31,EFA,0.16666666666666666
2012-12-31,GLD,0.5
2012-12-31,IWM,0.16666666666666666
2012-12-31,QQQ,0
2012-12-31,SPY,0
2012-12-31,TLT,0
2013-01-02,EEM,0.16666666666666666
2013-01-02,EFA,0.16666666666666666
2013-01-02,GLD,0.5
2013-01-02,IWM,0.16666666666666666
2013-01-02,QQQ,0
2013-01-02,SPY,0
2013-01-02,TLT,0
2013-01-03,EEM,0.16666666666666666
2013-01-03,EFA,0.16666666666666666
2013-01-03,GLD,0.5
2013-01-03,IWM,0.16666666666666666
2013-01-03,QQQ,0
2013-01-03,SPY,0
2013-01-03,TLT,0
2013-01-04,EEM,0.16666666666666666
2013-01-04,EFA,0.16666666666666666
2013-01-04,GLD,0.5
2013-01-04,IWM,0.16666666666666666
2013-01-04,QQQ,0
2013-01-04,SPY,0
2013-01-04,TLT,0
2013-01-07,EEM,0.16666666666666666
2013-01-07,EFA,0.16666666666666666
2013-01-07,GLD,0.33333333333333331
2013-01-07,IWM,0.16666666666666666
2013-01-07,QQQ,0
2013-01-07,SPY,0.16666666666666666
2013-01-07,TLT,0
2013-01-08,EEM,0.16666666666666666
2013-01-08,EFA,0.16666666666666666
2013-01-08,GLD,0.33333333333333331
2013-01-08,IWM,0.16666666666666666
2013-01-08,QQQ,0
2013-01-08,SPY,0.16666666666666666
2013-01-08,TLT,0
2013-01-09,EEM,0.16666666666666666
2013-01-09,EFA,0.16666666666666666
2013-01-09,GLD,0.33333333333333331
2013-01-09,IWM,0.16666666666666666
2013-01-09,QQQ,0
2013-01-09,SPY,0.16666666666666666
2013-01-09,TLT,0
2013-01-10,EEM,0.16666666666666666
2013-01-10,EFA,0.16666666666666666
2013-01-10,GLD,0.33333333333333331
2013-01-10,IWM,0.16666666666666666
2013-01-10,QQQ,0
2013-01-10,SPY,0.16666666666666666
2013-01-10,TLT,0
2013-01-11,EEM,0.16666666666666666
2013-01-11,EFA,0.16666666666666666
2013-01-11,GLD,0.33333333333333331
2013-01-11,IWM,0.16666666666666666
2013-01-11,QQQ,0
2013-01-11,SPY,0.16666666666666666
2013-01-11,TLT,0
2013-01-14,EEM,0.16666666666666666
2013-01-14,EFA,0.16666666666666666
2013-01-14,GLD,0.16666666666666666
2013-01-14,IWM,0.16666666666666666
2013-01-14,QQQ,0.16666666666666666
2013-01-14,SPY,0.16666666666666666
2013-01-14,TLT,0
2013-01-15,EEM,0.16666666666666666
2013-01-15,EFA,0.16666666666666666
2013-01-15,GLD,0.16666666666666666
2013-01-15,IWM,0.16666666666666666
2013-01-15,QQQ,0.16666666666666666
2013-01-15,SPY,0.16666666666666666
2013-01-15,TLT,0
2013-01-16,EEM,0.16666666666666666
2013-01-16,EFA,0.16666666666666666
2013-01-16,GLD,0.16666666666666666
2013-01-16,IWM,0.16666666666666666
2013-01-16,QQQ,0.16666666666666666
2013-01-16,SPY,0.16666666666666666
2013-01-16,TLT,0
2013-01-17,EEM,0.16666666666666666
2013-01-17,EFA,0.16666666666666666
2013-01-17,GLD,0.16666666666666666
2013-01-17,IWM,0.16666666666666666
2013-01-17,QQQ,0.16666666666666666
2013-01-17,SPY,0.16666666666666666
2013-01-17,TLT,0
2013-01-18,EEM,0.16666666666666666
2013-01-18,EFA,0.16666666666666666
2013-01-18,GLD,0.16666666666666666
2013-01-18,IWM,0.16666666666666666
2013-01-18,QQQ,0.16666666666666666
2013-01-18,SPY,0.16666666666666666
2013-01-18,TLT,0
2013-01-22,EEM,0.16666666666666666
2013-01-22,EFA,0.16666666666666666
2013-01-22,GLD,0.16666666666666666
2013-01-22,IWM,0.16666666666666666
2013-01-22,QQQ,0
2013-01-22,SPY,0.16666666666666666
2013-01-22,TLT,0.16666666666666666
2013-01-23,EEM,0.16666666666666666
2013-01-23,EFA,0.16666666666666666
2013-01-23,GLD,0.16666666666666666
2013-01-23,IWM,0.16666666666666666
2013-01-23,QQQ,0
2013-01-23,SPY,0.16666666666666666
2013-01-23,TLT,0.16666666666666666
2013-01-24,EEM,0.16666666666666666
2013-01-24,EFA,0.16666666666666666
2013-01-24,GLD,0.16666666666666666
2013-01-24,IWM,0.16666666666666666
2013-01-24,QQQ,0
2013-01-24,SPY,0.16666666666666666
2013-01-24,TLT,0.16666666666666666
2013-01-25,EEM,0.16666666666666666
2013-01-25,EFA,0.16666666666666666
2013-01-25,GLD,0.16666666666666666
2013-01-25,IWM,0.16666666666666666
2013-01-25,QQQ,0
2013-01-25,SPY,0.16666666666666666
2013-01-25,TLT,0.16666666666666666
2013-01-28,EEM,0.16666666666666666
2013-01-28,EFA,0.16666666666666666
2013-01-28,GLD,0.16666666666666666
2013-01-28,IWM,0.16666666666666666
2013-01-28,QQQ,0
2013-01-28,SPY,0.16666666666666666
2013-01-28,TLT,0.16666666666666666
2013-01-29,EEM,0.16666666666666666
2013-01-29,EFA,0.16666666666666666
2013-01-29,GLD,0.16666666666666666
2013-01-29,IWM,0.16666666666666666
2013-01-29,QQQ,0.16666666666666666
2013-01-29,SPY,0.16666666666666666
2013-01-29,TLT,0
2013-01-30,EEM,0.16666666666666666
2013-01-30,EFA,0.16666666666666666
2013-01-30,GLD,0.16666666666666666
2013-01-30,IWM,0.16666666666666666
2013-01-30,QQQ,0.16666666666666666
2013-01-30,SPY,0.16666666666666666
2013-01-30,TLT,0
2013-01-31,EEM,0.16666666666666666
2013-01-31,EFA,0.16666666666666666
2013-01-31,GLD,0.16666666666666666
2013-01-31,IWM,0.16666666666666666
2013-01-31,QQQ,0.16666666666666666
2013-01-31,SPY,0.16666666666666666
2013-01-31,TLT,0
2013-02-01,EEM,0.16666666666666666
2013-02-01,EFA,0.16666666666666666
2013-02-01,GLD,0.16666666666666666
2013-02-01,IWM,0.16666666666666666
2013-02-01,QQQ,0.16666666666666666
2013-02-01,SPY,0.16666666666666666
2013-02-01,TLT,0
2013-02-04,EEM,0.16666666666666666
2013-02-04,EFA,0.16666666666666666
2013-02-04,GLD,0.16666666666666666
2013-02-04,IWM,0.16666666666666666
2013-02-04,QQQ,0.16666666666666666
2013-02-04,SPY,0.16666666666666666
2013-02-04,TLT,0
2013-02-05,EEM,0.16666666666666666
2013-02-05,EFA,0.16666666666666666
2013-02-05,GLD,0.16666666666666666
2013-02-05,IWM,0.16666666666666666
2013-02-05,QQQ,0.16666666666666666
2013-02-05,SPY,0.16666666666666666
2013-02-05,TLT,0
2013-02-06,EEM,0.16666666666666666
2013-02-06,EFA,0.16666666666666666
2013-02-06,GLD,0.16666666666666666
2013-02-06,IWM,0.16666666666666666
2013-02-06,QQQ,0.16666666666666666
2013-02-06,SPY,0.16666666666666666
2013-02-06,TLT,0
2013-02-07,EEM,0.16666666666666666
2013-02-07,EFA,0.16666666666666666
2013-02-07,GLD,0.16666666666666666
2013-02-07,IWM,0.16666666666666666
2013-02-07,QQQ,0.16666666666666666
2013-02-07,SPY,0.16666666666666666
2013-02-07,TLT,0
2013-02-08,EEM,0.16666666666666666
2013-02-08,EFA,0.16666666666666666
2013-02-08,GLD,0.16666666666666666
2013-02-08,IWM,0.16666666666666666
2013-02-08,QQQ,0.16666666666666666
2013-02-08,SPY,0.16666666666666666
2013-02-08,TLT,0
2013-02-11,EEM,0.16666666666666666
2013-02-11,EFA,0.16666666666666666
2013-02-11,GLD,0.16666666666666666
2013-02-11,IWM,0.16666666666666666
2013-02-11,QQQ,0.16666666666666666
2013-02-11,SPY,0.16666666666666666
2013-02-11,TLT,0
2013-02-12,EEM,0.16666666666666666
2013-02-12,EFA,0.16666666666666666
2013-02-12,GLD,0.16666666666666666
2013-02-12,IWM,0.16666666666666666
2013-02-12,QQQ,0.16666666666666666
2013-02-12,SPY,0.16666666666666666
2013-02-12,TLT,0
2013-02-13,EEM,0.16666666666666666
2013-02-13,EFA,0.16666666666666666
2013-02-13,GLD,0.16666666666666666
2013-02-13,IWM,0.16666666666666666
2013-02-13,QQQ,0.16666666666666666
2013-02-13,SPY,0.16666666666666666
2013-02-13,TLT,0
2013-02-14,EEM,0.16666666666666666
2013-02-14,EFA,0.16666666666666666
2013-02-14,GLD,0.16666666666666666
2013-02-14,IWM,0.16666666666666666
2013-02-14,QQQ,0.16666666666666666
2013-02-14,SPY,0.16666666666666666
2013-02-14,TLT,0
2013-02-15,EEM,0.16666666666666666
2013-02-15,EFA,0.16666666666666666
2013-02-15,GLD,0.16666666666666666
2013-02-15,IWM,0.16666666666666666
2013-02-15,QQQ,0.16666666666666666
2013-02-15,SPY,0.16666666666666666
2013-02-15,TLT,0
2013-02-19,EEM,0.16666666666666666
2013-02-19,EFA,0.16666666666666666
2013-02-19,GLD,0.16666666666666666
2013-02-19,IWM,0.16666666666666666
2013-02-19,QQQ,0.16666666666666666
2013-02-19,SPY,0.16666666666666666
2013-02-19,TLT,0
2013-02-20,EEM,0.16666666666666666
2013-02-20,EFA,0.16666666666666666
2013-02-20,GLD,0.16666666666666666
2013-02-20,IWM,0.16666666666666666
2013-02-20,QQQ,0.16666666666666666
2013-02-20,SPY,0.16666666666666666
2013-02-20,TLT,0
2013-02-21,EEM,0.16666666666666666
2013-02-21,EFA,0.16666666666666666
2013-02-21,GLD,0.16666666666666666
2013-02-21,IWM,0.16666666666666666
2013-02-21,QQQ,0.16666666666666666
2013-02-21,SPY,0.16666666666666666
2013-02-21,TLT,0
2013-02-22,EEM,0.16666666666666666
2013-02-22,EFA,0.16666666666666666
2013-02-22,GLD,0.16666666666666666
2013-02-22,IWM,0.16666666666666666
2013-02-22,QQQ,0.16666666666666666
2013-02-22,SPY,0.16666666666666666
2013-02-22,TLT,0
2013-02-25,EEM,0.16666666666666666
2013-02-25,EFA,0.16666666666666666
2013-02-25,GLD,0.16666666666666666
2013-02-25,IWM,0.16666666666666666
2013-02-25,QQQ,0.16666666666666666
2013-02-25,SPY,0.16666666666666666
2013-02-25,TLT,0
2013-02-26,EEM,0.16666666666666666
2013-02-26,EFA,0.16666666666666666
2013-02-26,GLD,0.16666666666666666
2013-02-26,IWM,0.16666666666666666
2013-02-26,QQQ,0.16666666666666666
2013-02-26,SPY,0.16666666666666666
2013-02-26,TLT,0
2013-02-27,EEM,0.16666666666666666
2013-02-27,EFA,0.16666666666666666
2013-02-27,GLD,0.16666666666666666
2013-02-27,IWM,0.16666666666666666
2013-02-27,QQQ,0.16666666666666666
2013-02-27,SPY,0.16666666666666666
2013-02-27,TLT,0
2013-02-28,EEM,0.16666666666666666
2013-02-28,EFA,0.16666666666666666
2013-02-28,GLD,0.16666666666666666
2013-02-28,IWM,0.16666666666666666
2013-02-28,QQQ,0.16666666666666666
2013-02-28,SPY,0.16666666666666666
2013-02-28,TLT,0
2013-03-01,EEM,0.16666666666666666
2013-03-01,EFA,0.16666666666666666
2013-03-01,GLD,0.16666666666666666
2013-03-01,IWM,0.16666666666666666
2013-03-01,QQQ,0.16666666666666666
2013-03-01,SPY,0.16666666666666666
2013-03-01,TLT,0
2013-03-04,EEM,0.16666666666666666
2013-03-04,EFA,0.16666666666666666
2013-03-04,GLD,0.16666666666666666
2013-03-04,IWM,0.16666666666666666
2013-03-04,QQQ,0.16666666666666666
2013-03-04,SPY,0.16666666666666666
2013-03-04,TLT,0
2013-03-05,EEM,0.16666666666666666
2013-03-05,EFA,0.16666666666666666
2013-03-05,GLD,0.16666666666666666
2013-03-05,IWM,0.16666666666666666
2013-03-05,QQQ,0.16666666666666666
2013-03-05,SPY,0.16666666666666666
2013-03-05,TLT,0
2013-03-06,EEM,0.16666666666666666
2013-03-06,EFA,0.16666666666666666
2013-03-06,GLD,0.16666666666666666
2013-03-06,IWM,0.16666666666666666
2013-03-06,QQQ,0.16666666666666666
2013-03-06,SPY,0.16666666666666666
2013-03-06,TLT,0
2013-03-07,EEM,0.16666666666666666
2013-03-07,EFA,0.16666666666666666
2013-03-07,GLD,0.16666666666666666
2013-03-07,IWM,0.16666666666666666
2013-03-07,QQQ,0.16666666666666666
2013-03-07,SPY,0.16666666666666666
2013-03-07,TLT,0
2013-03-08,EEM,0.16666666666666666
2013-03-08,EFA,0.16666666666666666
2013-03-08,GLD,0.16666666666666666
2013-03-08,IWM,0.16666666666666666
2013-03-08,QQQ,0.16666666666666666
2013-03-08,SPY,0.16666666666666666
2013-03-08,TLT,0
2013-03-11,EEM,0.16666666666666666
2013-03-11,EFA,0.16666666666666666
2013-03-11,GLD,0.16666666666666666
2013-03-11,IWM,0.16666666666666666
2013-03-11,QQQ,0.16666666666666666
2013-03-11,SPY,0.16666666666666666
2013-03-11,TLT,0
2013-03-12,EEM,0.16666666666666666
2013-03-12,EFA,0.16666666666666666
2013-03-12,GLD,0.16666666666666666
2013-03-12,IWM,0.16666666666666666
2013-03-12,QQQ,0.16666666666666666
2013-03-12,SPY,0.16666666666666666
2013-03-12,TLT,0
2013-03-13,EEM,0
2013-03-13,EFA,0.16666666666666666
2013-03-13,GLD,0.33333333333333331
2013-03-13,IWM,0.16666666666666666
2013-03-13,QQQ,0.16666666666666666
2013-03-13,SPY,0.16666666666666666
2013-03-13,TLT,0
2013-03-14,EEM,0
2013-03-14,EFA,0.16666666666666666
2013-03-14,GLD,0.33333333333333331
2013-03-14,IWM,0.16666666666666666
2013-03-14,QQQ,0.16666666666666666
2013-03-14,SPY,0.16666666666666666
2013-03-14,TLT,0
2013-03-15,EEM,0
2013-03-15,EFA,0.16666666666666666
2013-03-15,GLD,0.33333333333333331
2013-03-15,IWM,0.16666666666666666
2013-03-15,QQQ,0.16666666666666666
2013-03-15,SPY,0.16666666666666666
2013-03-15,TLT,0
2013-03-18,EEM,0
2013-03-18,EFA,0.16666666666666666
2013-03-18,GLD,0.33333333333333331
2013-03-18,IWM,0.16666666666666666
2013-03-18,QQQ,0.16666666666666666
2013-03-18,SPY,0.16666666666666666
2013-03-18,TLT,0
2013-03-19,EEM,0
2013-03-19,EFA,0.16666666666666666
2013-03-19,GLD,0.33333333333333331
2013-03-19,IWM,0.16666666666666666
2013-03-19,QQQ,0.16666666666666666
2013-03-19,SPY,0.16666666666666666
2013-03-19,TLT,0
2013-03-20,EEM,0
2013-03-20,EFA,0.16666666666666666
2013-03-20,GLD,0.33333333333333331
2013-03-20,IWM,0.16666666666666666
2013-03-20,QQQ,0.16666666666666666
2013-03-20,SPY,0.16666666666666666
2013-03-20,TLT,0
2013-03-21,EEM,0
2013-03-21,EFA,0.16666666666666666
2013-03-21,GLD,0.33333333333333331
2013-03-21,IWM,0.16666666666666666
2013-03-21,QQQ,0.16666666666666666
2013-03-21,SPY,0.16666666666666666
2013-03-21,TLT,0
2013-03-22,EEM,0
2013-03-22,EFA,0.16666666666666666
2013-03-22,GLD,0.33333333333333331
2013-03-22,IWM,0.16666666666666666
2013-03-22,QQQ,0.16666666666666666
2013-03-22,SPY,0.16666666666666666
2013-03-22,TLT,0
2013-03-25,EEM,0
2013-03-25,EFA,0.16666666666666666
2013-03-25,GLD,0.33333333333333331
2013-03-25,IWM,0.16666666666666666
2013-03-25,QQQ,0.16666666666666666
2013-03-25,SPY,0.16666666666666666
2013-03-25,TLT,0
2013-03-26,EEM,0
2013-03-26,EFA,0.16666666666666666
2013-03-26,GLD,0.33333333333333331
2013-03-26,IWM,0.16666666666666666
2013-03-26,QQQ,0.16666666666666666
2013-03-26,SPY,0.16666666666666666
2013-03-26,TLT,0
2013-03-27,EEM,0
2013-03-27,EFA,0.16666666666666666
2013-03-27,GLD,0.33333333333333331
2013-03-27,IWM,0.16666666666666666
2013-03-27,QQQ,0.16666666666666666
2013-03-27,SPY,0.16666666666666666
2013-03-27,TLT,0
2013-03-28,EEM,0
2013-03-28,EFA,0.16666666666666666
2013-03-28,GLD,0.33333333333333331
2013-03-28,IWM,0.16666666666666666
2013-03-28,QQQ,0.16666666666666666
2013-03-28,SPY,0.16666666666666666
2013-03-28,TLT,0
2013-04-01,EEM,0
2013-04-01,EFA,0.16666666666666666
2013-04-01,GLD,0.33333333333333331
2013-04-01,IWM,0.16666666666666666
2013-04-01,QQQ,0.16666666666666666
2013-04-01,SPY,0.16666666666666666
2013-04-01,TLT,0
2013-04-02,EEM,0
2013-04-02,EFA,0.16666666666666666
2013-04-02,GLD,0.33333333333333331
2013-04-02,IWM,0.16666666666666666
2013-04-02,QQQ,0.16666666666666666
2013-04-02,SPY,0.16666666666666666
2013-04-02,TLT,0
2013-04-03,EEM,0
2013-04-03,EFA,0.16666666666666666
2013-04-03,GLD,0.33333333333333331
2013-04-03,IWM,0.16666666666666666
2013-04-03,QQQ,0.16666666666666666
2013-04-03,SPY,0.16666666666666666
2013-04-03,TLT,0
2013-04-04,EEM,0
2013-04-04,EFA,0.16666666666666666
2013-04-04,GLD,0.16666666666666666
2013-04-04,IWM,0.16666666666666666
2013-04-04,QQQ,0.16666666666666666
2013-04-04,SPY,0.16666666666666666
2013-04-04,TLT,0.16666666666666666
2013-04-05,EEM,0
2013-04-05,EFA,0.16666666666666666
2013-04-05,GLD,0.16666666666666666
2013-04-05,IWM,0.16666666666666666
2013-04-05,QQQ,0.16666666666666666
2013-04-05,SPY,0.16666666666666666
2013-04-05,TLT,0.16666666666666666
2013-04-08,EEM,0
2013-04-08,EFA,0.16666666666666666
2013-04-08,GLD,0.16666666666666666
2013-04-08,IWM,0.16666666666666666
2013-04-08,QQQ,0.16666666666666666
2013-04-08,SPY,0.16666666666666666
2013-04-08,TLT,0.16666666666666666
2013-04-09,EEM,0
2013-04-09,EFA,0.16666666666666666
2013-04-09,GLD,0.16666666666666666
2013-04-09,IWM,0.16666666666666666
2013-04-09,QQQ,0.16666666666666666
2013-04-09,SPY,0.16666666666666666
2013-04-09,TLT,0.16666666666666666
2013-04-10,EEM,0
2013-04-10,EFA,0.16666666666666666
2013-04-10,GLD,0.16666666666666666
2013-04-10,IWM,0.16666666666666666
2013-04-10,QQQ,0.16666666666666666
2013-04-10,SPY,0.16666666666666666
2013-04-10,TLT,0.16666666666666666
2013-04-11,EEM,0
2013-04-11,EFA,0.16666666666666666
2013-04-11,GLD,0.16666666666666666
2013-04-11,IWM,0.16666666666666666
2013-04-11,QQQ,0.16666666666666666
2013-04-11,SPY,0.16666666666666666
2013-04-11,TLT,0.16666666666666666
2013-04-12,EEM,0
2013-04-12,EFA,0.16666666666666666
2013-04-12,GLD,0.16666666666666666
2013-04-12,IWM,0.16666666666666666
2013-04-12,QQQ,0.16666666666666666
2013-04-12,SPY,0.16666666666666666
2013-04-12,TLT,0.16666666666666666
2013-04-15,EEM,0
2013-04-15,EFA,0.16666666666666666
2013-04-15,GLD,0.16666666666666666
2013-04-15,IWM,0.16666666666666666
2013-04-15,QQQ,0.16666666666666666
2013-04-15,SPY,0.16666666666666666
2013-04-15,TLT,0.16666666666666666
2013-04-16,EEM,0
2013-04-16,EFA,0.16666666666666666
2013-04-16,GLD,0.16666666666666666
2013-04-16,IWM,0.16666666666666666
2013-04-16,QQQ,0.16666666666666666
2013-04-16,SPY,0.16666666666666666
2013-04-16,TLT,0.16666666666666666
2013-04-17,EEM,0
2013-04-17,EFA,0.16666666666666666
2013-04-17,GLD,0.16666666666666666
2013-04-17,IWM,0.16666666666666666
2013-04-17,QQQ,0.16666666666666666
2013-04-17,SPY,0.16666666666666666
2013-04-17,TLT,0.16666666666666666
2013-04-18,EEM,0
2013-04-18,EFA,0.16666666666666666
2013-04-18,GLD,0.16666666666666666
2013-04-18,IWM,0.16666666666666666
2013-04-18,QQQ,0.16666666666666666
2013-04-18,SPY,0.16666666666666666
2013-04-18,TLT,0.16666666666666666
2013-04-19,EEM,0
2013-04-19,EFA,0.16666666666666666
2013-04-19,GLD,0.16666666666666666
2013-04-19,IWM,0.16666666666666666
2013-04-19,QQQ,0.16666666666666666
2013-04-19,SPY,0.16666666666666666
2013-04-19,TLT,0.16666666666666666
2013-04-22,EEM,0
2013-04-22,EFA,0.16666666666666666
2013-04-22,GLD,0.16666666666666666
2013-04-22,IWM,0.16666666666666666
2013-04-22,QQQ,0.16666666666666666
2013-04-22,SPY,0.16666666666666666
2013-04-22,TLT,0.16666666666666666
2013-04-23,EEM,0
2013-04-23,EFA,0.16666666666666666
2013-04-23,GLD,0.16666666666666666
2013-04-23,IWM,0.16666666666666666
2013-04-23,QQQ,0.16666666666666666
2013-04-23,SPY,0.16666666666666666
2013-04-23,TLT,0.16666666666666666
2013-04-24,EEM,0
2013-04-24,EFA,0.16666666666666666
2013-04-24,GLD,0.16666666666666666
2013-04-24,IWM,0.16666666666666666
2013-04-24,QQQ,0.16666666666666666
2013-04-24,SPY,0.16666666666666666
2013-04-24,TLT,0.16666666666666666
2013-04-25,EEM,0
2013-04-25,EFA,0.16666666666666666
2013-04-25,GLD,0.16666666666666666
2013-04-25,IWM,0.16666666666666666
2013-04-25,QQQ,0.16666666666666666
2013-04-25,SPY,0.16666666666666666
2013-04-25,TLT,0.16666666666666666
2013-04-26,EEM,0
2013-04-26,EFA,0.16666666666666666
2013-04-26,GLD,0.16666666666666666
2013-04-26,IWM,0.16666666666666666
2013-04-26,QQQ,0.16666666666666666
2013-04-26,SPY,0.16666666666666666
2013-04-26,TLT,0.16666666666666666
2013-04-29,EEM,0
2013-04-29,EFA,0.16666666666666666
2013-04-29,GLD,0.16666666666666666
2013-04-29,IWM,0.16666666666666666
2013-04-29,QQQ,0.16666666666666666
2013-04-29,SPY,0.16666666666666666
2013-04-29,TLT,0.16666666666666666
2013-04-30,EEM,0
2013-04-30,EFA,0.16666666666666666
2013-04-30,GLD,0.16666666666666666
2013-04-30,IWM,0.16666666666666666
2013-04-30,QQQ,0.16666666666666666
2013-04-30,SPY,0.16666666666666666
2013-04-30,TLT,0.16666666666666666
2013-05-01,EEM,0
2013-05-01,EFA,0.16666666666666666
2013-05-01,GLD,0.16666666666666666
2013-05-01,IWM,0.16666666666666666
2013-05-01,QQQ,0.16666666666666666
2013-05-01,SPY,0.16666666666666666
2013-05-01,TLT,0.16666666666666666
2013-05-02,EEM,0
2013-05-02,EFA,0.16666666666666666
2013-05-02,GLD,0.16666666666666666
2013-05-02,IWM,0.16666666666666666
2013-05-02,QQQ,0.16666666666666666
2013-05-02,SPY,0.16666666666666666
2013-05-02,TLT,0.16666666666666666
2013-05-03,EEM,0
2013-05-03,EFA,0.16666666666666666
2013-05-03,GLD,0.16666666666666666
2013-05-03,IWM,0.16666666666666666
2013-05-03,QQQ,0.16666666666666666
2013-05-03,SPY,0.16666666666666666
2013-05-03,TLT,0.16666666666666666
2013-05-06,EEM,0
2013-05-06,EFA,0.16666666666666666
2013-05-06,GLD,0.16666666666666666
2013-05-06,IWM,0.16666666666666666
2013-05-06,QQQ,0.16666666666666666
2013-05-06,SPY,0.16666666666666666
2013-05-06,TLT,0.16666666666666666
2013-05-07,EEM,0
2013-05-07,EFA,0.16666666666666666
2013-05-07,GLD,0.16666666666666666
2013-05-07,IWM,0.16666666666666666
2013-05-07,QQQ,0.16666666666666666
2013-05-07,SPY,0.16666666666666666
2013-05-07,TLT,0.16666666666666666
2013-05-08,EEM,0
2013-05-08,EFA,0.16666666666666666
2013-05-08,GLD,0.16666666666666666
2013-05-08,IWM,0.16666666666666666
2013-05-08,QQQ,0.16666666666666666
2013-05-08,SPY,0.16666666666666666
2013-05-08,TLT,0.16666666666666666
2013-05-09,EEM,0.16666666666666666
2013-05-09,EFA,0.16666666666666666
2013-05-09,GLD,0
2013-05-09,IWM,0.16666666666666666
2013-05-09,QQQ,0.16666666666666666
2013-05-09,SPY,0.16666666666666666
2013-05-09,TLT,0.16666666666666666
2013-05-10,EEM,0.16666666666666666
2013-05-10,EFA,0.16666666666666666
2013-05-10,GLD,0
2013-05-10,IWM,0.16666666666666666
2013-05-10,QQQ,0.16666666666666666
2013-05-10,SPY,0.16666666666666666
2013-05-10,TLT,0.16666666666666666
2013-05-13,EEM,0.16666666666666666
2013-05-13,EFA,0.16666666666666666
2013-05-13,GLD,0
2013-05-13,IWM,0.16666666666666666
2013-05-13,QQQ,0.16666666666666666
2013-05-13,SPY,0.16666666666666666
2013-05-13,TLT,0.16666666666666666
2013-05-14,EEM,0.16666666666666666
2013-05-14,EFA,0.16666666666666666
2013-05-14,GLD,0
2013-05-14,IWM,0.16666666666666666
2013-05-14,QQQ,0.16666666666666666
2013-05-14,SPY,0.16666666666666666
2013-05-14,TLT,0.16666666666666666
2013-05-15,EEM,0.16666666666666666
2013-05-15,EFA,0.16666666666666666
2013-05-15,GLD,0
2013-05-15,IWM,0.16666666666666666
2013-05-15,QQQ,0.16666666666666666
2013-05-15,SPY,0.16666666666666666
2013-05-15,TLT,0.16666666666666666
2013-05-16,EEM,0
2013-05-16,EFA,0.16666666666666666
2013-05-16,GLD,0.16666666666666666
2013-05-16,IWM,0.16666666666666666
2013-05-16,QQQ,0.16666666666666666
2013-05-16,SPY,0.16666666666666666
2013-05-16,TLT,0.16666666666666666
2013-05-17,EEM,0
2013-05-17,EFA,0.16666666666666666
2013-05-17,GLD,0.16666666666666666
2013-05-17,IWM,0.16666666666666666
2013-05-17,QQQ,0.16666666666666666
2013-05-17,SPY,0.16666666666666666
2013-05-17,TLT,0.16666666666666666
2013-05-20,EEM,0
2013-05-20,EFA,0.16666666666666666
2013-05-20,GLD,0.16666666666666666
2013-05-20,IWM,0.16666666666666666
2013-05-20,QQQ,0.16666666666666666
2013-05-20,SPY,0.16666666666666666
2013-05-20,TLT,0.16666666666666666
2013-05-21,EEM,0
2013-05-21,EFA,0.16666666666666666
2013-05-21,GLD,0.16666666666666666
2013-05-21,IWM,0.16666666666666666
2013-05-21,QQQ,0.16666666666666666
2013-05-21,SPY,0.16666666666666666
2013-05-21,TLT,0.16666666666666666
2013-05-22,EEM,0
2013-05-22,EFA,0.16666666666666666
2013-05-22,GLD,0.16666666666666666
2013-05-22,IWM,0.16666666666666666
2013-05-22,QQQ,0.16666666666666666
2013-05-22,SPY,0.16666666666666666
2013-05-22,TLT,0.16666666666666666
2013-05-23,EEM,0
2013-05-23,EFA,0.16666666666666666
2013-05-23,GLD,0.16666666666666666
2013-05-23,IWM,0.16666666666666666
2013-05-23,QQQ,0.16666666666666666
2013-05-23,SPY,0.16666666666666666
2013-05-23,TLT,0.16666666666666666
2013-05-24,EEM,0
2013-05-24,EFA,0.16666666666666666
2013-05-24,GLD,0.16666666666666666
2013-05-24,IWM,0.16666666666666666
2013-05-24,QQQ,0.16666666666666666
2013-05-24,SPY,0.16666666666666666
2013-05-24,TLT,0.16666666666666666
2013-05-28,EEM,0
2013-05-28,EFA,0.16666666666666666
2013-05-28,GLD,0.16666666666666666
2013-05-28,IWM,0.16666666666666666
2013-05-28,QQQ,0.16666666666666666
2013-05-28,SPY,0.16666666666666666
2013-05-28,TLT,0.16666666666666666
2013-05-29,EEM,0
2013-05-29,EFA,0.16666666666666666
2013-05-29,GLD,0.16666666666666666
2013-05-29,IWM,0.16666666666666666
2013-05-29,QQQ,0.16666666666666666
2013-05-29,SPY,0.16666666666666666
2013-05-29,TLT,0.16666666666666666
2013-05-30,EEM,0
2013-05-30,EFA,0.16666666666666666
2013-05-30,GLD,0.16666666666666666
2013-05-30,IWM,0.16666666666666666
2013-05-30,QQQ,0.16666666666666666
2013-05-30,SPY,0.16666666666666666
2013-05-30,TLT,0.16666666666666666
2013-05-31,EEM,0
2013-05-31,EFA,0.16666666666666666
2013-05-31,GLD,0.33333333333333331
2013-05-31,IWM,0.16666666666666666
2013-05-31,QQQ,0.16666666666666666
2013-05-31,SPY,0.16666666666666666
2013-05-31,TLT,0
2013-06-03,EEM,0
2013-06-03,EFA,0.16666666666666666
2013-06-03,GLD,0.33333333333333331
2013-06-03,IWM,0.16666666666666666
2013-06-03,QQQ,0.16666666666666666
2013-06-03,SPY,0.16666666666666666
2013-06-03,TLT,0
2013-06-04,EEM,0
2013-06-04,EFA,0.16666666666666666
2013-06-04,GLD,0.33333333333333331
2013-06-04,IWM,0.16666666666666666
2013-06-04,QQQ,0.16666666666666666
2013-06-04,SPY,0.16666666666666666
2013-06-04,TLT,0
2013-06-05,EEM,0
2013-06-05,EFA,0.16666666666666666
2013-06-05,GLD,0.33333333333333331
2013-06-05,IWM,0.16666666666666666
2013-06-05,QQQ,0.16666666666666666
2013-06-05,SPY,0.16666666666666666
2013-06-05,TLT,0
2013-06-06,EEM,0
2013-06-06,EFA,0.16666666666666666
2013-06-06,GLD,0.33333333333333331
2013-06-06,IWM,0.16666666666666666
2013-06-06,QQQ,0.16666666666666666
2013-06-06,SPY,0.16666666666666666
2013-06-06,TLT,0
2013-06-07,EEM,0
2013-06-07,EFA,0.16666666666666666
2013-06-07,GLD,0.33333333333333331
2013-06-07,IWM,0.16666666666666666
2013-06-07,QQQ,0.16666666666666666
2013-06-07,SPY,0.16666666666666666
2013-06-07,TLT,0
2013-06-10,EEM,0
2013-06-10,EFA,0.16666666666666666
2013-06-10,GLD,0.33333333333333331
2013-06-10,IWM,0.16666666666666666
2013-06-10,QQQ,0.16666666666666666
2013-06-10,SPY,0.16666666666666666
2013-06-10,TLT,0
2013-06-11,EEM,0
2013-06-11,EFA,0.16666666666666666
2013-06-11,GLD,0.33333333333333331
2013-06-11,IWM,0.16666666666666666
2013-06-11,QQQ,0.16666666666666666
2013-06-11,SPY,0.16666666666666666
2013-06-11,TLT,0
2013-06-12,EEM,0
2013-06-12,EFA,0.16666666666666666
2013-06-12,GLD,0.33333333333333331
2013-06-12,IWM,0.16666666666666666
2013-06-12,QQQ,0.16666666666666666
2013-06-12,SPY,0.16666666666666666
2013-06-12,TLT,0
2013-06-13,EEM,0
2013-06-13,EFA,0.16666666666666666
2013-06-13,GLD,0.33333333333333331
2013-06-13,IWM,0.16666666666666666
2013-06-13,QQQ,0.16666666666666666
2013-06-13,SPY,0.16666666666666666
2013-06-13,TLT,0
2013-06-14,EEM,0
2013-06-14,EFA,0
2013-06-14,GLD,0.5
2013-06-14,IWM,0.16666666666666666
2013-06-14,QQQ,0.16666666666666666
2013-06-14,SPY,0.16666666666666666
2013-06-14,TLT,0
2013-06-17,EEM,0
2013-06-17,EFA,0
2013-06-17,GLD,0.5
2013-06-17,IWM,0.16666666666666666
2013-06-17,QQQ,0.16666666666666666
2013-06-17,SPY,0.16666666666666666
2013-06-17,TLT,0
2013-06-18,EEM,0
2013-06-18,EFA,0
2013-06-18,GLD,0.5
2013-06-18,IWM,0.16666666666666666
2013-06-18,QQQ,0.16666666666666666
2013-06-18,SPY,0.16666666666666666
2013-06-18,TLT,0
2013-06-19,EEM,0
2013-06-19,EFA,0
2013-06-19,GLD,0.5
2013-06-19,IWM,0.16666666666666666
2013-06-19,QQQ,0.16666666666666666
2013-06-19,SPY,0.16666666666666666
2013-06-19,TLT,0
2013-06-20,EEM,0
2013-06-20,EFA,0
2013-06-20,GLD,0.5
2013-06-20,IWM,0.16666666666666666
2013-06-20,QQQ,0.16666666666666666
2013-06-20,SPY,0.16666666666666666
2013-06-20,TLT,0
2013-06-21,EEM,0
2013-06-21,EFA,0
2013-06-21,GLD,0.5
2013-06-21,IWM,0.16666666666666666
2013-06-21,QQQ,0.16666666666666666
2013-06-21,SPY,0.16666666666666666
2013-06-21,TLT,0
2013-06-24,EEM,0
2013-06-24,EFA,0
2013-06-24,GLD,0.5
2013-06-24,IWM,0.16666666666666666
2013-06-24,QQQ,0.16666666666666666
2013-06-24,SPY,0.16666666666666666
2013-06-24,TLT,0
2013-06-25,EEM,0
2013-06-25,EFA,0
2013-06-25,GLD,0.5
2013-06-25,IWM,0.16666666666666666
2013-06-25,QQQ,0.16666666666666666
2013-06-25,SPY,0.16666666666666666
2013-06-25,TLT,0
2013-06-26,EEM,0
2013-06-26,EFA,0
2013-06-26,GLD,0.5
2013-06-26,IWM,0.16666666666666666
2013-06-26,QQQ,0.16666666666666666
2013-06-26,SPY,0.16666666666666666
2013-06-26,TLT,0
2013-06-27,EEM,0
2013-06-27,EFA,0
2013-06-27,GLD,0.5
2013-06-27,IWM,0.16666666666666666
2013-06-27,QQQ,0.16666666666666666
2013-06-27,SPY,0.16666666666666666
2013-06-27,TLT,0
2013-06-28,EEM,0
2013-06-28,EFA,0.16666666666666666
2013-06-28,GLD,0.33333333333333331
2013-06-28,IWM,0.16666666666666666
2013-06-28,QQQ,0.16666666666666666
2013-06-28,SPY,0.16666666666666666
2013-06-28,TLT,0
2013-07-01,EEM,0
2013-07-01,EFA,0.16666666666666666
2013-07-01,GLD,0.33333333333333331
2013-07-01,IWM,0.16666666666666666
2013-07-01,QQQ,0.16666666666666666
2013-07-01,SPY,0.16666666666666666
2013-07-01,TLT,0
2013-07-02,EEM,0
2013-07-02,EFA,0.16666666666666666
2013-07-02,GLD,0.33333333333333331
2013-07-02,IWM,0.16666666666666666
2013-07-02,QQQ,0.16666666666666666
2013-07-02,SPY,0.16666666666666666
2013-07-02,TLT,0
2013-07-03,EEM,0
2013-07-03,EFA,0.16666666666666666
2013-07-03,GLD,0.33333333333333331
2013-07-03,IWM,0.16666666666666666
2013-07-03,QQQ,0.16666666666666666
2013-07-03,SPY,0.16666666666666666
2013-07-03,TLT,0
2013-07-05,EEM,0
2013-07-05,EFA,0.16666666666666666
2013-07-05,GLD,0.33333333333333331
2013-07-05,IWM,0.16666666666666666
2013-07-05,QQQ,0.16666666666666666
2013-07-05,SPY,0.16666666666666666
2013-07-05,TLT,0
2013-07-08,EEM,0
2013-07-08,EFA,0.16666666666666666
2013-07-08,GLD,0.33333333333333331
2013-07-08,IWM,0.16666666666666666
2013-07-08,QQQ,0.16666666666666666
2013-07-08,SPY,0.16666666666666666
2013-07-08,TLT,0
2013-07-09,EEM,0
2013-07-09,EFA,0.16666666666666666
2013-07-09,GLD,0.33333333333333331
2013-07-09,IWM,0.16666666666666666
2013-07-09,QQQ,0.16666666666666666
2013-07-09,SPY,0.16666666666666666
2013-07-09,TLT,0
2013-07-10,EEM,0
2013-07-10,EFA,0.16666666666666666
2013-07-10,GLD,0.33333333333333331
2013-07-10,IWM,0.16666666666666666
2013-07-10,QQQ,0.16666666666666666
2013-07-10,SPY,0.16666666666666666
2013-07-10,TLT,0
2013-07-11,EEM,0
2013-07-11,EFA,0.16666666666666666
2013-07-11,GLD,0.33333333333333331
2013-07-11,IWM,0.16666666666666666
2013-07-11,QQQ,0.16666666666666666
2013-07-11,SPY,0.16666666666666666
2013-07-11,TLT,0
2013-07-12,EEM,0
2013-07-12,EFA,0.16666666666666666
2013-07-12,GLD,0.33333333333333331
2013-07-12,IWM,0.16666666666666666
2013-07-12,QQQ,0.16666666666666666
2013-07-12,SPY,0.16666666666666666
2013-07-12,TLT,0
2013-07-15,EEM,0
2013-07-15,EFA,0.16666666666666666
2013-07-15,GLD,0.33333333333333331
2013-07-15,IWM,0.16666666666666666
2013-07-15,QQQ,0.16666666666666666
2013-07-15,SPY,0.16666666666666666
2013-07-15,TLT,0
2013-07-16,EEM,0
2013-07-16,EFA,0.16666666666666666
2013-07-16,GLD,0.33333333333333331
2013-07-16,IWM,0.16666666666666666
2013-07-16,QQQ,0.16666666666666666
2013-07-16,SPY,0.16666666666666666
2013-07-16,TLT,0
2013-07-17,EEM,0
2013-07-17,EFA,0.16666666666666666
2013-07-17,GLD,0.33333333333333331
2013-07-17,IWM,0.16666666666666666
2013-07-17,QQQ,0.16666666666666666
2013-07-17,SPY,0.16666666666666666
2013-07-17,TLT,0
2013-07-18,EEM,0
2013-07-18,EFA,0.16666666666666666
2013-07-18,GLD,0.33333333333333331
2013-07-18,IWM,0.16666666666666666
2013-07-18,QQQ,0.16666666666666666
2013-07-18,SPY,0.16666666666666666
2013-07-18,TLT,0
2013-07-19,EEM,0
2013-07-19,EFA,0.16666666666666666
2013-07-19,GLD,0.33333333333333331
2013-07-19,IWM,0.16666666666666666
2013-07-19,QQQ,0.16666666666666666
2013-07-19,SPY,0.16666666666666666
2013-07-19,TLT,0
2013-07-22,EEM,0
2013-07-22,EFA,0.16666666666666666
2013-07-22,GLD,0.33333333333333331
2013-07-22,IWM,0.16666666666666666
2013-07-22,QQQ,0.16666666666666666
2013-07-22,SPY,0.16666666666666666
2013-07-22,TLT,0
2013-07-23,EEM,0
2013-07-23,EFA,0.16666666666666666
2013-07-23,GLD,0.33333333333333331
2013-07-23,IWM,0.16666666666666666
2013-07-23,QQQ,0.16666666666666666
2013-07-23,SPY,0.16666666666666666
2013-07-23,TLT,0
2013-07-24,EEM,0
2013-07-24,EFA,0.16666666666666666
2013-07-24,GLD,0.33333333333333331
2013-07-24,IWM,0.16666666666666666
2013-07-24,QQQ,0.16666666666666666
2013-07-24,SPY,0.16666666666666666
2013-07-24,TLT,0
2013-07-25,EEM,0
2013-07-25,EFA,0.16666666666666666
2013-07-25,GLD,0.33333333333333331
2013-07-25,IWM,0.16666666666666666
2013-07-25,QQQ,0.16666666666666666
2013-07-25,SPY,0.16666666666666666
2013-07-25,TLT,0
2013-07-26,EEM,0
2013-07-26,EFA,0.16666666666666666
2013-07-26,GLD,0.33333333333333331
2013-07-26,IWM,0.16666666666666666
2013-07-26,QQQ,0.16666666666666666
2013-07-26,SPY,0.16666666666666666
2013-07-26,TLT,0
2013-07-29,EEM,0
2013-07-29,EFA,0
2013-07-29,GLD,0.5
2013-07-29,IWM,0.16666666666666666
2013-07-29,QQQ,0.16666666666666666
2013-07-29,SPY,0.16666666666666666
2013-07-29,TLT,0
2013-07-30,EEM,0
2013-07-30,EFA,0
2013-07-30,GLD,0.5
2013-07-30,IWM,0.16666666666666666
2013-07-30,QQQ,0.16666666666666666
2013-07-30,SPY,0.16666666666666666
2013-07-30,TLT,0
2013-07-31,EEM,0
2013-07-31,EFA,0
2013-07-31,GLD,0.5
2013-07-31,IWM,0.16666666666666666
2013-07-31,QQQ,0.16666666666666666
2013-07-31,SPY,0.16666666666666666
2013-07-31,TLT,0
2013-08-01,EEM,0
2013-08-01,EFA,0
2013-08-01,GLD,0.5
2013-08-01,IWM,0.16666666666666666
2013-08-01,QQQ,0.16666666666666666
2013-08-01,SPY,0.16666666666666666
2013-08-01,TLT,0
2013-08-02,EEM,0
2013-08-02,EFA,0
2013-08-02,GLD,0.5
2013-08-02,IWM,0.16666666666666666
2013-08-02,QQQ,0.16666666666666666
2013-08-02,SPY,0.16666666666666666
2013-08-02,TLT,0
2013-08-05,EEM,0
2013-08-05,EFA,0.16666666666666666
2013-08-05,GLD,0.33333333333333331
2013-08-05,IWM,0.16666666666666666
2013-08-05,QQQ,0.16666666666666666
2013-08-05,SPY,0.16666666666666666
2013-08-05,TLT,0
2013-08-06,EEM,0
2013-08-06,EFA,0.16666666666666666
2013-08-06,GLD,0.33333333333333331
2013-08-06,IWM,0.16666666666666666
2013-08-06,QQQ,0.16666666666666666
2013-08-06,SPY,0.16666666666666666
2013-08-06,TLT,0
2013-08-07,EEM,0
2013-08-07,EFA,0.16666666666666666
2013-08-07,GLD,0.33333333333333331
2013-08-07,IWM,0.16666666666666666
2013-08-07,QQQ,0.16666666666666666
2013-08-07,SPY,0.16666666666666666
2013-08-07,TLT,0
2013-08-08,EEM,0
2013-08-08,EFA,0.16666666666666666
2013-08-08,GLD,0.33333333333333331
2013-08-08,IWM,0.16666666666666666
2013-08-08,QQQ,0.16666666666666666
2013-08-08,SPY,0.16666666666666666
2013-08-08,TLT,0
2013-08-09,EEM,0
2013-08-09,EFA,0.16666666666666666
2013-08-09,GLD,0.33333333333333331
2013-08-09,IWM,0.16666666666666666
2013-08-09,QQQ,0.16666666666666666
2013-08-09,SPY,0.16666666666666666
2013-08-09,TLT,0
2013-08-12,EEM,0
2013-08-12,EFA,0.16666666666666666
2013-08-12,GLD,0.33333333333333331
2013-08-12,IWM,0.16666666666666666
2013-08-12,QQQ,0.16666666666666666
2013-08-12,SPY,0.16666666666666666
2013-08-12,TLT,0
2013-08-13,EEM,0
2013-08-13,EFA,0.16666666666666666
2013-08-13,GLD,0.33333333333333331
2013-08-13,IWM,0.16666666666666666
2013-08-13,QQQ,0.16666666666666666
2013-08-13,SPY,0.16666666666666666
2013-08-13,TLT,0
2013-08-14,EEM,0
2013-08-14,EFA,0.16666666666666666
2013-08-14,GLD,0.33333333333333331
2013-08-14,IWM,0.16666666666666666
2013-08-14,QQQ,0.16666666666666666
2013-08-14,SPY,0.16666666666666666
2013-08-14,TLT,0
2013-08-15,EEM,0
2013-08-15,EFA,0.16666666666666666
2013-08-15,GLD,0.33333333333333331
2013-08-15,IWM,0.16666666666666666
2013-08-15,QQQ,0.16666666666666666
2013-08-15,SPY,0.16666666666666666
2013-08-15,TLT,0
2013-08-16,EEM,0
2013-08-16,EFA,0.16666666666666666
2013-08-16,GLD,0.33333333333333331
2013-08-16,IWM,0.16666666666666666
2013-08-16,QQQ,0.16666666666666666
2013-08-16,SPY,0.16666666666666666
2013-08-16,TLT,0
2013-08-19,EEM,0
2013-08-19,EFA,0
2013-08-19,GLD,0.66666666666666663
2013-08-19,IWM,0.16666666666666666
2013-08-19,QQQ,0.16666666666666666
2013-08-19,SPY,0
2013-08-19,TLT,0
2013-08-20,EEM,0
2013-08-20,EFA,0
2013-08-20,GLD,0.66666666666666663
2013-08-20,IWM,0.16666666666666666
2013-08-20,QQQ,0.16666666666666666
2013-08-20,SPY,0
2013-08-20,TLT,0
2013-08-21,EEM,0
2013-08-21,EFA,0
2013-08-21,GLD,0.66666666666666663
2013-08-21,IWM,0.16666666666666666
2013-08-21,QQQ,0.16666666666666666
2013-08-21,SPY,0
2013-08-21,TLT,0
2013-08-22,EEM,0
2013-08-22,EFA,0
2013-08-22,GLD,0.66666666666666663
2013-08-22,IWM,0.16666666666666666
2013-08-22,QQQ,0.16666666666666666
2013-08-22,SPY,0
2013-08-22,TLT,0
2013-08-23,EEM,0
2013-08-23,EFA,0
2013-08-23,GLD,0.66666666666666663
2013-08-23,IWM,0.16666666666666666
2013-08-23,QQQ,0.16666666666666666
2013-08-23,SPY,0
2013-08-23,TLT,0
2013-08-26,EEM,0
2013-08-26,EFA,0.16666666666666666
2013-08-26,GLD,0.33333333333333331
2013-08-26,IWM,0.16666666666666666
2013-08-26,QQQ,0.16666666666666666
2013-08-26,SPY,0.16666666666666666
2013-08-26,TLT,0
2013-08-27,EEM,0
2013-08-27,EFA,0.16666666666666666
2013-08-27,GLD,0.33333333333333331
2013-08-27,IWM,0.16666666666666666
2013-08-27,QQQ,0.16666666666666666
2013-08-27,SPY,0.16666666666666666
2013-08-27,TLT,0
2013-08-28,EEM,0
2013-08-28,EFA,0.16666666666666666
2013-08-28,GLD,0.33333333333333331
2013-08-28,IWM,0.16666666666666666
2013-08-28,QQQ,0.16666666666666666
2013-08-28,SPY,0.16666666666666666
2013-08-28,TLT,0
2013-08-29,EEM,0
2013-08-29,EFA,0.16666666666666666
2013-08-29,GLD,0.33333333333333331
2013-08-29,IWM,0.16666666666666666
2013-08-29,QQQ,0.16666666666666666
2013-08-29,SPY,0.16666666666666666
2013-08-29,TLT,0
2013-08-30,EEM,0
2013-08-30,EFA,0.16666666666666666
2013-08-30,GLD,0.33333333333333331
2013-08-30,IWM,0.16666666666666666
2013-08-30,QQQ,0.16666666666666666
2013-08-30,SPY,0.16666666666666666
2013-08-30,TLT,0
2013-09-03,EEM,0
2013-09-03,EFA,0.16666666666666666
2013-09-03,GLD,0.33333333333333331
2013-09-03,IWM,0.16666666666666666
2013-09-03,QQQ,0.16666666666666666
2013-09-03,SPY,0.16666666666666666
2013-09-03,TLT,0
2013-09-04,EEM,0
2013-09-04,EFA,0.16666666666666666
2013-09-04,GLD,0.33333333333333331
2013-09-04,IWM,0.16666666666666666
2013-09-04,QQQ,0.16666666666666666
2013-09-04,SPY,0.16666666666666666
2013-09-04,TLT,0
2013-09-05,EEM,0
2013-09-05,EFA,0.16666666666666666
2013-09-05,GLD,0.33333333333333331
2013-09-05,IWM,0.16666666666666666
2013-09-05,QQQ,0.16666666666666666
2013-09-05,SPY,0.16666666666666666
2013-09-05,TLT,0
2013-09-06,EEM,0
2013-09-06,EFA,0.16666666666666666
2013-09-06,GLD,0.33333333333333331
2013-09-06,IWM,0.16666666666666666
2013-09-06,QQQ,0.16666666666666666
2013-09-06,SPY,0.16666666666666666
2013-09-06,TLT,0
2013-09-09,EEM,0
2013-09-09,EFA,0.16666666666666666
2013-09-09,GLD,0.33333333333333331
2013-09-09,IWM,0.16666666666666666
2013-09-09,QQQ,0.16666666666666666
2013-09-09,SPY,0.16666666666666666
2013-09-09,TLT,0
2013-09-10,EEM,0.16666666666666666
2013-09-10,EFA,0.16666666666666666
2013-09-10,GLD,0.16666666666666666
2013-09-10,IWM,0.16666666666666666
2013-09-10,QQQ,0.16666666666666666
2013-09-10,SPY,0.16666666666666666
2013-09-10,TLT,0
2013-09-11,EEM,0.16666666666666666
2013-09-11,EFA,0.16666666666666666
2013-09-11,GLD,0.16666666666666666
2013-09-11,IWM,0.16666666666666666
2013-09-11,QQQ,0.16666666666666666
2013-09-11,SPY,0.16666666666666666
2013-09-11,TLT,0
2013-09-12,EEM,0.16666666666666666
2013-09-12,EFA,0.16666666666666666
2013-09-12,GLD,0.16666666666666666
2013-09-12,IWM,0.16666666666666666
2013-09-12,QQQ,0.16666666666666666
2013-09-12,SPY,0.16666666666666666
2013-09-12,TLT,0
2013-09-13,EEM,0.16666666666666666
2013-09-13,EFA,0.16666666666666666
2013-09-13,GLD,0.16666666666666666
2013-09-13,IWM,0.16666666666666666
2013-09-13,QQQ,0.16666666666666666
2013-09-13,SPY,0.16666666666666666
2013-09-13,TLT,0
2013-09-16,EEM,0.16666666666666666
2013-09-16,EFA,0.16666666666666666
2013-09-16,GLD,0.16666666666666666
2013-09-16,IWM,0.16666666666666666
2013-09-16,QQQ,0.16666666666666666
2013-09-16,SPY,0.16666666666666666
2013-09-16,TLT,0
2013-09-17,EEM,0.16666666666666666
2013-09-17,EFA,0.16666666666666666
2013-09-17,GLD,0.16666666666666666
2013-09-17,IWM,0.16666666666666666
2013-09-17,QQQ,0.16666666666666666
2013-09-17,SPY,0.16666666666666666
2013-09-17,TLT,0
2013-09-18,EEM,0.16666666666666666
2013-09-18,EFA,0.16666666666666666
2013-09-18,GLD,0.16666666666666666
2013-09-18,IWM,0.16666666666666666
2013-09-18,QQQ,0.16666666666666666
2013-09-18,SPY,0.16666666666666666
2013-09-18,TLT,0
2013-09-19,EEM,0.16666666666666666
2013-09-19,EFA,0.16666666666666666
2013-09-19,GLD,0.16666666666666666
2013-09-19,IWM,0.16666666666666666
2013-09-19,QQQ,0.16666666666666666
2013-09-19,SPY,0.16666666666666666
2013-09-19,TLT,0
2013-09-20,EEM,0.16666666666666666
2013-09-20,EFA,0.16666666666666666
2013-09-20,GLD,0.16666666666666666
2013-09-20,IWM,0.16666666666666666
2013-09-20,QQQ,0.16666666666666666
2013-09-20,SPY,0.16666666666666666
2013-09-20,TLT,0
2013-09-23,EEM,0.16666666666666666
2013-09-23,EFA,0.16666666666666666
2013-09-23,GLD,0.16666666666666666
2013-09-23,IWM,0.16666666666666666
2013-09-23,QQQ,0.16666666666666666
2013-09-23,SPY,0.16666666666666666
2013-09-23,TLT,0
2013-09-24,EEM,0.16666666666666666
2013-09-24,EFA,0.16666666666666666
2013-09-24,GLD,0.16666666666666666
2013-09-24,IWM,0.16666666666666666
2013-09-24,QQQ,0.16666666666666666
2013-09-24,SPY,0.16666666666666666
2013-09-24,TLT,0
2013-09-25,EEM,0.16666666666666666
2013-09-25,EFA,0.16666666666666666
2013-09-25,GLD,0.16666666666666666
2013-09-25,IWM,0.16666666666666666
2013-09-25,QQQ,0.16666666666666666
2013-09-25,SPY,0.16666666666666666
2013-09-25,TLT,0
2013-09-26,EEM,0.16666666666666666
2013-09-26,EFA,0.16666666666666666
2013-09-26,GLD,0.16666666666666666
2013-09-26,IWM,0.16666666666666666
2013-09-26,QQQ,0.16666666666666666
2013-09-26,SPY,0.16666666666666666
2013-09-26,TLT,0
2013-09-27,EEM,0.16666666666666666
2013-09-27,EFA,0.16666666666666666
2013-09-27,GLD,0.16666666666666666
2013-09-27,IWM,0.16666666666666666
2013-09-27,QQQ,0.16666666666666666
2013-09-27,SPY,0.16666666666666666
2013-09-27,TLT,0
2013-09-30,EEM,0.16666666666666666
2013-09-30,EFA,0.16666666666666666
2013-09-30,GLD,0.16666666666666666
2013-09-30,IWM,0.16666666666666666
2013-09-30,QQQ,0.16666666666666666
2013-09-30,SPY,0.16666666666666666
2013-09-30,TLT,0
2013-10-01,EEM,0.16666666666666666
2013-10-01,EFA,0.16666666666666666
2013-10-01,GLD,0.16666666666666666
2013-10-01,IWM,0.16666666666666666
2013-10-01,QQQ,0.16666666666666666
2013-10-01,SPY,0.16666666666666666
2013-10-01,TLT,0
2013-10-02,EEM,0.16666666666666666
2013-10-02,EFA,0.16666666666666666
2013-10-02,GLD,0.16666666666666666
2013-10-02,IWM,0.16666666666666666
2013-10-02,QQQ,0.16666666666666666
2013-10-02,SPY,0.16666666666666666
2013-10-02,TLT,0
2013-10-03,EEM,0.16666666666666666
2013-10-03,EFA,0.16666666666666666
2013-10-03,GLD,0.16666666666666666
2013-10-03,IWM,0.16666666666666666
2013-10-03,QQQ,0.16666666666666666
2013-10-03,SPY,0.16666666666666666
2013-10-03,TLT,0
2013-10-04,EEM,0.16666666666666666
2013-10-04,EFA,0.16666666666666666
2013-10-04,GLD,0.16666666666666666
2013-10-04,IWM,0.16666666666666666
2013-10-04,QQQ,0.16666666666666666
2013-10-04,SPY,0.16666666666666666
2013-10-04,TLT,0
2013-10-07,EEM,0.16666666666666666
2013-10-07,EFA,0.16666666666666666
2013-10-07,GLD,0.16666666666666666
2013-10-07,IWM,0.16666666666666666
2013-10-07,QQQ,0.16666666666666666
2013-10-07,SPY,0.16666666666666666
2013-10-07,TLT,0
2013-10-08,EEM,0.16666666666666666
2013-10-08,EFA,0.16666666666666666
2013-10-08,GLD,0
2013-10-08,IWM,0.16666666666666666
2013-10-08,QQQ,0.16666666666666666
2013-10-08,SPY,0.16666666666666666
2013-10-08,TLT,0.16666666666666666
2013-10-09,EEM,0.16666666666666666
2013-10-09,EFA,0.16666666666666666
2013-10-09,GLD,0
2013-10-09,IWM,0.16666666666666666
2013-10-09,QQQ,0.16666666666666666
2013-10-09,SPY,0.16666666666666666
2013-10-09,TLT,0.16666666666666666
2013-10-10,EEM,0.16666666666666666
2013-10-10,EFA,0.16666666666666666
2013-10-10,GLD,0
2013-10-10,IWM,0.16666666666666666
2013-10-10,QQQ,0.16666666666666666
2013-10-10,SPY,0.16666666666666666
2013-10-10,TLT,0.16666666666666666
2013-10-11,EEM,0.16666666666666666
2013-10-11,EFA,0.16666666666666666
2013-10-11,GLD,0
2013-10-11,IWM,0.16666666666666666
2013-10-11,QQQ,0.16666666666666666
2013-10-11,SPY,0.16666666666666666
2013-10-11,TLT,0.16666666666666666
2013-10-14,EEM,0.16666666666666666
2013-10-14,EFA,0.16666666666666666
2013-10-14,GLD,0
2013-10-14,IWM,0.16666666666666666
2013-10-14,QQQ,0.16666666666666666
2013-10-14,SPY,0.16666666666666666
2013-10-14,TLT,0.16666666666666666
2013-10-15,EEM,0.16666666666666666
2013-10-15,EFA,0.16666666666666666
2013-10-15,GLD,0.16666666666666666
2013-10-15,IWM,0.16666666666666666
2013-10-15,QQQ,0.16666666666666666
2013-10-15,SPY,0.16666666666666666
2013-10-15,TLT,0
2013-10-16,EEM,0.16666666666666666
2013-10-16,EFA,0.16666666666666666
2013-10-16,GLD,0.16666666666666666
2013-10-16,IWM,0.16666666666666666
2013-10-16,QQQ,0.16666666666666666
2013-10-16,SPY,0.16666666666666666
2013-10-16,TLT,0
2013-10-17,EEM,0.16666666666666666
2013-10-17,EFA,0.16666666666666666
2013-10-17,GLD,0.16666666666666666
2013-10-17,IWM,0.16666666666666666
2013-10-17,QQQ,0.16666666666666666
2013-10-17,SPY,0.16666666666666666
2013-10-17,TLT,0
2013-10-18,EEM,0.16666666666666666
2013-10-18,EFA,0.16666666666666666
2013-10-18,GLD,0.16666666666666666
2013-10-18,IWM,0.16666666666666666
2013-10-18,QQQ,0.16666666666666666
2013-10-18,SPY,0.16666666666666666
2013-10-18,TLT,0
2013-10-21,EEM,0.16666666666666666
2013-10-21,EFA,0.16666666666666666
2013-10-21,GLD,0.16666666666666666
2013-10-21,IWM,0.16666666666666666
2013-10-21,QQQ,0.16666666666666666
2013-10-21,SPY,0.16666666666666666
2013-10-21,TLT,0
2013-10-22,EEM,0.16666666666666666
2013-10-22,EFA,0.16666666666666666
2013-10-22,GLD,0
2013-10-22,IWM,0.16666666666666666
2013-10-22,QQQ,0.16666666666666666
2013-10-22,SPY,0.16666666666666666
2013-10-22,TLT,0.16666666666666666
2013-10-23,EEM,0.16666666666666666
2013-10-23,EFA,0.16666666666666666
2013-10-23,GLD,0
2013-10-23,IWM,0.16666666666666666
2013-10-23,QQQ,0.16666666666666666
2013-10-23,SPY,0.16666666666666666
2013-10-23,TLT,0.16666666666666666
2013-10-24,EEM,0.16666666666666666
2013-10-24,EFA,0.16666666666666666
2013-10-24,GLD,0
2013-10-24,IWM,0.16666666666666666
2013-10-24,QQQ,0.16666666666666666
2013-10-24,SPY,0.16666666666666666
2013-10-24,TLT,0.16666666666666666
2013-10-25,EEM,0.16666666666666666
2013-10-25,EFA,0.16666666666666666
2013-10-25,GLD,0
2013-10-25,IWM,0.16666666666666666
2013-10-25,QQQ,0.16666666666666666
2013-10-25,SPY,0.16666666666666666
2013-10-25,TLT,0.16666666666666666
2013-10-28,EEM,0.16666666666666666
2013-10-28,EFA,0.16666666666666666
2013-10-28,GLD,0
2013-10-28,IWM,0.16666666666666666
2013-10-28,QQQ,0.16666666666666666
2013-10-28,SPY,0.16666666666666666
2013-10-28,TLT,0.16666666666666666
2013-10-29,EEM,0.16666666666666666
2013-10-29,EFA,0.16666666666666666
2013-10-29,GLD,0
2013-10-29,IWM,0.16666666666666666
2013-10-29,QQQ,0.16666666666666666
2013-10-29,SPY,0.16666666666666666
2013-10-29,TLT,0.16666666666666666
2013-10-30,EEM,0.16666666666666666
2013-10-30,EFA,0.16666666666666666
2013-10-30,GLD,0
2013-10-30,IWM,0.16666666666666666
2013-10-30,QQQ,0.16666666666666666
2013-10-30,SPY,0.16666666666666666
2013-10-30,TLT,0.16666666666666666
2013-10-31,EEM,0.16666666666666666
2013-10-31,EFA,0.16666666666666666
2013-10-31,GLD,0
2013-10-31,IWM,0.16666666666666666
2013-10-31,QQQ,0.16666666666666666
2013-10-31,SPY,0.16666666666666666
2013-10-31,TLT,0.16666666666666666
2013-11-01,EEM,0.16666666666666666
2013-11-01,EFA,0.16666666666666666
2013-11-01,GLD,0
2013-11-01,IWM,0.16666666666666666
2013-11-01,QQQ,0.16666666666666666
2013-11-01,SPY,0.16666666666666666
2013-11-01,TLT,0.16666666666666666
2013-11-04,EEM,0.16666666666666666
2013-11-04,EFA,0.16666666666666666
2013-11-04,GLD,0
2013-11-04,IWM,0.16666666666666666
2013-11-04,QQQ,0.16666666666666666
2013-11-04,SPY,0.16666666666666666
2013-11-04,TLT,0.16666666666666666
2013-11-05,EEM,0.16666666666666666
2013-11-05,EFA,0.16666666666666666
2013-11-05,GLD,0.16666666666666666
2013-11-05,IWM,0.16666666666666666
2013-11-05,QQQ,0.16666666666666666
2013-11-05,SPY,0.16666666666666666
2013-11-05,TLT,0
2013-11-06,EEM,0.16666666666666666
2013-11-06,EFA,0.16666666666666666
2013-11-06,GLD,0.16666666666666666
2013-11-06,IWM,0.16666666666666666
2013-11-06,QQQ,0.16666666666666666
2013-11-06,SPY,0.16666666666666666
2013-11-06,TLT,0
2013-11-07,EEM,0.16666666666666666
2013-11-07,EFA,0.16666666666666666
2013-11-07,GLD,0.16666666666666666
2013-11-07,IWM,0.16666666666666666
2013-11-07,QQQ,0.16666666666666666
2013-11-07,SPY,0.16666666666666666
2013-11-07,TLT,0
2013-11-08,EEM,0.16666666666666666
2013-11-08,EFA,0.16666666666666666
2013-11-08,GLD,0.16666666666666666
2013-11-08,IWM,0.16666666666666666
2013-11-08,QQQ,0.16666666666666666
2013-11-08,SPY,0.16666666666666666
2013-11-08,TLT,0
2013-11-11,EEM,0.16666666666666666
2013-11-11,EFA,0.16666666666666666
2013-11-11,GLD,0.16666666666666666
2013-11-11,IWM,0.16666666666666666
2013-11-11,QQQ,0.16666666666666666
2013-11-11,SPY,0.16666666666666666
2013-11-11,TLT,0
2013-11-12,EEM,0.16666666666666666
2013-11-12,EFA,0.16666666666666666
2013-11-12,GLD,0.16666666666666666
2013-11-12,IWM,0.16666666666666666
2013-11-12,QQQ,0.16666666666666666
2013-11-12,SPY,0.16666666666666666
2013-11-12,TLT,0
2013-11-13,EEM,0.16666666666666666
2013-11-13,EFA,0.16666666666666666
2013-11-13,GLD,0.16666666666666666
2013-11-13,IWM,0.16666666666666666
2013-11-13,QQQ,0.16666666666666666
2013-11-13,SPY,0.16666666666666666
2013-11-13,TLT,0
2013-11-14,EEM,0.16666666666666666
2013-11-14,EFA,0.16666666666666666
2013-11-14,GLD,0.16666666666666666
2013-11-14,IWM,0.16666666666666666
2013-11-14,QQQ,0.16666666666666666
2013-11-14,SPY,0.16666666666666666
2013-11-14,TLT,0
2013-11-15,EEM,0.16666666666666666
2013-11-15,EFA,0.16666666666666666
2013-11-15,GLD,0.16666666666666666
2013-11-15,IWM,0.16666666666666666
2013-11-15,QQQ,0.16666666666666666
2013-11-15,SPY,0.16666666666666666
2013-11-15,TLT,0
2013-11-18,EEM,0.16666666666666666
2013-11-18,EFA,0.16666666666666666
2013-11-18,GLD,0.16666666666666666
2013-11-18,IWM,0.16666666666666666
2013-11-18,QQQ,0.16666666666666666
2013-11-18,SPY,0.16666666666666666
2013-11-18,TLT,0
2013-11-19,EEM,0.16666666666666666
2013-11-19,EFA,0.16666666666666666
2013-11-19,GLD,0
2013-11-19,IWM,0.16666666666666666
2013-11-19,QQQ,0.16666666666666666
2013-11-19,SPY,0.16666666666666666
2013-11-19,TLT,0.16666666666666666
2013-11-20,EEM,0.16666666666666666
2013-11-20,EFA,0.16666666666666666
2013-11-20,GLD,0
2013-11-20,IWM,0.16666666666666666
2013-11-20,QQQ,0.16666666666666666
2013-11-20,SPY,0.16666666666666666
2013-11-20,TLT,0.16666666666666666
2013-11-21,EEM,0.16666666666666666
2013-11-21,EFA,0.16666666666666666
2013-11-21,GLD,0
2013-11-21,IWM,0.16666666666666666
2013-11-21,QQQ,0.16666666666666666
2013-11-21,SPY,0.16666666666666666
2013-11-21,TLT,0.16666666666666666
2013-11-22,EEM,0.16666666666666666
2013-11-22,EFA,0.16666666666666666
2013-11-22,GLD,0
2013-11-22,IWM,0.16666666666666666
2013-11-22,QQQ,0.16666666666666666
2013-11-22,SPY,0.16666666666666666
2013-11-22,TLT,0.16666666666666666
2013-11-25,EEM,0.16666666666666666
2013-11-25,EFA,0.16666666666666666
2013-11-25,GLD,0
2013-11-25,IWM,0.16666666666666666
2013-11-25,QQQ,0.16666666666666666
2013-11-25,SPY,0.16666666666666666
2013-11-25,TLT,0.16666666666666666
2013-11-26,EEM,0.16666666666666666
2013-11-26,EFA,0.16666666666666666
2013-11-26,GLD,0
2013-11-26,IWM,0.16666666666666666
2013-11-26,QQQ,0.16666666666666666
2013-11-26,SPY,0.16666666666666666
2013-11-26,TLT,0.16666666666666666
2013-11-27,EEM,0.16666666666666666
2013-11-27,EFA,0.16666666666666666
2013-11-27,GLD,0
2013-11-27,IWM,0.16666666666666666
2013-11-27,QQQ,0.16666666666666666
2013-11-27,SPY,0.16666666666666666
2013-11-27,TLT,0.16666666666666666
2013-11-29,EEM,0.16666666666666666
2013-11-29,EFA,0.16666666666666666
2013-11-29,GLD,0
2013-11-29,IWM,0.16666666666666666
2013-11-29,QQQ,0.16666666666666666
2013-11-29,SPY,0.16666666666666666
2013-11-29,TLT,0.16666666666666666
2013-12-02,EEM,0.16666666666666666
2013-12-02,EFA,0.16666666666666666
2013-12-02,GLD,0
2013-12-02,IWM,0.16666666666666666
2013-12-02,QQQ,0.16666666666666666
2013-12-02,SPY,0.16666666666666666
2013-12-02,TLT,0.16666666666666666
2013-12-03,EEM,0.16666666666666666
2013-12-03,EFA,0.16666666666666666
2013-12-03,GLD,0
2013-12-03,IWM,0.16666666666666666
2013-12-03,QQQ,0.16666666666666666
2013-12-03,SPY,0.16666666666666666
2013-12-03,TLT,0.16666666666666666
2013-12-04,EEM,0.16666666666666666
2013-12-04,EFA,0.16666666666666666
2013-12-04,GLD,0
2013-12-04,IWM,0.16666666666666666
2013-12-04,QQQ,0.16666666666666666
2013-12-04,SPY,0.16666666666666666
2013-12-04,TLT,0.16666666666666666
2013-12-05,EEM,0.16666666666666666
2013-12-05,EFA,0.16666666666666666
2013-12-05,GLD,0
2013-12-05,IWM,0.16666666666666666
2013-12-05,QQQ,0.16666666666666666
2013-12-05,SPY,0.16666666666666666
2013-12-05,TLT,0.16666666666666666
2013-12-06,EEM,0.16666666666666666
2013-12-06,EFA,0.16666666666666666
2013-12-06,GLD,0
2013-12-06,IWM,0.16666666666666666
2013-12-06,QQQ,0.16666666666666666
2013-12-06,SPY,0.16666666666666666
2013-12-06,TLT,0.16666666666666666
2013-12-09,EEM,0.16666666666666666
2013-12-09,EFA,0.16666666666666666
2013-12-09,GLD,0
2013-12-09,IWM,0.16666666666666666
2013-12-09,QQQ,0.16666666666666666
2013-12-09,SPY,0.16666666666666666
2013-12-09,TLT,0.16666666666666666
2013-12-10,EEM,0.16666666666666666
2013-12-10,EFA,0.16666666666666666
2013-12-10,GLD,0
2013-12-10,IWM,0.16666666666666666
2013-12-10,QQQ,0.16666666666666666
2013-12-10,SPY,0.16666666666666666
2013-12-10,TLT,0.16666666666666666
2013-12-11,EEM,0.16666666666666666
2013-12-11,EFA,0.16666666666666666
2013-12-11,GLD,0
2013-12-11,IWM,0.16666666666666666
2013-12-11,QQQ,0.16666666666666666
2013-12-11,SPY,0.16666666666666666
2013-12-11,TLT,0.16666666666666666
2013-12-12,EEM,0.16666666666666666
2013-12-12,EFA,0.16666666666666666
2013-12-12,GLD,0
2013-12-12,IWM,0.16666666666666666
2013-12-12,QQQ,0.16666666666666666
2013-12-12,SPY,0.16666666666666666
2013-12-12,TLT,0.16666666666666666
2013-12-13,EEM,0.16666666666666666
2013-12-13,EFA,0.16666666666666666
2013-12-13,GLD,0
2013-12-13,IWM,0.16666666666666666
2013-12-13,QQQ,0.16666666666666666
2013-12-13,SPY,0.16666666666666666
2013-12-13,TLT,0.16666666666666666
2013-12-16,EEM,0.16666666666666666
2013-12-16,EFA,0.16666666666666666
2013-12-16,GLD,0
2013-12-16,IWM,0.16666666666666666
2013-12-16,QQQ,0.16666666666666666
2013-12-16,SPY,0.16666666666666666
2013-12-16,TLT,0.16666666666666666
2013-12-17,EEM,0.16666666666666666
2013-12-17,EFA,0.16666666666666666
2013-12-17,GLD,0
2013-12-17,IWM,0.16666666666666666
2013-12-17,QQQ,0.16666666666666666
2013-12-17,SPY,0.16666666666666666
2013-12-17,TLT,0.16666666666666666
2013-12-18,EEM,0
2013-12-18,EFA,0.16666666666666666
2013-12-18,GLD,0.33333333333333331
2013-12-18,IWM,0.16666666666666666
2013-12-18,QQQ,0.16666666666666666
2013-12-18,SPY,0.16666666666666666
2013-12-18,TLT,0
2013-12-19,EEM,0
2013-12-19,EFA,0.16666666666666666
2013-12-19,GLD,0.33333333333333331
2013-12-19,IWM,0.16666666666666666
2013-12-19,QQQ,0.16666666666666666
2013-12-19,SPY,0.16666666666666666
2013-12-19,TLT,0
2013-12-20,EEM,0
2013-12-20,EFA,0.16666666666666666
2013-12-20,GLD,0.33333333333333331
2013-12-20,IWM,0.16666666666666666
2013-12-20,QQQ,0.16666666666666666
2013-12-20,SPY,0.16666666666666666
2013-12-20,TLT,0
2013-12-23,EEM,0
2013-12-23,EFA,0.16666666666666666
2013-12-23,GLD,0.33333333333333331
2013-12-23,IWM,0.16666666666666666
2013-12-23,QQQ,0.16666666666666666
2013-12-23,SPY,0.16666666666666666
2013-12-23,TLT,0
2013-12-24,EEM,0
2013-12-24,EFA,0.16666666666666666
2013-12-24,GLD,0.33333333333333331
2013-12-24,IWM,0.16666666666666666
2013-12-24,QQQ,0.16666666666666666
2013-12-24,SPY,0.16666666666666666
2013-12-24,TLT,0
2013-12-26,EEM,0
2013-12-26,EFA,0.16666666666666666
2013-12-26,GLD,0.33333333333333331
2013-12-26,IWM,0.16666666666666666
2013-12-26,QQQ,0.16666666666666666
2013-12-26,SPY,0.16666666666666666
2013-12-26,TLT,0
2013-12-27,EEM,0
2013-12-27,EFA,0.16666666666666666
2013-12-27,GLD,0.33333333333333331
2013-12-27,IWM,0.16666666666666666
2013-12-27,QQQ,0.16666666666666666
2013-12-27,SPY,0.16666666666666666
2013-12-27,TLT,0
2013-12-30,EEM,0
2013-12-30,EFA,0.16666666666666666
2013-12-30,GLD,0.33333333333333331
2013-12-30,IWM,0.16666666666666666
2013-12-30,QQQ,0.16666666666666666
2013-12-30,SPY,0.16666666666666666
2013-12-30,TLT,0
2013-12-31,EEM,0
2013-12-31,EFA,0.16666666666666666
2013-12-31,GLD,0.33333333333333331
2013-12-31,IWM,0.16666666666666666
2013-12-31,QQQ,0.16666666666666666
2013-12-31,SPY,0.16666666666666666
2013-12-31,TLT,0
2014-01-02,EEM,0
2014-01-02,EFA,0.16666666666666666
2014-01-02,GLD,0.33333333333333331
2014-01-02,IWM,0.16666666666666666
2014-01-02,QQQ,0.16666666666666666
2014-01-02,SPY,0.16666666666666666
2014-01-02,TLT,0
2014-01-03,EEM,0
2014-01-03,EFA,0.16666666666666666
2014-01-03,GLD,0.33333333333333331
2014-01-03,IWM,0.16666666666666666
2014-01-03,QQQ,0.16666666666666666
2014-01-03,SPY,0.16666666666666666
2014-01-03,TLT,0
2014-01-06,EEM,0
2014-01-06,EFA,0.16666666666666666
2014-01-06,GLD,0.33333333333333331
2014-01-06,IWM,0.16666666666666666
2014-01-06,QQQ,0.16666666666666666
2014-01-06,SPY,0.16666666666666666
2014-01-06,TLT,0
2014-01-07,EEM,0
2014-01-07,EFA,0.16666666666666666
2014-01-07,GLD,0.33333333333333331
2014-01-07,IWM,0.16666666666666666
2014-01-07,QQQ,0.16666666666666666
2014-01-07,SPY,0.16666666666666666
2014-01-07,TLT,0
2014-01-08,EEM,0
2014-01-08,EFA,0.16666666666666666
2014-01-08,GLD,0.33333333333333331
2014-01-08,IWM,0.16666666666666666
2014-01-08,QQQ,0.16666666666666666
2014-01-08,SPY,0.16666666666666666
2014-01-08,TLT,0
2014-01-09,EEM,0
2014-01-09,EFA,0.16666666666666666
2014-01-09,GLD,0.33333333333333331
2014-01-09,IWM,0.16666666666666666
2014-01-09,QQQ,0.16666666666666666
2014-01-09,SPY,0.16666666666666666
2014-01-09,TLT,0
2014-01-10,EEM,0
2014-01-10,EFA,0.16666666666666666
2014-01-10,GLD,0.33333333333333331
2014-01-10,IWM,0.16666666666666666
2014-01-10,QQQ,0.16666666666666666
2014-01-10,SPY,0.16666666666666666
2014-01-10,TLT,0
2014-01-13,EEM,0
2014-01-13,EFA,0.16666666666666666
2014-01-13,GLD,0.33333333333333331
2014-01-13,IWM,0.16666666666666666
2014-01-13,QQQ,0.16666666666666666
2014-01-13,SPY,0.16666666666666666
2014-01-13,TLT,0
2014-01-14,EEM,0
2014-01-14,EFA,0.16666666666666666
2014-01-14,GLD,0.33333333333333331
2014-01-14,IWM,0.16666666666666666
2014-01-14,QQQ,0.16666666666666666
2014-01-14,SPY,0.16666666666666666
2014-01-14,TLT,0
2014-01-15,EEM,0
2014-01-15,EFA,0.16666666666666666
2014-01-15,GLD,0.33333333333333331
2014-01-15,IWM,0.16666666666666666
2014-01-15,QQQ,0.16666666666666666
2014-01-15,SPY,0.16666666666666666
2014-01-15,TLT,0
2014-01-16,EEM,0
2014-01-16,EFA,0.16666666666666666
2014-01-16,GLD,0.33333333333333331
2014-01-16,IWM,0.16666666666666666
2014-01-16,QQQ,0.16666666666666666
2014-01-16,SPY,0.16666666666666666
2014-01-16,TLT,0
2014-01-17,EEM,0
2014-01-17,EFA,0.16666666666666666
2014-01-17,GLD,0.33333333333333331
2014-01-17,IWM,0.16666666666666666
2014-01-17,QQQ,0.16666666666666666
2014-01-17,SPY,0.16666666666666666
2014-01-17,TLT,0
2014-01-21,EEM,0
2014-01-21,EFA,0.16666666666666666
2014-01-21,GLD,0.33333333333333331
2014-01-21,IWM,0.16666666666666666
2014-01-21,QQQ,0.16666666666666666
2014-01-21,SPY,0.16666666666666666
2014-01-21,TLT,0
2014-01-22,EEM,0
2014-01-22,EFA,0.16666666666666666
2014-01-22,GLD,0.33333333333333331
2014-01-22,IWM,0.16666666666666666
2014-01-22,QQQ,0.16666666666666666
2014-01-22,SPY,0.16666666666666666
2014-01-22,TLT,0
2014-01-23,EEM,0
2014-01-23,EFA,0.16666666666666666
2014-01-23,GLD,0.33333333333333331
2014-01-23,IWM,0.16666666666666666
2014-01-23,QQQ,0.16666666666666666
2014-01-23,SPY,0.16666666666666666
2014-01-23,TLT,0
2014-01-24,EEM,0
2014-01-24,EFA,0.16666666666666666
2014-01-24,GLD,0.33333333333333331
2014-01-24,IWM,0.16666666666666666
2014-01-24,QQQ,0.16666666666666666
2014-01-24,SPY,0.16666666666666666
2014-01-24,TLT,0
2014-01-27,EEM,0
2014-01-27,EFA,0
2014-01-27,GLD,0.5
2014-01-27,IWM,0.16666666666666666
2014-01-27,QQQ,0.16666666666666666
2014-01-27,SPY,0.16666666666666666
2014-01-27,TLT,0
2014-01-28,EEM,0
2014-01-28,EFA,0
2014-01-28,GLD,0.5
2014-01-28,IWM,0.16666666666666666
2014-01-28,QQQ,0.16666666666666666
2014-01-28,SPY,0.16666666666666666
2014-01-28,TLT,0
2014-01-29,EEM,0
2014-01-29,EFA,0
2014-01-29,GLD,0.5
2014-01-29,IWM,0.16666666666666666
2014-01-29,QQQ,0.16666666666666666
2014-01-29,SPY,0.16666666666666666
2014-01-29,TLT,0
2014-01-30,EEM,0
2014-01-30,EFA,0
2014-01-30,GLD,0.5
2014-01-30,IWM,0.16666666666666666
2014-01-30,QQQ,0.16666666666666666
2014-01-30,SPY,0.16666666666666666
2014-01-30,TLT,0
2014-01-31,EEM,0
2014-01-31,EFA,0
2014-01-31,GLD,0.5
2014-01-31,IWM,0.16666666666666666
2014-01-31,QQQ,0.16666666666666666
2014-01-31,SPY,0.16666666666666666
2014-01-31,TLT,0
2014-02-03,EEM,0
2014-02-03,EFA,0
2014-02-03,GLD,0.66666666666666663
2014-02-03,IWM,0
2014-02-03,QQQ,0.16666666666666666
2014-02-03,SPY,0
2014-02-03,TLT,0.16666666666666666
2014-02-04,EEM,0
2014-02-04,EFA,0
2014-02-04,GLD,0.66666666666666663
2014-02-04,IWM,0
2014-02-04,QQQ,0.16666666666666666
2014-02-04,SPY,0
2014-02-04,TLT,0.16666666666666666
2014-02-05,EEM,0
2014-02-05,EFA,0
2014-02-05,GLD,0.66666666666666663
2014-02-05,IWM,0
2014-02-05,QQQ,0.16666666666666666
2014-02-05,SPY,0
2014-02-05,TLT,0.16666666666666666
2014-02-06,EEM,0
2014-02-06,EFA,0
2014-02-06,GLD,0.66666666666666663
2014-02-06,IWM,0
2014-02-06,QQQ,0.16666666666666666
2014-02-06,SPY,0
2014-02-06,TLT,0.16666666666666666
2014-02-07,EEM,0
2014-02-07,EFA,0
2014-02-07,GLD,0.66666666666666663
2014-02-07,IWM,0
2014-02-07,QQQ,0.16666666666666666
2014-02-07,SPY,0
2014-02-07,TLT,0.16666666666666666
2014-02-10,EEM,0
2014-02-10,EFA,0.16666666666666666
2014-02-10,GLD,0.16666666666666666
2014-02-10,IWM,0.16666666666666666
2014-02-10,QQQ,0.16666666666666666
2014-02-10,SPY,0.16666666666666666
2014-02-10,TLT,0.16666666666666666
2014-02-11,EEM,0
2014-02-11,EFA,0.16666666666666666
2014-02-11,GLD,0.16666666666666666
2014-02-11,IWM,0.16666666666666666
2014-02-11,QQQ,0.16666666666666666
2014-02-11,SPY,0.16666666666666666
2014-02-11,TLT,0.16666666666666666
2014-02-12,EEM,0
2014-02-12,EFA,0.16666666666666666
2014-02-12,GLD,0.16666666666666666
2014-02-12,IWM,0.16666666666666666
2014-02-12,QQQ,0.16666666666666666
2014-02-12,SPY,0.16666666666666666
2014-02-12,TLT,0.16666666666666666
2014-02-13,EEM,0
2014-02-13,EFA,0.16666666666666666
2014-02-13,GLD,0.16666666666666666
2014-02-13,IWM,0.16666666666666666
2014-02-13,QQQ,0.16666666666666666
2014-02-13,SPY,0.16666666666666666
2014-02-13,TLT,0.16666666666666666
2014-02-14,EEM,0
2014-02-14,EFA,0.16666666666666666
2014-02-14,GLD,0.16666666666666666
2014-02-14,IWM,0.16666666666666666
2014-02-14,QQQ,0.16666666666666666
2014-02-14,SPY,0.16666666666666666
2014-02-14,TLT,0.16666666666666666
2014-02-18,EEM,0
2014-02-18,EFA,0.16666666666666666
2014-02-18,GLD,0.16666666666666666
2014-02-18,IWM,0.16666666666666666
2014-02-18,QQQ,0.16666666666666666
2014-02-18,SPY,0.16666666666666666
2014-02-18,TLT,0.16666666666666666
2014-02-19,EEM,0
2014-02-19,EFA,0.16666666666666666
2014-02-19,GLD,0.16666666666666666
2014-02-19,IWM,0.16666666666666666
2014-02-19,QQQ,0.16666666666666666
2014-02-19,SPY,0.16666666666666666
2014-02-19,TLT,0.16666666666666666
2014-02-20,EEM,0
2014-02-20,EFA,0.16666666666666666
2014-02-20,GLD,0.16666666666666666
2014-02-20,IWM,0.16666666666666666
2014-02-20,QQQ,0.16666666666666666
2014-02-20,SPY,0.16666666666666666
2014-02-20,TLT,0.16666666666666666
2014-02-21,EEM,0
2014-02-21,EFA,0.16666666666666666
2014-02-21,GLD,0.16666666666666666
2014-02-21,IWM,0.16666666666666666
2014-02-21,QQQ,0.16666666666666666
2014-02-21,SPY,0.16666666666666666
2014-02-21,TLT,0.16666666666666666
2014-02-24,EEM,0
2014-02-24,EFA,0.16666666666666666
2014-02-24,GLD,0.16666666666666666
2014-02-24,IWM,0.16666666666666666
2014-02-24,QQQ,0.16666666666666666
2014-02-24,SPY,0.16666666666666666
2014-02-24,TLT,0.16666666666666666
2014-02-25,EEM,0
2014-02-25,EFA,0.16666666666666666
2014-02-25,GLD,0.16666666666666666
2014-02-25,IWM,0.16666666666666666
2014-02-25,QQQ,0.16666666666666666
2014-02-25,SPY,0.16666666666666666
2014-02-25,TLT,0.16666666666666666
2014-02-26,EEM,0
2014-02-26,EFA,0.16666666666666666
2014-02-26,GLD,0.16666666666666666
2014-02-26,IWM,0.16666666666666666
2014-02-26,QQQ,0.16666666666666666
2014-02-26,SPY,0.16666666666666666
2014-02-26,TLT,0.16666666666666666
2014-02-27,EEM,0
2014-02-27,EFA,0.16666666666666666
2014-02-27,GLD,0.16666666666666666
2014-02-27,IWM,0.16666666666666666
2014-02-27,QQQ,0.16666666666666666
2014-02-27,SPY,0.16666666666666666
2014-02-27,TLT,0.16666666666666666
2014-02-28,EEM,0
2014-02-28,EFA,0.16666666666666666
2014-02-28,GLD,0.16666666666666666
2014-02-28,IWM,0.16666666666666666
2014-02-28,QQQ,0.16666666666666666
2014-02-28,SPY,0.16666666666666666
2014-02-28,TLT,0.16666666666666666
2014-03-03,EEM,0
2014-03-03,EFA,0.16666666666666666
2014-03-03,GLD,0.16666666666666666
2014-03-03,IWM,0.16666666666666666
2014-03-03,QQQ,0.16666666666666666
2014-03-03,SPY,0.16666666666666666
2014-03-03,TLT,0.16666666666666666
2014-03-04,EEM,0
2014-03-04,EFA,0.16666666666666666
2014-03-04,GLD,0.16666666666666666
2014-03-04,IWM,0.16666666666666666
2014-03-04,QQQ,0.16666666666666666
2014-03-04,SPY,0.16666666666666666
2014-03-04,TLT,0.16666666666666666
2014-03-05,EEM,0
2014-03-05,EFA,0.16666666666666666
2014-03-05,GLD,0.16666666666666666
2014-03-05,IWM,0.16666666666666666
2014-03-05,QQQ,0.16666666666666666
2014-03-05,SPY,0.16666666666666666
2014-03-05,TLT,0.16666666666666666
2014-03-06,EEM,0
2014-03-06,EFA,0.16666666666666666
2014-03-06,GLD,0.16666666666666666
2014-03-06,IWM,0.16666666666666666
2014-03-06,QQQ,0.16666666666666666
2014-03-06,SPY,0.16666666666666666
2014-03-06,TLT,0.16666666666666666
2014-03-07,EEM,0
2014-03-07,EFA,0.16666666666666666
2014-03-07,GLD,0.16666666666666666
2014-03-07,IWM,0.16666666666666666
2014-03-07,QQQ,0.16666666666666666
2014-03-07,SPY,0.16666666666666666
2014-03-07,TLT,0.16666666666666666
2014-03-10,EEM,0
2014-03-10,EFA,0.16666666666666666
2014-03-10,GLD,0.16666666666666666
2014-03-10,IWM,0.16666666666666666
2014-03-10,QQQ,0.16666666666666666
2014-03-10,SPY,0.16666666666666666
2014-03-10,TLT,0.16666666666666666
2014-03-11,EEM,0
2014-03-11,EFA,0.16666666666666666
2014-03-11,GLD,0.16666666666666666
2014-03-11,IWM,0.16666666666666666
2014-03-11,QQQ,0.16666666666666666
2014-03-11,SPY,0.16666666666666666
2014-03-11,TLT,0.16666666666666666
2014-03-12,EEM,0
2014-03-12,EFA,0.16666666666666666
2014-03-12,GLD,0.16666666666666666
2014-03-12,IWM,0.16666666666666666
2014-03-12,QQQ,0.16666666666666666
2014-03-12,SPY,0.16666666666666666
2014-03-12,TLT,0.16666666666666666
2014-03-13,EEM,0
2014-03-13,EFA,0.16666666666666666
2014-03-13,GLD,0.16666666666666666
2014-03-13,IWM,0.16666666666666666
2014-03-13,QQQ,0.16666666666666666
2014-03-13,SPY,0.16666666666666666
2014-03-13,TLT,0.16666666666666666
2014-03-14,EEM,0
2014-03-14,EFA,0.16666666666666666
2014-03-14,GLD,0.16666666666666666
2014-03-14,IWM,0.16666666666666666
2014-03-14,QQQ,0.16666666666666666
2014-03-14,SPY,0.16666666666666666
2014-03-14,TLT,0.16666666666666666
2014-03-17,EEM,0
2014-03-17,EFA,0.16666666666666666
2014-03-17,GLD,0.16666666666666666
2014-03-17,IWM,0.16666666666666666
2014-03-17,QQQ,0.16666666666666666
2014-03-17,SPY,0.16666666666666666
2014-03-17,TLT,0.16666666666666666
2014-03-18,EEM,0
2014-03-18,EFA,0.16666666666666666
2014-03-18,GLD,0.16666666666666666
2014-03-18,IWM,0.16666666666666666
2014-03-18,QQQ,0.16666666666666666
2014-03-18,SPY,0.16666666666666666
2014-03-18,TLT,0.16666666666666666
2014-03-19,EEM,0
2014-03-19,EFA,0.16666666666666666
2014-03-19,GLD,0.16666666666666666
2014-03-19,IWM,0.16666666666666666
2014-03-19,QQQ,0.16666666666666666
2014-03-19,SPY,0.16666666666666666
2014-03-19,TLT,0.16666666666666666
2014-03-20,EEM,0
2014-03-20,EFA,0.16666666666666666
2014-03-20,GLD,0.16666666666666666
2014-03-20,IWM,0.16666666666666666
2014-03-20,QQQ,0.16666666666666666
2014-03-20,SPY,0.16666666666666666
2014-03-20,TLT,0.16666666666666666
2014-03-21,EEM,0
2014-03-21,EFA,0.16666666666666666
2014-03-21,GLD,0.16666666666666666
2014-03-21,IWM,0.16666666666666666
2014-03-21,QQQ,0.16666666666666666
2014-03-21,SPY,0.16666666666666666
2014-03-21,TLT,0.16666666666666666
2014-03-24,EEM,0
2014-03-24,EFA,0.16666666666666666
2014-03-24,GLD,0.16666666666666666
2014-03-24,IWM,0.16666666666666666
2014-03-24,QQQ,0.16666666666666666
2014-03-24,SPY,0.16666666666666666
2014-03-24,TLT,0.16666666666666666
2014-03-25,EEM,0
2014-03-25,EFA,0.16666666666666666
2014-03-25,GLD,0.16666666666666666
2014-03-25,IWM,0.16666666666666666
2014-03-25,QQQ,0.16666666666666666
2014-03-25,SPY,0.16666666666666666
2014-03-25,TLT,0.16666666666666666
2014-03-26,EEM,0
2014-03-26,EFA,0.16666666666666666
2014-03-26,GLD,0.16666666666666666
2014-03-26,IWM,0.16666666666666666
2014-03-26,QQQ,0.16666666666666666
2014-03-26,SPY,0.16666666666666666
2014-03-26,TLT,0.16666666666666666
2014-03-27,EEM,0
2014-03-27,EFA,0.16666666666666666
2014-03-27,GLD,0.16666666666666666
2014-03-27,IWM,0.16666666666666666
2014-03-27,QQQ,0.16666666666666666
2014-03-27,SPY,0.16666666666666666
2014-03-27,TLT,0.16666666666666666
2014-03-28,EEM,0
2014-03-28,EFA,0.16666666666666666
2014-03-28,GLD,0.16666666666666666
2014-03-28,IWM,0.16666666666666666
2014-03-28,QQQ,0.16666666666666666
2014-03-28,SPY,0.16666666666666666
2014-03-28,TLT,0.16666666666666666
2014-03-31,EEM,0
2014-03-31,EFA,0.16666666666666666
2014-03-31,GLD,0.16666666666666666
2014-03-31,IWM,0.16666666666666666
2014-03-31,QQQ,0.16666666666666666
2014-03-31,SPY,0.16666666666666666
2014-03-31,TLT,0.16666666666666666
2014-04-01,EEM,0.16666666666666666
2014-04-01,EFA,0.16666666666666666
2014-04-01,GLD,0
2014-04-01,IWM,0.16666666666666666
2014-04-01,QQQ,0.16666666666666666
2014-04-01,SPY,0.16666666666666666
2014-04-01,TLT,0.16666666666666666
2014-04-02,EEM,0.16666666666666666
2014-04-02,EFA,0.16666666666666666
2014-04-02,GLD,0
2014-04-02,IWM,0.16666666666666666
2014-04-02,QQQ,0.16666666666666666
2014-04-02,SPY,0.16666666666666666
2014-04-02,TLT,0.16666666666666666
2014-04-03,EEM,0.16666666666666666
2014-04-03,EFA,0.16666666666666666
2014-04-03,GLD,0
2014-04-03,IWM,0.16666666666666666
2014-04-03,QQQ,0.16666666666666666
2014-04-03,SPY,0.16666666666666666
2014-04-03,TLT,0.16666666666666666
2014-04-04,EEM,0.16666666666666666
2014-04-04,EFA,0.16666666666666666
2014-04-04,GLD,0
2014-04-04,IWM,0.16666666666666666
2014-04-04,QQQ,0.16666666666666666
2014-04-04,SPY,0.16666666666666666
2014-04-04,TLT,0.16666666666666666
2014-04-07,EEM,0.16666666666666666
2014-04-07,EFA,0.16666666666666666
2014-04-07,GLD,0
2014-04-07,IWM,0.16666666666666666
2014-04-07,QQQ,0.16666666666666666
2014-04-07,SPY,0.16666666666666666
2014-04-07,TLT,0.16666666666666666
2014-04-08,EEM,0.16666666666666666
2014-04-08,EFA,0.16666666666666666
2014-04-08,GLD,0.33333333333333331
2014-04-08,IWM,0
2014-04-08,QQQ,0
2014-04-08,SPY,0.16666666666666666
2014-04-08,TLT,0.16666666666666666
2014-04-09,EEM,0.16666666666666666
2014-04-09,EFA,0.16666666666666666
2014-04-09,GLD,0.33333333333333331
2014-04-09,IWM,0
2014-04-09,QQQ,0
2014-04-09,SPY,0.16666666666666666
2014-04-09,TLT,0.16666666666666666
2014-04-10,EEM,0.16666666666666666
2014-04-10,EFA,0.16666666666666666
2014-04-10,GLD,0.33333333333333331
2014-04-10,IWM,0
2014-04-10,QQQ,0
2014-04-10,SPY,0.16666666666666666
2014-04-10,TLT,0.16666666666666666
2014-04-11,EEM,0.16666666666666666
2014-04-11,EFA,0.16666666666666666
2014-04-11,GLD,0.33333333333333331
2014-04-11,IWM,0
2014-04-11,QQQ,0
2014-04-11,SPY,0.16666666666666666
2014-04-11,TLT,0.16666666666666666
2014-04-14,EEM,0.16666666666666666
2014-04-14,EFA,0.16666666666666666
2014-04-14,GLD,0.33333333333333331
2014-04-14,IWM,0
2014-04-14,QQQ,0
2014-04-14,SPY,0.16666666666666666
2014-04-14,TLT,0.16666666666666666
2014-04-15,EEM,0.16666666666666666
2014-04-15,EFA,0
2014-04-15,GLD,0.5
2014-04-15,IWM,0
2014-04-15,QQQ,0
2014-04-15,SPY,0.16666666666666666
2014-04-15,TLT,0.16666666666666666
2014-04-16,EEM,0.16666666666666666
2014-04-16,EFA,0
2014-04-16,GLD,0.5
2014-04-16,IWM,0
2014-04-16,QQQ,0
2014-04-16,SPY,0.16666666666666666
2014-04-16,TLT,0.16666666666666666
2014-04-17,EEM,0.16666666666666666
2014-04-17,EFA,0
2014-04-17,GLD,0.5
2014-04-17,IWM,0
2014-04-17,QQQ,0
2014-04-17,SPY,0.16666666666666666
2014-04-17,TLT,0.16666666666666666
2014-04-21,EEM,0.16666666666666666
2014-04-21,EFA,0
2014-04-21,GLD,0.5
2014-04-21,IWM,0
2014-04-21,QQQ,0
2014-04-21,SPY,0.16666666666666666
2014-04-21,TLT,0.16666666666666666
2014-04-22,EEM,0.16666666666666666
2014-04-22,EFA,0
2014-04-22,GLD,0.5
2014-04-22,IWM,0
2014-04-22,QQQ,0
2014-04-22,SPY,0.16666666666666666
2014-04-22,TLT,0.16666666666666666
2014-04-23,EEM,0.16666666666666666
2014-04-23,EFA,0.16666666666666666
2014-04-23,GLD,0.33333333333333331
2014-04-23,IWM,0
2014-04-23,QQQ,0
2014-04-23,SPY,0.16666666666666666
2014-04-23,TLT,0.16666666666666666
2014-04-24,EEM,0.16666666666666666
2014-04-24,EFA,0.16666666666666666
2014-04-24,GLD,0.33333333333333331
2014-04-24,IWM,0
2014-04-24,QQQ,0
2014-04-24,SPY,0.16666666666666666
2014-04-24,TLT,0.16666666666666666
2014-04-25,EEM,0.16666666666666666
2014-04-25,EFA,0.16666666666666666
2014-04-25,GLD,0.33333333333333331
2014-04-25,IWM,0
2014-04-25,QQQ,0
2014-04-25,SPY,0.16666666666666666
2014-04-25,TLT,0.16666666666666666
2014-04-28,EEM,0.16666666666666666
2014-04-28,EFA,0.16666666666666666
2014-04-28,GLD,0.33333333333333331
2014-04-28,IWM,0
2014-04-28,QQQ,0
2014-04-28,SPY,0.16666666666666666
2014-04-28,TLT,0.16666666666666666
2014-04-29,EEM,0.16666666666666666
2014-04-29,EFA,0.16666666666666666
2014-04-29,GLD,0.33333333333333331
2014-04-29,IWM,0
2014-04-29,QQQ,0
2014-04-29,SPY,0.16666666666666666
2014-04-29,TLT,0.16666666666666666
2014-04-30,EEM,0.16666666666666666
2014-04-30,EFA,0.16666666666666666
2014-04-30,GLD,0
2014-04-30,IWM,0.16666666666666666
2014-04-30,QQQ,0.16666666666666666
2014-04-30,SPY,0.16666666666666666
2014-04-30,TLT,0.16666666666666666
2014-05-01,EEM,0.16666666666666666
2014-05-01,EFA,0.16666666666666666
2014-05-01,GLD,0
2014-05-01,IWM,0.16666666666666666
2014-05-01,QQQ,0.16666666666666666
2014-05-01,SPY,0.16666666666666666
2014-05-01,TLT,0.16666666666666666
2014-05-02,EEM,0.16666666666666666
2014-05-02,EFA,0.16666666666666666
2014-05-02,GLD,0
2014-05-02,IWM,0.16666666666666666
2014-05-02,QQQ,0.16666666666666666
2014-05-02,SPY,0.16666666666666666
2014-05-02,TLT,0.16666666666666666
2014-05-05,EEM,0.16666666666666666
2014-05-05,EFA,0.16666666666666666
2014-05-05,GLD,0
2014-05-05,IWM,0.16666666666666666
2014-05-05,QQQ,0.16666666666666666
2014-05-05,SPY,0.16666666666666666
2014-05-05,TLT,0.16666666666666666
2014-05-06,EEM,0.16666666666666666
2014-05-06,EFA,0.16666666666666666
2014-05-06,GLD,0
2014-05-06,IWM,0.16666666666666666
2014-05-06,QQQ,0.16666666666666666
2014-05-06,SPY,0.16666666666666666
2014-05-06,TLT,0.16666666666666666
2014-05-07,EEM,0.16666666666666666
2014-05-07,EFA,0.16666666666666666
2014-05-07,GLD,0
2014-05-07,IWM,0.16666666666666666
2014-05-07,QQQ,0.16666666666666666
2014-05-07,SPY,0.16666666666666666
2014-05-07,TLT,0.16666666666666666
2014-05-08,EEM,0.16666666666666666
2014-05-08,EFA,0.16666666666666666
2014-05-08,GLD,0
2014-05-08,IWM,0.16666666666666666
2014-05-08,QQQ,0.16666666666666666
2014-05-08,SPY,0.16666666666666666
2014-05-08,TLT,0.16666666666666666
2014-05-09,EEM,0.16666666666666666
2014-05-09,EFA,0.16666666666666666
2014-05-09,GLD,0
2014-05-09,IWM,0.16666666666666666
2014-05-09,QQQ,0.16666666666666666
2014-05-09,SPY,0.16666666666666666
2014-05-09,TLT,0.16666666666666666
2014-05-12,EEM,0.16666666666666666
2014-05-12,EFA,0.16666666666666666
2014-05-12,GLD,0
2014-05-12,IWM,0.16666666666666666
2014-05-12,QQQ,0.16666666666666666
2014-05-12,SPY,0.16666666666666666
2014-05-12,TLT,0.16666666666666666
2014-05-13,EEM,0.16666666666666666
2014-05-13,EFA,0.16666666666666666
2014-05-13,GLD,0
2014-05-13,IWM,0.16666666666666666
2014-05-13,QQQ,0.16666666666666666
2014-05-13,SPY,0.16666666666666666
2014-05-13,TLT,0.16666666666666666
2014-05-14,EEM,0.16666666666666666
2014-05-14,EFA,0.16666666666666666
2014-05-14,GLD,0.33333333333333331
2014-05-14,IWM,0
2014-05-14,QQQ,0
2014-05-14,SPY,0.16666666666666666
2014-05-14,TLT,0.16666666666666666
2014-05-15,EEM,0.16666666666666666
2014-05-15,EFA,0.16666666666666666
2014-05-15,GLD,0.33333333333333331
2014-05-15,IWM,0
2014-05-15,QQQ,0
2014-05-15,SPY,0.16666666666666666
2014-05-15,TLT,0.16666666666666666
2014-05-16,EEM,0.16666666666666666
2014-05-16,EFA,0.16666666666666666
2014-05-16,GLD,0.33333333333333331
2014-05-16,IWM,0
2014-05-16,QQQ,0
2014-05-16,SPY,0.16666666666666666
2014-05-16,TLT,0.16666666666666666
2014-05-19,EEM,0.16666666666666666
2014-05-19,EFA,0.16666666666666666
2014-05-19,GLD,0.33333333333333331
2014-05-19,IWM,0
2014-05-19,QQQ,0
2014-05-19,SPY,0.16666666666666666
2014-05-19,TLT,0.16666666666666666
2014-05-20,EEM,0.16666666666666666
2014-05-20,EFA,0.16666666666666666
2014-05-20,GLD,0.33333333333333331
2014-05-20,IWM,0
2014-05-20,QQQ,0
2014-05-20,SPY,0.16666666666666666
2014-05-20,TLT,0.16666666666666666
2014-05-21,EEM,0.16666666666666666
2014-05-21,EFA,0.16666666666666666
2014-05-21,GLD,0.33333333333333331
2014-05-21,IWM,0
2014-05-21,QQQ,0
2014-05-21,SPY,0.16666666666666666
2014-05-21,TLT,0.16666666666666666
2014-05-22,EEM,0.16666666666666666
2014-05-22,EFA,0.16666666666666666
2014-05-22,GLD,0.33333333333333331
2014-05-22,IWM,0
2014-05-22,QQQ,0
2014-05-22,SPY,0.16666666666666666
2014-05-22,TLT,0.16666666666666666
2014-05-23,EEM,0.16666666666666666
2014-05-23,EFA,0.16666666666666666
2014-05-23,GLD,0.33333333333333331
2014-05-23,IWM,0
2014-05-23,QQQ,0
2014-05-23,SPY,0.16666666666666666
2014-05-23,TLT,0.16666666666666666
2014-05-27,EEM,0.16666666666666666
2014-05-27,EFA,0.16666666666666666
2014-05-27,GLD,0.33333333333333331
2014-05-27,IWM,0
2014-05-27,QQQ,0
2014-05-27,SPY,0.16666666666666666
2014-05-27,TLT,0.16666666666666666
2014-05-28,EEM,0.16666666666666666
2014-05-28,EFA,0.16666666666666666
2014-05-28,GLD,0.33333333333333331
2014-05-28,IWM,0
2014-05-28,QQQ,0
2014-05-28,SPY,0.16666666666666666
2014-05-28,TLT,0.16666666666666666
2014-05-29,EEM,0.16666666666666666
2014-05-29,EFA,0.16666666666666666
2014-05-29,GLD,0.16666666666666666
2014-05-29,IWM,0
2014-05-29,QQQ,0.16666666666666666
2014-05-29,SPY,0.16666666666666666
2014-05-29,TLT,0.16666666666666666
2014-05-30,EEM,0.16666666666666666
2014-05-30,EFA,0.16666666666666666
2014-05-30,GLD,0.16666666666666666
2014-05-30,IWM,0
2014-05-30,QQQ,0.16666666666666666
2014-05-30,SPY,0.16666666666666666
2014-05-30,TLT,0.16666666666666666
2014-06-02,EEM,0.16666666666666666
2014-06-02,EFA,0.16666666666666666
2014-06-02,GLD,0.16666666666666666
2014-06-02,IWM,0
2014-06-02,QQQ,0.16666666666666666
2014-06-02,SPY,0.16666666666666666
2014-06-02,TLT,0.16666666666666666
2014-06-03,EEM,0.16666666666666666
2014-06-03,EFA,0.16666666666666666
2014-06-03,GLD,0.16666666666666666
2014-06-03,IWM,0
2014-06-03,QQQ,0.16666666666666666
2014-06-03,SPY,0.16666666666666666
2014-06-03,TLT,0.16666666666666666
2014-06-04,EEM,0.16666666666666666
2014-06-04,EFA,0.16666666666666666
2014-06-04,GLD,0.16666666666666666
2014-06-04,IWM,0
2014-06-04,QQQ,0.16666666666666666
2014-06-04,SPY,0.16666666666666666
2014-06-04,TLT,0.16666666666666666
2014-06-05,EEM,0.16666666666666666
2014-06-05,EFA,0.16666666666666666
2014-06-05,GLD,0.16666666666666666
2014-06-05,IWM,0
2014-06-05,QQQ,0.16666666666666666
2014-06-05,SPY,0.16666666666666666
2014-06-05,TLT,0.16666666666666666
2014-06-06,EEM,0.16666666666666666
2014-06-06,EFA,0.16666666666666666
2014-06-06,GLD,0.16666666666666666
2014-06-06,IWM,0
2014-06-06,QQQ,0.16666666666666666
2014-06-06,SPY,0.16666666666666666
2014-06-06,TLT,0.16666666666666666
2014-06-09,EEM,0.16666666666666666
2014-06-09,EFA,0.16666666666666666
2014-06-09,GLD,0.16666666666666666
2014-06-09,IWM,0
2014-06-09,QQQ,0.16666666666666666
2014-06-09,SPY,0.16666666666666666
2014-06-09,TLT,0.16666666666666666
2014-06-10,EEM,0.16666666666666666
2014-06-10,EFA,0.16666666666666666
2014-06-10,GLD,0.16666666666666666
2014-06-10,IWM,0
2014-06-10,QQQ,0.16666666666666666
2014-06-10,SPY,0.16666666666666666
2014-06-10,TLT,0.16666666666666666
2014-06-11,EEM,0.16666666666666666
2014-06-11,EFA,0.16666666666666666
2014-06-11,GLD,0.16666666666666666
2014-06-11,IWM,0
2014-06-11,QQQ,0.16666666666666666
2014-06-11,SPY,0.16666666666666666
2014-06-11,TLT,0.16666666666666666
2014-06-12,EEM,0.16666666666666666
2014-06-12,EFA,0.16666666666666666
2014-06-12,GLD,0.16666666666666666
2014-06-12,IWM,0
2014-06-12,QQQ,0.16666666666666666
2014-06-12,SPY,0.16666666666666666
2014-06-12,TLT,0.16666666666666666
2014-06-13,EEM,0.16666666666666666
2014-06-13,EFA,0.16666666666666666
2014-06-13,GLD,0.16666666666666666
2014-06-13,IWM,0
2014-06-13,QQQ,0.16666666666666666
2014-06-13,SPY,0.16666666666666666
2014-06-13,TLT,0.16666666666666666
2014-06-16,EEM,0.16666666666666666
2014-06-16,EFA,0.16666666666666666
2014-06-16,GLD,0.16666666666666666
2014-06-16,IWM,0
2014-06-16,QQQ,0.16666666666666666
2014-06-16,SPY,0.16666666666666666
2014-06-16,TLT,0.16666666666666666
2014-06-17,EEM,0.16666666666666666
2014-06-17,EFA,0.16666666666666666
2014-06-17,GLD,0.16666666666666666
2014-06-17,IWM,0
2014-06-17,QQQ,0.16666666666666666
2014-06-17,SPY,0.16666666666666666
2014-06-17,TLT,0.16666666666666666
2014-06-18,EEM,0.16666666666666666
2014-06-18,EFA,0.16666666666666666
2014-06-18,GLD,0.16666666666666666
2014-06-18,IWM,0
2014-06-18,QQQ,0.16666666666666666
2014-06-18,SPY,0.16666666666666666
2014-06-18,TLT,0.16666666666666666
2014-06-19,EEM,0.16666666666666666
2014-06-19,EFA,0.16666666666666666
2014-06-19,GLD,0.16666666666666666
2014-06-19,IWM,0
2014-06-19,QQQ,0.16666666666666666
2014-06-19,SPY,0.16666666666666666
2014-06-19,TLT,0.16666666666666666
2014-06-20,EEM,0.16666666666666666
2014-06-20,EFA,0.16666666666666666
2014-06-20,GLD,0.16666666666666666
2014-06-20,IWM,0
2014-06-20,QQQ,0.16666666666666666
2014-06-20,SPY,0.16666666666666666
2014-06-20,TLT,0.16666666666666666
2014-06-23,EEM,0.16666666666666666
2014-06-23,EFA,0.16666666666666666
2014-06-23,GLD,0.16666666666666666
2014-06-23,IWM,0
2014-06-23,QQQ,0.16666666666666666
2014-06-23,SPY,0.16666666666666666
2014-06-23,TLT,0.16666666666666666
2014-06-24,EEM,0.16666666666666666
2014-06-24,EFA,0.16666666666666666
2014-06-24,GLD,0.16666666666666666
2014-06-24,IWM,0
2014-06-24,QQQ,0.16666666666666666
2014-06-24,SPY,0.16666666666666666
2014-06-24,TLT,0.16666666666666666
2014-06-25,EEM,0.16666666666666666
2014-06-25,EFA,0.16666666666666666
2014-06-25,GLD,0.16666666666666666
2014-06-25,IWM,0
2014-06-25,QQQ,0.16666666666666666
2014-06-25,SPY,0.16666666666666666
2014-06-25,TLT,0.16666666666666666
2014-06-26,EEM,0.16666666666666666
2014-06-26,EFA,0.16666666666666666
2014-06-26,GLD,0
2014-06-26,IWM,0.16666666666666666
2014-06-26,QQQ,0.16666666666666666
2014-06-26,SPY,0.16666666666666666
2014-06-26,TLT,0.16666666666666666
2014-06-27,EEM,0.16666666666666666
2014-06-27,EFA,0.16666666666666666
2014-06-27,GLD,0
2014-06-27,IWM,0.16666666666666666
2014-06-27,QQQ,0.16666666666666666
2014-06-27,SPY,0.16666666666666666
2014-06-27,TLT,0.16666666666666666
2014-06-30,EEM,0.16666666666666666
2014-06-30,EFA,0.16666666666666666
2014-06-30,GLD,0
2014-06-30,IWM,0.16666666666666666
2014-06-30,QQQ,0.16666666666666666
2014-06-30,SPY,0.16666666666666666
2014-06-30,TLT,0.16666666666666666
2014-07-01,EEM,0.16666666666666666
2014-07-01,EFA,0.16666666666666666
2014-07-01,GLD,0
2014-07-01,IWM,0.16666666666666666
2014-07-01,QQQ,0.16666666666666666
2014-07-01,SPY,0.16666666666666666
2014-07-01,TLT,0.16666666666666666
2014-07-02,EEM,0.16666666666666666
2014-07-02,EFA,0.16666666666666666
2014-07-02,GLD,0
2014-07-02,IWM,0.16666666666666666
2014-07-02,QQQ,0.16666666666666666
2014-07-02,SPY,0.16666666666666666
2014-07-02,TLT,0.16666666666666666
2014-07-03,EEM,0.16666666666666666
2014-07-03,EFA,0.16666666666666666
2014-07-03,GLD,0
2014-07-03,IWM,0.16666666666666666
2014-07-03,QQQ,0.16666666666666666
2014-07-03,SPY,0.16666666666666666
2014-07-03,TLT,0.16666666666666666
2014-07-07,EEM,0.16666666666666666
2014-07-07,EFA,0.16666666666666666
2014-07-07,GLD,0
2014-07-07,IWM,0.16666666666666666
2014-07-07,QQQ,0.16666666666666666
2014-07-07,SPY,0.16666666666666666
2014-07-07,TLT,0.16666666666666666
2014-07-08,EEM,0.16666666666666666
2014-07-08,EFA,0.16666666666666666
2014-07-08,GLD,0
2014-07-08,IWM,0.16666666666666666
2014-07-08,QQQ,0.16666666666666666
2014-07-08,SPY,0.16666666666666666
2014-07-08,TLT,0.16666666666666666
2014-07-09,EEM,0.16666666666666666
2014-07-09,EFA,0.16666666666666666
2014-07-09,GLD,0
2014-07-09,IWM,0.16666666666666666
2014-07-09,QQQ,0.16666666666666666
2014-07-09,SPY,0.16666666666666666
2014-07-09,TLT,0.16666666666666666
2014-07-10,EEM,0.16666666666666666
2014-07-10,EFA,0.16666666666666666
2014-07-10,GLD,0
2014-07-10,IWM,0.16666666666666666
2014-07-10,QQQ,0.16666666666666666
2014-07-10,SPY,0.16666666666666666
2014-07-10,TLT,0.16666666666666666
2014-07-11,EEM,0.16666666666666666
2014-07-11,EFA,0.16666666666666666
2014-07-11,GLD,0
2014-07-11,IWM,0.16666666666666666
2014-07-11,QQQ,0.16666666666666666
2014-07-11,SPY,0.16666666666666666
2014-07-11,TLT,0.16666666666666666
2014-07-14,EEM,0.16666666666666666
2014-07-14,EFA,0.16666666666666666
2014-07-14,GLD,0
2014-07-14,IWM,0.16666666666666666
2014-07-14,QQQ,0.16666666666666666
2014-07-14,SPY,0.16666666666666666
2014-07-14,TLT,0.16666666666666666
2014-07-15,EEM,0.16666666666666666
2014-07-15,EFA,0.16666666666666666
2014-07-15,GLD,0
2014-07-15,IWM,0.16666666666666666
2014-07-15,QQQ,0.16666666666666666
2014-07-15,SPY,0.16666666666666666
2014-07-15,TLT,0.16666666666666666
2014-07-16,EEM,0.16666666666666666
2014-07-16,EFA,0.16666666666666666
2014-07-16,GLD,0
2014-07-16,IWM,0.16666666666666666
2014-07-16,QQQ,0.16666666666666666
2014-07-16,SPY,0.16666666666666666
2014-07-16,TLT,0.16666666666666666
2014-07-17,EEM,0.16666666666666666
2014-07-17,EFA,0.16666666666666666
2014-07-17,GLD,0
2014-07-17,IWM,0.16666666666666666
2014-07-17,QQQ,0.16666666666666666
2014-07-17,SPY,0.16666666666666666
2014-07-17,TLT,0.16666666666666666
2014-07-18,EEM,0.16666666666666666
2014-07-18,EFA,0.16666666666666666
2014-07-18,GLD,0
2014-07-18,IWM,0.16666666666666666
2014-07-18,QQQ,0.16666666666666666
2014-07-18,SPY,0.16666666666666666
2014-07-18,TLT,0.16666666666666666
2014-07-21,EEM,0.16666666666666666
2014-07-21,EFA,0.16666666666666666
2014-07-21,GLD,0
2014-07-21,IWM,0.16666666666666666
2014-07-21,QQQ,0.16666666666666666
2014-07-21,SPY,0.16666666666666666
2014-07-21,TLT,0.16666666666666666
2014-07-22,EEM,0.16666666666666666
2014-07-22,EFA,0.16666666666666666
2014-07-22,GLD,0
2014-07-22,IWM,0.16666666666666666
2014-07-22,QQQ,0.16666666666666666
2014-07-22,SPY,0.16666666666666666
2014-07-22,TLT,0.16666666666666666
2014-07-23,EEM,0.16666666666666666
2014-07-23,EFA,0.16666666666666666
2014-07-23,GLD,0
2014-07-23,IWM,0.16666666666666666
2014-07-23,QQQ,0.16666666666666666
2014-07-23,SPY,0.16666666666666666
2014-07-23,TLT,0.16666666666666666
2014-07-24,EEM,0.16666666666666666
2014-07-24,EFA,0.16666666666666666
2014-07-24,GLD,0
2014-07-24,IWM,0.16666666666666666
2014-07-24,QQQ,0.16666666666666666
2014-07-24,SPY,0.16666666666666666
2014-07-24,TLT,0.16666666666666666
2014-07-25,EEM,0.16666666666666666
2014-07-25,EFA,0.16666666666666666
2014-07-25,GLD,0
2014-07-25,IWM,0.16666666666666666
2014-07-25,QQQ,0.16666666666666666
2014-07-25,SPY,0.16666666666666666
2014-07-25,TLT,0.16666666666666666
2014-07-28,EEM,0.16666666666666666
2014-07-28,EFA,0.16666666666666666
2014-07-28,GLD,0
2014-07-28,IWM,0.16666666666666666
2014-07-28,QQQ,0.16666666666666666
2014-07-28,SPY,0.16666666666666666
2014-07-28,TLT,0.16666666666666666
2014-07-29,EEM,0.16666666666666666
2014-07-29,EFA,0.16666666666666666
2014-07-29,GLD,0
2014-07-29,IWM,0.16666666666666666
2014-07-29,QQQ,0.16666666666666666
2014-07-29,SPY,0.16666666666666666
2014-07-29,TLT,0.16666666666666666
2014-07-30,EEM,0.16666666666666666
2014-07-30,EFA,0.16666666666666666
2014-07-30,GLD,0
2014-07-30,IWM,0.16666666666666666
2014-07-30,QQQ,0.16666666666666666
2014-07-30,SPY,0.16666666666666666
2014-07-30,TLT,0.16666666666666666
2014-07-31,EEM,0.16666666666666666
2014-07-31,EFA,0.16666666666666666
2014-07-31,GLD,0
2014-07-31,IWM,0.16666666666666666
2014-07-31,QQQ,0.16666666666666666
2014-07-31,SPY,0.16666666666666666
2014-07-31,TLT,0.16666666666666666
2014-08-01,EEM,0.16666666666666666
2014-08-01,EFA,0
2014-08-01,GLD,0.33333333333333331
2014-08-01,IWM,0
2014-08-01,QQQ,0.16666666666666666
2014-08-01,SPY,0.16666666666666666
2014-08-01,TLT,0.16666666666666666
2014-08-04,EEM,0.16666666666666666
2014-08-04,EFA,0
2014-08-04,GLD,0.33333333333333331
2014-08-04,IWM,0
2014-08-04,QQQ,0.16666666666666666
2014-08-04,SPY,0.16666666666666666
2014-08-04,TLT,0.16666666666666666
2014-08-05,EEM,0.16666666666666666
2014-08-05,EFA,0
2014-08-05,GLD,0.33333333333333331
2014-08-05,IWM,0
2014-08-05,QQQ,0.16666666666666666
2014-08-05,SPY,0.16666666666666666
2014-08-05,TLT,0.16666666666666666
2014-08-06,EEM,0.16666666666666666
2014-08-06,EFA,0
2014-08-06,GLD,0.33333333333333331
2014-08-06,IWM,0
2014-08-06,QQQ,0.16666666666666666
2014-08-06,SPY,0.16666666666666666
2014-08-06,TLT,0.16666666666666666
2014-08-07,EEM,0.16666666666666666
2014-08-07,EFA,0
2014-08-07,GLD,0.33333333333333331
2014-08-07,IWM,0
2014-08-07,QQQ,0.16666666666666666
2014-08-07,SPY,0.16666666666666666
2014-08-07,TLT,0.16666666666666666
2014-08-08,EEM,0.16666666666666666
2014-08-08,EFA,0
2014-08-08,GLD,0.16666666666666666
2014-08-08,IWM,0.16666666666666666
2014-08-08,QQQ,0.16666666666666666
2014-08-08,SPY,0.16666666666666666
2014-08-08,TLT,0.16666666666666666
2014-08-11,EEM,0.16666666666666666
2014-08-11,EFA,0
2014-08-11,GLD,0.16666666666666666
2014-08-11,IWM,0.16666666666666666
2014-08-11,QQQ,0.16666666666666666
2014-08-11,SPY,0.16666666666666666
2014-08-11,TLT,0.16666666666666666
2014-08-12,EEM,0.16666666666666666
2014-08-12,EFA,0
2014-08-12,GLD,0.16666666666666666
2014-08-12,IWM,0.16666666666666666
2014-08-12,QQQ,0.16666666666666666
2014-08-12,SPY,0.16666666666666666
2014-08-12,TLT,0.16666666666666666
2014-08-13,EEM,0.16666666666666666
2014-08-13,EFA,0
2014-08-13,GLD,0.16666666666666666
2014-08-13,IWM,0.16666666666666666
2014-08-13,QQQ,0.16666666666666666
2014-08-13,SPY,0.16666666666666666
2014-08-13,TLT,0.16666666666666666
2014-08-14,EEM,0.16666666666666666
2014-08-14,EFA,0
2014-08-14,GLD,0.16666666666666666
2014-08-14,IWM,0.16666666666666666
2014-08-14,QQQ,0.16666666666666666
2014-08-14,SPY,0.16666666666666666
2014-08-14,TLT,0.16666666666666666
2014-08-15,EEM,0.16666666666666666
2014-08-15,EFA,0
2014-08-15,GLD,0.16666666666666666
2014-08-15,IWM,0.16666666666666666
2014-08-15,QQQ,0.16666666666666666
2014-08-15,SPY,0.16666666666666666
2014-08-15,TLT,0.16666666666666666
2014-08-18,EEM,0.16666666666666666
2014-08-18,EFA,0
2014-08-18,GLD,0.16666666666666666
2014-08-18,IWM,0.16666666666666666
2014-08-18,QQQ,0.16666666666666666
2014-08-18,SPY,0.16666666666666666
2014-08-18,TLT,0.16666666666666666
2014-08-19,EEM,0.16666666666666666
2014-08-19,EFA,0
2014-08-19,GLD,0.16666666666666666
2014-08-19,IWM,0.16666666666666666
2014-08-19,QQQ,0.16666666666666666
2014-08-19,SPY,0.16666666666666666
2014-08-19,TLT,0.16666666666666666
2014-08-20,EEM,0.16666666666666666
2014-08-20,EFA,0
2014-08-20,GLD,0.16666666666666666
2014-08-20,IWM,0.16666666666666666
2014-08-20,QQQ,0.16666666666666666
2014-08-20,SPY,0.16666666666666666
2014-08-20,TLT,0.16666666666666666
2014-08-21,EEM,0.16666666666666666
2014-08-21,EFA,0
2014-08-21,GLD,0.16666666666666666
2014-08-21,IWM,0.16666666666666666
2014-08-21,QQQ,0.16666666666666666
2014-08-21,SPY,0.16666666666666666
2014-08-21,TLT,0.16666666666666666
2014-08-22,EEM,0.16666666666666666
2014-08-22,EFA,0
2014-08-22,GLD,0.16666666666666666
2014-08-22,IWM,0.16666666666666666
2014-08-22,QQQ,0.16666666666666666
2014-08-22,SPY,0.16666666666666666
2014-08-22,TLT,0.16666666666666666
2014-08-25,EEM,0.16666666666666666
2014-08-25,EFA,0
2014-08-25,GLD,0.16666666666666666
2014-08-25,IWM,0.16666666666666666
2014-08-25,QQQ,0.16666666666666666
2014-08-25,SPY,0.16666666666666666
2014-08-25,TLT,0.16666666666666666
2014-08-26,EEM,0.16666666666666666
2014-08-26,EFA,0
2014-08-26,GLD,0.16666666666666666
2014-08-26,IWM,0.16666666666666666
2014-08-26,QQQ,0.16666666666666666
2014-08-26,SPY,0.16666666666666666
2014-08-26,TLT,0.16666666666666666
2014-08-27,EEM,0.16666666666666666
2014-08-27,EFA,0
2014-08-27,GLD,0.16666666666666666
2014-08-27,IWM,0.16666666666666666
2014-08-27,QQQ,0.16666666666666666
2014-08-27,SPY,0.16666666666666666
2014-08-27,TLT,0.16666666666666666
2014-08-28,EEM,0.16666666666666666
2014-08-28,EFA,0
2014-08-28,GLD,0.16666666666666666
2014-08-28,IWM,0.16666666666666666
2014-08-28,QQQ,0.16666666666666666
2014-08-28,SPY,0.16666666666666666
2014-08-28,TLT,0.16666666666666666
2014-08-29,EEM,0.16666666666666666
2014-08-29,EFA,0
2014-08-29,GLD,0.16666666666666666
2014-08-29,IWM,0.16666666666666666
2014-08-29,QQQ,0.16666666666666666
2014-08-29,SPY,0.16666666666666666
2014-08-29,TLT,0.16666666666666666
2014-09-02,EEM,0.16666666666666666
2014-09-02,EFA,0
2014-09-02,GLD,0.16666666666666666
2014-09-02,IWM,0.16666666666666666
2014-09-02,QQQ,0.16666666666666666
2014-09-02,SPY,0.16666666666666666
2014-09-02,TLT,0.16666666666666666
2014-09-03,EEM,0.16666666666666666
2014-09-03,EFA,0
2014-09-03,GLD,0.16666666666666666
2014-09-03,IWM,0.16666666666666666
2014-09-03,QQQ,0.16666666666666666
2014-09-03,SPY,0.16666666666666666
2014-09-03,TLT,0.16666666666666666
2014-09-04,EEM,0.16666666666666666
2014-09-04,EFA,0
2014-09-04,GLD,0.16666666666666666
2014-09-04,IWM,0.16666666666666666
2014-09-04,QQQ,0.16666666666666666
2014-09-04,SPY,0.16666666666666666
2014-09-04,TLT,0.16666666666666666
2014-09-05,EEM,0.16666666666666666
2014-09-05,EFA,0
2014-09-05,GLD,0.16666666666666666
2014-09-05,IWM,0.16666666666666666
2014-09-05,QQQ,0.16666666666666666
2014-09-05,SPY,0.16666666666666666
2014-09-05,TLT,0.16666666666666666
2014-09-08,EEM,0.16666666666666666
2014-09-08,EFA,0
2014-09-08,GLD,0.16666666666666666
2014-09-08,IWM,0.16666666666666666
2014-09-08,QQQ,0.16666666666666666
2014-09-08,SPY,0.16666666666666666
2014-09-08,TLT,0.16666666666666666
2014-09-09,EEM,0.16666666666666666
2014-09-09,EFA,0
2014-09-09,GLD,0.16666666666666666
2014-09-09,IWM,0.16666666666666666
2014-09-09,QQQ,0.16666666666666666
2014-09-09,SPY,0.16666666666666666
2014-09-09,TLT,0.16666666666666666
2014-09-10,EEM,0.16666666666666666
2014-09-10,EFA,0
2014-09-10,GLD,0.16666666666666666
2014-09-10,IWM,0.16666666666666666
2014-09-10,QQQ,0.16666666666666666
2014-09-10,SPY,0.16666666666666666
2014-09-10,TLT,0.16666666666666666
2014-09-11,EEM,0.16666666666666666
2014-09-11,EFA,0
2014-09-11,GLD,0.16666666666666666
2014-09-11,IWM,0.16666666666666666
2014-09-11,QQQ,0.16666666666666666
2014-09-11,SPY,0.16666666666666666
2014-09-11,TLT,0.16666666666666666
2014-09-12,EEM,0.16666666666666666
2014-09-12,EFA,0
2014-09-12,GLD,0.16666666666666666
2014-09-12,IWM,0.16666666666666666
2014-09-12,QQQ,0.16666666666666666
2014-09-12,SPY,0.16666666666666666
2014-09-12,TLT,0.16666666666666666
2014-09-15,EEM,0.16666666666666666
2014-09-15,EFA,0
2014-09-15,GLD,0.33333333333333331
2014-09-15,IWM,0
2014-09-15,QQQ,0.16666666666666666
2014-09-15,SPY,0.16666666666666666
2014-09-15,TLT,0.16666666666666666
2014-09-16,EEM,0.16666666666666666
2014-09-16,EFA,0
2014-09-16,GLD,0.33333333333333331
2014-09-16,IWM,0
2014-09-16,QQQ,0.16666666666666666
2014-09-16,SPY,0.16666666666666666
2014-09-16,TLT,0.16666666666666666
2014-09-17,EEM,0.16666666666666666
2014-09-17,EFA,0
2014-09-17,GLD,0.33333333333333331
2014-09-17,IWM,0
2014-09-17,QQQ,0.16666666666666666
2014-09-17,SPY,0.16666666666666666
2014-09-17,TLT,0.16666666666666666
2014-09-18,EEM,0.16666666666666666
2014-09-18,EFA,0
2014-09-18,GLD,0.33333333333333331
2014-09-18,IWM,0
2014-09-18,QQQ,0.16666666666666666
2014-09-18,SPY,0.16666666666666666
2014-09-18,TLT,0.16666666666666666
2014-09-19,EEM,0.16666666666666666
2014-09-19,EFA,0
2014-09-19,GLD,0.33333333333333331
2014-09-19,IWM,0
2014-09-19,QQQ,0.16666666666666666
2014-09-19,SPY,0.16666666666666666
2014-09-19,TLT,0.16666666666666666
2014-09-22,EEM,0
2014-09-22,EFA,0
2014-09-22,GLD,0.5
2014-09-22,IWM,0
2014-09-22,QQQ,0.16666666666666666
2014-09-22,SPY,0.16666666666666666
2014-09-22,TLT,0.16666666666666666
2014-09-23,EEM,0
2014-09-23,EFA,0
2014-09-23,GLD,0.5
2014-09-23,IWM,0
2014-09-23,QQQ,0.16666666666666666
2014-09-23,SPY,0.16666666666666666
2014-09-23,TLT,0.16666666666666666
2014-09-24,EEM,0
2014-09-24,EFA,0
2014-09-24,GLD,0.5
2014-09-24,IWM,0
2014-09-24,QQQ,0.16666666666666666
2014-09-24,SPY,0.16666666666666666
2014-09-24,TLT,0.16666666666666666
2014-09-25,EEM,0
2014-09-25,EFA,0
2014-09-25,GLD,0.5
2014-09-25,IWM,0
2014-09-25,QQQ,0.16666666666666666
2014-09-25,SPY,0.16666666666666666
2014-09-25,TLT,0.16666666666666666
2014-09-26,EEM,0
2014-09-26,EFA,0
2014-09-26,GLD,0.5
2014-09-26,IWM,0
2014-09-26,QQQ,0.16666666666666666
2014-09-26,SPY,0.16666666666666666
2014-09-26,TLT,0.16666666666666666
2014-09-29,EEM,0
2014-09-29,EFA,0
2014-09-29,GLD,0.5
2014-09-29,IWM,0
2014-09-29,QQQ,0.16666666666666666
2014-09-29,SPY,0.16666666666666666
2014-09-29,TLT,0.16666666666666666
2014-09-30,EEM,0
2014-09-30,EFA,0
2014-09-30,GLD,0.5
2014-09-30,IWM,0
2014-09-30,QQQ,0.16666666666666666
2014-09-30,SPY,0.16666666666666666
2014-09-30,TLT,0.16666666666666666
2014-10-01,EEM,0
2014-10-01,EFA,0
2014-10-01,GLD,0.5
2014-10-01,IWM,0
2014-10-01,QQQ,0.16666666666666666
2014-10-01,SPY,0.16666666666666666
2014-10-01,TLT,0.16666666666666666
2014-10-02,EEM,0
2014-10-02,EFA,0
2014-10-02,GLD,0.5
2014-10-02,IWM,0
2014-10-02,QQQ,0.16666666666666666
2014-10-02,SPY,0.16666666666666666
2014-10-02,TLT,0.16666666666666666
2014-10-03,EEM,0
2014-10-03,EFA,0
2014-10-03,GLD,0.5
2014-10-03,IWM,0
2014-10-03,QQQ,0.16666666666666666
2014-10-03,SPY,0.16666666666666666
2014-10-03,TLT,0.16666666666666666
2014-10-06,EEM,0
2014-10-06,EFA,0
2014-10-06,GLD,0.5
2014-10-06,IWM,0
2014-10-06,QQQ,0.16666666666666666
2014-10-06,SPY,0.16666666666666666
2014-10-06,TLT,0.16666666666666666
2014-10-07,EEM,0
2014-10-07,EFA,0
2014-10-07,GLD,0.5
2014-10-07,IWM,0
2014-10-07,QQQ,0.16666666666666666
2014-10-07,SPY,0.16666666666666666
2014-10-07,TLT,0.16666666666666666
2014-10-08,EEM,0
2014-10-08,EFA,0
2014-10-08,GLD,0.5
2014-10-08,IWM,0
2014-10-08,QQQ,0.16666666666666666
2014-10-08,SPY,0.16666666666666666
2014-10-08,TLT,0.16666666666666666
2014-10-09,EEM,0
2014-10-09,EFA,0
2014-10-09,GLD,0.5
2014-10-09,IWM,0
2014-10-09,QQQ,0.16666666666666666
2014-10-09,SPY,0.16666666666666666
2014-10-09,TLT,0.16666666666666666
2014-10-10,EEM,0
2014-10-10,EFA,0
2014-10-10,GLD,0.5
2014-10-10,IWM,0
2014-10-10,QQQ,0.16666666666666666
2014-10-10,SPY,0.16666666666666666
2014-10-10,TLT,0.16666666666666666
2014-10-13,EEM,0
2014-10-13,EFA,0
2014-10-13,GLD,0.83333333333333337
2014-10-13,IWM,0
2014-10-13,QQQ,0
2014-10-13,SPY,0
2014-10-13,TLT,0.16666666666666666
2014-10-14,EEM,0
2014-10-14,EFA,0
2014-10-14,GLD,0.83333333333333337
2014-10-14,IWM,0
2014-10-14,QQQ,0
2014-10-14,SPY,0
2014-10-14,TLT,0.16666666666666666
2014-10-15,EEM,0
2014-10-15,EFA,0
2014-10-15,GLD,0.83333333333333337
2014-10-15,IWM,0
2014-10-15,QQQ,0
2014-10-15,SPY,0
2014-10-15,TLT,0.16666666666666666
2014-10-16,EEM,0
2014-10-16,EFA,0
2014-10-16,GLD,0.83333333333333337
2014-10-16,IWM,0
2014-10-16,QQQ,0
2014-10-16,SPY,0
2014-10-16,TLT,0.16666666666666666
2014-10-17,EEM,0
2014-10-17,EFA,0
2014-10-17,GLD,0.83333333333333337
2014-10-17,IWM,0
2014-10-17,QQQ,0
2014-10-17,SPY,0
2014-10-17,TLT,0.16666666666666666
2014-10-20,EEM,0
2014-10-20,EFA,0
2014-10-20,GLD,0.83333333333333337
2014-10-20,IWM,0
2014-10-20,QQQ,0
2014-10-20,SPY,0
2014-10-20,TLT,0.16666666666666666
2014-10-21,EEM,0
2014-10-21,EFA,0
2014-10-21,GLD,0.83333333333333337
2014-10-21,IWM,0
2014-10-21,QQQ,0
2014-10-21,SPY,0
2014-10-21,TLT,0.16666666666666666
2014-10-22,EEM,0
2014-10-22,EFA,0
2014-10-22,GLD,0.83333333333333337
2014-10-22,IWM,0
2014-10-22,QQQ,0
2014-10-22,SPY,0
2014-10-22,TLT,0.16666666666666666
2014-10-23,EEM,0
2014-10-23,EFA,0
2014-10-23,GLD,0.83333333333333337
2014-10-23,IWM,0
2014-10-23,QQQ,0
2014-10-23,SPY,0
2014-10-23,TLT,0.16666666666666666
2014-10-24,EEM,0
2014-10-24,EFA,0
2014-10-24,GLD,0.83333333333333337
2014-10-24,IWM,0
2014-10-24,QQQ,0
2014-10-24,SPY,0
2014-10-24,TLT,0.16666666666666666
2014-10-27,EEM,0
2014-10-27,EFA,0
2014-10-27,GLD,0.5
2014-10-27,IWM,0
2014-10-27,QQQ,0.16666666666666666
2014-10-27,SPY,0.16666666666666666
2014-10-27,TLT,0.16666666666666666
2014-10-28,EEM,0
2014-10-28,EFA,0
2014-10-28,GLD,0.5
2014-10-28,IWM,0
2014-10-28,QQQ,0.16666666666666666
2014-10-28,SPY,0.16666666666666666
2014-10-28,TLT,0.16666666666666666
2014-10-29,EEM,0
2014-10-29,EFA,0
2014-10-29,GLD,0.5
2014-10-29,IWM,0
2014-10-29,QQQ,0.16666666666666666
2014-10-29,SPY,0.16666666666666666
2014-10-29,TLT,0.16666666666666666
2014-10-30,EEM,0
2014-10-30,EFA,0
2014-10-30,GLD,0.5
2014-10-30,IWM,0
2014-10-30,QQQ,0.16666666666666666
2014-10-30,SPY,0.16666666666666666
2014-10-30,TLT,0.16666666666666666
2014-10-31,EEM,0
2014-10-31,EFA,0
2014-10-31,GLD,0.5
2014-10-31,IWM,0
2014-10-31,QQQ,0.16666666666666666
2014-10-31,SPY,0.16666666666666666
2014-10-31,TLT,0.16666666666666666
2014-11-03,EEM,0
2014-11-03,EFA,0
2014-11-03,GLD,0.33333333333333331
2014-11-03,IWM,0.16666666666666666
2014-11-03,QQQ,0.16666666666666666
2014-11-03,SPY,0.16666666666666666
2014-11-03,TLT,0.16666666666666666
2014-11-04,EEM,0
2014-11-04,EFA,0
2014-11-04,GLD,0.33333333333333331
2014-11-04,IWM,0.16666666666666666
2014-11-04,QQQ,0.16666666666666666
2014-11-04,SPY,0.16666666666666666
2014-11-04,TLT,0.16666666666666666
2014-11-05,EEM,0
2014-11-05,EFA,0
2014-11-05,GLD,0.33333333333333331
2014-11-05,IWM,0.16666666666666666
2014-11-05,QQQ,0.16666666666666666
2014-11-05,SPY,0.16666666666666666
2014-11-05,TLT,0.16666666666666666
2014-11-06,EEM,0
2014-11-06,EFA,0
2014-11-06,GLD,0.33333333333333331
2014-11-06,IWM,0.16666666666666666
2014-11-06,QQQ,0.16666666666666666
2014-11-06,SPY,0.16666666666666666
2014-11-06,TLT,0.16666666666666666
2014-11-07,EEM,0
2014-11-07,EFA,0
2014-11-07,GLD,0.33333333333333331
2014-11-07,IWM,0.16666666666666666
2014-11-07,QQQ,0.16666666666666666
2014-11-07,SPY,0.16666666666666666
2014-11-07,TLT,0.16666666666666666
2014-11-10,EEM,0
2014-11-10,EFA,0
2014-11-10,GLD,0.33333333333333331
2014-11-10,IWM,0.16666666666666666
2014-11-10,QQQ,0.16666666666666666
2014-11-10,SPY,0.16666666666666666
2014-11-10,TLT,0.16666666666666666
2014-11-11,EEM,0
2014-11-11,EFA,0
2014-11-11,GLD,0.33333333333333331
2014-11-11,IWM,0.16666666666666666
2014-11-11,QQQ,0.16666666666666666
2014-11-11,SPY,0.16666666666666666
2014-11-11,TLT,0.16666666666666666
2014-11-12,EEM,0
2014-11-12,EFA,0
2014-11-12,GLD,0.33333333333333331
2014-11-12,IWM,0.16666666666666666
2014-11-12,QQQ,0.16666666666666666
2014-11-12,SPY,0.16666666666666666
2014-11-12,TLT,0.16666666666666666
2014-11-13,EEM,0
2014-11-13,EFA,0
2014-11-13,GLD,0.33333333333333331
2014-11-13,IWM,0.16666666666666666
2014-11-13,QQQ,0.16666666666666666
2014-11-13,SPY,0.16666666666666666
2014-11-13,TLT,0.16666666666666666
2014-11-14,EEM,0
2014-11-14,EFA,0
2014-11-14,GLD,0.33333333333333331
2014-11-14,IWM,0.16666666666666666
2014-11-14,QQQ,0.16666666666666666
2014-11-14,SPY,0.16666666666666666
2014-11-14,TLT,0.16666666666666666
2014-11-17,EEM,0
2014-11-17,EFA,0
2014-11-17,GLD,0.33333333333333331
2014-11-17,IWM,0.16666666666666666
2014-11-17,QQQ,0.16666666666666666
2014-11-17,SPY,0.16666666666666666
2014-11-17,TLT,0.16666666666666666
2014-11-18,EEM,0
2014-11-18,EFA,0
2014-11-18,GLD,0.33333333333333331
2014-11-18,IWM,0.16666666666666666
2014-11-18,QQQ,0.16666666666666666
2014-11-18,SPY,0.16666666666666666
2014-11-18,TLT,0.16666666666666666
2014-11-19,EEM,0
2014-11-19,EFA,0
2014-11-19,GLD,0.33333333333333331
2014-11-19,IWM,0.16666666666666666
2014-11-19,QQQ,0.16666666666666666
2014-11-19,SPY,0.16666666666666666
2014-11-19,TLT,0.16666666666666666
2014-11-20,EEM,0
2014-11-20,EFA,0
2014-11-20,GLD,0.33333333333333331
2014-11-20,IWM,0.16666666666666666
2014-11-20,QQQ,0.16666666666666666
2014-11-20,SPY,0.16666666666666666
2014-11-20,TLT,0.16666666666666666
2014-11-21,EEM,0
2014-11-21,EFA,0
2014-11-21,GLD,0.33333333333333331
2014-11-21,IWM,0.16666666666666666
2014-11-21,QQQ,0.16666666666666666
2014-11-21,SPY,0.16666666666666666
2014-11-21,TLT,0.16666666666666666
2014-11-24,EEM,0
2014-11-24,EFA,0
2014-11-24,GLD,0.33333333333333331
2014-11-24,IWM,0.16666666666666666
2014-11-24,QQQ,0.16666666666666666
2014-11-24,SPY,0.16666666666666666
2014-11-24,TLT,0.16666666666666666
2014-11-25,EEM,0
2014-11-25,EFA,0
2014-11-25,GLD,0.33333333333333331
2014-11-25,IWM,0.16666666666666666
2014-11-25,QQQ,0.16666666666666666
2014-11-25,SPY,0.16666666666666666
2014-11-25,TLT,0.16666666666666666
2014-11-26,EEM,0
2014-11-26,EFA,0
2014-11-26,GLD,0.33333333333333331
2014-11-26,IWM,0.16666666666666666
2014-11-26,QQQ,0.16666666666666666
2014-11-26,SPY,0.16666666666666666
2014-11-26,TLT,0.16666666666666666
2014-11-28,EEM,0
2014-11-28,EFA,0
2014-11-28,GLD,0.33333333333333331
2014-11-28,IWM,0.16666666666666666
2014-11-28,QQQ,0.16666666666666666
2014-11-28,SPY,0.16666666666666666
2014-11-28,TLT,0.16666666666666666
2014-12-01,EEM,0
2014-12-01,EFA,0
2014-12-01,GLD,0.33333333333333331
2014-12-01,IWM,0.16666666666666666
2014-12-01,QQQ,0.16666666666666666
2014-12-01,SPY,0.16666666666666666
2014-12-01,TLT,0.16666666666666666
2014-12-02,EEM,0
2014-12-02,EFA,0
2014-12-02,GLD,0.33333333333333331
2014-12-02,IWM,0.16666666666666666
2014-12-02,QQQ,0.16666666666666666
2014-12-02,SPY,0.16666666666666666
2014-12-02,TLT,0.16666666666666666
2014-12-03,EEM,0
2014-12-03,EFA,0
2014-12-03,GLD,0.33333333333333331
2014-12-03,IWM,0.16666666666666666
2014-12-03,QQQ,0.16666666666666666
2014-12-03,SPY,0.16666666666666666
2014-12-03,TLT,0.16666666666666666
2014-12-04,EEM,0
2014-12-04,EFA,0
2014-12-04,GLD,0.33333333333333331
2014-12-04,IWM,0.16666666666666666
2014-12-04,QQQ,0.16666666666666666
2014-12-04,SPY,0.16666666666666666
2014-12-04,TLT,0.16666666666666666
2014-12-05,EEM,0
2014-12-05,EFA,0
2014-12-05,GLD,0.33333333333333331
2014-12-05,IWM,0.16666666666666666
2014-12-05,QQQ,0.16666666666666666
2014-12-05,SPY,0.16666666666666666
2014-12-05,TLT,0.16666666666666666
2014-12-08,EEM,0
2014-12-08,EFA,0
2014-12-08,GLD,0.33333333333333331
2014-12-08,IWM,0.16666666666666666
2014-12-08,QQQ,0.16666666666666666
2014-12-08,SPY,0.16666666666666666
2014-12-08,TLT,0.16666666666666666
2014-12-09,EEM,0
2014-12-09,EFA,0
2014-12-09,GLD,0.33333333333333331
2014-12-09,IWM,0.16666666666666666
2014-12-09,QQQ,0.16666666666666666
2014-12-09,SPY,0.16666666666666666
2014-12-09,TLT,0.16666666666666666
2014-12-10,EEM,0
2014-12-10,EFA,0
2014-12-10,GLD,0.33333333333333331
2014-12-10,IWM,0.16666666666666666
2014-12-10,QQQ,0.16666666666666666
2014-12-10,SPY,0.16666666666666666
2014-12-10,TLT,0.16666666666666666
2014-12-11,EEM,0
2014-12-11,EFA,0
2014-12-11,GLD,0.33333333333333331
2014-12-11,IWM,0.16666666666666666
2014-12-11,QQQ,0.16666666666666666
2014-12-11,SPY,0.16666666666666666
2014-12-11,TLT,0.16666666666666666
2014-12-12,EEM,0
2014-12-12,EFA,0
2014-12-12,GLD,0.33333333333333331
2014-12-12,IWM,0.16666666666666666
2014-12-12,QQQ,0.16666666666666666
2014-12-12,SPY,0.16666666666666666
2014-12-12,TLT,0.16666666666666666
2014-12-15,EEM,0
2014-12-15,EFA,0
2014-12-15,GLD,0.33333333333333331
2014-12-15,IWM,0.16666666666666666
2014-12-15,QQQ,0.16666666666666666
2014-12-15,SPY,0.16666666666666666
2014-12-15,TLT,0.16666666666666666
2014-12-16,EEM,0
2014-12-16,EFA,0
2014-12-16,GLD,0.66666666666666663
2014-12-16,IWM,0
2014-12-16,QQQ,0.16666666666666666
2014-12-16,SPY,0
2014-12-16,TLT,0.16666666666666666
2014-12-17,EEM,0
2014-12-17,EFA,0
2014-12-17,GLD,0.66666666666666663
2014-12-17,IWM,0
2014-12-17,QQQ,0.16666666666666666
2014-12-17,SPY,0
2014-12-17,TLT,0.16666666666666666
2014-12-18,EEM,0
2014-12-18,EFA,0
2014-12-18,GLD,0.66666666666666663
2014-12-18,IWM,0
2014-12-18,QQQ,0.16666666666666666
2014-12-18,SPY,0
2014-12-18,TLT,0.16666666666666666
2014-12-19,EEM,0
2014-12-19,EFA,0
2014-12-19,GLD,0.66666666666666663
2014-12-19,IWM,0
2014-12-19,QQQ,0.16666666666666666
2014-12-19,SPY,0
2014-12-19,TLT,0.16666666666666666
2014-12-22,EEM,0
2014-12-22,EFA,0
2014-12-22,GLD,0.66666666666666663
2014-12-22,IWM,0
2014-12-22,QQQ,0.16666666666666666
2014-12-22,SPY,0
2014-12-22,TLT,0.16666666666666666
2014-12-23,EEM,0
2014-12-23,EFA,0
2014-12-23,GLD,0.33333333333333331
2014-12-23,IWM,0.16666666666666666
2014-12-23,QQQ,0.16666666666666666
2014-12-23,SPY,0.16666666666666666
2014-12-23,TLT,0.16666666666666666
2014-12-24,EEM,0
2014-12-24,EFA,0
2014-12-24,GLD,0.33333333333333331
2014-12-24,IWM,0.16666666666666666
2014-12-24,QQQ,0.16666666666666666
2014-12-24,SPY,0.16666666666666666
2014-12-24,TLT,0.16666666666666666
2014-12-26,EEM,0
2014-12-26,EFA,0
2014-12-26,GLD,0.33333333333333331
2014-12-26,IWM,0.16666666666666666
2014-12-26,QQQ,0.16666666666666666
2014-12-26,SPY,0.16666666666666666
2014-12-26,TLT,0.16666666666666666
2014-12-29,EEM,0
2014-12-29,EFA,0
2014-12-29,GLD,0.33333333333333331
2014-12-29,IWM,0.16666666666666666
2014-12-29,QQQ,0.16666666666666666
2014-12-29,SPY,0.16666666666666666
2014-12-29,TLT,0.16666666666666666
2014-12-30,EEM,0
2014-12-30,EFA,0
2014-12-30,GLD,0.33333333333333331
2014-12-30,IWM,0.16666666666666666
2014-12-30,QQQ,0.16666666666666666
2014-12-30,SPY,0.16666666666666666
2014-12-30,TLT,0.16666666666666666
2014-12-31,EEM,0
2014-12-31,EFA,0
2014-12-31,GLD,0.33333333333333331
2014-12-31,IWM,0.16666666666666666
2014-12-31,QQQ,0.16666666666666666
2014-12-31,SPY,0.16666666666666666
2014-12-31,TLT,0.16666666666666666
2015-01-02,EEM,0
2015-01-02,EFA,0
2015-01-02,GLD,0.33333333333333331
2015-01-02,IWM,0.16666666666666666
2015-01-02,QQQ,0.16666666666666666
2015-01-02,SPY,0.16666666666666666
2015-01-02,TLT,0.16666666666666666
2015-01-05,EEM,0
2015-01-05,EFA,0
2015-01-05,GLD,0.33333333333333331
2015-01-05,IWM,0.16666666666666666
2015-01-05,QQQ,0.16666666666666666
2015-01-05,SPY,0.16666666666666666
2015-01-05,TLT,0.16666666666666666
2015-01-06,EEM,0
2015-01-06,EFA,0
2015-01-06,GLD,0.33333333333333331
2015-01-06,IWM,0.16666666666666666
2015-01-06,QQQ,0.16666666666666666
2015-01-06,SPY,0.16666666666666666
2015-01-06,TLT,0.16666666666666666
2015-01-07,EEM,0
2015-01-07,EFA,0
2015-01-07,GLD,0.33333333333333331
2015-01-07,IWM,0.16666666666666666
2015-01-07,QQQ,0.16666666666666666
2015-01-07,SPY,0.16666666666666666
2015-01-07,TLT,0.16666666666666666
2015-01-08,EEM,0
2015-01-08,EFA,0
2015-01-08,GLD,0.33333333333333331
2015-01-08,IWM,0.16666666666666666
2015-01-08,QQQ,0.16666666666666666
2015-01-08,SPY,0.16666666666666666
2015-01-08,TLT,0.16666666666666666
2015-01-09,EEM,0
2015-01-09,EFA,0
2015-01-09,GLD,0.33333333333333331
2015-01-09,IWM,0.16666666666666666
2015-01-09,QQQ,0.16666666666666666
2015-01-09,SPY,0.16666666666666666
2015-01-09,TLT,0.16666666666666666
2015-01-12,EEM,0
2015-01-12,EFA,0
2015-01-12,GLD,0.33333333333333331
2015-01-12,IWM,0.16666666666666666
2015-01-12,QQQ,0.16666666666666666
2015-01-12,SPY,0.16666666666666666
2015-01-12,TLT,0.16666666666666666
2015-01-13,EEM,0
2015-01-13,EFA,0
2015-01-13,GLD,0.33333333333333331
2015-01-13,IWM,0.16666666666666666
2015-01-13,QQQ,0.16666666666666666
2015-01-13,SPY,0.16666666666666666
2015-01-13,TLT,0.16666666666666666
2015-01-14,EEM,0
2015-01-14,EFA,0
2015-01-14,GLD,0.33333333333333331
2015-01-14,IWM,0.16666666666666666
2015-01-14,QQQ,0.16666666666666666
2015-01-14,SPY,0.16666666666666666
2015-01-14,TLT,0.16666666666666666
2015-01-15,EEM,0
2015-01-15,EFA,0.16666666666666666
2015-01-15,GLD,0.16666666666666666
2015-01-15,IWM,0.16666666666666666
2015-01-15,QQQ,0.16666666666666666
2015-01-15,SPY,0.16666666666666666
2015-01-15,TLT,0.16666666666666666
2015-01-16,EEM,0
2015-01-16,EFA,0.16666666666666666
2015-01-16,GLD,0.16666666666666666
2015-01-16,IWM,0.16666666666666666
2015-01-16,QQQ,0.16666666666666666
2015-01-16,SPY,0.16666666666666666
2015-01-16,TLT,0.16666666666666666
2015-01-20,EEM,0
2015-01-20,EFA,0.16666666666666666
2015-01-20,GLD,0.16666666666666666
2015-01-20,IWM,0.16666666666666666
2015-01-20,QQQ,0.16666666666666666
2015-01-20,SPY,0.16666666666666666
2015-01-20,TLT,0.16666666666666666
2015-01-21,EEM,0
2015-01-21,EFA,0.16666666666666666
2015-01-21,GLD,0.16666666666666666
2015-01-21,IWM,0.16666666666666666
2015-01-21,QQQ,0.16666666666666666
2015-01-21,SPY,0.16666666666666666
2015-01-21,TLT,0.16666666666666666
2015-01-22,EEM,0
2015-01-22,EFA,0.16666666666666666
2015-01-22,GLD,0.16666666666666666
2015-01-22,IWM,0.16666666666666666
2015-01-22,QQQ,0.16666666666666666
2015-01-22,SPY,0.16666666666666666
2015-01-22,TLT,0.16666666666666666
2015-01-23,EEM,0.16666666666666666
2015-01-23,EFA,0.16666666666666666
2015-01-23,GLD,0
2015-01-23,IWM,0.16666666666666666
2015-01-23,QQQ,0.16666666666666666
2015-01-23,SPY,0.16666666666666666
2015-01-23,TLT,0.16666666666666666
2015-01-26,EEM,0.16666666666666666
2015-01-26,EFA,0.16666666666666666
2015-01-26,GLD,0
2015-01-26,IWM,0.16666666666666666
2015-01-26,QQQ,0.16666666666666666
2015-01-26,SPY,0.16666666666666666
2015-01-26,TLT,0.16666666666666666
2015-01-27,EEM,0.16666666666666666
2015-01-27,EFA,0.16666666666666666
2015-01-27,GLD,0
2015-01-27,IWM,0.16666666666666666
2015-01-27,QQQ,0.16666666666666666
2015-01-27,SPY,0.16666666666666666
2015-01-27,TLT,0.16666666666666666
2015-01-28,EEM,0.16666666666666666
2015-01-28,EFA,0.16666666666666666
2015-01-28,GLD,0
2015-01-28,IWM,0.16666666666666666
2015-01-28,QQQ,0.16666666666666666
2015-01-28,SPY,0.16666666666666666
2015-01-28,TLT,0.16666666666666666
2015-01-29,EEM,0.16666666666666666
2015-01-29,EFA,0.16666666666666666
2015-01-29,GLD,0
2015-01-29,IWM,0.16666666666666666
2015-01-29,QQQ,0.16666666666666666
2015-01-29,SPY,0.16666666666666666
2015-01-29,TLT,0.16666666666666666
2015-01-30,EEM,0
2015-01-30,EFA,0
2015-01-30,GLD,0.33333333333333331
2015-01-30,IWM,0.16666666666666666
2015-01-30,QQQ,0.16666666666666666
2015-01-30,SPY,0.16666666666666666
2015-01-30,TLT,0.16666666666666666
2015-02-02,EEM,0
2015-02-02,EFA,0
2015-02-02,GLD,0.33333333333333331
2015-02-02,IWM,0.16666666666666666
2015-02-02,QQQ,0.16666666666666666
2015-02-02,SPY,0.16666666666666666
2015-02-02,TLT,0.16666666666666666
2015-02-03,EEM,0
2015-02-03,EFA,0
2015-02-03,GLD,0.33333333333333331
2015-02-03,IWM,0.16666666666666666
2015-02-03,QQQ,0.16666666666666666
2015-02-03,SPY,0.16666666666666666
2015-02-03,TLT,0.16666666666666666
2015-02-04,EEM,0
2015-02-04,EFA,0
2015-02-04,GLD,0.33333333333333331
2015-02-04,IWM,0.16666666666666666
2015-02-04,QQQ,0.16666666666666666
2015-02-04,SPY,0.16666666666666666
2015-02-04,TLT,0.16666666666666666
2015-02-05,EEM,0
2015-02-05,EFA,0
2015-02-05,GLD,0.33333333333333331
2015-02-05,IWM,0.16666666666666666
2015-02-05,QQQ,0.16666666666666666
2015-02-05,SPY,0.16666666666666666
2015-02-05,TLT,0.16666666666666666
2015-02-06,EEM,0
2015-02-06,EFA,0
2015-02-06,GLD,0.33333333333333331
2015-02-06,IWM,0.16666666666666666
2015-02-06,QQQ,0.16666666666666666
2015-02-06,SPY,0.16666666666666666
2015-02-06,TLT,0.16666666666666666
2015-02-09,EEM,0
2015-02-09,EFA,0
2015-02-09,GLD,0.33333333333333331
2015-02-09,IWM,0.16666666666666666
2015-02-09,QQQ,0.16666666666666666
2015-02-09,SPY,0.16666666666666666
2015-02-09,TLT,0.16666666666666666
2015-02-10,EEM,0
2015-02-10,EFA,0
2015-02-10,GLD,0.33333333333333331
2015-02-10,IWM,0.16666666666666666
2015-02-10,QQQ,0.16666666666666666
2015-02-10,SPY,0.16666666666666666
2015-02-10,TLT,0.16666666666666666
2015-02-11,EEM,0
2015-02-11,EFA,0
2015-02-11,GLD,0.33333333333333331
2015-02-11,IWM,0.16666666666666666
2015-02-11,QQQ,0.16666666666666666
2015-02-11,SPY,0.16666666666666666
2015-02-11,TLT,0.16666666666666666
2015-02-12,EEM,0
2015-02-12,EFA,0
2015-02-12,GLD,0.33333333333333331
2015-02-12,IWM,0.16666666666666666
2015-02-12,QQQ,0.16666666666666666
2015-02-12,SPY,0.16666666666666666
2015-02-12,TLT,0.16666666666666666
2015-02-13,EEM,0.16666666666666666
2015-02-13,EFA,0.16666666666666666
2015-02-13,GLD,0
2015-02-13,IWM,0.16666666666666666
2015-02-13,QQQ,0.16666666666666666
2015-02-13,SPY,0.16666666666666666
2015-02-13,TLT,0.16666666666666666
2015-02-17,EEM,0.16666666666666666
2015-02-17,EFA,0.16666666666666666
2015-02-17,GLD,0
2015-02-17,IWM,0.16666666666666666
2015-02-17,QQQ,0.16666666666666666
2015-02-17,SPY,0.16666666666666666
2015-02-17,TLT,0.16666666666666666
2015-02-18,EEM,0.16666666666666666
2015-02-18,EFA,0.16666666666666666
2015-02-18,GLD,0
2015-02-18,IWM,0.16666666666666666
2015-02-18,QQQ,0.16666666666666666
2015-02-18,SPY,0.16666666666666666
2015-02-18,TLT,0.16666666666666666
2015-02-19,EEM,0.16666666666666666
2015-02-19,EFA,0.16666666666666666
2015-02-19,GLD,0
2015-02-19,IWM,0.16666666666666666
2015-02-19,QQQ,0.16666666666666666
2015-02-19,SPY,0.16666666666666666
2015-02-19,TLT,0.16666666666666666
2015-02-20,EEM,0.16666666666666666
2015-02-20,EFA,0.16666666666666666
2015-02-20,GLD,0
2015-02-20,IWM,0.16666666666666666
2015-02-20,QQQ,0.16666666666666666
2015-02-20,SPY,0.16666666666666666
2015-02-20,TLT,0.16666666666666666
2015-02-23,EEM,0
2015-02-23,EFA,0.16666666666666666
2015-02-23,GLD,0.16666666666666666
2015-02-23,IWM,0.16666666666666666
2015-02-23,QQQ,0.16666666666666666
2015-02-23,SPY,0.16666666666666666
2015-02-23,TLT,0.16666666666666666
2015-02-24,EEM,0
2015-02-24,EFA,0.16666666666666666
2015-02-24,GLD,0.16666666666666666
2015-02-24,IWM,0.16666666666666666
2015-02-24,QQQ,0.16666666666666666
2015-02-24,SPY,0.16666666666666666
2015-02-24,TLT,0.16666666666666666
2015-02-25,EEM,0
2015-02-25,EFA,0.16666666666666666
2015-02-25,GLD,0.16666666666666666
2015-02-25,IWM,0.16666666666666666
2015-02-25,QQQ,0.16666666666666666
2015-02-25,SPY,0.16666666666666666
2015-02-25,TLT,0.16666666666666666
2015-02-26,EEM,0
2015-02-26,EFA,0.16666666666666666
2015-02-26,GLD,0.16666666666666666
2015-02-26,IWM,0.16666666666666666
2015-02-26,QQQ,0.16666666666666666
2015-02-26,SPY,0.16666666666666666
2015-02-26,TLT,0.16666666666666666
2015-02-27,EEM,0
2015-02-27,EFA,0.16666666666666666
2015-02-27,GLD,0.16666666666666666
2015-02-27,IWM,0.16666666666666666
2015-02-27,QQQ,0.16666666666666666
2015-02-27,SPY,0.16666666666666666
2015-02-27,TLT,0.16666666666666666
2015-03-02,EEM,0
2015-03-02,EFA,0.16666666666666666
2015-03-02,GLD,0.16666666666666666
2015-03-02,IWM,0.16666666666666666
2015-03-02,QQQ,0.16666666666666666
2015-03-02,SPY,0.16666666666666666
2015-03-02,TLT,0.16666666666666666
2015-03-03,EEM,0
2015-03-03,EFA,0.16666666666666666
2015-03-03,GLD,0.16666666666666666
2015-03-03,IWM,0.16666666666666666
2015-03-03,QQQ,0.16666666666666666
2015-03-03,SPY,0.16666666666666666
2015-03-03,TLT,0.16666666666666666
2015-03-04,EEM,0
2015-03-04,EFA,0.16666666666666666
2015-03-04,GLD,0.16666666666666666
2015-03-04,IWM,0.16666666666666666
2015-03-04,QQQ,0.16666666666666666
2015-03-04,SPY,0.16666666666666666
2015-03-04,TLT,0.16666666666666666
2015-03-05,EEM,0
2015-03-05,EFA,0.16666666666666666
2015-03-05,GLD,0.16666666666666666
2015-03-05,IWM,0.16666666666666666
2015-03-05,QQQ,0.16666666666666666
2015-03-05,SPY,0.16666666666666666
2015-03-05,TLT,0.16666666666666666
2015-03-06,EEM,0
2015-03-06,EFA,0.16666666666666666
2015-03-06,GLD,0.16666666666666666
2015-03-06,IWM,0.16666666666666666
2015-03-06,QQQ,0.16666666666666666
2015-03-06,SPY,0.16666666666666666
2015-03-06,TLT,0.16666666666666666
2015-03-09,EEM,0
2015-03-09,EFA,0.16666666666666666
2015-03-09,GLD,0.16666666666666666
2015-03-09,IWM,0.16666666666666666
2015-03-09,QQQ,0.16666666666666666
2015-03-09,SPY,0.16666666666666666
2015-03-09,TLT,0.16666666666666666
2015-03-10,EEM,0
2015-03-10,EFA,0.16666666666666666
2015-03-10,GLD,0.16666666666666666
2015-03-10,IWM,0.16666666666666666
2015-03-10,QQQ,0.16666666666666666
2015-03-10,SPY,0.16666666666666666
2015-03-10,TLT,0.16666666666666666
2015-03-11,EEM,0
2015-03-11,EFA,0.16666666666666666
2015-03-11,GLD,0.16666666666666666
2015-03-11,IWM,0.16666666666666666
2015-03-11,QQQ,0.16666666666666666
2015-03-11,SPY,0.16666666666666666
2015-03-11,TLT,0.16666666666666666
2015-03-12,EEM,0
2015-03-12,EFA,0.16666666666666666
2015-03-12,GLD,0.16666666666666666
2015-03-12,IWM,0.16666666666666666
2015-03-12,QQQ,0.16666666666666666
2015-03-12,SPY,0.16666666666666666
2015-03-12,TLT,0.16666666666666666
2015-03-13,EEM,0
2015-03-13,EFA,0.16666666666666666
2015-03-13,GLD,0.16666666666666666
2015-03-13,IWM,0.16666666666666666
2015-03-13,QQQ,0.16666666666666666
2015-03-13,SPY,0.16666666666666666
2015-03-13,TLT,0.16666666666666666
2015-03-16,EEM,0.16666666666666666
2015-03-16,EFA,0.16666666666666666
2015-03-16,GLD,0
2015-03-16,IWM,0.16666666666666666
2015-03-16,QQQ,0.16666666666666666
2015-03-16,SPY,0.16666666666666666
2015-03-16,TLT,0.16666666666666666
2015-03-17,EEM,0.16666666666666666
2015-03-17,EFA,0.16666666666666666
2015-03-17,GLD,0
2015-03-17,IWM,0.16666666666666666
2015-03-17,QQQ,0.16666666666666666
2015-03-17,SPY,0.16666666666666666
2015-03-17,TLT,0.16666666666666666
2015-03-18,EEM,0.16666666666666666
2015-03-18,EFA,0.16666666666666666
2015-03-18,GLD,0
2015-03-18,IWM,0.16666666666666666
2015-03-18,QQQ,0.16666666666666666
2015-03-18,SPY,0.16666666666666666
2015-03-18,TLT,0.16666666666666666
2015-03-19,EEM,0.16666666666666666
2015-03-19,EFA,0.16666666666666666
2015-03-19,GLD,0
2015-03-19,IWM,0.16666666666666666
2015-03-19,QQQ,0.16666666666666666
2015-03-19,SPY,0.16666666666666666
2015-03-19,TLT,0.16666666666666666
2015-03-20,EEM,0.16666666666666666
2015-03-20,EFA,0.16666666666666666
2015-03-20,GLD,0
2015-03-20,IWM,0.16666666666666666
2015-03-20,QQQ,0.16666666666666666
2015-03-20,SPY,0.16666666666666666
2015-03-20,TLT,0.16666666666666666
2015-03-23,EEM,0.16666666666666666
2015-03-23,EFA,0.16666666666666666
2015-03-23,GLD,0
2015-03-23,IWM,0.16666666666666666
2015-03-23,QQQ,0.16666666666666666
2015-03-23,SPY,0.16666666666666666
2015-03-23,TLT,0.16666666666666666
2015-03-24,EEM,0.16666666666666666
2015-03-24,EFA,0.16666666666666666
2015-03-24,GLD,0
2015-03-24,IWM,0.16666666666666666
2015-03-24,QQQ,0.16666666666666666
2015-03-24,SPY,0.16666666666666666
2015-03-24,TLT,0.16666666666666666
2015-03-25,EEM,0.16666666666666666
2015-03-25,EFA,0.16666666666666666
2015-03-25,GLD,0
2015-03-25,IWM,0.16666666666666666
2015-03-25,QQQ,0.16666666666666666
2015-03-25,SPY,0.16666666666666666
2015-03-25,TLT,0.16666666666666666
2015-03-26,EEM,0.16666666666666666
2015-03-26,EFA,0.16666666666666666
2015-03-26,GLD,0
2015-03-26,IWM,0.16666666666666666
2015-03-26,QQQ,0.16666666666666666
2015-03-26,SPY,0.16666666666666666
2015-03-26,TLT,0.16666666666666666
2015-03-27,EEM,0.16666666666666666
2015-03-27,EFA,0.16666666666666666
2015-03-27,GLD,0
2015-03-27,IWM,0.16666666666666666
2015-03-27,QQQ,0.16666666666666666
2015-03-27,SPY,0.16666666666666666
2015-03-27,TLT,0.16666666666666666
2015-03-30,EEM,0.16666666666666666
2015-03-30,EFA,0.16666666666666666
2015-03-30,GLD,0
2015-03-30,IWM,0.16666666666666666
2015-03-30,QQQ,0.16666666666666666
2015-03-30,SPY,0.16666666666666666
2015-03-30,TLT,0.16666666666666666
2015-03-31,EEM,0.16666666666666666
2015-03-31,EFA,0.16666666666666666
2015-03-31,GLD,0
2015-03-31,IWM,0.16666666666666666
2015-03-31,QQQ,0.16666666666666666
2015-03-31,SPY,0.16666666666666666
2015-03-31,TLT,0.16666666666666666
2015-04-01,EEM,0.16666666666666666
2015-04-01,EFA,0.16666666666666666
2015-04-01,GLD,0
2015-04-01,IWM,0.16666666666666666
2015-04-01,QQQ,0.16666666666666666
2015-04-01,SPY,0.16666666666666666
2015-04-01,TLT,0.16666666666666666
2015-04-02,EEM,0.16666666666666666
2015-04-02,EFA,0.16666666666666666
2015-04-02,GLD,0
2015-04-02,IWM,0.16666666666666666
2015-04-02,QQQ,0.16666666666666666
2015-04-02,SPY,0.16666666666666666
2015-04-02,TLT,0.16666666666666666
2015-04-06,EEM,0.16666666666666666
2015-04-06,EFA,0.16666666666666666
2015-04-06,GLD,0
2015-04-06,IWM,0.16666666666666666
2015-04-06,QQQ,0.16666666666666666
2015-04-06,SPY,0.16666666666666666
2015-04-06,TLT,0.16666666666666666
2015-04-07,EEM,0.16666666666666666
2015-04-07,EFA,0.16666666666666666
2015-04-07,GLD,0
2015-04-07,IWM,0.16666666666666666
2015-04-07,QQQ,0.16666666666666666
2015-04-07,SPY,0.16666666666666666
2015-04-07,TLT,0.16666666666666666
2015-04-08,EEM,0.16666666666666666
2015-04-08,EFA,0.16666666666666666
2015-04-08,GLD,0
2015-04-08,IWM,0.16666666666666666
2015-04-08,QQQ,0.16666666666666666
2015-04-08,SPY,0.16666666666666666
2015-04-08,TLT,0.16666666666666666
2015-04-09,EEM,0.16666666666666666
2015-04-09,EFA,0.16666666666666666
2015-04-09,GLD,0
2015-04-09,IWM,0.16666666666666666
2015-04-09,QQQ,0.16666666666666666
2015-04-09,SPY,0.16666666666666666
2015-04-09,TLT,0.16666666666666666
2015-04-10,EEM,0.16666666666666666
2015-04-10,EFA,0.16666666666666666
2015-04-10,GLD,0
2015-04-10,IWM,0.16666666666666666
2015-04-10,QQQ,0.16666666666666666
2015-04-10,SPY,0.16666666666666666
2015-04-10,TLT,0.16666666666666666
2015-04-13,EEM,0.16666666666666666
2015-04-13,EFA,0.16666666666666666
2015-04-13,GLD,0
2015-04-13,IWM,0.16666666666666666
2015-04-13,QQQ,0.16666666666666666
2015-04-13,SPY,0.16666666666666666
2015-04-13,TLT,0.16666666666666666
2015-04-14,EEM,0.16666666666666666
2015-04-14,EFA,0.16666666666666666
2015-04-14,GLD,0.16666666666666666
2015-04-14,IWM,0.16666666666666666
2015-04-14,QQQ,0.16666666666666666
2015-04-14,SPY,0.16666666666666666
2015-04-14,TLT,0
2015-04-15,EEM,0.16666666666666666
2015-04-15,EFA,0.16666666666666666
2015-04-15,GLD,0.16666666666666666
2015-04-15,IWM,0.16666666666666666
2015-04-15,QQQ,0.16666666666666666
2015-04-15,SPY,0.16666666666666666
2015-04-15,TLT,0
2015-04-16,EEM,0.16666666666666666
2015-04-16,EFA,0.16666666666666666
2015-04-16,GLD,0.16666666666666666
2015-04-16,IWM,0.16666666666666666
2015-04-16,QQQ,0.16666666666666666
2015-04-16,SPY,0.16666666666666666
2015-04-16,TLT,0
2015-04-17,EEM,0.16666666666666666
2015-04-17,EFA,0.16666666666666666
2015-04-17,GLD,0.16666666666666666
2015-04-17,IWM,0.16666666666666666
2015-04-17,QQQ,0.16666666666666666
2015-04-17,SPY,0.16666666666666666
2015-04-17,TLT,0
2015-04-20,EEM,0.16666666666666666
2015-04-20,EFA,0.16666666666666666
2015-04-20,GLD,0.16666666666666666
2015-04-20,IWM,0.16666666666666666
2015-04-20,QQQ,0.16666666666666666
2015-04-20,SPY,0.16666666666666666
2015-04-20,TLT,0
2015-04-21,EEM,0.16666666666666666
2015-04-21,EFA,0.16666666666666666
2015-04-21,GLD,0.16666666666666666
2015-04-21,IWM,0.16666666666666666
2015-04-21,QQQ,0.16666666666666666
2015-04-21,SPY,0.16666666666666666
2015-04-21,TLT,0
2015-04-22,EEM,0.16666666666666666
2015-04-22,EFA,0.16666666666666666
2015-04-22,GLD,0.16666666666666666
2015-04-22,IWM,0.16666666666666666
2015-04-22,QQQ,0.16666666666666666
2015-04-22,SPY,0.16666666666666666
2015-04-22,TLT,0
2015-04-23,EEM,0.16666666666666666
2015-04-23,EFA,0.16666666666666666
2015-04-23,GLD,0.16666666666666666
2015-04-23,IWM,0.16666666666666666
2015-04-23,QQQ,0.16666666666666666
2015-04-23,SPY,0.16666666666666666
2015-04-23,TLT,0
2015-04-24,EEM,0.16666666666666666
2015-04-24,EFA,0.16666666666666666
2015-04-24,GLD,0.16666666666666666
2015-04-24,IWM,0.16666666666666666
2015-04-24,QQQ,0.16666666666666666
2015-04-24,SPY,0.16666666666666666
2015-04-24,TLT,0
2015-04-27,EEM,0.16666666666666666
2015-04-27,EFA,0.16666666666666666
2015-04-27,GLD,0.16666666666666666
2015-04-27,IWM,0.16666666666666666
2015-04-27,QQQ,0.16666666666666666
2015-04-27,SPY,0.16666666666666666
2015-04-27,TLT,0
2015-04-28,EEM,0.16666666666666666
2015-04-28,EFA,0.16666666666666666
2015-04-28,GLD,0.16666666666666666
2015-04-28,IWM,0.16666666666666666
2015-04-28,QQQ,0.16666666666666666
2015-04-28,SPY,0.16666666666666666
2015-04-28,TLT,0
2015-04-29,EEM,0.16666666666666666
2015-04-29,EFA,0.16666666666666666
2015-04-29,GLD,0.16666666666666666
2015-04-29,IWM,0.16666666666666666
2015-04-29,QQQ,0.16666666666666666
2015-04-29,SPY,0.16666666666666666
2015-04-29,TLT,0
2015-04-30,EEM,0.16666666666666666
2015-04-30,EFA,0.16666666666666666
2015-04-30,GLD,0.16666666666666666
2015-04-30,IWM,0.16666666666666666
2015-04-30,QQQ,0.16666666666666666
2015-04-30,SPY,0.16666666666666666
2015-04-30,TLT,0
2015-05-01,EEM,0.16666666666666666
2015-05-01,EFA,0.16666666666666666
2015-05-01,GLD,0.16666666666666666
2015-05-01,IWM,0.16666666666666666
2015-05-01,QQQ,0.16666666666666666
2015-05-01,SPY,0.16666666666666666
2015-05-01,TLT,0
2015-05-04,EEM,0.16666666666666666
2015-05-04,EFA,0.16666666666666666
2015-05-04,GLD,0.16666666666666666
2015-05-04,IWM,0.16666666666666666
2015-05-04,QQQ,0.16666666666666666
2015-05-04,SPY,0.16666666666666666
2015-05-04,TLT,0
2015-05-05,EEM,0.16666666666666666
2015-05-05,EFA,0.16666666666666666
2015-05-05,GLD,0.16666666666666666
2015-05-05,IWM,0.16666666666666666
2015-05-05,QQQ,0.16666666666666666
2015-05-05,SPY,0.16666666666666666
2015-05-05,TLT,0
2015-05-06,EEM,0.16666666666666666
2015-05-06,EFA,0.16666666666666666
2015-05-06,GLD,0.16666666666666666
2015-05-06,IWM,0.16666666666666666
2015-05-06,QQQ,0.16666666666666666
2015-05-06,SPY,0.16666666666666666
2015-05-06,TLT,0
2015-05-07,EEM,0.16666666666666666
2015-05-07,EFA,0.16666666666666666
2015-05-07,GLD,0.16666666666666666
2015-05-07,IWM,0.16666666666666666
2015-05-07,QQQ,0.16666666666666666
2015-05-07,SPY,0.16666666666666666
2015-05-07,TLT,0
2015-05-08,EEM,0.16666666666666666
2015-05-08,EFA,0.16666666666666666
2015-05-08,GLD,0.16666666666666666
2015-05-08,IWM,0.16666666666666666
2015-05-08,QQQ,0.16666666666666666
2015-05-08,SPY,0.16666666666666666
2015-05-08,TLT,0
2015-05-11,EEM,0.16666666666666666
2015-05-11,EFA,0.16666666666666666
2015-05-11,GLD,0.16666666666666666
2015-05-11,IWM,0.16666666666666666
2015-05-11,QQQ,0.16666666666666666
2015-05-11,SPY,0.16666666666666666
2015-05-11,TLT,0
2015-05-12,EEM,0.16666666666666666
2015-05-12,EFA,0.16666666666666666
2015-05-12,GLD,0.16666666666666666
2015-05-12,IWM,0.16666666666666666
2015-05-12,QQQ,0.16666666666666666
2015-05-12,SPY,0.16666666666666666
2015-05-12,TLT,0
2015-05-13,EEM,0.16666666666666666
2015-05-13,EFA,0.16666666666666666
2015-05-13,GLD,0.16666666666666666
2015-05-13,IWM,0.16666666666666666
2015-05-13,QQQ,0.16666666666666666
2015-05-13,SPY,0.16666666666666666
2015-05-13,TLT,0
2015-05-14,EEM,0.16666666666666666
2015-05-14,EFA,0.16666666666666666
2015-05-14,GLD,0.16666666666666666
2015-05-14,IWM,0.16666666666666666
2015-05-14,QQQ,0.16666666666666666
2015-05-14,SPY,0.16666666666666666
2015-05-14,TLT,0
2015-05-15,EEM,0.16666666666666666
2015-05-15,EFA,0.16666666666666666
2015-05-15,GLD,0.16666666666666666
2015-05-15,IWM,0.16666666666666666
2015-05-15,QQQ,0.16666666666666666
2015-05-15,SPY,0.16666666666666666
2015-05-15,TLT,0
2015-05-18,EEM,0.16666666666666666
2015-05-18,EFA,0.16666666666666666
2015-05-18,GLD,0.16666666666666666
2015-05-18,IWM,0.16666666666666666
2015-05-18,QQQ,0.16666666666666666
2015-05-18,SPY,0.16666666666666666
2015-05-18,TLT,0
2015-05-19,EEM,0.16666666666666666
2015-05-19,EFA,0.16666666666666666
2015-05-19,GLD,0.16666666666666666
2015-05-19,IWM,0.16666666666666666
2015-05-19,QQQ,0.16666666666666666
2015-05-19,SPY,0.16666666666666666
2015-05-19,TLT,0
2015-05-20,EEM,0.16666666666666666
2015-05-20,EFA,0.16666666666666666
2015-05-20,GLD,0.16666666666666666
2015-05-20,IWM,0.16666666666666666
2015-05-20,QQQ,0.16666666666666666
2015-05-20,SPY,0.16666666666666666
2015-05-20,TLT,0
2015-05-21,EEM,0.16666666666666666
2015-05-21,EFA,0.16666666666666666
2015-05-21,GLD,0.16666666666666666
2015-05-21,IWM,0.16666666666666666
2015-05-21,QQQ,0.16666666666666666
2015-05-21,SPY,0.16666666666666666
2015-05-21,TLT,0
2015-05-22,EEM,0.16666666666666666
2015-05-22,EFA,0.16666666666666666
2015-05-22,GLD,0.16666666666666666
2015-05-22,IWM,0.16666666666666666
2015-05-22,QQQ,0.16666666666666666
2015-05-22,SPY,0.16666666666666666
2015-05-22,TLT,0
2015-05-26,EEM,0.16666666666666666
2015-05-26,EFA,0.16666666666666666
2015-05-26,GLD,0.16666666666666666
2015-05-26,IWM,0.16666666666666666
2015-05-26,QQQ,0.16666666666666666
2015-05-26,SPY,0.16666666666666666
2015-05-26,TLT,0
2015-05-27,EEM,0.16666666666666666
2015-05-27,EFA,0.16666666666666666
2015-05-27,GLD,0.16666666666666666
2015-05-27,IWM,0.16666666666666666
2015-05-27,QQQ,0.16666666666666666
2015-05-27,SPY,0.16666666666666666
2015-05-27,TLT,0
2015-05-28,EEM,0.16666666666666666
2015-05-28,EFA,0.16666666666666666
2015-05-28,GLD,0.16666666666666666
2015-05-28,IWM,0.16666666666666666
2015-05-28,QQQ,0.16666666666666666
2015-05-28,SPY,0.16666666666666666
2015-05-28,TLT,0
2015-05-29,EEM,0.16666666666666666
2015-05-29,EFA,0.16666666666666666
2015-05-29,GLD,0.16666666666666666
2015-05-29,IWM,0.16666666666666666
2015-05-29,QQQ,0.16666666666666666
2015-05-29,SPY,0.16666666666666666
2015-05-29,TLT,0
2015-06-01,EEM,0.16666666666666666
2015-06-01,EFA,0.16666666666666666
2015-06-01,GLD,0.16666666666666666
2015-06-01,IWM,0.16666666666666666
2015-06-01,QQQ,0.16666666666666666
2015-06-01,SPY,0.16666666666666666
2015-06-01,TLT,0
2015-06-02,EEM,0.16666666666666666
2015-06-02,EFA,0.16666666666666666
2015-06-02,GLD,0.16666666666666666
2015-06-02,IWM,0.16666666666666666
2015-06-02,QQQ,0.16666666666666666
2015-06-02,SPY,0.16666666666666666
2015-06-02,TLT,0
2015-06-03,EEM,0.16666666666666666
2015-06-03,EFA,0.16666666666666666
2015-06-03,GLD,0.16666666666666666
2015-06-03,IWM,0.16666666666666666
2015-06-03,QQQ,0.16666666666666666
2015-06-03,SPY,0.16666666666666666
2015-06-03,TLT,0
2015-06-04,EEM,0.16666666666666666
2015-06-04,EFA,0.16666666666666666
2015-06-04,GLD,0.16666666666666666
2015-06-04,IWM,0.16666666666666666
2015-06-04,QQQ,0.16666666666666666
2015-06-04,SPY,0.16666666666666666
2015-06-04,TLT,0
2015-06-05,EEM,0.16666666666666666
2015-06-05,EFA,0.16666666666666666
2015-06-05,GLD,0.16666666666666666
2015-06-05,IWM,0.16666666666666666
2015-06-05,QQQ,0.16666666666666666
2015-06-05,SPY,0.16666666666666666
2015-06-05,TLT,0
2015-06-08,EEM,0.16666666666666666
2015-06-08,EFA,0.16666666666666666
2015-06-08,GLD,0.16666666666666666
2015-06-08,IWM,0.16666666666666666
2015-06-08,QQQ,0.16666666666666666
2015-06-08,SPY,0.16666666666666666
2015-06-08,TLT,0
2015-06-09,EEM,0.16666666666666666
2015-06-09,EFA,0.16666666666666666
2015-06-09,GLD,0.16666666666666666
2015-06-09,IWM,0.16666666666666666
2015-06-09,QQQ,0.16666666666666666
2015-06-09,SPY,0.16666666666666666
2015-06-09,TLT,0
2015-06-10,EEM,0.16666666666666666
2015-06-10,EFA,0.16666666666666666
2015-06-10,GLD,0.16666666666666666
2015-06-10,IWM,0.16666666666666666
2015-06-10,QQQ,0.16666666666666666
2015-06-10,SPY,0.16666666666666666
2015-06-10,TLT,0
2015-06-11,EEM,0.16666666666666666
2015-06-11,EFA,0.16666666666666666
2015-06-11,GLD,0.16666666666666666
2015-06-11,IWM,0.16666666666666666
2015-06-11,QQQ,0.16666666666666666
2015-06-11,SPY,0.16666666666666666
2015-06-11,TLT,0
2015-06-12,EEM,0.16666666666666666
2015-06-12,EFA,0.16666666666666666
2015-06-12,GLD,0.16666666666666666
2015-06-12,IWM,0.16666666666666666
2015-06-12,QQQ,0.16666666666666666
2015-06-12,SPY,0.16666666666666666
2015-06-12,TLT,0
2015-06-15,EEM,0.16666666666666666
2015-06-15,EFA,0.16666666666666666
2015-06-15,GLD,0.16666666666666666
2015-06-15,IWM,0.16666666666666666
2015-06-15,QQQ,0.16666666666666666
2015-06-15,SPY,0.16666666666666666
2015-06-15,TLT,0
2015-06-16,EEM,0.16666666666666666
2015-06-16,EFA,0.16666666666666666
2015-06-16,GLD,0.16666666666666666
2015-06-16,IWM,0.16666666666666666
2015-06-16,QQQ,0.16666666666666666
2015-06-16,SPY,0.16666666666666666
2015-06-16,TLT,0
2015-06-17,EEM,0
2015-06-17,EFA,0.16666666666666666
2015-06-17,GLD,0.33333333333333331
2015-06-17,IWM,0.16666666666666666
2015-06-17,QQQ,0.16666666666666666
2015-06-17,SPY,0.16666666666666666
2015-06-17,TLT,0
2015-06-18,EEM,0
2015-06-18,EFA,0.16666666666666666
2015-06-18,GLD,0.33333333333333331
2015-06-18,IWM,0.16666666666666666
2015-06-18,QQQ,0.16666666666666666
2015-06-18,SPY,0.16666666666666666
2015-06-18,TLT,0
2015-06-19,EEM,0
2015-06-19,EFA,0.16666666666666666
2015-06-19,GLD,0.33333333333333331
2015-06-19,IWM,0.16666666666666666
2015-06-19,QQQ,0.16666666666666666
2015-06-19,SPY,0.16666666666666666
2015-06-19,TLT,0
2015-06-22,EEM,0
2015-06-22,EFA,0.16666666666666666
2015-06-22,GLD,0.33333333333333331
2015-06-22,IWM,0.16666666666666666
2015-06-22,QQQ,0.16666666666666666
2015-06-22,SPY,0.16666666666666666
2015-06-22,TLT,0
2015-06-23,EEM,0
2015-06-23,EFA,0.16666666666666666
2015-06-23,GLD,0.33333333333333331
2015-06-23,IWM,0.16666666666666666
2015-06-23,QQQ,0.16666666666666666
2015-06-23,SPY,0.16666666666666666
2015-06-23,TLT,0
2015-06-24,EEM,0.16666666666666666
2015-06-24,EFA,0.16666666666666666
2015-06-24,GLD,0.16666666666666666
2015-06-24,IWM,0.16666666666666666
2015-06-24,QQQ,0.16666666666666666
2015-06-24,SPY,0.16666666666666666
2015-06-24,TLT,0
2015-06-25,EEM,0.16666666666666666
2015-06-25,EFA,0.16666666666666666
2015-06-25,GLD,0.16666666666666666
2015-06-25,IWM,0.16666666666666666
2015-06-25,QQQ,0.16666666666666666
2015-06-25,SPY,0.16666666666666666
2015-06-25,TLT,0
2015-06-26,EEM,0.16666666666666666
2015-06-26,EFA,0.16666666666666666
2015-06-26,GLD,0.16666666666666666
2015-06-26,IWM,0.16666666666666666
2015-06-26,QQQ,0.16666666666666666
2015-06-26,SPY,0.16666666666666666
2015-06-26,TLT,0
2015-06-29,EEM,0.16666666666666666
2015-06-29,EFA,0.16666666666666666
2015-06-29,GLD,0.16666666666666666
2015-06-29,IWM,0.16666666666666666
2015-06-29,QQQ,0.16666666666666666
2015-06-29,SPY,0.16666666666666666
2015-06-29,TLT,0
2015-06-30,EEM,0.16666666666666666
2015-06-30,EFA,0.16666666666666666
2015-06-30,GLD,0.16666666666666666
2015-06-30,IWM,0.16666666666666666
2015-06-30,QQQ,0.16666666666666666
2015-06-30,SPY,0.16666666666666666
2015-06-30,TLT,0
2015-07-01,EEM,0
2015-07-01,EFA,0.16666666666666666
2015-07-01,GLD,0.33333333333333331
2015-07-01,IWM,0.16666666666666666
2015-07-01,QQQ,0.16666666666666666
2015-07-01,SPY,0.16666666666666666
2015-07-01,TLT,0
2015-07-02,EEM,0
2015-07-02,EFA,0.16666666666666666
2015-07-02,GLD,0.33333333333333331
2015-07-02,IWM,0.16666666666666666
2015-07-02,QQQ,0.16666666666666666
2015-07-02,SPY,0.16666666666666666
2015-07-02,TLT,0
2015-07-06,EEM,0
2015-07-06,EFA,0.16666666666666666
2015-07-06,GLD,0.33333333333333331
2015-07-06,IWM,0.16666666666666666
2015-07-06,QQQ,0.16666666666666666
2015-07-06,SPY,0.16666666666666666
2015-07-06,TLT,0
2015-07-07,EEM,0
2015-07-07,EFA,0.16666666666666666
2015-07-07,GLD,0.33333333333333331
2015-07-07,IWM,0.16666666666666666
2015-07-07,QQQ,0.16666666666666666
2015-07-07,SPY,0.16666666666666666
2015-07-07,TLT,0
2015-07-08,EEM,0
2015-07-08,EFA,0.16666666666666666
2015-07-08,GLD,0.33333333333333331
2015-07-08,IWM,0.16666666666666666
2015-07-08,QQQ,0.16666666666666666
2015-07-08,SPY,0.16666666666666666
2015-07-08,TLT,0
2015-07-09,EEM,0
2015-07-09,EFA,0
2015-07-09,GLD,1
2015-07-09,IWM,0
2015-07-09,QQQ,0
2015-07-09,SPY,0
2015-07-09,TLT,0
2015-07-10,EEM,0
2015-07-10,EFA,0
2015-07-10,GLD,1
2015-07-10,IWM,0
2015-07-10,QQQ,0
2015-07-10,SPY,0
2015-07-10,TLT,0
2015-07-13,EEM,0
2015-07-13,EFA,0
2015-07-13,GLD,1
2015-07-13,IWM,0
2015-07-13,QQQ,0
2015-07-13,SPY,0
2015-07-13,TLT,0
2015-07-14,EEM,0
2015-07-14,EFA,0
2015-07-14,GLD,1
2015-07-14,IWM,0
2015-07-14,QQQ,0
2015-07-14,SPY,0
2015-07-14,TLT,0
2015-07-15,EEM,0
2015-07-15,EFA,0
2015-07-15,GLD,1
2015-07-15,IWM,0
2015-07-15,QQQ,0
2015-07-15,SPY,0
2015-07-15,TLT,0
2015-07-16,EEM,0
2015-07-16,EFA,0
2015-07-16,GLD,0.5
2015-07-16,IWM,0.16666666666666666
2015-07-16,QQQ,0.16666666666666666
2015-07-16,SPY,0.16666666666666666
2015-07-16,TLT,0
2015-07-17,EEM,0
2015-07-17,EFA,0
2015-07-17,GLD,0.5
2015-07-17,IWM,0.16666666666666666
2015-07-17,QQQ,0.16666666666666666
2015-07-17,SPY,0.16666666666666666
2015-07-17,TLT,0
2015-07-20,EEM,0
2015-07-20,EFA,0
2015-07-20,GLD,0.5
2015-07-20,IWM,0.16666666666666666
2015-07-20,QQQ,0.16666666666666666
2015-07-20,SPY,0.16666666666666666
2015-07-20,TLT,0
2015-07-21,EEM,0
2015-07-21,EFA,0
2015-07-21,GLD,0.5
2015-07-21,IWM,0.16666666666666666
2015-07-21,QQQ,0.16666666666666666
2015-07-21,SPY,0.16666666666666666
2015-07-21,TLT,0
2015-07-22,EEM,0
2015-07-22,EFA,0
2015-07-22,GLD,0.5
2015-07-22,IWM,0.16666666666666666
2015-07-22,QQQ,0.16666666666666666
2015-07-22,SPY,0.16666666666666666
2015-07-22,TLT,0
2015-07-23,EEM,0
2015-07-23,EFA,0
2015-07-23,GLD,0.66666666666666663
2015-07-23,IWM,0
2015-07-23,QQQ,0.16666666666666666
2015-07-23,SPY,0.16666666666666666
2015-07-23,TLT,0
2015-07-24,EEM,0
2015-07-24,EFA,0
2015-07-24,GLD,0.66666666666666663
2015-07-24,IWM,0
2015-07-24,QQQ,0.16666666666666666
2015-07-24,SPY,0.16666666666666666
2015-07-24,TLT,0
2015-07-27,EEM,0
2015-07-27,EFA,0
2015-07-27,GLD,0.66666666666666663
2015-07-27,IWM,0
2015-07-27,QQQ,0.16666666666666666
2015-07-27,SPY,0.16666666666666666
2015-07-27,TLT,0
2015-07-28,EEM,0
2015-07-28,EFA,0
2015-07-28,GLD,0.66666666666666663
2015-07-28,IWM,0
2015-07-28,QQQ,0.16666666666666666
2015-07-28,SPY,0.16666666666666666
2015-07-28,TLT,0
2015-07-29,EEM,0
2015-07-29,EFA,0
2015-07-29,GLD,0.66666666666666663
2015-07-29,IWM,0
2015-07-29,QQQ,0.16666666666666666
2015-07-29,SPY,0.16666666666666666
2015-07-29,TLT,0
2015-07-30,EEM,0
2015-07-30,EFA,0
2015-07-30,GLD,0.5
2015-07-30,IWM,0.16666666666666666
2015-07-30,QQQ,0.16666666666666666
2015-07-30,SPY,0.16666666666666666
2015-07-30,TLT,0
2015-07-31,EEM,0
2015-07-31,EFA,0
2015-07-31,GLD,0.5
2015-07-31,IWM,0.16666666666666666
2015-07-31,QQQ,0.16666666666666666
2015-07-31,SPY,0.16666666666666666
2015-07-31,TLT,0
2015-08-03,EEM,0
2015-08-03,EFA,0
2015-08-03,GLD,0.5
2015-08-03,IWM,0.16666666666666666
2015-08-03,QQQ,0.16666666666666666
2015-08-03,SPY,0.16666666666666666
2015-08-03,TLT,0
2015-08-04,EEM,0
2015-08-04,EFA,0
2015-08-04,GLD,0.5
2015-08-04,IWM,0.16666666666666666
2015-08-04,QQQ,0.16666666666666666
2015-08-04,SPY,0.16666666666666666
2015-08-04,TLT,0
2015-08-05,EEM,0
2015-08-05,EFA,0
2015-08-05,GLD,0.5
2015-08-05,IWM,0.16666666666666666
2015-08-05,QQQ,0.16666666666666666
2015-08-05,SPY,0.16666666666666666
2015-08-05,TLT,0
2015-08-06,EEM,0
2015-08-06,EFA,0
2015-08-06,GLD,0.5
2015-08-06,IWM,0
2015-08-06,QQQ,0.16666666666666666
2015-08-06,SPY,0.16666666666666666
2015-08-06,TLT,0.16666666666666666
2015-08-07,EEM,0
2015-08-07,EFA,0
2015-08-07,GLD,0.5
2015-08-07,IWM,0
2015-08-07,QQQ,0.16666666666666666
2015-08-07,SPY,0.16666666666666666
2015-08-07,TLT,0.16666666666666666
2015-08-10,EEM,0
2015-08-10,EFA,0
2015-08-10,GLD,0.5
2015-08-10,IWM,0
2015-08-10,QQQ,0.16666666666666666
2015-08-10,SPY,0.16666666666666666
2015-08-10,TLT,0.16666666666666666
2015-08-11,EEM,0
2015-08-11,EFA,0
2015-08-11,GLD,0.5
2015-08-11,IWM,0
2015-08-11,QQQ,0.16666666666666666
2015-08-11,SPY,0.16666666666666666
2015-08-11,TLT,0.16666666666666666
2015-08-12,EEM,0
2015-08-12,EFA,0
2015-08-12,GLD,0.5
2015-08-12,IWM,0
2015-08-12,QQQ,0.16666666666666666
2015-08-12,SPY,0.16666666666666666
2015-08-12,TLT,0.16666666666666666
2015-08-13,EEM,0
2015-08-13,EFA,0
2015-08-13,GLD,0.66666666666666663
2015-08-13,IWM,0
2015-08-13,QQQ,0.16666666666666666
2015-08-13,SPY,0
2015-08-13,TLT,0.16666666666666666
2015-08-14,EEM,0
2015-08-14,EFA,0
2015-08-14,GLD,0.66666666666666663
2015-08-14,IWM,0
2015-08-14,QQQ,0.16666666666666666
2015-08-14,SPY,0
2015-08-14,TLT,0.16666666666666666
2015-08-17,EEM,0
2015-08-17,EFA,0
2015-08-17,GLD,0.66666666666666663
2015-08-17,IWM,0
2015-08-17,QQQ,0.16666666666666666
2015-08-17,SPY,0
2015-08-17,TLT,0.16666666666666666
2015-08-18,EEM,0
2015-08-18,EFA,0
2015-08-18,GLD,0.66666666666666663
2015-08-18,IWM,0
2015-08-18,QQQ,0.16666666666666666
2015-08-18,SPY,0
2015-08-18,TLT,0.16666666666666666
2015-08-19,EEM,0
2015-08-19,EFA,0
2015-08-19,GLD,0.66666666666666663
2015-08-19,IWM,0
2015-08-19,QQQ,0.16666666666666666
2015-08-19,SPY,0
2015-08-19,TLT,0.16666666666666666
2015-08-20,EEM,0
2015-08-20,EFA,0
2015-08-20,GLD,0.83333333333333337
2015-08-20,IWM,0
2015-08-20,QQQ,0
2015-08-20,SPY,0
2015-08-20,TLT,0.16666666666666666
2015-08-21,EEM,0
2015-08-21,EFA,0
2015-08-21,GLD,0.83333333333333337
2015-08-21,IWM,0
2015-08-21,QQQ,0
2015-08-21,SPY,0
2015-08-21,TLT,0.16666666666666666
2015-08-24,EEM,0
2015-08-24,EFA,0
2015-08-24,GLD,0.83333333333333337
2015-08-24,IWM,0
2015-08-24,QQQ,0
2015-08-24,SPY,0
2015-08-24,TLT,0.16666666666666666
2015-08-25,EEM,0
2015-08-25,EFA,0
2015-08-25,GLD,0.83333333333333337
2015-08-25,IWM,0
2015-08-25,QQQ,0
2015-08-25,SPY,0
2015-08-25,TLT,0.16666666666666666
2015-08-26,EEM,0
2015-08-26,EFA,0
2015-08-26,GLD,0.83333333333333337
2015-08-26,IWM,0
2015-08-26,QQQ,0
2015-08-26,SPY,0
2015-08-26,TLT,0.16666666666666666
2015-08-27,EEM,0
2015-08-27,EFA,0
2015-08-27,GLD,0.83333333333333337
2015-08-27,IWM,0
2015-08-27,QQQ,0
2015-08-27,SPY,0
2015-08-27,TLT,0.16666666666666666
2015-08-28,EEM,0
2015-08-28,EFA,0
2015-08-28,GLD,0.83333333333333337
2015-08-28,IWM,0
2015-08-28,QQQ,0
2015-08-28,SPY,0
2015-08-28,TLT,0.16666666666666666
2015-08-31,EEM,0
2015-08-31,EFA,0
2015-08-31,GLD,0.83333333333333337
2015-08-31,IWM,0
2015-08-31,QQQ,0
2015-08-31,SPY,0
2015-08-31,TLT,0.16666666666666666
2015-09-01,EEM,0
2015-09-01,EFA,0
2015-09-01,GLD,0.83333333333333337
2015-09-01,IWM,0
2015-09-01,QQQ,0
2015-09-01,SPY,0
2015-09-01,TLT,0.16666666666666666
2015-09-02,EEM,0
2015-09-02,EFA,0
2015-09-02,GLD,0.83333333333333337
2015-09-02,IWM,0
2015-09-02,QQQ,0
2015-09-02,SPY,0
2015-09-02,TLT,0.16666666666666666
2015-09-03,EEM,0
2015-09-03,EFA,0
2015-09-03,GLD,0.83333333333333337
2015-09-03,IWM,0
2015-09-03,QQQ,0
2015-09-03,SPY,0
2015-09-03,TLT,0.16666666666666666
2015-09-04,EEM,0
2015-09-04,EFA,0
2015-09-04,GLD,0.83333333333333337
2015-09-04,IWM,0
2015-09-04,QQQ,0
2015-09-04,SPY,0
2015-09-04,TLT,0.16666666666666666
2015-09-08,EEM,0
2015-09-08,EFA,0
2015-09-08,GLD,0.83333333333333337
2015-09-08,IWM,0
2015-09-08,QQQ,0
2015-09-08,SPY,0
2015-09-08,TLT,0.16666666666666666
2015-09-09,EEM,0
2015-09-09,EFA,0
2015-09-09,GLD,0.83333333333333337
2015-09-09,IWM,0
2015-09-09,QQQ,0
2015-09-09,SPY,0
2015-09-09,TLT,0.16666666666666666
2015-09-10,EEM,0
2015-09-10,EFA,0
2015-09-10,GLD,0.83333333333333337
2015-09-10,IWM,0
2015-09-10,QQQ,0
2015-09-10,SPY,0
2015-09-10,TLT,0.16666666666666666
2015-09-11,EEM,0
2015-09-11,EFA,0
2015-09-11,GLD,0.83333333333333337
2015-09-11,IWM,0
2015-09-11,QQQ,0
2015-09-11,SPY,0
2015-09-11,TLT,0.16666666666666666
2015-09-14,EEM,0
2015-09-14,EFA,0
2015-09-14,GLD,0.83333333333333337
2015-09-14,IWM,0
2015-09-14,QQQ,0
2015-09-14,SPY,0
2015-09-14,TLT,0.16666666666666666
2015-09-15,EEM,0
2015-09-15,EFA,0
2015-09-15,GLD,0.83333333333333337
2015-09-15,IWM,0
2015-09-15,QQQ,0
2015-09-15,SPY,0
2015-09-15,TLT,0.16666666666666666
2015-09-16,EEM,0
2015-09-16,EFA,0
2015-09-16,GLD,0.83333333333333337
2015-09-16,IWM,0
2015-09-16,QQQ,0
2015-09-16,SPY,0
2015-09-16,TLT,0.16666666666666666
2015-09-17,EEM,0
2015-09-17,EFA,0
2015-09-17,GLD,0.83333333333333337
2015-09-17,IWM,0
2015-09-17,QQQ,0
2015-09-17,SPY,0
2015-09-17,TLT,0.16666666666666666
2015-09-18,EEM,0
2015-09-18,EFA,0
2015-09-18,GLD,0.83333333333333337
2015-09-18,IWM,0
2015-09-18,QQQ,0
2015-09-18,SPY,0
2015-09-18,TLT,0.16666666666666666
2015-09-21,EEM,0
2015-09-21,EFA,0
2015-09-21,GLD,0.83333333333333337
2015-09-21,IWM,0
2015-09-21,QQQ,0
2015-09-21,SPY,0
2015-09-21,TLT,0.16666666666666666
2015-09-22,EEM,0
2015-09-22,EFA,0
2015-09-22,GLD,0.83333333333333337
2015-09-22,IWM,0
2015-09-22,QQQ,0
2015-09-22,SPY,0
2015-09-22,TLT,0.16666666666666666
2015-09-23,EEM,0
2015-09-23,EFA,0
2015-09-23,GLD,0.83333333333333337
2015-09-23,IWM,0
2015-09-23,QQQ,0
2015-09-23,SPY,0
2015-09-23,TLT,0.16666666666666666
2015-09-24,EEM,0
2015-09-24,EFA,0
2015-09-24,GLD,0.83333333333333337
2015-09-24,IWM,0
2015-09-24,QQQ,0
2015-09-24,SPY,0
2015-09-24,TLT,0.16666666666666666
2015-09-25,EEM,0
2015-09-25,EFA,0
2015-09-25,GLD,0.83333333333333337
2015-09-25,IWM,0
2015-09-25,QQQ,0
2015-09-25,SPY,0
2015-09-25,TLT,0.16666666666666666
2015-09-28,EEM,0
2015-09-28,EFA,0
2015-09-28,GLD,0.83333333333333337
2015-09-28,IWM,0
2015-09-28,QQQ,0
2015-09-28,SPY,0
2015-09-28,TLT,0.16666666666666666
2015-09-29,EEM,0
2015-09-29,EFA,0
2015-09-29,GLD,0.83333333333333337
2015-09-29,IWM,0
2015-09-29,QQQ,0
2015-09-29,SPY,0
2015-09-29,TLT,0.16666666666666666
2015-09-30,EEM,0
2015-09-30,EFA,0
2015-09-30,GLD,0.83333333333333337
2015-09-30,IWM,0
2015-09-30,QQQ,0
2015-09-30,SPY,0
2015-09-30,TLT,0.16666666666666666
2015-10-01,EEM,0
2015-10-01,EFA,0
2015-10-01,GLD,0.83333333333333337
2015-10-01,IWM,0
2015-10-01,QQQ,0
2015-10-01,SPY,0
2015-10-01,TLT,0.16666666666666666
2015-10-02,EEM,0
2015-10-02,EFA,0
2015-10-02,GLD,0.83333333333333337
2015-10-02,IWM,0
2015-10-02,QQQ,0
2015-10-02,SPY,0
2015-10-02,TLT,0.16666666666666666
2015-10-05,EEM,0
2015-10-05,EFA,0
2015-10-05,GLD,0.83333333333333337
2015-10-05,IWM,0
2015-10-05,QQQ,0
2015-10-05,SPY,0
2015-10-05,TLT,0.16666666666666666
2015-10-06,EEM,0
2015-10-06,EFA,0
2015-10-06,GLD,0.83333333333333337
2015-10-06,IWM,0
2015-10-06,QQQ,0
2015-10-06,SPY,0
2015-10-06,TLT,0.16666666666666666
2015-10-07,EEM,0
2015-10-07,EFA,0
2015-10-07,GLD,0.83333333333333337
2015-10-07,IWM,0
2015-10-07,QQQ,0
2015-10-07,SPY,0
2015-10-07,TLT,0.16666666666666666
2015-10-08,EEM,0
2015-10-08,EFA,0
2015-10-08,GLD,0.83333333333333337
2015-10-08,IWM,0
2015-10-08,QQQ,0
2015-10-08,SPY,0
2015-10-08,TLT,0.16666666666666666
2015-10-09,EEM,0
2015-10-09,EFA,0
2015-10-09,GLD,0.83333333333333337
2015-10-09,IWM,0
2015-10-09,QQQ,0
2015-10-09,SPY,0
2015-10-09,TLT,0.16666666666666666
2015-10-12,EEM,0
2015-10-12,EFA,0
2015-10-12,GLD,0.83333333333333337
2015-10-12,IWM,0
2015-10-12,QQQ,0
2015-10-12,SPY,0
2015-10-12,TLT,0.16666666666666666
2015-10-13,EEM,0
2015-10-13,EFA,0
2015-10-13,GLD,0.83333333333333337
2015-10-13,IWM,0
2015-10-13,QQQ,0
2015-10-13,SPY,0
2015-10-13,TLT,0.16666666666666666
2015-10-14,EEM,0
2015-10-14,EFA,0
2015-10-14,GLD,0.83333333333333337
2015-10-14,IWM,0
2015-10-14,QQQ,0
2015-10-14,SPY,0
2015-10-14,TLT,0.16666666666666666
2015-10-15,EEM,0
2015-10-15,EFA,0
2015-10-15,GLD,0.83333333333333337
2015-10-15,IWM,0
2015-10-15,QQQ,0
2015-10-15,SPY,0
2015-10-15,TLT,0.16666666666666666
2015-10-16,EEM,0
2015-10-16,EFA,0
2015-10-16,GLD,0.83333333333333337
2015-10-16,IWM,0
2015-10-16,QQQ,0
2015-10-16,SPY,0
2015-10-16,TLT,0.16666666666666666
2015-10-19,EEM,0
2015-10-19,EFA,0
2015-10-19,GLD,0.83333333333333337
2015-10-19,IWM,0
2015-10-19,QQQ,0
2015-10-19,SPY,0
2015-10-19,TLT,0.16666666666666666
2015-10-20,EEM,0
2015-10-20,EFA,0
2015-10-20,GLD,0.83333333333333337
2015-10-20,IWM,0
2015-10-20,QQQ,0
2015-10-20,SPY,0
2015-10-20,TLT,0.16666666666666666
2015-10-21,EEM,0
2015-10-21,EFA,0
2015-10-21,GLD,0.83333333333333337
2015-10-21,IWM,0
2015-10-21,QQQ,0
2015-10-21,SPY,0
2015-10-21,TLT,0.16666666666666666
2015-10-22,EEM,0
2015-10-22,EFA,0
2015-10-22,GLD,0.83333333333333337
2015-10-22,IWM,0
2015-10-22,QQQ,0
2015-10-22,SPY,0
2015-10-22,TLT,0.16666666666666666
2015-10-23,EEM,0
2015-10-23,EFA,0
2015-10-23,GLD,0.5
2015-10-23,IWM,0
2015-10-23,QQQ,0.16666666666666666
2015-10-23,SPY,0.16666666666666666
2015-10-23,TLT,0.16666666666666666
2015-10-26,EEM,0
2015-10-26,EFA,0
2015-10-26,GLD,0.5
2015-10-26,IWM,0
2015-10-26,QQQ,0.16666666666666666
2015-10-26,SPY,0.16666666666666666
2015-10-26,TLT,0.16666666666666666
2015-10-27,EEM,0
2015-10-27,EFA,0
2015-10-27,GLD,0.5
2015-10-27,IWM,0
2015-10-27,QQQ,0.16666666666666666
2015-10-27,SPY,0.16666666666666666
2015-10-27,TLT,0.16666666666666666
2015-10-28,EEM,0
2015-10-28,EFA,0
2015-10-28,GLD,0.5
2015-10-28,IWM,0
2015-10-28,QQQ,0.16666666666666666
2015-10-28,SPY,0.16666666666666666
2015-10-28,TLT,0.16666666666666666
2015-10-29,EEM,0
2015-10-29,EFA,0
2015-10-29,GLD,0.5
2015-10-29,IWM,0
2015-10-29,QQQ,0.16666666666666666
2015-10-29,SPY,0.16666666666666666
2015-10-29,TLT,0.16666666666666666
2015-10-30,EEM,0
2015-10-30,EFA,0
2015-10-30,GLD,0.83333333333333337
2015-10-30,IWM,0
2015-10-30,QQQ,0.16666666666666666
2015-10-30,SPY,0
2015-10-30,TLT,0
2015-11-02,EEM,0
2015-11-02,EFA,0
2015-11-02,GLD,0.83333333333333337
2015-11-02,IWM,0
2015-11-02,QQQ,0.16666666666666666
2015-11-02,SPY,0
2015-11-02,TLT,0
2015-11-03,EEM,0
2015-11-03,EFA,0
2015-11-03,GLD,0.83333333333333337
2015-11-03,IWM,0
2015-11-03,QQQ,0.16666666666666666
2015-11-03,SPY,0
2015-11-03,TLT,0
2015-11-04,EEM,0
2015-11-04,EFA,0
2015-11-04,GLD,0.83333333333333337
2015-11-04,IWM,0
2015-11-04,QQQ,0.16666666666666666
2015-11-04,SPY,0
2015-11-04,TLT,0
2015-11-05,EEM,0
2015-11-05,EFA,0
2015-11-05,GLD,0.83333333333333337
2015-11-05,IWM,0
2015-11-05,QQQ,0.16666666666666666
2015-11-05,SPY,0
2015-11-05,TLT,0
2015-11-06,EEM,0
2015-11-06,EFA,0
2015-11-06,GLD,0.66666666666666663
2015-11-06,IWM,0
2015-11-06,QQQ,0.16666666666666666
2015-11-06,SPY,0.16666666666666666
2015-11-06,TLT,0
2015-11-09,EEM,0
2015-11-09,EFA,0
2015-11-09,GLD,0.66666666666666663
2015-11-09,IWM,0
2015-11-09,QQQ,0.16666666666666666
2015-11-09,SPY,0.16666666666666666
2015-11-09,TLT,0
2015-11-10,EEM,0
2015-11-10,EFA,0
2015-11-10,GLD,0.66666666666666663
2015-11-10,IWM,0
2015-11-10,QQQ,0.16666666666666666
2015-11-10,SPY,0.16666666666666666
2015-11-10,TLT,0
2015-11-11,EEM,0
2015-11-11,EFA,0
2015-11-11,GLD,0.66666666666666663
2015-11-11,IWM,0
2015-11-11,QQQ,0.16666666666666666
2015-11-11,SPY,0.16666666666666666
2015-11-11,TLT,0
2015-11-12,EEM,0
2015-11-12,EFA,0
2015-11-12,GLD,0.66666666666666663
2015-11-12,IWM,0
2015-11-12,QQQ,0.16666666666666666
2015-11-12,SPY,0.16666666666666666
2015-11-12,TLT,0
2015-11-13,EEM,0
2015-11-13,EFA,0
2015-11-13,GLD,1
2015-11-13,IWM,0
2015-11-13,QQQ,0
2015-11-13,SPY,0
2015-11-13,TLT,0
2015-11-16,EEM,0
2015-11-16,EFA,0
2015-11-16,GLD,1
2015-11-16,IWM,0
2015-11-16,QQQ,0
2015-11-16,SPY,0
2015-11-16,TLT,0
2015-11-17,EEM,0
2015-11-17,EFA,0
2015-11-17,GLD,1
2015-11-17,IWM,0
2015-11-17,QQQ,0
2015-11-17,SPY,0
2015-11-17,TLT,0
2015-11-18,EEM,0
2015-11-18,EFA,0
2015-11-18,GLD,1
2015-11-18,IWM,0
2015-11-18,QQQ,0
2015-11-18,SPY,0
2015-11-18,TLT,0
2015-11-19,EEM,0
2015-11-19,EFA,0
2015-11-19,GLD,1
2015-11-19,IWM,0
2015-11-19,QQQ,0
2015-11-19,SPY,0
2015-11-19,TLT,0
2015-11-20,EEM,0.16666666666666666
2015-11-20,EFA,0.16666666666666666
2015-11-20,GLD,0.16666666666666666
2015-11-20,IWM,0.16666666666666666
2015-11-20,QQQ,0.16666666666666666
2015-11-20,SPY,0.16666666666666666
2015-11-20,TLT,0
2015-11-23,EEM,0.16666666666666666
2015-11-23,EFA,0.16666666666666666
2015-11-23,GLD,0.16666666666666666
2015-11-23,IWM,0.16666666666666666
2015-11-23,QQQ,0.16666666666666666
2015-11-23,SPY,0.16666666666666666
2015-11-23,TLT,0
2015-11-24,EEM,0.16666666666666666
2015-11-24,EFA,0.16666666666666666
2015-11-24,GLD,0.16666666666666666
2015-11-24,IWM,0.16666666666666666
2015-11-24,QQQ,0.16666666666666666
2015-11-24,SPY,0.16666666666666666
2015-11-24,TLT,0
2015-11-25,EEM,0.16666666666666666
2015-11-25,EFA,0.16666666666666666
2015-11-25,GLD,0.16666666666666666
2015-11-25,IWM,0.16666666666666666
2015-11-25,QQQ,0.16666666666666666
2015-11-25,SPY,0.16666666666666666
2015-11-25,TLT,0
2015-11-27,EEM,0.16666666666666666
2015-11-27,EFA,0.16666666666666666
2015-11-27,GLD,0.16666666666666666
2015-11-27,IWM,0.16666666666666666
2015-11-27,QQQ,0.16666666666666666
2015-11-27,SPY,0.16666666666666666
2015-11-27,TLT,0
2015-11-30,EEM,0.16666666666666666
2015-11-30,EFA,0.16666666666666666
2015-11-30,GLD,0
2015-11-30,IWM,0.16666666666666666
2015-11-30,QQQ,0.16666666666666666
2015-11-30,SPY,0.16666666666666666
2015-11-30,TLT,0.16666666666666666
2015-12-01,EEM,0.16666666666666666
2015-12-01,EFA,0.16666666666666666
2015-12-01,GLD,0
2015-12-01,IWM,0.16666666666666666
2015-12-01,QQQ,0.16666666666666666
2015-12-01,SPY,0.16666666666666666
2015-12-01,TLT,0.16666666666666666
2015-12-02,EEM,0.16666666666666666
2015-12-02,EFA,0.16666666666666666
2015-12-02,GLD,0
2015-12-02,IWM,0.16666666666666666
2015-12-02,QQQ,0.16666666666666666
2015-12-02,SPY,0.16666666666666666
2015-12-02,TLT,0.16666666666666666
2015-12-03,EEM,0.16666666666666666
2015-12-03,EFA,0.16666666666666666
2015-12-03,GLD,0
2015-12-03,IWM,0.16666666666666666
2015-12-03,QQQ,0.16666666666666666
2015-12-03,SPY,0.16666666666666666
2015-12-03,TLT,0.16666666666666666
2015-12-04,EEM,0.16666666666666666
2015-12-04,EFA,0.16666666666666666
2015-12-04,GLD,0
2015-12-04,IWM,0.16666666666666666
2015-12-04,QQQ,0.16666666666666666
2015-12-04,SPY,0.16666666666666666
2015-12-04,TLT,0.16666666666666666
2015-12-07,EEM,0.16666666666666666
2015-12-07,EFA,0.16666666666666666
2015-12-07,GLD,0
2015-12-07,IWM,0.16666666666666666
2015-12-07,QQQ,0.16666666666666666
2015-12-07,SPY,0.16666666666666666
2015-12-07,TLT,0.16666666666666666
2015-12-08,EEM,0.16666666666666666
2015-12-08,EFA,0.16666666666666666
2015-12-08,GLD,0
2015-12-08,IWM,0.16666666666666666
2015-12-08,QQQ,0.16666666666666666
2015-12-08,SPY,0.16666666666666666
2015-12-08,TLT,0.16666666666666666
2015-12-09,EEM,0.16666666666666666
2015-12-09,EFA,0.16666666666666666
2015-12-09,GLD,0
2015-12-09,IWM,0.16666666666666666
2015-12-09,QQQ,0.16666666666666666
2015-12-09,SPY,0.16666666666666666
2015-12-09,TLT,0.16666666666666666
2015-12-10,EEM,0.16666666666666666
2015-12-10,EFA,0.16666666666666666
2015-12-10,GLD,0
2015-12-10,IWM,0.16666666666666666
2015-12-10,QQQ,0.16666666666666666
2015-12-10,SPY,0.16666666666666666
2015-12-10,TLT,0.16666666666666666
2015-12-11,EEM,0.16666666666666666
2015-12-11,EFA,0.16666666666666666
2015-12-11,GLD,0
2015-12-11,IWM,0.16666666666666666
2015-12-11,QQQ,0.16666666666666666
2015-12-11,SPY,0.16666666666666666
2015-12-11,TLT,0.16666666666666666
2015-12-14,EEM,0
2015-12-14,EFA,0
2015-12-14,GLD,0.5
2015-12-14,IWM,0
2015-12-14,QQQ,0.16666666666666666
2015-12-14,SPY,0.16666666666666666
2015-12-14,TLT,0.16666666666666666
2015-12-15,EEM,0
2015-12-15,EFA,0
2015-12-15,GLD,0.5
2015-12-15,IWM,0
2015-12-15,QQQ,0.16666666666666666
2015-12-15,SPY,0.16666666666666666
2015-12-15,TLT,0.16666666666666666
2015-12-16,EEM,0
2015-12-16,EFA,0
2015-12-16,GLD,0.5
2015-12-16,IWM,0
2015-12-16,QQQ,0.16666666666666666
2015-12-16,SPY,0.16666666666666666
2015-12-16,TLT,0.16666666666666666
2015-12-17,EEM,0
2015-12-17,EFA,0
2015-12-17,GLD,0.5
2015-12-17,IWM,0
2015-12-17,QQQ,0.16666666666666666
2015-12-17,SPY,0.16666666666666666
2015-12-17,TLT,0.16666666666666666
2015-12-18,EEM,0
2015-12-18,EFA,0
2015-12-18,GLD,0.5
2015-12-18,IWM,0
2015-12-18,QQQ,0.16666666666666666
2015-12-18,SPY,0.16666666666666666
2015-12-18,TLT,0.16666666666666666
2015-12-21,EEM,0
2015-12-21,EFA,0.16666666666666666
2015-12-21,GLD,0.33333333333333331
2015-12-21,IWM,0
2015-12-21,QQQ,0.16666666666666666
2015-12-21,SPY,0.16666666666666666
2015-12-21,TLT,0.16666666666666666
2015-12-22,EEM,0
2015-12-22,EFA,0.16666666666666666
2015-12-22,GLD,0.33333333333333331
2015-12-22,IWM,0
2015-12-22,QQQ,0.16666666666666666
2015-12-22,SPY,0.16666666666666666
2015-12-22,TLT,0.16666666666666666
2015-12-23,EEM,0
2015-12-23,EFA,0.16666666666666666
2015-12-23,GLD,0.33333333333333331
2015-12-23,IWM,0
2015-12-23,QQQ,0.16666666666666666
2015-12-23,SPY,0.16666666666666666
2015-12-23,TLT,0.16666666666666666
2015-12-24,EEM,0
2015-12-24,EFA,0.16666666666666666
2015-12-24,GLD,0.33333333333333331
2015-12-24,IWM,0
2015-12-24,QQQ,0.16666666666666666
2015-12-24,SPY,0.16666666666666666
2015-12-24,TLT,0.16666666666666666
2015-12-28,EEM,0
2015-12-28,EFA,0.16666666666666666
2015-12-28,GLD,0.33333333333333331
2015-12-28,IWM,0
2015-12-28,QQQ,0.16666666666666666
2015-12-28,SPY,0.16666666666666666
2015-12-28,TLT,0.16666666666666666
2015-12-29,EEM,0.16666666666666666
2015-12-29,EFA,0.16666666666666666
2015-12-29,GLD,0.16666666666666666
2015-12-29,IWM,0.16666666666666666
2015-12-29,QQQ,0.16666666666666666
2015-12-29,SPY,0.16666666666666666
2015-12-29,TLT,0
2015-12-30,EEM,0.16666666666666666
2015-12-30,EFA,0.16666666666666666
2015-12-30,GLD,0.16666666666666666
2015-12-30,IWM,0.16666666666666666
2015-12-30,QQQ,0.16666666666666666
2015-12-30,SPY,0.16666666666666666
2015-12-30,TLT,0
2015-12-31,EEM,0.16666666666666666
2015-12-31,EFA,0.16666666666666666
2015-12-31,GLD,0.16666666666666666
2015-12-31,IWM,0.16666666666666666
2015-12-31,QQQ,0.16666666666666666
2015-12-31,SPY,0.16666666666666666
2015-12-31,TLT,0
2016-01-04,EEM,0.16666666666666666
2016-01-04,EFA,0.16666666666666666
2016-01-04,GLD,0.16666666666666666
2016-01-04,IWM,0.16666666666666666
2016-01-04,QQQ,0.16666666666666666
2016-01-04,SPY,0.16666666666666666
2016-01-04,TLT,0
2016-01-05,EEM,0.16666666666666666
2016-01-05,EFA,0.16666666666666666
2016-01-05,GLD,0.16666666666666666
2016-01-05,IWM,0.16666666666666666
2016-01-05,QQQ,0.16666666666666666
2016-01-05,SPY,0.16666666666666666
2016-01-05,TLT,0
2016-01-06,EEM,0
2016-01-06,EFA,0
2016-01-06,GLD,0.66666666666666663
2016-01-06,IWM,0
2016-01-06,QQQ,0.16666666666666666
2016-01-06,SPY,0.16666666666666666
2016-01-06,TLT,0
2016-01-07,EEM,0
2016-01-07,EFA,0
2016-01-07,GLD,0.66666666666666663
2016-01-07,IWM,0
2016-01-07,QQQ,0.16666666666666666
2016-01-07,SPY,0.16666666666666666
2016-01-07,TLT,0
2016-01-08,EEM,0
2016-01-08,EFA,0
2016-01-08,GLD,0.66666666666666663
2016-01-08,IWM,0
2016-01-08,QQQ,0.16666666666666666
2016-01-08,SPY,0.16666666666666666
2016-01-08,TLT,0
2016-01-11,EEM,0
2016-01-11,EFA,0
2016-01-11,GLD,0.66666666666666663
2016-01-11,IWM,0
2016-01-11,QQQ,0.16666666666666666
2016-01-11,SPY,0.16666666666666666
2016-01-11,TLT,0
2016-01-12,EEM,0
2016-01-12,EFA,0
2016-01-12,GLD,0.66666666666666663
2016-01-12,IWM,0
2016-01-12,QQQ,0.16666666666666666
2016-01-12,SPY,0.16666666666666666
2016-01-12,TLT,0
2016-01-13,EEM,0
2016-01-13,EFA,0
2016-01-13,GLD,0.83333333333333337
2016-01-13,IWM,0
2016-01-13,QQQ,0
2016-01-13,SPY,0
2016-01-13,TLT,0.16666666666666666
2016-01-14,EEM,0
2016-01-14,EFA,0
2016-01-14,GLD,0.83333333333333337
2016-01-14,IWM,0
2016-01-14,QQQ,0
2016-01-14,SPY,0
2016-01-14,TLT,0.16666666666666666
2016-01-15,EEM,0
2016-01-15,EFA,0
2016-01-15,GLD,0.83333333333333337
2016-01-15,IWM,0
2016-01-15,QQQ,0
2016-01-15,SPY,0
2016-01-15,TLT,0.16666666666666666
2016-01-19,EEM,0
2016-01-19,EFA,0
2016-01-19,GLD,0.83333333333333337
2016-01-19,IWM,0
2016-01-19,QQQ,0
2016-01-19,SPY,0
2016-01-19,TLT,0.16666666666666666
2016-01-20,EEM,0
2016-01-20,EFA,0
2016-01-20,GLD,0.83333333333333337
2016-01-20,IWM,0
2016-01-20,QQQ,0
2016-01-20,SPY,0
2016-01-20,TLT,0.16666666666666666
2016-01-21,EEM,0
2016-01-21,EFA,0
2016-01-21,GLD,0.83333333333333337
2016-01-21,IWM,0
2016-01-21,QQQ,0
2016-01-21,SPY,0
2016-01-21,TLT,0.16666666666666666
2016-01-22,EEM,0
2016-01-22,EFA,0
2016-01-22,GLD,0.83333333333333337
2016-01-22,IWM,0
2016-01-22,QQQ,0
2016-01-22,SPY,0
2016-01-22,TLT,0.16666666666666666
2016-01-25,EEM,0
2016-01-25,EFA,0
2016-01-25,GLD,0.83333333333333337
2016-01-25,IWM,0
2016-01-25,QQQ,0
2016-01-25,SPY,0
2016-01-25,TLT,0.16666666666666666
2016-01-26,EEM,0
2016-01-26,EFA,0
2016-01-26,GLD,0.83333333333333337
2016-01-26,IWM,0
2016-01-26,QQQ,0
2016-01-26,SPY,0
2016-01-26,TLT,0.16666666666666666
2016-01-27,EEM,0
2016-01-27,EFA,0
2016-01-27,GLD,0.83333333333333337
2016-01-27,IWM,0
2016-01-27,QQQ,0
2016-01-27,SPY,0
2016-01-27,TLT,0.16666666666666666
2016-01-28,EEM,0
2016-01-28,EFA,0
2016-01-28,GLD,0.83333333333333337
2016-01-28,IWM,0
2016-01-28,QQQ,0
2016-01-28,SPY,0
2016-01-28,TLT,0.16666666666666666
2016-01-29,EEM,0
2016-01-29,EFA,0
2016-01-29,GLD,0.83333333333333337
2016-01-29,IWM,0
2016-01-29,QQQ,0
2016-01-29,SPY,0
2016-01-29,TLT,0.16666666666666666
2016-02-01,EEM,0
2016-02-01,EFA,0
2016-02-01,GLD,0.83333333333333337
2016-02-01,IWM,0
2016-02-01,QQQ,0
2016-02-01,SPY,0
2016-02-01,TLT,0.16666666666666666
2016-02-02,EEM,0
2016-02-02,EFA,0
2016-02-02,GLD,0.83333333333333337
2016-02-02,IWM,0
2016-02-02,QQQ,0
2016-02-02,SPY,0
2016-02-02,TLT,0.16666666666666666
2016-02-03,EEM,0
2016-02-03,EFA,0
2016-02-03,GLD,0.83333333333333337
2016-02-03,IWM,0
2016-02-03,QQQ,0
2016-02-03,SPY,0
2016-02-03,TLT,0.16666666666666666
2016-02-04,EEM,0
2016-02-04,EFA,0
2016-02-04,GLD,0.83333333333333337
2016-02-04,IWM,0
2016-02-04,QQQ,0
2016-02-04,SPY,0
2016-02-04,TLT,0.16666666666666666
2016-02-05,EEM,0
2016-02-05,EFA,0
2016-02-05,GLD,0.83333333333333337
2016-02-05,IWM,0
2016-02-05,QQQ,0
2016-02-05,SPY,0
2016-02-05,TLT,0.16666666666666666
2016-02-08,EEM,0
2016-02-08,EFA,0
2016-02-08,GLD,0.83333333333333337
2016-02-08,IWM,0
2016-02-08,QQQ,0
2016-02-08,SPY,0
2016-02-08,TLT,0.16666666666666666
2016-02-09,EEM,0
2016-02-09,EFA,0
2016-02-09,GLD,0.83333333333333337
2016-02-09,IWM,0
2016-02-09,QQQ,0
2016-02-09,SPY,0
2016-02-09,TLT,0.16666666666666666
2016-02-10,EEM,0
2016-02-10,EFA,0
2016-02-10,GLD,0.83333333333333337
2016-02-10,IWM,0
2016-02-10,QQQ,0
2016-02-10,SPY,0
2016-02-10,TLT,0.16666666666666666
2016-02-11,EEM,0
2016-02-11,EFA,0
2016-02-11,GLD,0.83333333333333337
2016-02-11,IWM,0
2016-02-11,QQQ,0
2016-02-11,SPY,0
2016-02-11,TLT,0.16666666666666666
2016-02-12,EEM,0
2016-02-12,EFA,0
2016-02-12,GLD,0.83333333333333337
2016-02-12,IWM,0
2016-02-12,QQQ,0
2016-02-12,SPY,0
2016-02-12,TLT,0.16666666666666666
2016-02-16,EEM,0
2016-02-16,EFA,0
2016-02-16,GLD,0.83333333333333337
2016-02-16,IWM,0
2016-02-16,QQQ,0
2016-02-16,SPY,0
2016-02-16,TLT,0.16666666666666666
2016-02-17,EEM,0
2016-02-17,EFA,0
2016-02-17,GLD,0.83333333333333337
2016-02-17,IWM,0
2016-02-17,QQQ,0
2016-02-17,SPY,0
2016-02-17,TLT,0.16666666666666666
2016-02-18,EEM,0
2016-02-18,EFA,0
2016-02-18,GLD,0.83333333333333337
2016-02-18,IWM,0
2016-02-18,QQQ,0
2016-02-18,SPY,0
2016-02-18,TLT,0.16666666666666666
2016-02-19,EEM,0
2016-02-19,EFA,0
2016-02-19,GLD,0.83333333333333337
2016-02-19,IWM,0
2016-02-19,QQQ,0
2016-02-19,SPY,0
2016-02-19,TLT,0.16666666666666666
2016-02-22,EEM,0
2016-02-22,EFA,0
2016-02-22,GLD,0.83333333333333337
2016-02-22,IWM,0
2016-02-22,QQQ,0
2016-02-22,SPY,0
2016-02-22,TLT,0.16666666666666666
2016-02-23,EEM,0
2016-02-23,EFA,0
2016-02-23,GLD,0.83333333333333337
2016-02-23,IWM,0
2016-02-23,QQQ,0
2016-02-23,SPY,0
2016-02-23,TLT,0.16666666666666666
2016-02-24,EEM,0
2016-02-24,EFA,0
2016-02-24,GLD,0.83333333333333337
2016-02-24,IWM,0
2016-02-24,QQQ,0
2016-02-24,SPY,0
2016-02-24,TLT,0.16666666666666666
2016-02-25,EEM,0
2016-02-25,EFA,0
2016-02-25,GLD,0.83333333333333337
2016-02-25,IWM,0
2016-02-25,QQQ,0
2016-02-25,SPY,0
2016-02-25,TLT,0.16666666666666666
2016-02-26,EEM,0
2016-02-26,EFA,0
2016-02-26,GLD,0.83333333333333337
2016-02-26,IWM,0
2016-02-26,QQQ,0
2016-02-26,SPY,0
2016-02-26,TLT,0.16666666666666666
2016-02-29,EEM,0
2016-02-29,EFA,0
2016-02-29,GLD,0.83333333333333337
2016-02-29,IWM,0
2016-02-29,QQQ,0
2016-02-29,SPY,0
2016-02-29,TLT,0.16666666666666666
2016-03-01,EEM,0
2016-03-01,EFA,0
2016-03-01,GLD,0.83333333333333337
2016-03-01,IWM,0
2016-03-01,QQQ,0
2016-03-01,SPY,0
2016-03-01,TLT,0.16666666666666666
2016-03-02,EEM,0
2016-03-02,EFA,0
2016-03-02,GLD,0.83333333333333337
2016-03-02,IWM,0
2016-03-02,QQQ,0
2016-03-02,SPY,0
2016-03-02,TLT,0.16666666666666666
2016-03-03,EEM,0
2016-03-03,EFA,0
2016-03-03,GLD,0.83333333333333337
2016-03-03,IWM,0
2016-03-03,QQQ,0
2016-03-03,SPY,0
2016-03-03,TLT,0.16666666666666666
2016-03-04,EEM,0
2016-03-04,EFA,0
2016-03-04,GLD,0.83333333333333337
2016-03-04,IWM,0
2016-03-04,QQQ,0
2016-03-04,SPY,0
2016-03-04,TLT,0.16666666666666666
2016-03-07,EEM,0
2016-03-07,EFA,0
2016-03-07,GLD,0.83333333333333337
2016-03-07,IWM,0
2016-03-07,QQQ,0
2016-03-07,SPY,0
2016-03-07,TLT,0.16666666666666666
2016-03-08,EEM,0
2016-03-08,EFA,0
2016-03-08,GLD,0.83333333333333337
2016-03-08,IWM,0
2016-03-08,QQQ,0
2016-03-08,SPY,0
2016-03-08,TLT,0.16666666666666666
2016-03-09,EEM,0
2016-03-09,EFA,0
2016-03-09,GLD,0.83333333333333337
2016-03-09,IWM,0
2016-03-09,QQQ,0
2016-03-09,SPY,0
2016-03-09,TLT,0.16666666666666666
2016-03-10,EEM,0
2016-03-10,EFA,0
2016-03-10,GLD,0.83333333333333337
2016-03-10,IWM,0
2016-03-10,QQQ,0
2016-03-10,SPY,0
2016-03-10,TLT,0.16666666666666666
2016-03-11,EEM,0.16666666666666666
2016-03-11,EFA,0
2016-03-11,GLD,0.66666666666666663
2016-03-11,IWM,0
2016-03-11,QQQ,0
2016-03-11,SPY,0
2016-03-11,TLT,0.16666666666666666
2016-03-14,EEM,0.16666666666666666
2016-03-14,EFA,0
2016-03-14,GLD,0.66666666666666663
2016-03-14,IWM,0
2016-03-14,QQQ,0
2016-03-14,SPY,0
2016-03-14,TLT,0.16666666666666666
2016-03-15,EEM,0.16666666666666666
2016-03-15,EFA,0
2016-03-15,GLD,0.66666666666666663
2016-03-15,IWM,0
2016-03-15,QQQ,0
2016-03-15,SPY,0
2016-03-15,TLT,0.16666666666666666
2016-03-16,EEM,0.16666666666666666
2016-03-16,EFA,0
2016-03-16,GLD,0.66666666666666663
2016-03-16,IWM,0
2016-03-16,QQQ,0
2016-03-16,SPY,0
2016-03-16,TLT,0.16666666666666666
2016-03-17,EEM,0.16666666666666666
2016-03-17,EFA,0
2016-03-17,GLD,0.66666666666666663
2016-03-17,IWM,0
2016-03-17,QQQ,0
2016-03-17,SPY,0
2016-03-17,TLT,0.16666666666666666
2016-03-18,EEM,0.16666666666666666
2016-03-18,EFA,0
2016-03-18,GLD,0.66666666666666663
2016-03-18,IWM,0
2016-03-18,QQQ,0
2016-03-18,SPY,0
2016-03-18,TLT,0.16666666666666666
2016-03-21,EEM,0.16666666666666666
2016-03-21,EFA,0
2016-03-21,GLD,0.66666666666666663
2016-03-21,IWM,0
2016-03-21,QQQ,0
2016-03-21,SPY,0
2016-03-21,TLT,0.16666666666666666
2016-03-22,EEM,0.16666666666666666
2016-03-22,EFA,0
2016-03-22,GLD,0.66666666666666663
2016-03-22,IWM,0
2016-03-22,QQQ,0
2016-03-22,SPY,0
2016-03-22,TLT,0.16666666666666666
2016-03-23,EEM,0.16666666666666666
2016-03-23,EFA,0
2016-03-23,GLD,0.66666666666666663
2016-03-23,IWM,0
2016-03-23,QQQ,0
2016-03-23,SPY,0
2016-03-23,TLT,0.16666666666666666
2016-03-24,EEM,0.16666666666666666
2016-03-24,EFA,0
2016-03-24,GLD,0.66666666666666663
2016-03-24,IWM,0
2016-03-24,QQQ,0
2016-03-24,SPY,0
2016-03-24,TLT,0.16666666666666666
2016-03-28,EEM,0.16666666666666666
2016-03-28,EFA,0
2016-03-28,GLD,0.66666666666666663
2016-03-28,IWM,0
2016-03-28,QQQ,0
2016-03-28,SPY,0
2016-03-28,TLT,0.16666666666666666
2016-03-29,EEM,0.16666666666666666
2016-03-29,EFA,0
2016-03-29,GLD,0.66666666666666663
2016-03-29,IWM,0
2016-03-29,QQQ,0
2016-03-29,SPY,0
2016-03-29,TLT,0.16666666666666666
2016-03-30,EEM,0.16666666666666666
2016-03-30,EFA,0
2016-03-30,GLD,0.66666666666666663
2016-03-30,IWM,0
2016-03-30,QQQ,0
2016-03-30,SPY,0
2016-03-30,TLT,0.16666666666666666
2016-03-31,EEM,0.16666666666666666
2016-03-31,EFA,0
2016-03-31,GLD,0.66666666666666663
2016-03-31,IWM,0
2016-03-31,QQQ,0
2016-03-31,SPY,0
2016-03-31,TLT,0.16666666666666666
2016-04-01,EEM,0.16666666666666666
2016-04-01,EFA,0
2016-04-01,GLD,0.66666666666666663
2016-04-01,IWM,0
2016-04-01,QQQ,0
2016-04-01,SPY,0
2016-04-01,TLT,0.16666666666666666
2016-04-04,EEM,0.16666666666666666
2016-04-04,EFA,0
2016-04-04,GLD,0.5
2016-04-04,IWM,0
2016-04-04,QQQ,0
2016-04-04,SPY,0.16666666666666666
2016-04-04,TLT,0.16666666666666666
2016-04-05,EEM,0.16666666666666666
2016-04-05,EFA,0
2016-04-05,GLD,0.5
2016-04-05,IWM,0
2016-04-05,QQQ,0
2016-04-05,SPY,0.16666666666666666
2016-04-05,TLT,0.16666666666666666
2016-04-06,EEM,0.16666666666666666
2016-04-06,EFA,0
2016-04-06,GLD,0.5
2016-04-06,IWM,0
2016-04-06,QQQ,0
2016-04-06,SPY,0.16666666666666666
2016-04-06,TLT,0.16666666666666666
2016-04-07,EEM,0.16666666666666666
2016-04-07,EFA,0
2016-04-07,GLD,0.5
2016-04-07,IWM,0
2016-04-07,QQQ,0
2016-04-07,SPY,0.16666666666666666
2016-04-07,TLT,0.16666666666666666
2016-04-08,EEM,0.16666666666666666
2016-04-08,EFA,0
2016-04-08,GLD,0.5
2016-04-08,IWM,0
2016-04-08,QQQ,0
2016-04-08,SPY,0.16666666666666666
2016-04-08,TLT,0.16666666666666666
2016-04-11,EEM,0.16666666666666666
2016-04-11,EFA,0.16666666666666666
2016-04-11,GLD,0
2016-04-11,IWM,0.16666666666666666
2016-04-11,QQQ,0.16666666666666666
2016-04-11,SPY,0.16666666666666666
2016-04-11,TLT,0.16666666666666666
2016-04-12,EEM,0.16666666666666666
2016-04-12,EFA,0.16666666666666666
2016-04-12,GLD,0
2016-04-12,IWM,0.16666666666666666
2016-04-12,QQQ,0.16666666666666666
2016-04-12,SPY,0.16666666666666666
2016-04-12,TLT,0.16666666666666666
2016-04-13,EEM,0.16666666666666666
2016-04-13,EFA,0.16666666666666666
2016-04-13,GLD,0
2016-04-13,IWM,0.16666666666666666
2016-04-13,QQQ,0.16666666666666666
2016-04-13,SPY,0.16666666666666666
2016-04-13,TLT,0.16666666666666666
2016-04-14,EEM,0.16666666666666666
2016-04-14,EFA,0.16666666666666666
2016-04-14,GLD,0
2016-04-14,IWM,0.16666666666666666
2016-04-14,QQQ,0.16666666666666666
2016-04-14,SPY,0.16666666666666666
2016-04-14,TLT,0.16666666666666666
2016-04-15,EEM,0.16666666666666666
2016-04-15,EFA,0.16666666666666666
2016-04-15,GLD,0
2016-04-15,IWM,0.16666666666666666
2016-04-15,QQQ,0.16666666666666666
2016-04-15,SPY,0.16666666666666666
2016-04-15,TLT,0.16666666666666666
2016-04-18,EEM,0.16666666666666666
2016-04-18,EFA,0.16666666666666666
2016-04-18,GLD,0
2016-04-18,IWM,0.16666666666666666
2016-04-18,QQQ,0.16666666666666666
2016-04-18,SPY,0.16666666666666666
2016-04-18,TLT,0.16666666666666666
2016-04-19,EEM,0.16666666666666666
2016-04-19,EFA,0.16666666666666666
2016-04-19,GLD,0
2016-04-19,IWM,0.16666666666666666
2016-04-19,QQQ,0.16666666666666666
2016-04-19,SPY,0.16666666666666666
2016-04-19,TLT,0.16666666666666666
2016-04-20,EEM,0.16666666666666666
2016-04-20,EFA,0.16666666666666666
2016-04-20,GLD,0
2016-04-20,IWM,0.16666666666666666
2016-04-20,QQQ,0.16666666666666666
2016-04-20,SPY,0.16666666666666666
2016-04-20,TLT,0.16666666666666666
2016-04-21,EEM,0.16666666666666666
2016-04-21,EFA,0.16666666666666666
2016-04-21,GLD,0
2016-04-21,IWM,0.16666666666666666
2016-04-21,QQQ,0.16666666666666666
2016-04-21,SPY,0.16666666666666666
2016-04-21,TLT,0.16666666666666666
2016-04-22,EEM,0.16666666666666666
2016-04-22,EFA,0.16666666666666666
2016-04-22,GLD,0
2016-04-22,IWM,0.16666666666666666
2016-04-22,QQQ,0.16666666666666666
2016-04-22,SPY,0.16666666666666666
2016-04-22,TLT,0.16666666666666666
2016-04-25,EEM,0.16666666666666666
2016-04-25,EFA,0.16666666666666666
2016-04-25,GLD,0
2016-04-25,IWM,0.16666666666666666
2016-04-25,QQQ,0.16666666666666666
2016-04-25,SPY,0.16666666666666666
2016-04-25,TLT,0.16666666666666666
2016-04-26,EEM,0.16666666666666666
2016-04-26,EFA,0.16666666666666666
2016-04-26,GLD,0
2016-04-26,IWM,0.16666666666666666
2016-04-26,QQQ,0.16666666666666666
2016-04-26,SPY,0.16666666666666666
2016-04-26,TLT,0.16666666666666666
2016-04-27,EEM,0.16666666666666666
2016-04-27,EFA,0.16666666666666666
2016-04-27,GLD,0
2016-04-27,IWM,0.16666666666666666
2016-04-27,QQQ,0.16666666666666666
2016-04-27,SPY,0.16666666666666666
2016-04-27,TLT,0.16666666666666666
2016-04-28,EEM,0.16666666666666666
2016-04-28,EFA,0.16666666666666666
2016-04-28,GLD,0
2016-04-28,IWM,0.16666666666666666
2016-04-28,QQQ,0.16666666666666666
2016-04-28,SPY,0.16666666666666666
2016-04-28,TLT,0.16666666666666666
2016-04-29,EEM,0.16666666666666666
2016-04-29,EFA,0.16666666666666666
2016-04-29,GLD,0
2016-04-29,IWM,0.16666666666666666
2016-04-29,QQQ,0.16666666666666666
2016-04-29,SPY,0.16666666666666666
2016-04-29,TLT,0.16666666666666666
2016-05-02,EEM,0.16666666666666666
2016-05-02,EFA,0.16666666666666666
2016-05-02,GLD,0
2016-05-02,IWM,0.16666666666666666
2016-05-02,QQQ,0.16666666666666666
2016-05-02,SPY,0.16666666666666666
2016-05-02,TLT,0.16666666666666666
2016-05-03,EEM,0.16666666666666666
2016-05-03,EFA,0.16666666666666666
2016-05-03,GLD,0
2016-05-03,IWM,0.16666666666666666
2016-05-03,QQQ,0.16666666666666666
2016-05-03,SPY,0.16666666666666666
2016-05-03,TLT,0.16666666666666666
2016-05-04,EEM,0.16666666666666666
2016-05-04,EFA,0.16666666666666666
2016-05-04,GLD,0
2016-05-04,IWM,0.16666666666666666
2016-05-04,QQQ,0.16666666666666666
2016-05-04,SPY,0.16666666666666666
2016-05-04,TLT,0.16666666666666666
2016-05-05,EEM,0.16666666666666666
2016-05-05,EFA,0.16666666666666666
2016-05-05,GLD,0
2016-05-05,IWM,0.16666666666666666
2016-05-05,QQQ,0.16666666666666666
2016-05-05,SPY,0.16666666666666666
2016-05-05,TLT,0.16666666666666666
2016-05-06,EEM,0.16666666666666666
2016-05-06,EFA,0.16666666666666666
2016-05-06,GLD,0
2016-05-06,IWM,0.16666666666666666
2016-05-06,QQQ,0.16666666666666666
2016-05-06,SPY,0.16666666666666666
2016-05-06,TLT,0.16666666666666666
2016-05-09,EEM,0.16666666666666666
2016-05-09,EFA,0.16666666666666666
2016-05-09,GLD,0
2016-05-09,IWM,0.16666666666666666
2016-05-09,QQQ,0.16666666666666666
2016-05-09,SPY,0.16666666666666666
2016-05-09,TLT,0.16666666666666666
2016-05-10,EEM,0.16666666666666666
2016-05-10,EFA,0.16666666666666666
2016-05-10,GLD,0
2016-05-10,IWM,0.16666666666666666
2016-05-10,QQQ,0.16666666666666666
2016-05-10,SPY,0.16666666666666666
2016-05-10,TLT,0.16666666666666666
2016-05-11,EEM,0.16666666666666666
2016-05-11,EFA,0.16666666666666666
2016-05-11,GLD,0
2016-05-11,IWM,0.16666666666666666
2016-05-11,QQQ,0.16666666666666666
2016-05-11,SPY,0.16666666666666666
2016-05-11,TLT,0.16666666666666666
2016-05-12,EEM,0.16666666666666666
2016-05-12,EFA,0.16666666666666666
2016-05-12,GLD,0
2016-05-12,IWM,0.16666666666666666
2016-05-12,QQQ,0.16666666666666666
2016-05-12,SPY,0.16666666666666666
2016-05-12,TLT,0.16666666666666666
2016-05-13,EEM,0.16666666666666666
2016-05-13,EFA,0.16666666666666666
2016-05-13,GLD,0
2016-05-13,IWM,0.16666666666666666
2016-05-13,QQQ,0.16666666666666666
2016-05-13,SPY,0.16666666666666666
2016-05-13,TLT,0.16666666666666666
2016-05-16,EEM,0.16666666666666666
2016-05-16,EFA,0.16666666666666666
2016-05-16,GLD,0
2016-05-16,IWM,0.16666666666666666
2016-05-16,QQQ,0.16666666666666666
2016-05-16,SPY,0.16666666666666666
2016-05-16,TLT,0.16666666666666666
2016-05-17,EEM,0.16666666666666666
2016-05-17,EFA,0.16666666666666666
2016-05-17,GLD,0
2016-05-17,IWM,0.16666666666666666
2016-05-17,QQQ,0.16666666666666666
2016-05-17,SPY,0.16666666666666666
2016-05-17,TLT,0.16666666666666666
2016-05-18,EEM,0.16666666666666666
2016-05-18,EFA,0.16666666666666666
2016-05-18,GLD,0
2016-05-18,IWM,0.16666666666666666
2016-05-18,QQQ,0.16666666666666666
2016-05-18,SPY,0.16666666666666666
2016-05-18,TLT,0.16666666666666666
2016-05-19,EEM,0.16666666666666666
2016-05-19,EFA,0.16666666666666666
2016-05-19,GLD,0
2016-05-19,IWM,0.16666666666666666
2016-05-19,QQQ,0.16666666666666666
2016-05-19,SPY,0.16666666666666666
2016-05-19,TLT,0.16666666666666666
2016-05-20,EEM,0.16666666666666666
2016-05-20,EFA,0.16666666666666666
2016-05-20,GLD,0
2016-05-20,IWM,0.16666666666666666
2016-05-20,QQQ,0.16666666666666666
2016-05-20,SPY,0.16666666666666666
2016-05-20,TLT,0.16666666666666666
2016-05-23,EEM,0.16666666666666666
2016-05-23,EFA,0.16666666666666666
2016-05-23,GLD,0.16666666666666666
2016-05-23,IWM,0.16666666666666666
2016-05-23,QQQ,0.16666666666666666
2016-05-23,SPY,0.16666666666666666
2016-05-23,TLT,0
2016-05-24,EEM,0.16666666666666666
2016-05-24,EFA,0.16666666666666666
2016-05-24,GLD,0.16666666666666666
2016-05-24,IWM,0.16666666666666666
2016-05-24,QQQ,0.16666666666666666
2016-05-24,SPY,0.16666666666666666
2016-05-24,TLT,0
2016-05-25,EEM,0.16666666666666666
2016-05-25,EFA,0.16666666666666666
2016-05-25,GLD,0.16666666666666666
2016-05-25,IWM,0.16666666666666666
2016-05-25,QQQ,0.16666666666666666
2016-05-25,SPY,0.16666666666666666
2016-05-25,TLT,0
2016-05-26,EEM,0.16666666666666666
2016-05-26,EFA,0.16666666666666666
2016-05-26,GLD,0.16666666666666666
2016-05-26,IWM,0.16666666666666666
2016-05-26,QQQ,0.16666666666666666
2016-05-26,SPY,0.16666666666666666
2016-05-26,TLT,0
2016-05-27,EEM,0.16666666666666666
2016-05-27,EFA,0.16666666666666666
2016-05-27,GLD,0.16666666666666666
2016-05-27,IWM,0.16666666666666666
2016-05-27,QQQ,0.16666666666666666
2016-05-27,SPY,0.16666666666666666
2016-05-27,TLT,0
2016-05-31,EEM,0.16666666666666666
2016-05-31,EFA,0.16666666666666666
2016-05-31,GLD,0
2016-05-31,IWM,0.16666666666666666
2016-05-31,QQQ,0.16666666666666666
2016-05-31,SPY,0.16666666666666666
2016-05-31,TLT,0.16666666666666666
2016-06-01,EEM,0.16666666666666666
2016-06-01,EFA,0.16666666666666666
2016-06-01,GLD,0
2016-06-01,IWM,0.16666666666666666
2016-06-01,QQQ,0.16666666666666666
2016-06-01,SPY,0.16666666666666666
2016-06-01,TLT,0.16666666666666666
2016-06-02,EEM,0.16666666666666666
2016-06-02,EFA,0.16666666666666666
2016-06-02,GLD,0
2016-06-02,IWM,0.16666666666666666
2016-06-02,QQQ,0.16666666666666666
2016-06-02,SPY,0.16666666666666666
2016-06-02,TLT,0.16666666666666666
2016-06-03,EEM,0.16666666666666666
2016-06-03,EFA,0.16666666666666666
2016-06-03,GLD,0
2016-06-03,IWM,0.16666666666666666
2016-06-03,QQQ,0.16666666666666666
2016-06-03,SPY,0.16666666666666666
2016-06-03,TLT,0.16666666666666666
2016-06-06,EEM,0.16666666666666666
2016-06-06,EFA,0.16666666666666666
2016-06-06,GLD,0
2016-06-06,IWM,0.16666666666666666
2016-06-06,QQQ,0.16666666666666666
2016-06-06,SPY,0.16666666666666666
2016-06-06,TLT,0.16666666666666666
2016-06-07,EEM,0.16666666666666666
2016-06-07,EFA,0.16666666666666666
2016-06-07,GLD,0
2016-06-07,IWM,0.16666666666666666
2016-06-07,QQQ,0.16666666666666666
2016-06-07,SPY,0.16666666666666666
2016-06-07,TLT,0.16666666666666666
2016-06-08,EEM,0.16666666666666666
2016-06-08,EFA,0.16666666666666666
2016-06-08,GLD,0
2016-06-08,IWM,0.16666666666666666
2016-06-08,QQQ,0.16666666666666666
2016-06-08,SPY,0.16666666666666666
2016-06-08,TLT,0.16666666666666666
2016-06-09,EEM,0.16666666666666666
2016-06-09,EFA,0.16666666666666666
2016-06-09,GLD,0
2016-06-09,IWM,0.16666666666666666
2016-06-09,QQQ,0.16666666666666666
2016-06-09,SPY,0.16666666666666666
2016-06-09,TLT,0.16666666666666666
2016-06-10,EEM,0.16666666666666666
2016-06-10,EFA,0.16666666666666666
2016-06-10,GLD,0
2016-06-10,IWM,0.16666666666666666
2016-06-10,QQQ,0.16666666666666666
2016-06-10,SPY,0.16666666666666666
2016-06-10,TLT,0.16666666666666666
2016-06-13,EEM,0.16666666666666666
2016-06-13,EFA,0.16666666666666666
2016-06-13,GLD,0
2016-06-13,IWM,0.16666666666666666
2016-06-13,QQQ,0.16666666666666666
2016-06-13,SPY,0.16666666666666666
2016-06-13,TLT,0.16666666666666666
2016-06-14,EEM,0.16666666666666666
2016-06-14,EFA,0
2016-06-14,GLD,0.16666666666666666
2016-06-14,IWM,0.16666666666666666
2016-06-14,QQQ,0.16666666666666666
2016-06-14,SPY,0.16666666666666666
2016-06-14,TLT,0.16666666666666666
2016-06-15,EEM,0.16666666666666666
2016-06-15,EFA,0
2016-06-15,GLD,0.16666666666666666
2016-06-15,IWM,0.16666666666666666
2016-06-15,QQQ,0.16666666666666666
2016-06-15,SPY,0.16666666666666666
2016-06-15,TLT,0.16666666666666666
2016-06-16,EEM,0.16666666666666666
2016-06-16,EFA,0
2016-06-16,GLD,0.16666666666666666
2016-06-16,IWM,0.16666666666666666
2016-06-16,QQQ,0.16666666666666666
2016-06-16,SPY,0.16666666666666666
2016-06-16,TLT,0.16666666666666666
2016-06-17,EEM,0.16666666666666666
2016-06-17,EFA,0
2016-06-17,GLD,0.16666666666666666
2016-06-17,IWM,0.16666666666666666
2016-06-17,QQQ,0.16666666666666666
2016-06-17,SPY,0.16666666666666666
2016-06-17,TLT,0.16666666666666666
2016-06-20,EEM,0.16666666666666666
2016-06-20,EFA,0
2016-06-20,GLD,0.16666666666666666
2016-06-20,IWM,0.16666666666666666
2016-06-20,QQQ,0.16666666666666666
2016-06-20,SPY,0.16666666666666666
2016-06-20,TLT,0.16666666666666666
2016-06-21,EEM,0.16666666666666666
2016-06-21,EFA,0.16666666666666666
2016-06-21,GLD,0.16666666666666666
2016-06-21,IWM,0.16666666666666666
2016-06-21,QQQ,0
2016-06-21,SPY,0.16666666666666666
2016-06-21,TLT,0.16666666666666666
2016-06-22,EEM,0.16666666666666666
2016-06-22,EFA,0.16666666666666666
2016-06-22,GLD,0.16666666666666666
2016-06-22,IWM,0.16666666666666666
2016-06-22,QQQ,0
2016-06-22,SPY,0.16666666666666666
2016-06-22,TLT,0.16666666666666666
2016-06-23,EEM,0.16666666666666666
2016-06-23,EFA,0.16666666666666666
2016-06-23,GLD,0.16666666666666666
2016-06-23,IWM,0.16666666666666666
2016-06-23,QQQ,0
2016-06-23,SPY,0.16666666666666666
2016-06-23,TLT,0.16666666666666666
2016-06-24,EEM,0.16666666666666666
2016-06-24,EFA,0.16666666666666666
2016-06-24,GLD,0.16666666666666666
2016-06-24,IWM,0.16666666666666666
2016-06-24,QQQ,0
2016-06-24,SPY,0.16666666666666666
2016-06-24,TLT,0.16666666666666666
2016-06-27,EEM,0.16666666666666666
2016-06-27,EFA,0.16666666666666666
2016-06-27,GLD,0.16666666666666666
2016-06-27,IWM,0.16666666666666666
2016-06-27,QQQ,0
2016-06-27,SPY,0.16666666666666666
2016-06-27,TLT,0.16666666666666666
2016-06-28,EEM,0
2016-06-28,EFA,0
2016-06-28,GLD,0.66666666666666663
2016-06-28,IWM,0.16666666666666666
2016-06-28,QQQ,0
2016-06-28,SPY,0
2016-06-28,TLT,0.16666666666666666
2016-06-29,EEM,0
2016-06-29,EFA,0
2016-06-29,GLD,0.66666666666666663
2016-06-29,IWM,0.16666666666666666
2016-06-29,QQQ,0
2016-06-29,SPY,0
2016-06-29,TLT,0.16666666666666666
2016-06-30,EEM,0
2016-06-30,EFA,0
2016-06-30,GLD,0.66666666666666663
2016-06-30,IWM,0.16666666666666666
2016-06-30,QQQ,0
2016-06-30,SPY,0
2016-06-30,TLT,0.16666666666666666
2016-07-01,EEM,0
2016-07-01,EFA,0
2016-07-01,GLD,0.66666666666666663
2016-07-01,IWM,0.16666666666666666
2016-07-01,QQQ,0
2016-07-01,SPY,0
2016-07-01,TLT,0.16666666666666666
2016-07-05,EEM,0
2016-07-05,EFA,0
2016-07-05,GLD,0.66666666666666663
2016-07-05,IWM,0.16666666666666666
2016-07-05,QQQ,0
2016-07-05,SPY,0
2016-07-05,TLT,0.16666666666666666
2016-07-06,EEM,0.16666666666666666
2016-07-06,EFA,0
2016-07-06,GLD,0.33333333333333331
2016-07-06,IWM,0.16666666666666666
2016-07-06,QQQ,0
2016-07-06,SPY,0.16666666666666666
2016-07-06,TLT,0.16666666666666666
2016-07-07,EEM,0.16666666666666666
2016-07-07,EFA,0
2016-07-07,GLD,0.33333333333333331
2016-07-07,IWM,0.16666666666666666
2016-07-07,QQQ,0
2016-07-07,SPY,0.16666666666666666
2016-07-07,TLT,0.16666666666666666
2016-07-08,EEM,0.16666666666666666
2016-07-08,EFA,0
2016-07-08,GLD,0.33333333333333331
2016-07-08,IWM,0.16666666666666666
2016-07-08,QQQ,0
2016-07-08,SPY,0.16666666666666666
2016-07-08,TLT,0.16666666666666666
2016-07-11,EEM,0.16666666666666666
2016-07-11,EFA,0
2016-07-11,GLD,0.33333333333333331
2016-07-11,IWM,0.16666666666666666
2016-07-11,QQQ,0
2016-07-11,SPY,0.16666666666666666
2016-07-11,TLT,0.16666666666666666
2016-07-12,EEM,0.16666666666666666
2016-07-12,EFA,0
2016-07-12,GLD,0.33333333333333331
2016-07-12,IWM,0.16666666666666666
2016-07-12,QQQ,0
2016-07-12,SPY,0.16666666666666666
2016-07-12,TLT,0.16666666666666666
2016-07-13,EEM,0.16666666666666666
2016-07-13,EFA,0
2016-07-13,GLD,0.16666666666666666
2016-07-13,IWM,0.16666666666666666
2016-07-13,QQQ,0.16666666666666666
2016-07-13,SPY,0.16666666666666666
2016-07-13,TLT,0.16666666666666666
2016-07-14,EEM,0.16666666666666666
2016-07-14,EFA,0
2016-07-14,GLD,0.16666666666666666
2016-07-14,IWM,0.16666666666666666
2016-07-14,QQQ,0.16666666666666666
2016-07-14,SPY,0.16666666666666666
2016-07-14,TLT,0.16666666666666666
2016-07-15,EEM,0.16666666666666666
2016-07-15,EFA,0
2016-07-15,GLD,0.16666666666666666
2016-07-15,IWM,0.16666666666666666
2016-07-15,QQQ,0.16666666666666666
2016-07-15,SPY,0.16666666666666666
2016-07-15,TLT,0.16666666666666666
2016-07-18,EEM,0.16666666666666666
2016-07-18,EFA,0
2016-07-18,GLD,0.16666666666666666
2016-07-18,IWM,0.16666666666666666
2016-07-18,QQQ,0.16666666666666666
2016-07-18,SPY,0.16666666666666666
2016-07-18,TLT,0.16666666666666666
2016-07-19,EEM,0.16666666666666666
2016-07-19,EFA,0
2016-07-19,GLD,0.16666666666666666
2016-07-19,IWM,0.16666666666666666
2016-07-19,QQQ,0.16666666666666666
2016-07-19,SPY,0.16666666666666666
2016-07-19,TLT,0.16666666666666666
2016-07-20,EEM,0.16666666666666666
2016-07-20,EFA,0
2016-07-20,GLD,0.16666666666666666
2016-07-20,IWM,0.16666666666666666
2016-07-20,QQQ,0.16666666666666666
2016-07-20,SPY,0.16666666666666666
2016-07-20,TLT,0.16666666666666666
2016-07-21,EEM,0.16666666666666666
2016-07-21,EFA,0
2016-07-21,GLD,0.16666666666666666
2016-07-21,IWM,0.16666666666666666
2016-07-21,QQQ,0.16666666666666666
2016-07-21,SPY,0.16666666666666666
2016-07-21,TLT,0.16666666666666666
2016-07-22,EEM,0.16666666666666666
2016-07-22,EFA,0
2016-07-22,GLD,0.16666666666666666
2016-07-22,IWM,0.16666666666666666
2016-07-22,QQQ,0.16666666666666666
2016-07-22,SPY,0.16666666666666666
2016-07-22,TLT,0.16666666666666666
2016-07-25,EEM,0.16666666666666666
2016-07-25,EFA,0
2016-07-25,GLD,0.16666666666666666
2016-07-25,IWM,0.16666666666666666
2016-07-25,QQQ,0.16666666666666666
2016-07-25,SPY,0.16666666666666666
2016-07-25,TLT,0.16666666666666666
2016-07-26,EEM,0.16666666666666666
2016-07-26,EFA,0
2016-07-26,GLD,0.16666666666666666
2016-07-26,IWM,0.16666666666666666
2016-07-26,QQQ,0.16666666666666666
2016-07-26,SPY,0.16666666666666666
2016-07-26,TLT,0.16666666666666666
2016-07-27,EEM,0.16666666666666666
2016-07-27,EFA,0
2016-07-27,GLD,0.16666666666666666
2016-07-27,IWM,0.16666666666666666
2016-07-27,QQQ,0.16666666666666666
2016-07-27,SPY,0.16666666666666666
2016-07-27,TLT,0.16666666666666666
2016-07-28,EEM,0.16666666666666666
2016-07-28,EFA,0
2016-07-28,GLD,0.16666666666666666
2016-07-28,IWM,0.16666666666666666
2016-07-28,QQQ,0.16666666666666666
2016-07-28,SPY,0.16666666666666666
2016-07-28,TLT,0.16666666666666666
2016-07-29,EEM,0.16666666666666666
2016-07-29,EFA,0
2016-07-29,GLD,0.16666666666666666
2016-07-29,IWM,0.16666666666666666
2016-07-29,QQQ,0.16666666666666666
2016-07-29,SPY,0.16666666666666666
2016-07-29,TLT,0.16666666666666666
2016-08-01,EEM,0.16666666666666666
2016-08-01,EFA,0
2016-08-01,GLD,0.16666666666666666
2016-08-01,IWM,0.16666666666666666
2016-08-01,QQQ,0.16666666666666666
2016-08-01,SPY,0.16666666666666666
2016-08-01,TLT,0.16666666666666666
2016-08-02,EEM,0.16666666666666666
2016-08-02,EFA,0
2016-08-02,GLD,0.16666666666666666
2016-08-02,IWM,0.16666666666666666
2016-08-02,QQQ,0.16666666666666666
2016-08-02,SPY,0.16666666666666666
2016-08-02,TLT,0.16666666666666666
2016-08-03,EEM,0.16666666666666666
2016-08-03,EFA,0.16666666666666666
2016-08-03,GLD,0
2016-08-03,IWM,0.16666666666666666
2016-08-03,QQQ,0.16666666666666666
2016-08-03,SPY,0.16666666666666666
2016-08-03,TLT,0.16666666666666666
2016-08-04,EEM,0.16666666666666666
2016-08-04,EFA,0.16666666666666666
2016-08-04,GLD,0
2016-08-04,IWM,0.16666666666666666
2016-08-04,QQQ,0.16666666666666666
2016-08-04,SPY,0.16666666666666666
2016-08-04,TLT,0.16666666666666666
2016-08-05,EEM,0.16666666666666666
2016-08-05,EFA,0.16666666666666666
2016-08-05,GLD,0
2016-08-05,IWM,0.16666666666666666
2016-08-05,QQQ,0.16666666666666666
2016-08-05,SPY,0.16666666666666666
2016-08-05,TLT,0.16666666666666666
2016-08-08,EEM,0.16666666666666666
2016-08-08,EFA,0.16666666666666666
2016-08-08,GLD,0
2016-08-08,IWM,0.16666666666666666
2016-08-08,QQQ,0.16666666666666666
2016-08-08,SPY,0.16666666666666666
2016-08-08,TLT,0.16666666666666666
2016-08-09,EEM,0.16666666666666666
2016-08-09,EFA,0.16666666666666666
2016-08-09,GLD,0
2016-08-09,IWM,0.16666666666666666
2016-08-09,QQQ,0.16666666666666666
2016-08-09,SPY,0.16666666666666666
2016-08-09,TLT,0.16666666666666666
2016-08-10,EEM,0.16666666666666666
2016-08-10,EFA,0.16666666666666666
2016-08-10,GLD,0
2016-08-10,IWM,0.16666666666666666
2016-08-10,QQQ,0.16666666666666666
2016-08-10,SPY,0.16666666666666666
2016-08-10,TLT,0.16666666666666666
2016-08-11,EEM,0.16666666666666666
2016-08-11,EFA,0.16666666666666666
2016-08-11,GLD,0
2016-08-11,IWM,0.16666666666666666
2016-08-11,QQQ,0.16666666666666666
2016-08-11,SPY,0.16666666666666666
2016-08-11,TLT,0.16666666666666666
2016-08-12,EEM,0.16666666666666666
2016-08-12,EFA,0.16666666666666666
2016-08-12,GLD,0
2016-08-12,IWM,0.16666666666666666
2016-08-12,QQQ,0.16666666666666666
2016-08-12,SPY,0.16666666666666666
2016-08-12,TLT,0.16666666666666666
2016-08-15,EEM,0.16666666666666666
2016-08-15,EFA,0.16666666666666666
2016-08-15,GLD,0
2016-08-15,IWM,0.16666666666666666
2016-08-15,QQQ,0.16666666666666666
2016-08-15,SPY,0.16666666666666666
2016-08-15,TLT,0.16666666666666666
2016-08-16,EEM,0.16666666666666666
2016-08-16,EFA,0.16666666666666666
2016-08-16,GLD,0
2016-08-16,IWM,0.16666666666666666
2016-08-16,QQQ,0.16666666666666666
2016-08-16,SPY,0.16666666666666666
2016-08-16,TLT,0.16666666666666666
2016-08-17,EEM,0.16666666666666666
2016-08-17,EFA,0.16666666666666666
2016-08-17,GLD,0
2016-08-17,IWM,0.16666666666666666
2016-08-17,QQQ,0.16666666666666666
2016-08-17,SPY,0.16666666666666666
2016-08-17,TLT,0.16666666666666666
2016-08-18,EEM,0.16666666666666666
2016-08-18,EFA,0.16666666666666666
2016-08-18,GLD,0
2016-08-18,IWM,0.16666666666666666
2016-08-18,QQQ,0.16666666666666666
2016-08-18,SPY,0.16666666666666666
2016-08-18,TLT,0.16666666666666666
2016-08-19,EEM,0.16666666666666666
2016-08-19,EFA,0.16666666666666666
2016-08-19,GLD,0
2016-08-19,IWM,0.16666666666666666
2016-08-19,QQQ,0.16666666666666666
2016-08-19,SPY,0.16666666666666666
2016-08-19,TLT,0.16666666666666666
2016-08-22,EEM,0.16666666666666666
2016-08-22,EFA,0.16666666666666666
2016-08-22,GLD,0
2016-08-22,IWM,0.16666666666666666
2016-08-22,QQQ,0.16666666666666666
2016-08-22,SPY,0.16666666666666666
2016-08-22,TLT,0.16666666666666666
2016-08-23,EEM,0.16666666666666666
2016-08-23,EFA,0.16666666666666666
2016-08-23,GLD,0
2016-08-23,IWM,0.16666666666666666
2016-08-23,QQQ,0.16666666666666666
2016-08-23,SPY,0.16666666666666666
2016-08-23,TLT,0.16666666666666666
2016-08-24,EEM,0.16666666666666666
2016-08-24,EFA,0.16666666666666666
2016-08-24,GLD,0
2016-08-24,IWM,0.16666666666666666
2016-08-24,QQQ,0.16666666666666666
2016-08-24,SPY,0.16666666666666666
2016-08-24,TLT,0.16666666666666666
2016-08-25,EEM,0.16666666666666666
2016-08-25,EFA,0.16666666666666666
2016-08-25,GLD,0
2016-08-25,IWM,0.16666666666666666
2016-08-25,QQQ,0.16666666666666666
2016-08-25,SPY,0.16666666666666666
2016-08-25,TLT,0.16666666666666666
2016-08-26,EEM,0.16666666666666666
2016-08-26,EFA,0.16666666666666666
2016-08-26,GLD,0
2016-08-26,IWM,0.16666666666666666
2016-08-26,QQQ,0.16666666666666666
2016-08-26,SPY,0.16666666666666666
2016-08-26,TLT,0.16666666666666666
2016-08-29,EEM,0.16666666666666666
2016-08-29,EFA,0.16666666666666666
2016-08-29,GLD,0
2016-08-29,IWM,0.16666666666666666
2016-08-29,QQQ,0.16666666666666666
2016-08-29,SPY,0.16666666666666666
2016-08-29,TLT,0.16666666666666666
2016-08-30,EEM,0.16666666666666666
2016-08-30,EFA,0.16666666666666666
2016-08-30,GLD,0
2016-08-30,IWM,0.16666666666666666
2016-08-30,QQQ,0.16666666666666666
2016-08-30,SPY,0.16666666666666666
2016-08-30,TLT,0.16666666666666666
2016-08-31,EEM,0.16666666666666666
2016-08-31,EFA,0.16666666666666666
2016-08-31,GLD,0
2016-08-31,IWM,0.16666666666666666
2016-08-31,QQQ,0.16666666666666666
2016-08-31,SPY,0.16666666666666666
2016-08-31,TLT,0.16666666666666666
2016-09-01,EEM,0.16666666666666666
2016-09-01,EFA,0.16666666666666666
2016-09-01,GLD,0
2016-09-01,IWM,0.16666666666666666
2016-09-01,QQQ,0.16666666666666666
2016-09-01,SPY,0.16666666666666666
2016-09-01,TLT,0.16666666666666666
2016-09-02,EEM,0.16666666666666666
2016-09-02,EFA,0.16666666666666666
2016-09-02,GLD,0
2016-09-02,IWM,0.16666666666666666
2016-09-02,QQQ,0.16666666666666666
2016-09-02,SPY,0.16666666666666666
2016-09-02,TLT,0.16666666666666666
2016-09-06,EEM,0.16666666666666666
2016-09-06,EFA,0.16666666666666666
2016-09-06,GLD,0
2016-09-06,IWM,0.16666666666666666
2016-09-06,QQQ,0.16666666666666666
2016-09-06,SPY,0.16666666666666666
2016-09-06,TLT,0.16666666666666666
2016-09-07,EEM,0.16666666666666666
2016-09-07,EFA,0.16666666666666666
2016-09-07,GLD,0
2016-09-07,IWM,0.16666666666666666
2016-09-07,QQQ,0.16666666666666666
2016-09-07,SPY,0.16666666666666666
2016-09-07,TLT,0.16666666666666666
2016-09-08,EEM,0.16666666666666666
2016-09-08,EFA,0.16666666666666666
2016-09-08,GLD,0
2016-09-08,IWM,0.16666666666666666
2016-09-08,QQQ,0.16666666666666666
2016-09-08,SPY,0.16666666666666666
2016-09-08,TLT,0.16666666666666666
2016-09-09,EEM,0.16666666666666666
2016-09-09,EFA,0.16666666666666666
2016-09-09,GLD,0
2016-09-09,IWM,0.16666666666666666
2016-09-09,QQQ,0.16666666666666666
2016-09-09,SPY,0.16666666666666666
2016-09-09,TLT,0.16666666666666666
2016-09-12,EEM,0.16666666666666666
2016-09-12,EFA,0.16666666666666666
2016-09-12,GLD,0
2016-09-12,IWM,0.16666666666666666
2016-09-12,QQQ,0.16666666666666666
2016-09-12,SPY,0.16666666666666666
2016-09-12,TLT,0.16666666666666666
2016-09-13,EEM,0.16666666666666666
2016-09-13,EFA,0.16666666666666666
2016-09-13,GLD,0
2016-09-13,IWM,0.16666666666666666
2016-09-13,QQQ,0.16666666666666666
2016-09-13,SPY,0.16666666666666666
2016-09-13,TLT,0.16666666666666666
2016-09-14,EEM,0.16666666666666666
2016-09-14,EFA,0.16666666666666666
2016-09-14,GLD,0
2016-09-14,IWM,0.16666666666666666
2016-09-14,QQQ,0.16666666666666666
2016-09-14,SPY,0.16666666666666666
2016-09-14,TLT,0.16666666666666666
2016-09-15,EEM,0.16666666666666666
2016-09-15,EFA,0.16666666666666666
2016-09-15,GLD,0.16666666666666666
2016-09-15,IWM,0.16666666666666666
2016-09-15,QQQ,0.16666666666666666
2016-09-15,SPY,0.16666666666666666
2016-09-15,TLT,0
2016-09-16,EEM,0.16666666666666666
2016-09-16,EFA,0.16666666666666666
2016-09-16,GLD,0.16666666666666666
2016-09-16,IWM,0.16666666666666666
2016-09-16,QQQ,0.16666666666666666
2016-09-16,SPY,0.16666666666666666
2016-09-16,TLT,0
2016-09-19,EEM,0.16666666666666666
2016-09-19,EFA,0.16666666666666666
2016-09-19,GLD,0.16666666666666666
2016-09-19,IWM,0.16666666666666666
2016-09-19,QQQ,0.16666666666666666
2016-09-19,SPY,0.16666666666666666
2016-09-19,TLT,0
2016-09-20,EEM,0.16666666666666666
2016-09-20,EFA,0.16666666666666666
2016-09-20,GLD,0.16666666666666666
2016-09-20,IWM,0.16666666666666666
2016-09-20,QQQ,0.16666666666666666
2016-09-20,SPY,0.16666666666666666
2016-09-20,TLT,0
2016-09-21,EEM,0.16666666666666666
2016-09-21,EFA,0.16666666666666666
2016-09-21,GLD,0.16666666666666666
2016-09-21,IWM,0.16666666666666666
2016-09-21,QQQ,0.16666666666666666
2016-09-21,SPY,0.16666666666666666
2016-09-21,TLT,0
2016-09-22,EEM,0.16666666666666666
2016-09-22,EFA,0.16666666666666666
2016-09-22,GLD,0
2016-09-22,IWM,0.16666666666666666
2016-09-22,QQQ,0.16666666666666666
2016-09-22,SPY,0.16666666666666666
2016-09-22,TLT,0.16666666666666666
2016-09-23,EEM,0.16666666666666666
2016-09-23,EFA,0.16666666666666666
2016-09-23,GLD,0
2016-09-23,IWM,0.16666666666666666
2016-09-23,QQQ,0.16666666666666666
2016-09-23,SPY,0.16666666666666666
2016-09-23,TLT,0.16666666666666666
2016-09-26,EEM,0.16666666666666666
2016-09-26,EFA,0.16666666666666666
2016-09-26,GLD,0
2016-09-26,IWM,0.16666666666666666
2016-09-26,QQQ,0.16666666666666666
2016-09-26,SPY,0.16666666666666666
2016-09-26,TLT,0.16666666666666666
2016-09-27,EEM,0.16666666666666666
2016-09-27,EFA,0.16666666666666666
2016-09-27,GLD,0
2016-09-27,IWM,0.16666666666666666
2016-09-27,QQQ,0.16666666666666666
2016-09-27,SPY,0.16666666666666666
2016-09-27,TLT,0.16666666666666666
2016-09-28,EEM,0.16666666666666666
2016-09-28,EFA,0.16666666666666666
2016-09-28,GLD,0
2016-09-28,IWM,0.16666666666666666
2016-09-28,QQQ,0.16666666666666666
2016-09-28,SPY,0.16666666666666666
2016-09-28,TLT,0.16666666666666666
2016-09-29,EEM,0.16666666666666666
2016-09-29,EFA,0.16666666666666666
2016-09-29,GLD,0
2016-09-29,IWM,0.16666666666666666
2016-09-29,QQQ,0.16666666666666666
2016-09-29,SPY,0.16666666666666666
2016-09-29,TLT,0.16666666666666666
2016-09-30,EEM,0.16666666666666666
2016-09-30,EFA,0.16666666666666666
2016-09-30,GLD,0
2016-09-30,IWM,0.16666666666666666
2016-09-30,QQQ,0.16666666666666666
2016-09-30,SPY,0.16666666666666666
2016-09-30,TLT,0.16666666666666666
2016-10-03,EEM,0.16666666666666666
2016-10-03,EFA,0.16666666666666666
2016-10-03,GLD,0
2016-10-03,IWM,0.16666666666666666
2016-10-03,QQQ,0.16666666666666666
2016-10-03,SPY,0.16666666666666666
2016-10-03,TLT,0.16666666666666666
2016-10-04,EEM,0.16666666666666666
2016-10-04,EFA,0.16666666666666666
2016-10-04,GLD,0
2016-10-04,IWM,0.16666666666666666
2016-10-04,QQQ,0.16666666666666666
2016-10-04,SPY,0.16666666666666666
2016-10-04,TLT,0.16666666666666666
2016-10-05,EEM,0.16666666666666666
2016-10-05,EFA,0.16666666666666666
2016-10-05,GLD,0
2016-10-05,IWM,0.16666666666666666
2016-10-05,QQQ,0.16666666666666666
2016-10-05,SPY,0.16666666666666666
2016-10-05,TLT,0.16666666666666666
2016-10-06,EEM,0.16666666666666666
2016-10-06,EFA,0.16666666666666666
2016-10-06,GLD,0.16666666666666666
2016-10-06,IWM,0.16666666666666666
2016-10-06,QQQ,0.16666666666666666
2016-10-06,SPY,0.16666666666666666
2016-10-06,TLT,0
2016-10-07,EEM,0.16666666666666666
2016-10-07,EFA,0.16666666666666666
2016-10-07,GLD,0.16666666666666666
2016-10-07,IWM,0.16666666666666666
2016-10-07,QQQ,0.16666666666666666
2016-10-07,SPY,0.16666666666666666
2016-10-07,TLT,0
2016-10-10,EEM,0.16666666666666666
2016-10-10,EFA,0.16666666666666666
2016-10-10,GLD,0.16666666666666666
2016-10-10,IWM,0.16666666666666666
2016-10-10,QQQ,0.16666666666666666
2016-10-10,SPY,0.16666666666666666
2016-10-10,TLT,0
2016-10-11,EEM,0.16666666666666666
2016-10-11,EFA,0.16666666666666666
2016-10-11,GLD,0.16666666666666666
2016-10-11,IWM,0.16666666666666666
2016-10-11,QQQ,0.16666666666666666
2016-10-11,SPY,0.16666666666666666
2016-10-11,TLT,0
2016-10-12,EEM,0.16666666666666666
2016-10-12,EFA,0.16666666666666666
2016-10-12,GLD,0.16666666666666666
2016-10-12,IWM,0.16666666666666666
2016-10-12,QQQ,0.16666666666666666
2016-10-12,SPY,0.16666666666666666
2016-10-12,TLT,0
2016-10-13,EEM,0.16666666666666666
2016-10-13,EFA,0.16666666666666666
2016-10-13,GLD,0.33333333333333331
2016-10-13,IWM,0.16666666666666666
2016-10-13,QQQ,0.16666666666666666
2016-10-13,SPY,0
2016-10-13,TLT,0
2016-10-14,EEM,0.16666666666666666
2016-10-14,EFA,0.16666666666666666
2016-10-14,GLD,0.33333333333333331
2016-10-14,IWM,0.16666666666666666
2016-10-14,QQQ,0.16666666666666666
2016-10-14,SPY,0
2016-10-14,TLT,0
2016-10-17,EEM,0.16666666666666666
2016-10-17,EFA,0.16666666666666666
2016-10-17,GLD,0.33333333333333331
2016-10-17,IWM,0.16666666666666666
2016-10-17,QQQ,0.16666666666666666
2016-10-17,SPY,0
2016-10-17,TLT,0
2016-10-18,EEM,0.16666666666666666
2016-10-18,EFA,0.16666666666666666
2016-10-18,GLD,0.33333333333333331
2016-10-18,IWM,0.16666666666666666
2016-10-18,QQQ,0.16666666666666666
2016-10-18,SPY,0
2016-10-18,TLT,0
2016-10-19,EEM,0.16666666666666666
2016-10-19,EFA,0.16666666666666666
2016-10-19,GLD,0.33333333333333331
2016-10-19,IWM,0.16666666666666666
2016-10-19,QQQ,0.16666666666666666
2016-10-19,SPY,0
2016-10-19,TLT,0
2016-10-20,EEM,0.16666666666666666
2016-10-20,EFA,0.16666666666666666
2016-10-20,GLD,0.33333333333333331
2016-10-20,IWM,0.16666666666666666
2016-10-20,QQQ,0.16666666666666666
2016-10-20,SPY,0
2016-10-20,TLT,0
2016-10-21,EEM,0.16666666666666666
2016-10-21,EFA,0.16666666666666666
2016-10-21,GLD,0.33333333333333331
2016-10-21,IWM,0.16666666666666666
2016-10-21,QQQ,0.16666666666666666
2016-10-21,SPY,0
2016-10-21,TLT,0
2016-10-24,EEM,0.16666666666666666
2016-10-24,EFA,0.16666666666666666
2016-10-24,GLD,0.33333333333333331
2016-10-24,IWM,0.16666666666666666
2016-10-24,QQQ,0.16666666666666666
2016-10-24,SPY,0
2016-10-24,TLT,0
2016-10-25,EEM,0.16666666666666666
2016-10-25,EFA,0.16666666666666666
2016-10-25,GLD,0.33333333333333331
2016-10-25,IWM,0.16666666666666666
2016-10-25,QQQ,0.16666666666666666
2016-10-25,SPY,0
2016-10-25,TLT,0
2016-10-26,EEM,0.16666666666666666
2016-10-26,EFA,0.16666666666666666
2016-10-26,GLD,0.33333333333333331
2016-10-26,IWM,0.16666666666666666
2016-10-26,QQQ,0.16666666666666666
2016-10-26,SPY,0
2016-10-26,TLT,0
2016-10-27,EEM,0.16666666666666666
2016-10-27,EFA,0
2016-10-27,GLD,0.66666666666666663
2016-10-27,IWM,0
2016-10-27,QQQ,0.16666666666666666
2016-10-27,SPY,0
2016-10-27,TLT,0
2016-10-28,EEM,0.16666666666666666
2016-10-28,EFA,0
2016-10-28,GLD,0.66666666666666663
2016-10-28,IWM,0
2016-10-28,QQQ,0.16666666666666666
2016-10-28,SPY,0
2016-10-28,TLT,0
2016-10-31,EEM,0.16666666666666666
2016-10-31,EFA,0
2016-10-31,GLD,0.66666666666666663
2016-10-31,IWM,0
2016-10-31,QQQ,0.16666666666666666
2016-10-31,SPY,0
2016-10-31,TLT,0
2016-11-01,EEM,0.16666666666666666
2016-11-01,EFA,0
2016-11-01,GLD,0.66666666666666663
2016-11-01,IWM,0
2016-11-01,QQQ,0.16666666666666666
2016-11-01,SPY,0
2016-11-01,TLT,0
2016-11-02,EEM,0.16666666666666666
2016-11-02,EFA,0
2016-11-02,GLD,0.66666666666666663
2016-11-02,IWM,0
2016-11-02,QQQ,0.16666666666666666
2016-11-02,SPY,0
2016-11-02,TLT,0
2016-11-03,EEM,0
2016-11-03,EFA,0
2016-11-03,GLD,1
2016-11-03,IWM,0
2016-11-03,QQQ,0
2016-11-03,SPY,0
2016-11-03,TLT,0
2016-11-04,EEM,0
2016-11-04,EFA,0
2016-11-04,GLD,1
2016-11-04,IWM,0
2016-11-04,QQQ,0
2016-11-04,SPY,0
2016-11-04,TLT,0
2016-11-07,EEM,0
2016-11-07,EFA,0
2016-11-07,GLD,1
2016-11-07,IWM,0
2016-11-07,QQQ,0
2016-11-07,SPY,0
2016-11-07,TLT,0
2016-11-08,EEM,0
2016-11-08,EFA,0
2016-11-08,GLD,1
2016-11-08,IWM,0
2016-11-08,QQQ,0
2016-11-08,SPY,0
2016-11-08,TLT,0
2016-11-09,EEM,0
2016-11-09,EFA,0
2016-11-09,GLD,1
2016-11-09,IWM,0
2016-11-09,QQQ,0
2016-11-09,SPY,0
2016-11-09,TLT,0
2016-11-10,EEM,0
2016-11-10,EFA,0
2016-11-10,GLD,0.83333333333333337
2016-11-10,IWM,0.16666666666666666
2016-11-10,QQQ,0
2016-11-10,SPY,0
2016-11-10,TLT,0
2016-11-11,EEM,0
2016-11-11,EFA,0
2016-11-11,GLD,0.83333333333333337
2016-11-11,IWM,0.16666666666666666
2016-11-11,QQQ,0
2016-11-11,SPY,0
2016-11-11,TLT,0
2016-11-14,EEM,0
2016-11-14,EFA,0
2016-11-14,GLD,0.83333333333333337
2016-11-14,IWM,0.16666666666666666
2016-11-14,QQQ,0
2016-11-14,SPY,0
2016-11-14,TLT,0
2016-11-15,EEM,0
2016-11-15,EFA,0
2016-11-15,GLD,0.83333333333333337
2016-11-15,IWM,0.16666666666666666
2016-11-15,QQQ,0
2016-11-15,SPY,0
2016-11-15,TLT,0
2016-11-16,EEM,0
2016-11-16,EFA,0
2016-11-16,GLD,0.83333333333333337
2016-11-16,IWM,0.16666666666666666
2016-11-16,QQQ,0
2016-11-16,SPY,0
2016-11-16,TLT,0
2016-11-17,EEM,0
2016-11-17,EFA,0
2016-11-17,GLD,0.5
2016-11-17,IWM,0.16666666666666666
2016-11-17,QQQ,0.16666666666666666
2016-11-17,SPY,0.16666666666666666
2016-11-17,TLT,0
2016-11-18,EEM,0
2016-11-18,EFA,0
2016-11-18,GLD,0.5
2016-11-18,IWM,0.16666666666666666
2016-11-18,QQQ,0.16666666666666666
2016-11-18,SPY,0.16666666666666666
2016-11-18,TLT,0
2016-11-21,EEM,0
2016-11-21,EFA,0
2016-11-21,GLD,0.5
2016-11-21,IWM,0.16666666666666666
2016-11-21,QQQ,0.16666666666666666
2016-11-21,SPY,0.16666666666666666
2016-11-21,TLT,0
2016-11-22,EEM,0
2016-11-22,EFA,0
2016-11-22,GLD,0.5
2016-11-22,IWM,0.16666666666666666
2016-11-22,QQQ,0.16666666666666666
2016-11-22,SPY,0.16666666666666666
2016-11-22,TLT,0
2016-11-23,EEM,0
2016-11-23,EFA,0
2016-11-23,GLD,0.5
2016-11-23,IWM,0.16666666666666666
2016-11-23,QQQ,0.16666666666666666
2016-11-23,SPY,0.16666666666666666
2016-11-23,TLT,0
2016-11-25,EEM,0
2016-11-25,EFA,0
2016-11-25,GLD,0.5
2016-11-25,IWM,0.16666666666666666
2016-11-25,QQQ,0.16666666666666666
2016-11-25,SPY,0.16666666666666666
2016-11-25,TLT,0
2016-11-28,EEM,0
2016-11-28,EFA,0
2016-11-28,GLD,0.5
2016-11-28,IWM,0.16666666666666666
2016-11-28,QQQ,0.16666666666666666
2016-11-28,SPY,0.16666666666666666
2016-11-28,TLT,0
2016-11-29,EEM,0
2016-11-29,EFA,0
2016-11-29,GLD,0.5
2016-11-29,IWM,0.16666666666666666
2016-11-29,QQQ,0.16666666666666666
2016-11-29,SPY,0.16666666666666666
2016-11-29,TLT,0
2016-11-30,EEM,0
2016-11-30,EFA,0
2016-11-30,GLD,0.5
2016-11-30,IWM,0.16666666666666666
2016-11-30,QQQ,0.16666666666666666
2016-11-30,SPY,0.16666666666666666
2016-11-30,TLT,0
2016-12-01,EEM,0
2016-12-01,EFA,0
2016-12-01,GLD,0.5
2016-12-01,IWM,0.16666666666666666
2016-12-01,QQQ,0.16666666666666666
2016-12-01,SPY,0.16666666666666666
2016-12-01,TLT,0
2016-12-02,EEM,0
2016-12-02,EFA,0
2016-12-02,GLD,0.66666666666666663
2016-12-02,IWM,0.16666666666666666
2016-12-02,QQQ,0
2016-12-02,SPY,0.16666666666666666
2016-12-02,TLT,0
2016-12-05,EEM,0
2016-12-05,EFA,0
2016-12-05,GLD,0.66666666666666663
2016-12-05,IWM,0.16666666666666666
2016-12-05,QQQ,0
2016-12-05,SPY,0.16666666666666666
2016-12-05,TLT,0
2016-12-06,EEM,0
2016-12-06,EFA,0
2016-12-06,GLD,0.66666666666666663
2016-12-06,IWM,0.16666666666666666
2016-12-06,QQQ,0
2016-12-06,SPY,0.16666666666666666
2016-12-06,TLT,0
2016-12-07,EEM,0
2016-12-07,EFA,0
2016-12-07,GLD,0.66666666666666663
2016-12-07,IWM,0.16666666666666666
2016-12-07,QQQ,0
2016-12-07,SPY,0.16666666666666666
2016-12-07,TLT,0
2016-12-08,EEM,0
2016-12-08,EFA,0
2016-12-08,GLD,0.66666666666666663
2016-12-08,IWM,0.16666666666666666
2016-12-08,QQQ,0
2016-12-08,SPY,0.16666666666666666
2016-12-08,TLT,0
2016-12-09,EEM,0
2016-12-09,EFA,0
2016-12-09,GLD,0.5
2016-12-09,IWM,0.16666666666666666
2016-12-09,QQQ,0.16666666666666666
2016-12-09,SPY,0.16666666666666666
2016-12-09,TLT,0
2016-12-12,EEM,0
2016-12-12,EFA,0
2016-12-12,GLD,0.5
2016-12-12,IWM,0.16666666666666666
2016-12-12,QQQ,0.16666666666666666
2016-12-12,SPY,0.16666666666666666
2016-12-12,TLT,0
2016-12-13,EEM,0
2016-12-13,EFA,0
2016-12-13,GLD,0.5
2016-12-13,IWM,0.16666666666666666
2016-12-13,QQQ,0.16666666666666666
2016-12-13,SPY,0.16666666666666666
2016-12-13,TLT,0
2016-12-14,EEM,0
2016-12-14,EFA,0
2016-12-14,GLD,0.5
2016-12-14,IWM,0.16666666666666666
2016-12-14,QQQ,0.16666666666666666
2016-12-14,SPY,0.16666666666666666
2016-12-14,TLT,0
2016-12-15,EEM,0
2016-12-15,EFA,0
2016-12-15,GLD,0.5
2016-12-15,IWM,0.16666666666666666
2016-12-15,QQQ,0.16666666666666666
2016-12-15,SPY,0.16666666666666666
2016-12-15,TLT,0
2016-12-16,EEM,0
2016-12-16,EFA,0.16666666666666666
2016-12-16,GLD,0.33333333333333331
2016-12-16,IWM,0.16666666666666666
2016-12-16,QQQ,0.16666666666666666
2016-12-16,SPY,0.16666666666666666
2016-12-16,TLT,0
2016-12-19,EEM,0
2016-12-19,EFA,0.16666666666666666
2016-12-19,GLD,0.33333333333333331
2016-12-19,IWM,0.16666666666666666
2016-12-19,QQQ,0.16666666666666666
2016-12-19,SPY,0.16666666666666666
2016-12-19,TLT,0
2016-12-20,EEM,0
2016-12-20,EFA,0.16666666666666666
2016-12-20,GLD,0.33333333333333331
2016-12-20,IWM,0.16666666666666666
2016-12-20,QQQ,0.16666666666666666
2016-12-20,SPY,0.16666666666666666
2016-12-20,TLT,0
2016-12-21,EEM,0
2016-12-21,EFA,0.16666666666666666
2016-12-21,GLD,0.33333333333333331
2016-12-21,IWM,0.16666666666666666
2016-12-21,QQQ,0.16666666666666666
2016-12-21,SPY,0.16666666666666666
2016-12-21,TLT,0
2016-12-22,EEM,0
2016-12-22,EFA,0.16666666666666666
2016-12-22,GLD,0.33333333333333331
2016-12-22,IWM,0.16666666666666666
2016-12-22,QQQ,0.16666666666666666
2016-12-22,SPY,0.16666666666666666
2016-12-22,TLT,0
2016-12-23,EEM,0
2016-12-23,EFA,0
2016-12-23,GLD,0.5
2016-12-23,IWM,0.16666666666666666
2016-12-23,QQQ,0.16666666666666666
2016-12-23,SPY,0.16666666666666666
2016-12-23,TLT,0
2016-12-27,EEM,0
2016-12-27,EFA,0
2016-12-27,GLD,0.5
2016-12-27,IWM,0.16666666666666666
2016-12-27,QQQ,0.16666666666666666
2016-12-27,SPY,0.16666666666666666
2016-12-27,TLT,0
2016-12-28,EEM,0
2016-12-28,EFA,0
2016-12-28,GLD,0.5
2016-12-28,IWM,0.16666666666666666
2016-12-28,QQQ,0.16666666666666666
2016-12-28,SPY,0.16666666666666666
2016-12-28,TLT,0
2016-12-29,EEM,0
2016-12-29,EFA,0
2016-12-29,GLD,0.5
2016-12-29,IWM,0.16666666666666666
2016-12-29,QQQ,0.16666666666666666
2016-12-29,SPY,0.16666666666666666
2016-12-29,TLT,0
2016-12-30,EEM,0
2016-12-30,EFA,0
2016-12-30,GLD,0.5
2016-12-30,IWM,0.16666666666666666
2016-12-30,QQQ,0.16666666666666666
2016-12-30,SPY,0.16666666666666666
2016-12-30,TLT,0
2017-01-03,EEM,0
2017-01-03,EFA,0
2017-01-03,GLD,0.5
2017-01-03,IWM,0.16666666666666666
2017-01-03,QQQ,0.16666666666666666
2017-01-03,SPY,0.16666666666666666
2017-01-03,TLT,0
2017-01-04,EEM,0
2017-01-04,EFA,0
2017-01-04,GLD,0.5
2017-01-04,IWM,0.16666666666666666
2017-01-04,QQQ,0.16666666666666666
2017-01-04,SPY,0.16666666666666666
2017-01-04,TLT,0
2017-01-05,EEM,0
2017-01-05,EFA,0
2017-01-05,GLD,0.5
2017-01-05,IWM,0.16666666666666666
2017-01-05,QQQ,0.16666666666666666
2017-01-05,SPY,0.16666666666666666
2017-01-05,TLT,0
2017-01-06,EEM,0
2017-01-06,EFA,0
2017-01-06,GLD,0.5
2017-01-06,IWM,0.16666666666666666
2017-01-06,QQQ,0.16666666666666666
2017-01-06,SPY,0.16666666666666666
2017-01-06,TLT,0
2017-01-09,EEM,0
2017-01-09,EFA,0
2017-01-09,GLD,0.5
2017-01-09,IWM,0.16666666666666666
2017-01-09,QQQ,0.16666666666666666
2017-01-09,SPY,0.16666666666666666
2017-01-09,TLT,0
2017-01-10,EEM,0
2017-01-10,EFA,0.16666666666666666
2017-01-10,GLD,0.33333333333333331
2017-01-10,IWM,0.16666666666666666
2017-01-10,QQQ,0.16666666666666666
2017-01-10,SPY,0.16666666666666666
2017-01-10,TLT,0
2017-01-11,EEM,0
2017-01-11,EFA,0.16666666666666666
2017-01-11,GLD,0.33333333333333331
2017-01-11,IWM,0.16666666666666666
2017-01-11,QQQ,0.16666666666666666
2017-01-11,SPY,0.16666666666666666
2017-01-11,TLT,0
2017-01-12,EEM,0
2017-01-12,EFA,0.16666666666666666
2017-01-12,GLD,0.33333333333333331
2017-01-12,IWM,0.16666666666666666
2017-01-12,QQQ,0.16666666666666666
2017-01-12,SPY,0.16666666666666666
2017-01-12,TLT,0
2017-01-13,EEM,0
2017-01-13,EFA,0.16666666666666666
2017-01-13,GLD,0.33333333333333331
2017-01-13,IWM,0.16666666666666666
2017-01-13,QQQ,0.16666666666666666
2017-01-13,SPY,0.16666666666666666
2017-01-13,TLT,0
2017-01-17,EEM,0
2017-01-17,EFA,0.16666666666666666
2017-01-17,GLD,0.33333333333333331
2017-01-17,IWM,0.16666666666666666
2017-01-17,QQQ,0.16666666666666666
2017-01-17,SPY,0.16666666666666666
2017-01-17,TLT,0
2017-01-18,EEM,0.16666666666666666
2017-01-18,EFA,0.16666666666666666
2017-01-18,GLD,0.16666666666666666
2017-01-18,IWM,0.16666666666666666
2017-01-18,QQQ,0.16666666666666666
2017-01-18,SPY,0.16666666666666666
2017-01-18,TLT,0
2017-01-19,EEM,0.16666666666666666
2017-01-19,EFA,0.16666666666666666
2017-01-19,GLD,0.16666666666666666
2017-01-19,IWM,0.16666666666666666
2017-01-19,QQQ,0.16666666666666666
2017-01-19,SPY,0.16666666666666666
2017-01-19,TLT,0
2017-01-20,EEM,0.16666666666666666
2017-01-20,EFA,0.16666666666666666
2017-01-20,GLD,0.16666666666666666
2017-01-20,IWM,0.16666666666666666
2017-01-20,QQQ,0.16666666666666666
2017-01-20,SPY,0.16666666666666666
2017-01-20,TLT,0
2017-01-23,EEM,0.16666666666666666
2017-01-23,EFA,0.16666666666666666
2017-01-23,GLD,0.16666666666666666
2017-01-23,IWM,0.16666666666666666
2017-01-23,QQQ,0.16666666666666666
2017-01-23,SPY,0.16666666666666666
2017-01-23,TLT,0
2017-01-24,EEM,0.16666666666666666
2017-01-24,EFA,0.16666666666666666
2017-01-24,GLD,0.16666666666666666
2017-01-24,IWM,0.16666666666666666
2017-01-24,QQQ,0.16666666666666666
2017-01-24,SPY,0.16666666666666666
2017-01-24,TLT,0
2017-01-25,EEM,0.16666666666666666
2017-01-25,EFA,0.16666666666666666
2017-01-25,GLD,0.16666666666666666
2017-01-25,IWM,0.16666666666666666
2017-01-25,QQQ,0.16666666666666666
2017-01-25,SPY,0.16666666666666666
2017-01-25,TLT,0
2017-01-26,EEM,0.16666666666666666
2017-01-26,EFA,0.16666666666666666
2017-01-26,GLD,0.16666666666666666
2017-01-26,IWM,0.16666666666666666
2017-01-26,QQQ,0.16666666666666666
2017-01-26,SPY,0.16666666666666666
2017-01-26,TLT,0
2017-01-27,EEM,0.16666666666666666
2017-01-27,EFA,0.16666666666666666
2017-01-27,GLD,0.16666666666666666
2017-01-27,IWM,0.16666666666666666
2017-01-27,QQQ,0.16666666666666666
2017-01-27,SPY,0.16666666666666666
2017-01-27,TLT,0
2017-01-30,EEM,0.16666666666666666
2017-01-30,EFA,0.16666666666666666
2017-01-30,GLD,0.16666666666666666
2017-01-30,IWM,0.16666666666666666
2017-01-30,QQQ,0.16666666666666666
2017-01-30,SPY,0.16666666666666666
2017-01-30,TLT,0
2017-01-31,EEM,0.16666666666666666
2017-01-31,EFA,0.16666666666666666
2017-01-31,GLD,0.16666666666666666
2017-01-31,IWM,0.16666666666666666
2017-01-31,QQQ,0.16666666666666666
2017-01-31,SPY,0.16666666666666666
2017-01-31,TLT,0
2017-02-01,EEM,0.16666666666666666
2017-02-01,EFA,0.16666666666666666
2017-02-01,GLD,0.16666666666666666
2017-02-01,IWM,0.16666666666666666
2017-02-01,QQQ,0.16666666666666666
2017-02-01,SPY,0.16666666666666666
2017-02-01,TLT,0
2017-02-02,EEM,0.16666666666666666
2017-02-02,EFA,0.16666666666666666
2017-02-02,GLD,0.16666666666666666
2017-02-02,IWM,0.16666666666666666
2017-02-02,QQQ,0.16666666666666666
2017-02-02,SPY,0.16666666666666666
2017-02-02,TLT,0
2017-02-03,EEM,0.16666666666666666
2017-02-03,EFA,0.16666666666666666
2017-02-03,GLD,0.16666666666666666
2017-02-03,IWM,0.16666666666666666
2017-02-03,QQQ,0.16666666666666666
2017-02-03,SPY,0.16666666666666666
2017-02-03,TLT,0
2017-02-06,EEM,0.16666666666666666
2017-02-06,EFA,0.16666666666666666
2017-02-06,GLD,0.16666666666666666
2017-02-06,IWM,0.16666666666666666
2017-02-06,QQQ,0.16666666666666666
2017-02-06,SPY,0.16666666666666666
2017-02-06,TLT,0
2017-02-07,EEM,0.16666666666666666
2017-02-07,EFA,0.16666666666666666
2017-02-07,GLD,0.16666666666666666
2017-02-07,IWM,0.16666666666666666
2017-02-07,QQQ,0.16666666666666666
2017-02-07,SPY,0.16666666666666666
2017-02-07,TLT,0
2017-02-08,EEM,0.16666666666666666
2017-02-08,EFA,0.16666666666666666
2017-02-08,GLD,0.16666666666666666
2017-02-08,IWM,0.16666666666666666
2017-02-08,QQQ,0.16666666666666666
2017-02-08,SPY,0.16666666666666666
2017-02-08,TLT,0
2017-02-09,EEM,0.16666666666666666
2017-02-09,EFA,0.16666666666666666
2017-02-09,GLD,0.16666666666666666
2017-02-09,IWM,0.16666666666666666
2017-02-09,QQQ,0.16666666666666666
2017-02-09,SPY,0.16666666666666666
2017-02-09,TLT,0
2017-02-10,EEM,0.16666666666666666
2017-02-10,EFA,0.16666666666666666
2017-02-10,GLD,0.16666666666666666
2017-02-10,IWM,0.16666666666666666
2017-02-10,QQQ,0.16666666666666666
2017-02-10,SPY,0.16666666666666666
2017-02-10,TLT,0
2017-02-13,EEM,0.16666666666666666
2017-02-13,EFA,0.16666666666666666
2017-02-13,GLD,0.16666666666666666
2017-02-13,IWM,0.16666666666666666
2017-02-13,QQQ,0.16666666666666666
2017-02-13,SPY,0.16666666666666666
2017-02-13,TLT,0
2017-02-14,EEM,0.16666666666666666
2017-02-14,EFA,0.16666666666666666
2017-02-14,GLD,0.16666666666666666
2017-02-14,IWM,0.16666666666666666
2017-02-14,QQQ,0.16666666666666666
2017-02-14,SPY,0.16666666666666666
2017-02-14,TLT,0
2017-02-15,EEM,0.16666666666666666
2017-02-15,EFA,0.16666666666666666
2017-02-15,GLD,0.16666666666666666
2017-02-15,IWM,0.16666666666666666
2017-02-15,QQQ,0.16666666666666666
2017-02-15,SPY,0.16666666666666666
2017-02-15,TLT,0
2017-02-16,EEM,0.16666666666666666
2017-02-16,EFA,0.16666666666666666
2017-02-16,GLD,0.16666666666666666
2017-02-16,IWM,0.16666666666666666
2017-02-16,QQQ,0.16666666666666666
2017-02-16,SPY,0.16666666666666666
2017-02-16,TLT,0
2017-02-17,EEM,0.16666666666666666
2017-02-17,EFA,0.16666666666666666
2017-02-17,GLD,0.16666666666666666
2017-02-17,IWM,0.16666666666666666
2017-02-17,QQQ,0.16666666666666666
2017-02-17,SPY,0.16666666666666666
2017-02-17,TLT,0
2017-02-21,EEM,0.16666666666666666
2017-02-21,EFA,0.16666666666666666
2017-02-21,GLD,0.16666666666666666
2017-02-21,IWM,0.16666666666666666
2017-02-21,QQQ,0.16666666666666666
2017-02-21,SPY,0.16666666666666666
2017-02-21,TLT,0
2017-02-22,EEM,0.16666666666666666
2017-02-22,EFA,0.16666666666666666
2017-02-22,GLD,0.16666666666666666
2017-02-22,IWM,0.16666666666666666
2017-02-22,QQQ,0.16666666666666666
2017-02-22,SPY,0.16666666666666666
2017-02-22,TLT,0
2017-02-23,EEM,0.16666666666666666
2017-02-23,EFA,0.16666666666666666
2017-02-23,GLD,0
2017-02-23,IWM,0.16666666666666666
2017-02-23,QQQ,0.16666666666666666
2017-02-23,SPY,0.16666666666666666
2017-02-23,TLT,0.16666666666666666
2017-02-24,EEM,0.16666666666666666
2017-02-24,EFA,0.16666666666666666
2017-02-24,GLD,0
2017-02-24,IWM,0.16666666666666666
2017-02-24,QQQ,0.16666666666666666
2017-02-24,SPY,0.16666666666666666
2017-02-24,TLT,0.16666666666666666
2017-02-27,EEM,0.16666666666666666
2017-02-27,EFA,0.16666666666666666
2017-02-27,GLD,0
2017-02-27,IWM,0.16666666666666666
2017-02-27,QQQ,0.16666666666666666
2017-02-27,SPY,0.16666666666666666
2017-02-27,TLT,0.16666666666666666
2017-02-28,EEM,0.16666666666666666
2017-02-28,EFA,0.16666666666666666
2017-02-28,GLD,0
2017-02-28,IWM,0.16666666666666666
2017-02-28,QQQ,0.16666666666666666
2017-02-28,SPY,0.16666666666666666
2017-02-28,TLT,0.16666666666666666
2017-03-01,EEM,0.16666666666666666
2017-03-01,EFA,0.16666666666666666
2017-03-01,GLD,0
2017-03-01,IWM,0.16666666666666666
2017-03-01,QQQ,0.16666666666666666
2017-03-01,SPY,0.16666666666666666
2017-03-01,TLT,0.16666666666666666
2017-03-02,EEM,0.16666666666666666
2017-03-02,EFA,0.16666666666666666
2017-03-02,GLD,0.16666666666666666
2017-03-02,IWM,0.16666666666666666
2017-03-02,QQQ,0.16666666666666666
2017-03-02,SPY,0.16666666666666666
2017-03-02,TLT,0
2017-03-03,EEM,0.16666666666666666
2017-03-03,EFA,0.16666666666666666
2017-03-03,GLD,0.16666666666666666
2017-03-03,IWM,0.16666666666666666
2017-03-03,QQQ,0.16666666666666666
2017-03-03,SPY,0.16666666666666666
2017-03-03,TLT,0
2017-03-06,EEM,0.16666666666666666
2017-03-06,EFA,0.16666666666666666
2017-03-06,GLD,0.16666666666666666
2017-03-06,IWM,0.16666666666666666
2017-03-06,QQQ,0.16666666666666666
2017-03-06,SPY,0.16666666666666666
2017-03-06,TLT,0
2017-03-07,EEM,0.16666666666666666
2017-03-07,EFA,0.16666666666666666
2017-03-07,GLD,0.16666666666666666
2017-03-07,IWM,0.16666666666666666
2017-03-07,QQQ,0.16666666666666666
2017-03-07,SPY,0.16666666666666666
2017-03-07,TLT,0
2017-03-08,EEM,0.16666666666666666
2017-03-08,EFA,0.16666666666666666
2017-03-08,GLD,0.16666666666666666
2017-03-08,IWM,0.16666666666666666
2017-03-08,QQQ,0.16666666666666666
2017-03-08,SPY,0.16666666666666666
2017-03-08,TLT,0
2017-03-09,EEM,0.16666666666666666
2017-03-09,EFA,0.16666666666666666
2017-03-09,GLD,0.16666666666666666
2017-03-09,IWM,0.16666666666666666
2017-03-09,QQQ,0.16666666666666666
2017-03-09,SPY,0.16666666666666666
2017-03-09,TLT,0
2017-03-10,EEM,0.16666666666666666
2017-03-10,EFA,0.16666666666666666
2017-03-10,GLD,0.16666666666666666
2017-03-10,IWM,0.16666666666666666
2017-03-10,QQQ,0.16666666666666666
2017-03-10,SPY,0.16666666666666666
2017-03-10,TLT,0
2017-03-13,EEM,0.16666666666666666
2017-03-13,EFA,0.16666666666666666
2017-03-13,GLD,0.16666666666666666
2017-03-13,IWM,0.16666666666666666
2017-03-13,QQQ,0.16666666666666666
2017-03-13,SPY,0.16666666666666666
2017-03-13,TLT,0
2017-03-14,EEM,0.16666666666666666
2017-03-14,EFA,0.16666666666666666
2017-03-14,GLD,0.16666666666666666
2017-03-14,IWM,0.16666666666666666
2017-03-14,QQQ,0.16666666666666666
2017-03-14,SPY,0.16666666666666666
2017-03-14,TLT,0
2017-03-15,EEM,0.16666666666666666
2017-03-15,EFA,0.16666666666666666
2017-03-15,GLD,0.16666666666666666
2017-03-15,IWM,0.16666666666666666
2017-03-15,QQQ,0.16666666666666666
2017-03-15,SPY,0.16666666666666666
2017-03-15,TLT,0
2017-03-16,EEM,0.16666666666666666
2017-03-16,EFA,0.16666666666666666
2017-03-16,GLD,0
2017-03-16,IWM,0.16666666666666666
2017-03-16,QQQ,0.16666666666666666
2017-03-16,SPY,0.16666666666666666
2017-03-16,TLT,0.16666666666666666
2017-03-17,EEM,0.16666666666666666
2017-03-17,EFA,0.16666666666666666
2017-03-17,GLD,0
2017-03-17,IWM,0.16666666666666666
2017-03-17,QQQ,0.16666666666666666
2017-03-17,SPY,0.16666666666666666
2017-03-17,TLT,0.16666666666666666
2017-03-20,EEM,0.16666666666666666
2017-03-20,EFA,0.16666666666666666
2017-03-20,GLD,0
2017-03-20,IWM,0.16666666666666666
2017-03-20,QQQ,0.16666666666666666
2017-03-20,SPY,0.16666666666666666
2017-03-20,TLT,0.16666666666666666
2017-03-21,EEM,0.16666666666666666
2017-03-21,EFA,0.16666666666666666
2017-03-21,GLD,0
2017-03-21,IWM,0.16666666666666666
2017-03-21,QQQ,0.16666666666666666
2017-03-21,SPY,0.16666666666666666
2017-03-21,TLT,0.16666666666666666
2017-03-22,EEM,0.16666666666666666
2017-03-22,EFA,0.16666666666666666
2017-03-22,GLD,0
2017-03-22,IWM,0.16666666666666666
2017-03-22,QQQ,0.16666666666666666
2017-03-22,SPY,0.16666666666666666
2017-03-22,TLT,0.16666666666666666
2017-03-23,EEM,0.16666666666666666
2017-03-23,EFA,0.16666666666666666
2017-03-23,GLD,0.16666666666666666
2017-03-23,IWM,0
2017-03-23,QQQ,0.16666666666666666
2017-03-23,SPY,0.16666666666666666
2017-03-23,TLT,0.16666666666666666
2017-03-24,EEM,0.16666666666666666
2017-03-24,EFA,0.16666666666666666
2017-03-24,GLD,0.16666666666666666
2017-03-24,IWM,0
2017-03-24,QQQ,0.16666666666666666
2017-03-24,SPY,0.16666666666666666
2017-03-24,TLT,0.16666666666666666
2017-03-27,EEM,0.16666666666666666
2017-03-27,EFA,0.16666666666666666
2017-03-27,GLD,0.16666666666666666
2017-03-27,IWM,0
2017-03-27,QQQ,0.16666666666666666
2017-03-27,SPY,0.16666666666666666
2017-03-27,TLT,0.16666666666666666
2017-03-28,EEM,0.16666666666666666
2017-03-28,EFA,0.16666666666666666
2017-03-28,GLD,0.16666666666666666
2017-03-28,IWM,0
2017-03-28,QQQ,0.16666666666666666
2017-03-28,SPY,0.16666666666666666
2017-03-28,TLT,0.16666666666666666
2017-03-29,EEM,0.16666666666666666
2017-03-29,EFA,0.16666666666666666
2017-03-29,GLD,0.16666666666666666
2017-03-29,IWM,0
2017-03-29,QQQ,0.16666666666666666
2017-03-29,SPY,0.16666666666666666
2017-03-29,TLT,0.16666666666666666
2017-03-30,EEM,0.16666666666666666
2017-03-30,EFA,0.16666666666666666
2017-03-30,GLD,0
2017-03-30,IWM,0.16666666666666666
2017-03-30,QQQ,0.16666666666666666
2017-03-30,SPY,0.16666666666666666
2017-03-30,TLT,0.16666666666666666
2017-03-31,EEM,0.16666666666666666
2017-03-31,EFA,0.16666666666666666
2017-03-31,GLD,0
2017-03-31,IWM,0.16666666666666666
2017-03-31,QQQ,0.16666666666666666
2017-03-31,SPY,0.16666666666666666
2017-03-31,TLT,0.16666666666666666
2017-04-03,EEM,0.16666666666666666
2017-04-03,EFA,0.16666666666666666
2017-04-03,GLD,0
2017-04-03,IWM,0.16666666666666666
2017-04-03,QQQ,0.16666666666666666
2017-04-03,SPY,0.16666666666666666
2017-04-03,TLT,0.16666666666666666
2017-04-04,EEM,0.16666666666666666
2017-04-04,EFA,0.16666666666666666
2017-04-04,GLD,0
2017-04-04,IWM,0.16666666666666666
2017-04-04,QQQ,0.16666666666666666
2017-04-04,SPY,0.16666666666666666
2017-04-04,TLT,0.16666666666666666
2017-04-05,EEM,0.16666666666666666
2017-04-05,EFA,0.16666666666666666
2017-04-05,GLD,0
2017-04-05,IWM,0.16666666666666666
2017-04-05,QQQ,0.16666666666666666
2017-04-05,SPY,0.16666666666666666
2017-04-05,TLT,0.16666666666666666
2017-04-06,EEM,0.16666666666666666
2017-04-06,EFA,0.16666666666666666
2017-04-06,GLD,0.16666666666666666
2017-04-06,IWM,0
2017-04-06,QQQ,0.16666666666666666
2017-04-06,SPY,0.16666666666666666
2017-04-06,TLT,0.16666666666666666
2017-04-07,EEM,0.16666666666666666
2017-04-07,EFA,0.16666666666666666
2017-04-07,GLD,0.16666666666666666
2017-04-07,IWM,0
2017-04-07,QQQ,0.16666666666666666
2017-04-07,SPY,0.16666666666666666
2017-04-07,TLT,0.16666666666666666
2017-04-10,EEM,0.16666666666666666
2017-04-10,EFA,0.16666666666666666
2017-04-10,GLD,0.16666666666666666
2017-04-10,IWM,0
2017-04-10,QQQ,0.16666666666666666
2017-04-10,SPY,0.16666666666666666
2017-04-10,TLT,0.16666666666666666
2017-04-11,EEM,0.16666666666666666
2017-04-11,EFA,0.16666666666666666
2017-04-11,GLD,0.16666666666666666
2017-04-11,IWM,0
2017-04-11,QQQ,0.16666666666666666
2017-04-11,SPY,0.16666666666666666
2017-04-11,TLT,0.16666666666666666
2017-04-12,EEM,0.16666666666666666
2017-04-12,EFA,0.16666666666666666
2017-04-12,GLD,0.16666666666666666
2017-04-12,IWM,0
2017-04-12,QQQ,0.16666666666666666
2017-04-12,SPY,0.16666666666666666
2017-04-12,TLT,0.16666666666666666
2017-04-13,EEM,0.16666666666666666
2017-04-13,EFA,0.16666666666666666
2017-04-13,GLD,0.16666666666666666
2017-04-13,IWM,0
2017-04-13,QQQ,0.16666666666666666
2017-04-13,SPY,0.16666666666666666
2017-04-13,TLT,0.16666666666666666
2017-04-17,EEM,0.16666666666666666
2017-04-17,EFA,0.16666666666666666
2017-04-17,GLD,0.16666666666666666
2017-04-17,IWM,0
2017-04-17,QQQ,0.16666666666666666
2017-04-17,SPY,0.16666666666666666
2017-04-17,TLT,0.16666666666666666
2017-04-18,EEM,0.16666666666666666
2017-04-18,EFA,0.16666666666666666
2017-04-18,GLD,0.16666666666666666
2017-04-18,IWM,0
2017-04-18,QQQ,0.16666666666666666
2017-04-18,SPY,0.16666666666666666
2017-04-18,TLT,0.16666666666666666
2017-04-19,EEM,0.16666666666666666
2017-04-19,EFA,0.16666666666666666
2017-04-19,GLD,0.16666666666666666
2017-04-19,IWM,0
2017-04-19,QQQ,0.16666666666666666
2017-04-19,SPY,0.16666666666666666
2017-04-19,TLT,0.16666666666666666
2017-04-20,EEM,0.16666666666666666
2017-04-20,EFA,0.16666666666666666
2017-04-20,GLD,0.16666666666666666
2017-04-20,IWM,0
2017-04-20,QQQ,0.16666666666666666
2017-04-20,SPY,0.16666666666666666
2017-04-20,TLT,0.16666666666666666
2017-04-21,EEM,0.16666666666666666
2017-04-21,EFA,0.16666666666666666
2017-04-21,GLD,0
2017-04-21,IWM,0.16666666666666666
2017-04-21,QQQ,0.16666666666666666
2017-04-21,SPY,0.16666666666666666
2017-04-21,TLT,0.16666666666666666
2017-04-24,EEM,0.16666666666666666
2017-04-24,EFA,0.16666666666666666
2017-04-24,GLD,0
2017-04-24,IWM,0.16666666666666666
2017-04-24,QQQ,0.16666666666666666
2017-04-24,SPY,0.16666666666666666
2017-04-24,TLT,0.16666666666666666
2017-04-25,EEM,0.16666666666666666
2017-04-25,EFA,0.16666666666666666
2017-04-25,GLD,0
2017-04-25,IWM,0.16666666666666666
2017-04-25,QQQ,0.16666666666666666
2017-04-25,SPY,0.16666666666666666
2017-04-25,TLT,0.16666666666666666
2017-04-26,EEM,0.16666666666666666
2017-04-26,EFA,0.16666666666666666
2017-04-26,GLD,0
2017-04-26,IWM,0.16666666666666666
2017-04-26,QQQ,0.16666666666666666
2017-04-26,SPY,0.16666666666666666
2017-04-26,TLT,0.16666666666666666
2017-04-27,EEM,0.16666666666666666
2017-04-27,EFA,0.16666666666666666
2017-04-27,GLD,0
2017-04-27,IWM,0.16666666666666666
2017-04-27,QQQ,0.16666666666666666
2017-04-27,SPY,0.16666666666666666
2017-04-27,TLT,0.16666666666666666
2017-04-28,EEM,0.16666666666666666
2017-04-28,EFA,0.16666666666666666
2017-04-28,GLD,0
2017-04-28,IWM,0.16666666666666666
2017-04-28,QQQ,0.16666666666666666
2017-04-28,SPY,0.16666666666666666
2017-04-28,TLT,0.16666666666666666
2017-05-01,EEM,0.16666666666666666
2017-05-01,EFA,0.16666666666666666
2017-05-01,GLD,0
2017-05-01,IWM,0.16666666666666666
2017-05-01,QQQ,0.16666666666666666
2017-05-01,SPY,0.16666666666666666
2017-05-01,TLT,0.16666666666666666
2017-05-02,EEM,0.16666666666666666
2017-05-02,EFA,0.16666666666666666
2017-05-02,GLD,0
2017-05-02,IWM,0.16666666666666666
2017-05-02,QQQ,0.16666666666666666
2017-05-02,SPY,0.16666666666666666
2017-05-02,TLT,0.16666666666666666
2017-05-03,EEM,0.16666666666666666
2017-05-03,EFA,0.16666666666666666
2017-05-03,GLD,0
2017-05-03,IWM,0.16666666666666666
2017-05-03,QQQ,0.16666666666666666
2017-05-03,SPY,0.16666666666666666
2017-05-03,TLT,0.16666666666666666
2017-05-04,EEM,0.16666666666666666
2017-05-04,EFA,0.16666666666666666
2017-05-04,GLD,0
2017-05-04,IWM,0.16666666666666666
2017-05-04,QQQ,0.16666666666666666
2017-05-04,SPY,0.16666666666666666
2017-05-04,TLT,0.16666666666666666
2017-05-05,EEM,0.16666666666666666
2017-05-05,EFA,0.16666666666666666
2017-05-05,GLD,0
2017-05-05,IWM,0.16666666666666666
2017-05-05,QQQ,0.16666666666666666
2017-05-05,SPY,0.16666666666666666
2017-05-05,TLT,0.16666666666666666
2017-05-08,EEM,0.16666666666666666
2017-05-08,EFA,0.16666666666666666
2017-05-08,GLD,0
2017-05-08,IWM,0.16666666666666666
2017-05-08,QQQ,0.16666666666666666
2017-05-08,SPY,0.16666666666666666
2017-05-08,TLT,0.16666666666666666
2017-05-09,EEM,0.16666666666666666
2017-05-09,EFA,0.16666666666666666
2017-05-09,GLD,0
2017-05-09,IWM,0.16666666666666666
2017-05-09,QQQ,0.16666666666666666
2017-05-09,SPY,0.16666666666666666
2017-05-09,TLT,0.16666666666666666
2017-05-10,EEM,0.16666666666666666
2017-05-10,EFA,0.16666666666666666
2017-05-10,GLD,0
2017-05-10,IWM,0.16666666666666666
2017-05-10,QQQ,0.16666666666666666
2017-05-10,SPY,0.16666666666666666
2017-05-10,TLT,0.16666666666666666
2017-05-11,EEM,0.16666666666666666
2017-05-11,EFA,0.16666666666666666
2017-05-11,GLD,0
2017-05-11,IWM,0.16666666666666666
2017-05-11,QQQ,0.16666666666666666
2017-05-11,SPY,0.16666666666666666
2017-05-11,TLT,0.16666666666666666
2017-05-12,EEM,0.16666666666666666
2017-05-12,EFA,0.16666666666666666
2017-05-12,GLD,0.16666666666666666
2017-05-12,IWM,0
2017-05-12,QQQ,0.16666666666666666
2017-05-12,SPY,0.16666666666666666
2017-05-12,TLT,0.16666666666666666
2017-05-15,EEM,0.16666666666666666
2017-05-15,EFA,0.16666666666666666
2017-05-15,GLD,0.16666666666666666
2017-05-15,IWM,0
2017-05-15,QQQ,0.16666666666666666
2017-05-15,SPY,0.16666666666666666
2017-05-15,TLT,0.16666666666666666
2017-05-16,EEM,0.16666666666666666
2017-05-16,EFA,0.16666666666666666
2017-05-16,GLD,0.16666666666666666
2017-05-16,IWM,0
2017-05-16,QQQ,0.16666666666666666
2017-05-16,SPY,0.16666666666666666
2017-05-16,TLT,0.16666666666666666
2017-05-17,EEM,0.16666666666666666
2017-05-17,EFA,0.16666666666666666
2017-05-17,GLD,0.16666666666666666
2017-05-17,IWM,0
2017-05-17,QQQ,0.16666666666666666
2017-05-17,SPY,0.16666666666666666
2017-05-17,TLT,0.16666666666666666
2017-05-18,EEM,0.16666666666666666
2017-05-18,EFA,0.16666666666666666
2017-05-18,GLD,0.16666666666666666
2017-05-18,IWM,0
2017-05-18,QQQ,0.16666666666666666
2017-05-18,SPY,0.16666666666666666
2017-05-18,TLT,0.16666666666666666
2017-05-19,EEM,0.16666666666666666
2017-05-19,EFA,0.16666666666666666
2017-05-19,GLD,0.16666666666666666
2017-05-19,IWM,0
2017-05-19,QQQ,0.16666666666666666
2017-05-19,SPY,0.16666666666666666
2017-05-19,TLT,0.16666666666666666
2017-05-22,EEM,0.16666666666666666
2017-05-22,EFA,0.16666666666666666
2017-05-22,GLD,0.16666666666666666
2017-05-22,IWM,0
2017-05-22,QQQ,0.16666666666666666
2017-05-22,SPY,0.16666666666666666
2017-05-22,TLT,0.16666666666666666
2017-05-23,EEM,0.16666666666666666
2017-05-23,EFA,0.16666666666666666
2017-05-23,GLD,0.16666666666666666
2017-05-23,IWM,0
2017-05-23,QQQ,0.16666666666666666
2017-05-23,SPY,0.16666666666666666
2017-05-23,TLT,0.16666666666666666
2017-05-24,EEM,0.16666666666666666
2017-05-24,EFA,0.16666666666666666
2017-05-24,GLD,0.16666666666666666
2017-05-24,IWM,0
2017-05-24,QQQ,0.16666666666666666
2017-05-24,SPY,0.16666666666666666
2017-05-24,TLT,0.16666666666666666
2017-05-25,EEM,0.16666666666666666
2017-05-25,EFA,0.16666666666666666
2017-05-25,GLD,0.16666666666666666
2017-05-25,IWM,0
2017-05-25,QQQ,0.16666666666666666
2017-05-25,SPY,0.16666666666666666
2017-05-25,TLT,0.16666666666666666
2017-05-26,EEM,0.16666666666666666
2017-05-26,EFA,0.16666666666666666
2017-05-26,GLD,0.16666666666666666
2017-05-26,IWM,0
2017-05-26,QQQ,0.16666666666666666
2017-05-26,SPY,0.16666666666666666
2017-05-26,TLT,0.16666666666666666
2017-05-30,EEM,0.16666666666666666
2017-05-30,EFA,0.16666666666666666
2017-05-30,GLD,0.16666666666666666
2017-05-30,IWM,0
2017-05-30,QQQ,0.16666666666666666
2017-05-30,SPY,0.16666666666666666
2017-05-30,TLT,0.16666666666666666
2017-05-31,EEM,0.16666666666666666
2017-05-31,EFA,0.16666666666666666
2017-05-31,GLD,0.16666666666666666
2017-05-31,IWM,0
2017-05-31,QQQ,0.16666666666666666
2017-05-31,SPY,0.16666666666666666
2017-05-31,TLT,0.16666666666666666
2017-06-01,EEM,0.16666666666666666
2017-06-01,EFA,0.16666666666666666
2017-06-01,GLD,0.16666666666666666
2017-06-01,IWM,0
2017-06-01,QQQ,0.16666666666666666
2017-06-01,SPY,0.16666666666666666
2017-06-01,TLT,0.16666666666666666
2017-06-02,EEM,0.16666666666666666
2017-06-02,EFA,0.16666666666666666
2017-06-02,GLD,0.16666666666666666
2017-06-02,IWM,0
2017-06-02,QQQ,0.16666666666666666
2017-06-02,SPY,0.16666666666666666
2017-06-02,TLT,0.16666666666666666
2017-06-05,EEM,0.16666666666666666
2017-06-05,EFA,0.16666666666666666
2017-06-05,GLD,0
2017-06-05,IWM,0.16666666666666666
2017-06-05,QQQ,0.16666666666666666
2017-06-05,SPY,0.16666666666666666
2017-06-05,TLT,0.16666666666666666
2017-06-06,EEM,0.16666666666666666
2017-06-06,EFA,0.16666666666666666
2017-06-06,GLD,0
2017-06-06,IWM,0.16666666666666666
2017-06-06,QQQ,0.16666666666666666
2017-06-06,SPY,0.16666666666666666
2017-06-06,TLT,0.16666666666666666
2017-06-07,EEM,0.16666666666666666
2017-06-07,EFA,0.16666666666666666
2017-06-07,GLD,0
2017-06-07,IWM,0.16666666666666666
2017-06-07,QQQ,0.16666666666666666
2017-06-07,SPY,0.16666666666666666
2017-06-07,TLT,0.16666666666666666
2017-06-08,EEM,0.16666666666666666
2017-06-08,EFA,0.16666666666666666
2017-06-08,GLD,0
2017-06-08,IWM,0.16666666666666666
2017-06-08,QQQ,0.16666666666666666
2017-06-08,SPY,0.16666666666666666
2017-06-08,TLT,0.16666666666666666
2017-06-09,EEM,0.16666666666666666
2017-06-09,EFA,0.16666666666666666
2017-06-09,GLD,0
2017-06-09,IWM,0.16666666666666666
2017-06-09,QQQ,0.16666666666666666
2017-06-09,SPY,0.16666666666666666
2017-06-09,TLT,0.16666666666666666
2017-06-12,EEM,0.16666666666666666
2017-06-12,EFA,0.16666666666666666
2017-06-12,GLD,0
2017-06-12,IWM,0.16666666666666666
2017-06-12,QQQ,0.16666666666666666
2017-06-12,SPY,0.16666666666666666
2017-06-12,TLT,0.16666666666666666
2017-06-13,EEM,0.16666666666666666
2017-06-13,EFA,0.16666666666666666
2017-06-13,GLD,0
2017-06-13,IWM,0.16666666666666666
2017-06-13,QQQ,0.16666666666666666
2017-06-13,SPY,0.16666666666666666
2017-06-13,TLT,0.16666666666666666
2017-06-14,EEM,0.16666666666666666
2017-06-14,EFA,0.16666666666666666
2017-06-14,GLD,0
2017-06-14,IWM,0.16666666666666666
2017-06-14,QQQ,0.16666666666666666
2017-06-14,SPY,0.16666666666666666
2017-06-14,TLT,0.16666666666666666
2017-06-15,EEM,0.16666666666666666
2017-06-15,EFA,0.16666666666666666
2017-06-15,GLD,0
2017-06-15,IWM,0.16666666666666666
2017-06-15,QQQ,0.16666666666666666
2017-06-15,SPY,0.16666666666666666
2017-06-15,TLT,0.16666666666666666
2017-06-16,EEM,0.16666666666666666
2017-06-16,EFA,0.16666666666666666
2017-06-16,GLD,0
2017-06-16,IWM,0.16666666666666666
2017-06-16,QQQ,0.16666666666666666
2017-06-16,SPY,0.16666666666666666
2017-06-16,TLT,0.16666666666666666
2017-06-19,EEM,0.16666666666666666
2017-06-19,EFA,0.16666666666666666
2017-06-19,GLD,0
2017-06-19,IWM,0.16666666666666666
2017-06-19,QQQ,0.16666666666666666
2017-06-19,SPY,0.16666666666666666
2017-06-19,TLT,0.16666666666666666
2017-06-20,EEM,0.16666666666666666
2017-06-20,EFA,0.16666666666666666
2017-06-20,GLD,0
2017-06-20,IWM,0.16666666666666666
2017-06-20,QQQ,0.16666666666666666
2017-06-20,SPY,0.16666666666666666
2017-06-20,TLT,0.16666666666666666
2017-06-21,EEM,0.16666666666666666
2017-06-21,EFA,0.16666666666666666
2017-06-21,GLD,0
2017-06-21,IWM,0.16666666666666666
2017-06-21,QQQ,0.16666666666666666
2017-06-21,SPY,0.16666666666666666
2017-06-21,TLT,0.16666666666666666
2017-06-22,EEM,0.16666666666666666
2017-06-22,EFA,0.16666666666666666
2017-06-22,GLD,0
2017-06-22,IWM,0.16666666666666666
2017-06-22,QQQ,0.16666666666666666
2017-06-22,SPY,0.16666666666666666
2017-06-22,TLT,0.16666666666666666
2017-06-23,EEM,0.16666666666666666
2017-06-23,EFA,0.16666666666666666
2017-06-23,GLD,0
2017-06-23,IWM,0.16666666666666666
2017-06-23,QQQ,0.16666666666666666
2017-06-23,SPY,0.16666666666666666
2017-06-23,TLT,0.16666666666666666
2017-06-26,EEM,0.16666666666666666
2017-06-26,EFA,0.16666666666666666
2017-06-26,GLD,0
2017-06-26,IWM,0.16666666666666666
2017-06-26,QQQ,0.16666666666666666
2017-06-26,SPY,0.16666666666666666
2017-06-26,TLT,0.16666666666666666
2017-06-27,EEM,0.16666666666666666
2017-06-27,EFA,0.16666666666666666
2017-06-27,GLD,0
2017-06-27,IWM,0.16666666666666666
2017-06-27,QQQ,0.16666666666666666
2017-06-27,SPY,0.16666666666666666
2017-06-27,TLT,0.16666666666666666
2017-06-28,EEM,0.16666666666666666
2017-06-28,EFA,0.16666666666666666
2017-06-28,GLD,0
2017-06-28,IWM,0.16666666666666666
2017-06-28,QQQ,0.16666666666666666
2017-06-28,SPY,0.16666666666666666
2017-06-28,TLT,0.16666666666666666
2017-06-29,EEM,0.16666666666666666
2017-06-29,EFA,0.16666666666666666
2017-06-29,GLD,0
2017-06-29,IWM,0.16666666666666666
2017-06-29,QQQ,0.16666666666666666
2017-06-29,SPY,0.16666666666666666
2017-06-29,TLT,0.16666666666666666
2017-06-30,EEM,0.16666666666666666
2017-06-30,EFA,0.16666666666666666
2017-06-30,GLD,0
2017-06-30,IWM,0.16666666666666666
2017-06-30,QQQ,0.16666666666666666
2017-06-30,SPY,0.16666666666666666
2017-06-30,TLT,0.16666666666666666
2017-07-03,EEM,0.16666666666666666
2017-07-03,EFA,0.16666666666666666
2017-07-03,GLD,0
2017-07-03,IWM,0.16666666666666666
2017-07-03,QQQ,0.16666666666666666
2017-07-03,SPY,0.16666666666666666
2017-07-03,TLT,0.16666666666666666
2017-07-05,EEM,0.16666666666666666
2017-07-05,EFA,0.16666666666666666
2017-07-05,GLD,0
2017-07-05,IWM,0.16666666666666666
2017-07-05,QQQ,0.16666666666666666
2017-07-05,SPY,0.16666666666666666
2017-07-05,TLT,0.16666666666666666
2017-07-06,EEM,0.16666666666666666
2017-07-06,EFA,0.16666666666666666
2017-07-06,GLD,0
2017-07-06,IWM,0.16666666666666666
2017-07-06,QQQ,0.16666666666666666
2017-07-06,SPY,0.16666666666666666
2017-07-06,TLT,0.16666666666666666
2017-07-07,EEM,0.16666666666666666
2017-07-07,EFA,0.16666666666666666
2017-07-07,GLD,0
2017-07-07,IWM,0.16666666666666666
2017-07-07,QQQ,0.16666666666666666
2017-07-07,SPY,0.16666666666666666
2017-07-07,TLT,0.16666666666666666
2017-07-10,EEM,0.16666666666666666
2017-07-10,EFA,0.16666666666666666
2017-07-10,GLD,0
2017-07-10,IWM,0.16666666666666666
2017-07-10,QQQ,0.16666666666666666
2017-07-10,SPY,0.16666666666666666
2017-07-10,TLT,0.16666666666666666
2017-07-11,EEM,0.16666666666666666
2017-07-11,EFA,0.16666666666666666
2017-07-11,GLD,0
2017-07-11,IWM,0.16666666666666666
2017-07-11,QQQ,0.16666666666666666
2017-07-11,SPY,0.16666666666666666
2017-07-11,TLT,0.16666666666666666
2017-07-12,EEM,0.16666666666666666
2017-07-12,EFA,0.16666666666666666
2017-07-12,GLD,0
2017-07-12,IWM,0.16666666666666666
2017-07-12,QQQ,0.16666666666666666
2017-07-12,SPY,0.16666666666666666
2017-07-12,TLT,0.16666666666666666
2017-07-13,EEM,0.16666666666666666
2017-07-13,EFA,0.16666666666666666
2017-07-13,GLD,0
2017-07-13,IWM,0.16666666666666666
2017-07-13,QQQ,0.16666666666666666
2017-07-13,SPY,0.16666666666666666
2017-07-13,TLT,0.16666666666666666
2017-07-14,EEM,0.16666666666666666
2017-07-14,EFA,0.16666666666666666
2017-07-14,GLD,0
2017-07-14,IWM,0.16666666666666666
2017-07-14,QQQ,0.16666666666666666
2017-07-14,SPY,0.16666666666666666
2017-07-14,TLT,0.16666666666666666
2017-07-17,EEM,0.16666666666666666
2017-07-17,EFA,0.16666666666666666
2017-07-17,GLD,0
2017-07-17,IWM,0.16666666666666666
2017-07-17,QQQ,0.16666666666666666
2017-07-17,SPY,0.16666666666666666
2017-07-17,TLT,0.16666666666666666
2017-07-18,EEM,0.16666666666666666
2017-07-18,EFA,0.16666666666666666
2017-07-18,GLD,0
2017-07-18,IWM,0.16666666666666666
2017-07-18,QQQ,0.16666666666666666
2017-07-18,SPY,0.16666666666666666
2017-07-18,TLT,0.16666666666666666
2017-07-19,EEM,0.16666666666666666
2017-07-19,EFA,0.16666666666666666
2017-07-19,GLD,0
2017-07-19,IWM,0.16666666666666666
2017-07-19,QQQ,0.16666666666666666
2017-07-19,SPY,0.16666666666666666
2017-07-19,TLT,0.16666666666666666
2017-07-20,EEM,0.16666666666666666
2017-07-20,EFA,0.16666666666666666
2017-07-20,GLD,0
2017-07-20,IWM,0.16666666666666666
2017-07-20,QQQ,0.16666666666666666
2017-07-20,SPY,0.16666666666666666
2017-07-20,TLT,0.16666666666666666
2017-07-21,EEM,0.16666666666666666
2017-07-21,EFA,0.16666666666666666
2017-07-21,GLD,0
2017-07-21,IWM,0.16666666666666666
2017-07-21,QQQ,0.16666666666666666
2017-07-21,SPY,0.16666666666666666
2017-07-21,TLT,0.16666666666666666
2017-07-24,EEM,0.16666666666666666
2017-07-24,EFA,0.16666666666666666
2017-07-24,GLD,0
2017-07-24,IWM,0.16666666666666666
2017-07-24,QQQ,0.16666666666666666
2017-07-24,SPY,0.16666666666666666
2017-07-24,TLT,0.16666666666666666
2017-07-25,EEM,0.16666666666666666
2017-07-25,EFA,0.16666666666666666
2017-07-25,GLD,0
2017-07-25,IWM,0.16666666666666666
2017-07-25,QQQ,0.16666666666666666
2017-07-25,SPY,0.16666666666666666
2017-07-25,TLT,0.16666666666666666
2017-07-26,EEM,0.16666666666666666
2017-07-26,EFA,0.16666666666666666
2017-07-26,GLD,0
2017-07-26,IWM,0.16666666666666666
2017-07-26,QQQ,0.16666666666666666
2017-07-26,SPY,0.16666666666666666
2017-07-26,TLT,0.16666666666666666
2017-07-27,EEM,0.16666666666666666
2017-07-27,EFA,0.16666666666666666
2017-07-27,GLD,0
2017-07-27,IWM,0.16666666666666666
2017-07-27,QQQ,0.16666666666666666
2017-07-27,SPY,0.16666666666666666
2017-07-27,TLT,0.16666666666666666
2017-07-28,EEM,0.16666666666666666
2017-07-28,EFA,0.16666666666666666
2017-07-28,GLD,0
2017-07-28,IWM,0.16666666666666666
2017-07-28,QQQ,0.16666666666666666
2017-07-28,SPY,0.16666666666666666
2017-07-28,TLT,0.16666666666666666
2017-07-31,EEM,0.16666666666666666
2017-07-31,EFA,0.16666666666666666
2017-07-31,GLD,0
2017-07-31,IWM,0.16666666666666666
2017-07-31,QQQ,0.16666666666666666
2017-07-31,SPY,0.16666666666666666
2017-07-31,TLT,0.16666666666666666
2017-08-01,EEM,0.16666666666666666
2017-08-01,EFA,0.16666666666666666
2017-08-01,GLD,0
2017-08-01,IWM,0.16666666666666666
2017-08-01,QQQ,0.16666666666666666
2017-08-01,SPY,0.16666666666666666
2017-08-01,TLT,0.16666666666666666
2017-08-02,EEM,0.16666666666666666
2017-08-02,EFA,0.16666666666666666
2017-08-02,GLD,0
2017-08-02,IWM,0.16666666666666666
2017-08-02,QQQ,0.16666666666666666
2017-08-02,SPY,0.16666666666666666
2017-08-02,TLT,0.16666666666666666
2017-08-03,EEM,0.16666666666666666
2017-08-03,EFA,0.16666666666666666
2017-08-03,GLD,0
2017-08-03,IWM,0.16666666666666666
2017-08-03,QQQ,0.16666666666666666
2017-08-03,SPY,0.16666666666666666
2017-08-03,TLT,0.16666666666666666
2017-08-04,EEM,0.16666666666666666
2017-08-04,EFA,0.16666666666666666
2017-08-04,GLD,0
2017-08-04,IWM,0.16666666666666666
2017-08-04,QQQ,0.16666666666666666
2017-08-04,SPY,0.16666666666666666
2017-08-04,TLT,0.16666666666666666
2017-08-07,EEM,0.16666666666666666
2017-08-07,EFA,0.16666666666666666
2017-08-07,GLD,0
2017-08-07,IWM,0.16666666666666666
2017-08-07,QQQ,0.16666666666666666
2017-08-07,SPY,0.16666666666666666
2017-08-07,TLT,0.16666666666666666
2017-08-08,EEM,0.16666666666666666
2017-08-08,EFA,0.16666666666666666
2017-08-08,GLD,0
2017-08-08,IWM,0.16666666666666666
2017-08-08,QQQ,0.16666666666666666
2017-08-08,SPY,0.16666666666666666
2017-08-08,TLT,0.16666666666666666
2017-08-09,EEM,0.16666666666666666
2017-08-09,EFA,0.16666666666666666
2017-08-09,GLD,0
2017-08-09,IWM,0.16666666666666666
2017-08-09,QQQ,0.16666666666666666
2017-08-09,SPY,0.16666666666666666
2017-08-09,TLT,0.16666666666666666
2017-08-10,EEM,0.16666666666666666
2017-08-10,EFA,0.16666666666666666
2017-08-10,GLD,0
2017-08-10,IWM,0.16666666666666666
2017-08-10,QQQ,0.16666666666666666
2017-08-10,SPY,0.16666666666666666
2017-08-10,TLT,0.16666666666666666
2017-08-11,EEM,0.16666666666666666
2017-08-11,EFA,0.16666666666666666
2017-08-11,GLD,0
2017-08-11,IWM,0.16666666666666666
2017-08-11,QQQ,0.16666666666666666
2017-08-11,SPY,0.16666666666666666
2017-08-11,TLT,0.16666666666666666
2017-08-14,EEM,0.16666666666666666
2017-08-14,EFA,0.16666666666666666
2017-08-14,GLD,0
2017-08-14,IWM,0.16666666666666666
2017-08-14,QQQ,0.16666666666666666
2017-08-14,SPY,0.16666666666666666
2017-08-14,TLT,0.16666666666666666
2017-08-15,EEM,0.16666666666666666
2017-08-15,EFA,0.16666666666666666
2017-08-15,GLD,0.16666666666666666
2017-08-15,IWM,0
2017-08-15,QQQ,0.16666666666666666
2017-08-15,SPY,0.16666666666666666
2017-08-15,TLT,0.16666666666666666
2017-08-16,EEM,0.16666666666666666
2017-08-16,EFA,0.16666666666666666
2017-08-16,GLD,0.16666666666666666
2017-08-16,IWM,0
2017-08-16,QQQ,0.16666666666666666
2017-08-16,SPY,0.16666666666666666
2017-08-16,TLT,0.16666666666666666
2017-08-17,EEM,0.16666666666666666
2017-08-17,EFA,0.16666666666666666
2017-08-17,GLD,0.16666666666666666
2017-08-17,IWM,0
2017-08-17,QQQ,0.16666666666666666
2017-08-17,SPY,0.16666666666666666
2017-08-17,TLT,0.16666666666666666
2017-08-18,EEM,0.16666666666666666
2017-08-18,EFA,0.16666666666666666
2017-08-18,GLD,0.16666666666666666
2017-08-18,IWM,0
2017-08-18,QQQ,0.16666666666666666
2017-08-18,SPY,0.16666666666666666
2017-08-18,TLT,0.16666666666666666
2017-08-21,EEM,0.16666666666666666
2017-08-21,EFA,0.16666666666666666
2017-08-21,GLD,0.16666666666666666
2017-08-21,IWM,0
2017-08-21,QQQ,0.16666666666666666
2017-08-21,SPY,0.16666666666666666
2017-08-21,TLT,0.16666666666666666
2017-08-22,EEM,0.16666666666666666
2017-08-22,EFA,0.16666666666666666
2017-08-22,GLD,0.16666666666666666
2017-08-22,IWM,0
2017-08-22,QQQ,0.16666666666666666
2017-08-22,SPY,0.16666666666666666
2017-08-22,TLT,0.16666666666666666
2017-08-23,EEM,0.16666666666666666
2017-08-23,EFA,0.16666666666666666
2017-08-23,GLD,0.16666666666666666
2017-08-23,IWM,0
2017-08-23,QQQ,0.16666666666666666
2017-08-23,SPY,0.16666666666666666
2017-08-23,TLT,0.16666666666666666
2017-08-24,EEM,0.16666666666666666
2017-08-24,EFA,0.16666666666666666
2017-08-24,GLD,0.16666666666666666
2017-08-24,IWM,0
2017-08-24,QQQ,0.16666666666666666
2017-08-24,SPY,0.16666666666666666
2017-08-24,TLT,0.16666666666666666
2017-08-25,EEM,0.16666666666666666
2017-08-25,EFA,0.16666666666666666
2017-08-25,GLD,0.16666666666666666
2017-08-25,IWM,0
2017-08-25,QQQ,0.16666666666666666
2017-08-25,SPY,0.16666666666666666
2017-08-25,TLT,0.16666666666666666
2017-08-28,EEM,0.16666666666666666
2017-08-28,EFA,0.16666666666666666
2017-08-28,GLD,0.16666666666666666
2017-08-28,IWM,0
2017-08-28,QQQ,0.16666666666666666
2017-08-28,SPY,0.16666666666666666
2017-08-28,TLT,0.16666666666666666
2017-08-29,EEM,0.16666666666666666
2017-08-29,EFA,0.16666666666666666
2017-08-29,GLD,0
2017-08-29,IWM,0.16666666666666666
2017-08-29,QQQ,0.16666666666666666
2017-08-29,SPY,0.16666666666666666
2017-08-29,TLT,0.16666666666666666
2017-08-30,EEM,0.16666666666666666
2017-08-30,EFA,0.16666666666666666
2017-08-30,GLD,0
2017-08-30,IWM,0.16666666666666666
2017-08-30,QQQ,0.16666666666666666
2017-08-30,SPY,0.16666666666666666
2017-08-30,TLT,0.16666666666666666
2017-08-31,EEM,0.16666666666666666
2017-08-31,EFA,0.16666666666666666
2017-08-31,GLD,0
2017-08-31,IWM,0.16666666666666666
2017-08-31,QQQ,0.16666666666666666
2017-08-31,SPY,0.16666666666666666
2017-08-31,TLT,0.16666666666666666
2017-09-01,EEM,0.16666666666666666
2017-09-01,EFA,0.16666666666666666
2017-09-01,GLD,0
2017-09-01,IWM,0.16666666666666666
2017-09-01,QQQ,0.16666666666666666
2017-09-01,SPY,0.16666666666666666
2017-09-01,TLT,0.16666666666666666
2017-09-05,EEM,0.16666666666666666
2017-09-05,EFA,0.16666666666666666
2017-09-05,GLD,0
2017-09-05,IWM,0.16666666666666666
2017-09-05,QQQ,0.16666666666666666
2017-09-05,SPY,0.16666666666666666
2017-09-05,TLT,0.16666666666666666
2017-09-06,EEM,0.16666666666666666
2017-09-06,EFA,0.16666666666666666
2017-09-06,GLD,0
2017-09-06,IWM,0.16666666666666666
2017-09-06,QQQ,0.16666666666666666
2017-09-06,SPY,0.16666666666666666
2017-09-06,TLT,0.16666666666666666
2017-09-07,EEM,0.16666666666666666
2017-09-07,EFA,0.16666666666666666
2017-09-07,GLD,0
2017-09-07,IWM,0.16666666666666666
2017-09-07,QQQ,0.16666666666666666
2017-09-07,SPY,0.16666666666666666
2017-09-07,TLT,0.16666666666666666
2017-09-08,EEM,0.16666666666666666
2017-09-08,EFA,0.16666666666666666
2017-09-08,GLD,0
2017-09-08,IWM,0.16666666666666666
2017-09-08,QQQ,0.16666666666666666
2017-09-08,SPY,0.16666666666666666
2017-09-08,TLT,0.16666666666666666
2017-09-11,EEM,0.16666666666666666
2017-09-11,EFA,0.16666666666666666
2017-09-11,GLD,0
2017-09-11,IWM,0.16666666666666666
2017-09-11,QQQ,0.16666666666666666
2017-09-11,SPY,0.16666666666666666
2017-09-11,TLT,0.16666666666666666
2017-09-12,EEM,0.16666666666666666
2017-09-12,EFA,0.16666666666666666
2017-09-12,GLD,0
2017-09-12,IWM,0.16666666666666666
2017-09-12,QQQ,0.16666666666666666
2017-09-12,SPY,0.16666666666666666
2017-09-12,TLT,0.16666666666666666
2017-09-13,EEM,0.16666666666666666
2017-09-13,EFA,0.16666666666666666
2017-09-13,GLD,0
2017-09-13,IWM,0.16666666666666666
2017-09-13,QQQ,0.16666666666666666
2017-09-13,SPY,0.16666666666666666
2017-09-13,TLT,0.16666666666666666
2017-09-14,EEM,0.16666666666666666
2017-09-14,EFA,0.16666666666666666
2017-09-14,GLD,0
2017-09-14,IWM,0.16666666666666666
2017-09-14,QQQ,0.16666666666666666
2017-09-14,SPY,0.16666666666666666
2017-09-14,TLT,0.16666666666666666
2017-09-15,EEM,0.16666666666666666
2017-09-15,EFA,0.16666666666666666
2017-09-15,GLD,0
2017-09-15,IWM,0.16666666666666666
2017-09-15,QQQ,0.16666666666666666
2017-09-15,SPY,0.16666666666666666
2017-09-15,TLT,0.16666666666666666
2017-09-18,EEM,0.16666666666666666
2017-09-18,EFA,0.16666666666666666
2017-09-18,GLD,0
2017-09-18,IWM,0.16666666666666666
2017-09-18,QQQ,0.16666666666666666
2017-09-18,SPY,0.16666666666666666
2017-09-18,TLT,0.16666666666666666
2017-09-19,EEM,0.16666666666666666
2017-09-19,EFA,0.16666666666666666
2017-09-19,GLD,0
2017-09-19,IWM,0.16666666666666666
2017-09-19,QQQ,0.16666666666666666
2017-09-19,SPY,0.16666666666666666
2017-09-19,TLT,0.16666666666666666
2017-09-20,EEM,0.16666666666666666
2017-09-20,EFA,0.16666666666666666
2017-09-20,GLD,0.16666666666666666
2017-09-20,IWM,0.16666666666666666
2017-09-20,QQQ,0.16666666666666666
2017-09-20,SPY,0.16666666666666666
2017-09-20,TLT,0
2017-09-21,EEM,0.16666666666666666
2017-09-21,EFA,0.16666666666666666
2017-09-21,GLD,0.16666666666666666
2017-09-21,IWM,0.16666666666666666
2017-09-21,QQQ,0.16666666666666666
2017-09-21,SPY,0.16666666666666666
2017-09-21,TLT,0
2017-09-22,EEM,0.16666666666666666
2017-09-22,EFA,0.16666666666666666
2017-09-22,GLD,0.16666666666666666
2017-09-22,IWM,0.16666666666666666
2017-09-22,QQQ,0.16666666666666666
2017-09-22,SPY,0.16666666666666666
2017-09-22,TLT,0
2017-09-25,EEM,0.16666666666666666
2017-09-25,EFA,0.16666666666666666
2017-09-25,GLD,0.16666666666666666
2017-09-25,IWM,0.16666666666666666
2017-09-25,QQQ,0.16666666666666666
2017-09-25,SPY,0.16666666666666666
2017-09-25,TLT,0
2017-09-26,EEM,0.16666666666666666
2017-09-26,EFA,0.16666666666666666
2017-09-26,GLD,0.16666666666666666
2017-09-26,IWM,0.16666666666666666
2017-09-26,QQQ,0.16666666666666666
2017-09-26,SPY,0.16666666666666666
2017-09-26,TLT,0
2017-09-27,EEM,0.16666666666666666
2017-09-27,EFA,0.16666666666666666
2017-09-27,GLD,0.16666666666666666
2017-09-27,IWM,0.16666666666666666
2017-09-27,QQQ,0.16666666666666666
2017-09-27,SPY,0.16666666666666666
2017-09-27,TLT,0
2017-09-28,EEM,0.16666666666666666
2017-09-28,EFA,0.16666666666666666
2017-09-28,GLD,0.16666666666666666
2017-09-28,IWM,0.16666666666666666
2017-09-28,QQQ,0.16666666666666666
2017-09-28,SPY,0.16666666666666666
2017-09-28,TLT,0
2017-09-29,EEM,0.16666666666666666
2017-09-29,EFA,0.16666666666666666
2017-09-29,GLD,0.16666666666666666
2017-09-29,IWM,0.16666666666666666
2017-09-29,QQQ,0.16666666666666666
2017-09-29,SPY,0.16666666666666666
2017-09-29,TLT,0
2017-10-02,EEM,0.16666666666666666
2017-10-02,EFA,0.16666666666666666
2017-10-02,GLD,0.16666666666666666
2017-10-02,IWM,0.16666666666666666
2017-10-02,QQQ,0.16666666666666666
2017-10-02,SPY,0.16666666666666666
2017-10-02,TLT,0
2017-10-03,EEM,0.16666666666666666
2017-10-03,EFA,0.16666666666666666
2017-10-03,GLD,0.16666666666666666
2017-10-03,IWM,0.16666666666666666
2017-10-03,QQQ,0.16666666666666666
2017-10-03,SPY,0.16666666666666666
2017-10-03,TLT,0
2017-10-04,EEM,0.16666666666666666
2017-10-04,EFA,0.16666666666666666
2017-10-04,GLD,0
2017-10-04,IWM,0.16666666666666666
2017-10-04,QQQ,0.16666666666666666
2017-10-04,SPY,0.16666666666666666
2017-10-04,TLT,0.16666666666666666
2017-10-05,EEM,0.16666666666666666
2017-10-05,EFA,0.16666666666666666
2017-10-05,GLD,0
2017-10-05,IWM,0.16666666666666666
2017-10-05,QQQ,0.16666666666666666
2017-10-05,SPY,0.16666666666666666
2017-10-05,TLT,0.16666666666666666
2017-10-06,EEM,0.16666666666666666
2017-10-06,EFA,0.16666666666666666
2017-10-06,GLD,0
2017-10-06,IWM,0.16666666666666666
2017-10-06,QQQ,0.16666666666666666
2017-10-06,SPY,0.16666666666666666
2017-10-06,TLT,0.16666666666666666
2017-10-09,EEM,0.16666666666666666
2017-10-09,EFA,0.16666666666666666
2017-10-09,GLD,0
2017-10-09,IWM,0.16666666666666666
2017-10-09,QQQ,0.16666666666666666
2017-10-09,SPY,0.16666666666666666
2017-10-09,TLT,0.16666666666666666
2017-10-10,EEM,0.16666666666666666
2017-10-10,EFA,0.16666666666666666
2017-10-10,GLD,0
2017-10-10,IWM,0.16666666666666666
2017-10-10,QQQ,0.16666666666666666
2017-10-10,SPY,0.16666666666666666
2017-10-10,TLT,0.16666666666666666
2017-10-11,EEM,0.16666666666666666
2017-10-11,EFA,0.16666666666666666
2017-10-11,GLD,0
2017-10-11,IWM,0.16666666666666666
2017-10-11,QQQ,0.16666666666666666
2017-10-11,SPY,0.16666666666666666
2017-10-11,TLT,0.16666666666666666
2017-10-12,EEM,0.16666666666666666
2017-10-12,EFA,0.16666666666666666
2017-10-12,GLD,0
2017-10-12,IWM,0.16666666666666666
2017-10-12,QQQ,0.16666666666666666
2017-10-12,SPY,0.16666666666666666
2017-10-12,TLT,0.16666666666666666
2017-10-13,EEM,0.16666666666666666
2017-10-13,EFA,0.16666666666666666
2017-10-13,GLD,0
2017-10-13,IWM,0.16666666666666666
2017-10-13,QQQ,0.16666666666666666
2017-10-13,SPY,0.16666666666666666
2017-10-13,TLT,0.16666666666666666
2017-10-16,EEM,0.16666666666666666
2017-10-16,EFA,0.16666666666666666
2017-10-16,GLD,0
2017-10-16,IWM,0.16666666666666666
2017-10-16,QQQ,0.16666666666666666
2017-10-16,SPY,0.16666666666666666
2017-10-16,TLT,0.16666666666666666
2017-10-17,EEM,0.16666666666666666
2017-10-17,EFA,0.16666666666666666
2017-10-17,GLD,0
2017-10-17,IWM,0.16666666666666666
2017-10-17,QQQ,0.16666666666666666
2017-10-17,SPY,0.16666666666666666
2017-10-17,TLT,0.16666666666666666
2017-10-18,EEM,0.16666666666666666
2017-10-18,EFA,0.16666666666666666
2017-10-18,GLD,0
2017-10-18,IWM,0.16666666666666666
2017-10-18,QQQ,0.16666666666666666
2017-10-18,SPY,0.16666666666666666
2017-10-18,TLT,0.16666666666666666
2017-10-19,EEM,0.16666666666666666
2017-10-19,EFA,0.16666666666666666
2017-10-19,GLD,0
2017-10-19,IWM,0.16666666666666666
2017-10-19,QQQ,0.16666666666666666
2017-10-19,SPY,0.16666666666666666
2017-10-19,TLT,0.16666666666666666
2017-10-20,EEM,0.16666666666666666
2017-10-20,EFA,0.16666666666666666
2017-10-20,GLD,0
2017-10-20,IWM,0.16666666666666666
2017-10-20,QQQ,0.16666666666666666
2017-10-20,SPY,0.16666666666666666
2017-10-20,TLT,0.16666666666666666
2017-10-23,EEM,0.16666666666666666
2017-10-23,EFA,0.16666666666666666
2017-10-23,GLD,0
2017-10-23,IWM,0.16666666666666666
2017-10-23,QQQ,0.16666666666666666
2017-10-23,SPY,0.16666666666666666
2017-10-23,TLT,0.16666666666666666
2017-10-24,EEM,0.16666666666666666
2017-10-24,EFA,0.16666666666666666
2017-10-24,GLD,0
2017-10-24,IWM,0.16666666666666666
2017-10-24,QQQ,0.16666666666666666
2017-10-24,SPY,0.16666666666666666
2017-10-24,TLT,0.16666666666666666
2017-10-25,EEM,0.16666666666666666
2017-10-25,EFA,0.16666666666666666
2017-10-25,GLD,0
2017-10-25,IWM,0.16666666666666666
2017-10-25,QQQ,0.16666666666666666
2017-10-25,SPY,0.16666666666666666
2017-10-25,TLT,0.16666666666666666
2017-10-26,EEM,0.16666666666666666
2017-10-26,EFA,0.16666666666666666
2017-10-26,GLD,0
2017-10-26,IWM,0.16666666666666666
2017-10-26,QQQ,0.16666666666666666
2017-10-26,SPY,0.16666666666666666
2017-10-26,TLT,0.16666666666666666
2017-10-27,EEM,0.16666666666666666
2017-10-27,EFA,0.16666666666666666
2017-10-27,GLD,0
2017-10-27,IWM,0.16666666666666666
2017-10-27,QQQ,0.16666666666666666
2017-10-27,SPY,0.16666666666666666
2017-10-27,TLT,0.16666666666666666
2017-10-30,EEM,0.16666666666666666
2017-10-30,EFA,0.16666666666666666
2017-10-30,GLD,0
2017-10-30,IWM,0.16666666666666666
2017-10-30,QQQ,0.16666666666666666
2017-10-30,SPY,0.16666666666666666
2017-10-30,TLT,0.16666666666666666
2017-10-31,EEM,0.16666666666666666
2017-10-31,EFA,0.16666666666666666
2017-10-31,GLD,0
2017-10-31,IWM,0.16666666666666666
2017-10-31,QQQ,0.16666666666666666
2017-10-31,SPY,0.16666666666666666
2017-10-31,TLT,0.16666666666666666
2017-11-01,EEM,0.16666666666666666
2017-11-01,EFA,0.16666666666666666
2017-11-01,GLD,0.16666666666666666
2017-11-01,IWM,0.16666666666666666
2017-11-01,QQQ,0.16666666666666666
2017-11-01,SPY,0.16666666666666666
2017-11-01,TLT,0
2017-11-02,EEM,0.16666666666666666
2017-11-02,EFA,0.16666666666666666
2017-11-02,GLD,0.16666666666666666
2017-11-02,IWM,0.16666666666666666
2017-11-02,QQQ,0.16666666666666666
2017-11-02,SPY,0.16666666666666666
2017-11-02,TLT,0
2017-11-03,EEM,0.16666666666666666
2017-11-03,EFA,0.16666666666666666
2017-11-03,GLD,0.16666666666666666
2017-11-03,IWM,0.16666666666666666
2017-11-03,QQQ,0.16666666666666666
2017-11-03,SPY,0.16666666666666666
2017-11-03,TLT,0
2017-11-06,EEM,0.16666666666666666
2017-11-06,EFA,0.16666666666666666
2017-11-06,GLD,0.16666666666666666
2017-11-06,IWM,0.16666666666666666
2017-11-06,QQQ,0.16666666666666666
2017-11-06,SPY,0.16666666666666666
2017-11-06,TLT,0
2017-11-07,EEM,0.16666666666666666
2017-11-07,EFA,0.16666666666666666
2017-11-07,GLD,0.16666666666666666
2017-11-07,IWM,0.16666666666666666
2017-11-07,QQQ,0.16666666666666666
2017-11-07,SPY,0.16666666666666666
2017-11-07,TLT,0
2017-11-08,EEM,0.16666666666666666
2017-11-08,EFA,0.16666666666666666
2017-11-08,GLD,0
2017-11-08,IWM,0.16666666666666666
2017-11-08,QQQ,0.16666666666666666
2017-11-08,SPY,0.16666666666666666
2017-11-08,TLT,0.16666666666666666
2017-11-09,EEM,0.16666666666666666
2017-11-09,EFA,0.16666666666666666
2017-11-09,GLD,0
2017-11-09,IWM,0.16666666666666666
2017-11-09,QQQ,0.16666666666666666
2017-11-09,SPY,0.16666666666666666
2017-11-09,TLT,0.16666666666666666
2017-11-10,EEM,0.16666666666666666
2017-11-10,EFA,0.16666666666666666
2017-11-10,GLD,0
2017-11-10,IWM,0.16666666666666666
2017-11-10,QQQ,0.16666666666666666
2017-11-10,SPY,0.16666666666666666
2017-11-10,TLT,0.16666666666666666
