date,symbol,target_weight
2005-02-25,GLD,1
2005-02-25,XLB,0
2005-02-25,XLE,0
2005-02-25,XLF,0
2005-02-25,XLI,0
2005-02-25,XLK,0
2005-02-25,XLP,0
2005-02-25,XLU,0
2005-02-25,XLV,0
2005-02-25,XLY,0
2005-02-28,GLD,1
2005-02-28,XLB,0
2005-02-28,XLE,0
2005-02-28,XLF,0
2005-02-28,XLI,0
2005-02-28,XLK,0
2005-02-28,XLP,0
2005-02-28,XLU,0
2005-02-28,XLV,0
2005-02-28,XLY,0
2005-03-01,GLD,1
2005-03-01,XLB,0
2005-03-01,XLE,0
2005-03-01,XLF,0
2005-03-01,XLI,0
2005-03-01,XLK,0
2005-03-01,XLP,0
2005-03-01,XLU,0
2005-03-01,XLV,0
2005-03-01,XLY,0
2005-03-02,GLD,1
2005-03-02,XLB,0
2005-03-02,XLE,0
2005-03-02,XLF,0
2005-03-02,XLI,0
2005-03-02,XLK,0
2005-03-02,XLP,0
2005-03-02,XLU,0
2005-03-02,XLV,0
2005-03-02,XLY,0
2005-03-03,GLD,1
2005-03-03,XLB,0
2005-03-03,XLE,0
2005-03-03,XLF,0
2005-03-03,XLI,0
2005-03-03,XLK,0
2005-03-03,XLP,0
2005-03-03,XLU,0
2005-03-03,XLV,0
2005-03-03,XLY,0
2005-03-04,GLD,1
2005-03-04,XLB,0
2005-03-04,XLE,0
2005-03-04,XLF,0
2005-03-04,XLI,0
2005-03-04,XLK,0
2005-03-04,XLP,0
2005-03-04,XLU,0
2005-03-04,XLV,0
2005-03-04,XLY,0
2005-03-07,GLD,1
2005-03-07,XLB,0
2005-03-07,XLE,0
2005-03-07,XLF,0
2005-03-07,XLI,0
2005-03-07,XLK,0
2005-03-07,XLP,0
2005-03-07,XLU,0
2005-03-07,XLV,0
2005-03-07,XLY,0
2005-03-08,GLD,1
2005-03-08,XLB,0
2005-03-08,XLE,0
2005-03-08,XLF,0
2005-03-08,XLI,0
2005-03-08,XLK,0
2005-03-08,XLP,0
2005-03-08,XLU,0
2005-03-08,XLV,0
2005-03-08,XLY,0
2005-03-09,GLD,1
2005-03-09,XLB,0
2005-03-09,XLE,0
2005-03-09,XLF,0
2005-03-09,XLI,0
2005-03-09,XLK,0
2005-03-09,XLP,0
2005-03-09,XLU,0
2005-03-09,XLV,0
2005-03-09,XLY,0
2005-03-10,GLD,1
2005-03-10,XLB,0
2005-03-10,XLE,0
2005-03-10,XLF,0
2005-03-10,XLI,0
2005-03-10,XLK,0
2005-03-10,XLP,0
2005-03-10,XLU,0
2005-03-10,XLV,0
2005-03-10,XLY,0
2005-03-11,GLD,1
2005-03-11,XLB,0
2005-03-11,XLE,0
2005-03-11,XLF,0
2005-03-11,XLI,0
2005-03-11,XLK,0
2005-03-11,XLP,0
2005-03-11,XLU,0
2005-03-11,XLV,0
2005-03-11,XLY,0
2005-03-14,GLD,1
2005-03-14,XLB,0
2005-03-14,XLE,0
2005-03-14,XLF,0
2005-03-14,XLI,0
2005-03-14,XLK,0
2005-03-14,XLP,0
2005-03-14,XLU,0
2005-03-14,XLV,0
2005-03-14,XLY,0
2005-03-15,GLD,1
2005-03-15,XLB,0
2005-03-15,XLE,0
2005-03-15,XLF,0
2005-03-15,XLI,0
2005-03-15,XLK,0
2005-03-15,XLP,0
2005-03-15,XLU,0
2005-03-15,XLV,0
2005-03-15,XLY,0
2005-03-16,GLD,1
2005-03-16,XLB,0
2005-03-16,XLE,0
2005-03-16,XLF,0
2005-03-16,XLI,0
2005-03-16,XLK,0
2005-03-16,XLP,0
2005-03-16,XLU,0
2005-03-16,XLV,0
2005-03-16,XLY,0
2005-03-17,GLD,1
2005-03-17,XLB,0
2005-03-17,XLE,0
2005-03-17,XLF,0
2005-03-17,XLI,0
2005-03-17,XLK,0
2005-03-17,XLP,0
2005-03-17,XLU,0
2005-03-17,XLV,0
2005-03-17,XLY,0
2005-03-18,GLD,1
2005-03-18,XLB,0
2005-03-18,XLE,0
2005-03-18,XLF,0
2005-03-18,XLI,0
2005-03-18,XLK,0
2005-03-18,XLP,0
2005-03-18,XLU,0
2005-03-18,XLV,0
2005-03-18,XLY,0
2005-03-21,GLD,1
2005-03-21,XLB,0
2005-03-21,XLE,0
2005-03-21,XLF,0
2005-03-21,XLI,0
2005-03-21,XLK,0
2005-03-21,XLP,0
2005-03-21,XLU,0
2005-03-21,XLV,0
2005-03-21,XLY,0
2005-03-22,GLD,1
2005-03-22,XLB,0
2005-03-22,XLE,0
2005-03-22,XLF,0
2005-03-22,XLI,0
2005-03-22,XLK,0
2005-03-22,XLP,0
2005-03-22,XLU,0
2005-03-22,XLV,0
2005-03-22,XLY,0
2005-03-23,GLD,1
2005-03-23,XLB,0
2005-03-23,XLE,0
2005-03-23,XLF,0
2005-03-23,XLI,0
2005-03-23,XLK,0
2005-03-23,XLP,0
2005-03-23,XLU,0
2005-03-23,XLV,0
2005-03-23,XLY,0
2005-03-24,GLD,1
2005-03-24,XLB,0
2005-03-24,XLE,0
2005-03-24,XLF,0
2005-03-24,XLI,0
2005-03-24,XLK,0
2005-03-24,XLP,0
2005-03-24,XLU,0
2005-03-24,XLV,0
2005-03-24,XLY,0
2005-03-28,GLD,1
2005-03-28,XLB,0
2005-03-28,XLE,0
2005-03-28,XLF,0
2005-03-28,XLI,0
2005-03-28,XLK,0
2005-03-28,XLP,0
2005-03-28,XLU,0
2005-03-28,XLV,0
2005-03-28,XLY,0
2005-03-29,GLD,1
2005-03-29,XLB,0
2005-03-29,XLE,0
2005-03-29,XLF,0
2005-03-29,XLI,0
2005-03-29,XLK,0
2005-03-29,XLP,0
2005-03-29,XLU,0
2005-03-29,XLV,0
2005-03-29,XLY,0
2005-03-30,GLD,1
2005-03-30,XLB,0
2005-03-30,XLE,0
2005-03-30,XLF,0
2005-03-30,XLI,0
2005-03-30,XLK,0
2005-03-30,XLP,0
2005-03-30,XLU,0
2005-03-30,XLV,0
2005-03-30,XLY,0
2005-03-31,GLD,1
2005-03-31,XLB,0
2005-03-31,XLE,0
2005-03-31,XLF,0
2005-03-31,XLI,0
2005-03-31,XLK,0
2005-03-31,XLP,0
2005-03-31,XLU,0
2005-03-31,XLV,0
2005-03-31,XLY,0
2005-04-01,GLD,1
2005-04-01,XLB,0
2005-04-01,XLE,0
2005-04-01,XLF,0
2005-04-01,XLI,0
2005-04-01,XLK,0
2005-04-01,XLP,0
2005-04-01,XLU,0
2005-04-01,XLV,0
2005-04-01,XLY,0
2005-04-04,GLD,1
2005-04-04,XLB,0
2005-04-04,XLE,0
2005-04-04,XLF,0
2005-04-04,XLI,0
2005-04-04,XLK,0
2005-04-04,XLP,0
2005-04-04,XLU,0
2005-04-04,XLV,0
2005-04-04,XLY,0
2005-04-05,GLD,1
2005-04-05,XLB,0
2005-04-05,XLE,0
2005-04-05,XLF,0
2005-04-05,XLI,0
2005-04-05,XLK,0
2005-04-05,XLP,0
2005-04-05,XLU,0
2005-04-05,XLV,0
2005-04-05,XLY,0
2005-04-06,GLD,1
2005-04-06,XLB,0
2005-04-06,XLE,0
2005-04-06,XLF,0
2005-04-06,XLI,0
2005-04-06,XLK,0
2005-04-06,XLP,0
2005-04-06,XLU,0
2005-04-06,XLV,0
2005-04-06,XLY,0
2005-04-07,GLD,1
2005-04-07,XLB,0
2005-04-07,XLE,0
2005-04-07,XLF,0
2005-04-07,XLI,0
2005-04-07,XLK,0
2005-04-07,XLP,0
2005-04-07,XLU,0
2005-04-07,XLV,0
2005-04-07,XLY,0
2005-04-08,GLD,1
2005-04-08,XLB,0
2005-04-08,XLE,0
2005-04-08,XLF,0
2005-04-08,XLI,0
2005-04-08,XLK,0
2005-04-08,XLP,0
2005-04-08,XLU,0
2005-04-08,XLV,0
2005-04-08,XLY,0
2005-04-11,GLD,1
2005-04-11,XLB,0
2005-04-11,XLE,0
2005-04-11,XLF,0
2005-04-11,XLI,0
2005-04-11,XLK,0
2005-04-11,XLP,0
2005-04-11,XLU,0
2005-04-11,XLV,0
2005-04-11,XLY,0
2005-04-12,GLD,1
2005-04-12,XLB,0
2005-04-12,XLE,0
2005-04-12,XLF,0
2005-04-12,XLI,0
2005-04-12,XLK,0
2005-04-12,XLP,0
2005-04-12,XLU,0
2005-04-12,XLV,0
2005-04-12,XLY,0
2005-04-13,GLD,1
2005-04-13,XLB,0
2005-04-13,XLE,0
2005-04-13,XLF,0
2005-04-13,XLI,0
2005-04-13,XLK,0
2005-04-13,XLP,0
2005-04-13,XLU,0
2005-04-13,XLV,0
2005-04-13,XLY,0
2005-04-14,GLD,1
2005-04-14,XLB,0
2005-04-14,XLE,0
2005-04-14,XLF,0
2005-04-14,XLI,0
2005-04-14,XLK,0
2005-04-14,XLP,0
2005-04-14,XLU,0
2005-04-14,XLV,0
2005-04-14,XLY,0
2005-04-15,GLD,1
2005-04-15,XLB,0
2005-04-15,XLE,0
2005-04-15,XLF,0
2005-04-15,XLI,0
2005-04-15,XLK,0
2005-04-15,XLP,0
2005-04-15,XLU,0
2005-04-15,XLV,0
2005-04-15,XLY,0
2005-04-18,GLD,1
2005-04-18,XLB,0
2005-04-18,XLE,0
2005-04-18,XLF,0
2005-04-18,XLI,0
2005-04-18,XLK,0
2005-04-18,XLP,0
2005-04-18,XLU,0
2005-04-18,XLV,0
2005-04-18,XLY,0
2005-04-19,GLD,1
2005-04-19,XLB,0
2005-04-19,XLE,0
2005-04-19,XLF,0
2005-04-19,XLI,0
2005-04-19,XLK,0
2005-04-19,XLP,0
2005-04-19,XLU,0
2005-04-19,XLV,0
2005-04-19,XLY,0
2005-04-20,GLD,1
2005-04-20,XLB,0
2005-04-20,XLE,0
2005-04-20,XLF,0
2005-04-20,XLI,0
2005-04-20,XLK,0
2005-04-20,XLP,0
2005-04-20,XLU,0
2005-04-20,XLV,0
2005-04-20,XLY,0
2005-04-21,GLD,1
2005-04-21,XLB,0
2005-04-21,XLE,0
2005-04-21,XLF,0
2005-04-21,XLI,0
2005-04-21,XLK,0
2005-04-21,XLP,0
2005-04-21,XLU,0
2005-04-21,XLV,0
2005-04-21,XLY,0
2005-04-22,GLD,1
2005-04-22,XLB,0
2005-04-22,XLE,0
2005-04-22,XLF,0
2005-04-22,XLI,0
2005-04-22,XLK,0
2005-04-22,XLP,0
2005-04-22,XLU,0
2005-04-22,XLV,0
2005-04-22,XLY,0
2005-04-25,GLD,1
2005-04-25,XLB,0
2005-04-25,XLE,0
2005-04-25,XLF,0
2005-04-25,XLI,0
2005-04-25,XLK,0
2005-04-25,XLP,0
2005-04-25,XLU,0
2005-04-25,XLV,0
2005-04-25,XLY,0
2005-04-26,GLD,1
2005-04-26,XLB,0
2005-04-26,XLE,0
2005-04-26,XLF,0
2005-04-26,XLI,0
2005-04-26,XLK,0
2005-04-26,XLP,0
2005-04-26,XLU,0
2005-04-26,XLV,0
2005-04-26,XLY,0
2005-04-27,GLD,1
2005-04-27,XLB,0
2005-04-27,XLE,0
2005-04-27,XLF,0
2005-04-27,XLI,0
2005-04-27,XLK,0
2005-04-27,XLP,0
2005-04-27,XLU,0
2005-04-27,XLV,0
2005-04-27,XLY,0
2005-04-28,GLD,1
2005-04-28,XLB,0
2005-04-28,XLE,0
2005-04-28,XLF,0
2005-04-28,XLI,0
2005-04-28,XLK,0
2005-04-28,XLP,0
2005-04-28,XLU,0
2005-04-28,XLV,0
2005-04-28,XLY,0
2005-04-29,GLD,1
2005-04-29,XLB,0
2005-04-29,XLE,0
2005-04-29,XLF,0
2005-04-29,XLI,0
2005-04-29,XLK,0
2005-04-29,XLP,0
2005-04-29,XLU,0
2005-04-29,XLV,0
2005-04-29,XLY,0
2005-05-02,GLD,1
2005-05-02,XLB,0
2005-05-02,XLE,0
2005-05-02,XLF,0
2005-05-02,XLI,0
2005-05-02,XLK,0
2005-05-02,XLP,0
2005-05-02,XLU,0
2005-05-02,XLV,0
2005-05-02,XLY,0
2005-05-03,GLD,1
2005-05-03,XLB,0
2005-05-03,XLE,0
2005-05-03,XLF,0
2005-05-03,XLI,0
2005-05-03,XLK,0
2005-05-03,XLP,0
2005-05-03,XLU,0
2005-05-03,XLV,0
2005-05-03,XLY,0
2005-05-04,GLD,1
2005-05-04,XLB,0
2005-05-04,XLE,0
2005-05-04,XLF,0
2005-05-04,XLI,0
2005-05-04,XLK,0
2005-05-04,XLP,0
2005-05-04,XLU,0
2005-05-04,XLV,0
2005-05-04,XLY,0
2005-05-05,GLD,1
2005-05-05,XLB,0
2005-05-05,XLE,0
2005-05-05,XLF,0
2005-05-05,XLI,0
2005-05-05,XLK,0
2005-05-05,XLP,0
2005-05-05,XLU,0
2005-05-05,XLV,0
2005-05-05,XLY,0
2005-05-06,GLD,1
2005-05-06,XLB,0
2005-05-06,XLE,0
2005-05-06,XLF,0
2005-05-06,XLI,0
2005-05-06,XLK,0
2005-05-06,XLP,0
2005-05-06,XLU,0
2005-05-06,XLV,0
2005-05-06,XLY,0
2005-05-09,GLD,1
2005-05-09,XLB,0
2005-05-09,XLE,0
2005-05-09,XLF,0
2005-05-09,XLI,0
2005-05-09,XLK,0
2005-05-09,XLP,0
2005-05-09,XLU,0
2005-05-09,XLV,0
2005-05-09,XLY,0
2005-05-10,GLD,1
2005-05-10,XLB,0
2005-05-10,XLE,0
2005-05-10,XLF,0
2005-05-10,XLI,0
2005-05-10,XLK,0
2005-05-10,XLP,0
2005-05-10,XLU,0
2005-05-10,XLV,0
2005-05-10,XLY,0
2005-05-11,GLD,1
2005-05-11,XLB,0
2005-05-11,XLE,0
2005-05-11,XLF,0
2005-05-11,XLI,0
2005-05-11,XLK,0
2005-05-11,XLP,0
2005-05-11,XLU,0
2005-05-11,XLV,0
2005-05-11,XLY,0
2005-05-12,GLD,1
2005-05-12,XLB,0
2005-05-12,XLE,0
2005-05-12,XLF,0
2005-05-12,XLI,0
2005-05-12,XLK,0
2005-05-12,XLP,0
2005-05-12,XLU,0
2005-05-12,XLV,0
2005-05-12,XLY,0
2005-05-13,GLD,1
2005-05-13,XLB,0
2005-05-13,XLE,0
2005-05-13,XLF,0
2005-05-13,XLI,0
2005-05-13,XLK,0
2005-05-13,XLP,0
2005-05-13,XLU,0
2005-05-13,XLV,0
2005-05-13,XLY,0
2005-05-16,GLD,1
2005-05-16,XLB,0
2005-05-16,XLE,0
2005-05-16,XLF,0
2005-05-16,XLI,0
2005-05-16,XLK,0
2005-05-16,XLP,0
2005-05-16,XLU,0
2005-05-16,XLV,0
2005-05-16,XLY,0
2005-05-17,GLD,1
2005-05-17,XLB,0
2005-05-17,XLE,0
2005-05-17,XLF,0
2005-05-17,XLI,0
2005-05-17,XLK,0
2005-05-17,XLP,0
2005-05-17,XLU,0
2005-05-17,XLV,0
2005-05-17,XLY,0
2005-05-18,GLD,1
2005-05-18,XLB,0
2005-05-18,XLE,0
2005-05-18,XLF,0
2005-05-18,XLI,0
2005-05-18,XLK,0
2005-05-18,XLP,0
2005-05-18,XLU,0
2005-05-18,XLV,0
2005-05-18,XLY,0
2005-05-19,GLD,1
2005-05-19,XLB,0
2005-05-19,XLE,0
2005-05-19,XLF,0
2005-05-19,XLI,0
2005-05-19,XLK,0
2005-05-19,XLP,0
2005-05-19,XLU,0
2005-05-19,XLV,0
2005-05-19,XLY,0
2005-05-20,GLD,1
2005-05-20,XLB,0
2005-05-20,XLE,0
2005-05-20,XLF,0
2005-05-20,XLI,0
2005-05-20,XLK,0
2005-05-20,XLP,0
2005-05-20,XLU,0
2005-05-20,XLV,0
2005-05-20,XLY,0
2005-05-23,GLD,1
2005-05-23,XLB,0
2005-05-23,XLE,0
2005-05-23,XLF,0
2005-05-23,XLI,0
2005-05-23,XLK,0
2005-05-23,XLP,0
2005-05-23,XLU,0
2005-05-23,XLV,0
2005-05-23,XLY,0
2005-05-24,GLD,1
2005-05-24,XLB,0
2005-05-24,XLE,0
2005-05-24,XLF,0
2005-05-24,XLI,0
2005-05-24,XLK,0
2005-05-24,XLP,0
2005-05-24,XLU,0
2005-05-24,XLV,0
2005-05-24,XLY,0
2005-05-25,GLD,1
2005-05-25,XLB,0
2005-05-25,XLE,0
2005-05-25,XLF,0
2005-05-25,XLI,0
2005-05-25,XLK,0
2005-05-25,XLP,0
2005-05-25,XLU,0
2005-05-25,XLV,0
2005-05-25,XLY,0
2005-05-26,GLD,1
2005-05-26,XLB,0
2005-05-26,XLE,0
2005-05-26,XLF,0
2005-05-26,XLI,0
2005-05-26,XLK,0
2005-05-26,XLP,0
2005-05-26,XLU,0
2005-05-26,XLV,0
2005-05-26,XLY,0
2005-05-27,GLD,1
2005-05-27,XLB,0
2005-05-27,XLE,0
2005-05-27,XLF,0
2005-05-27,XLI,0
2005-05-27,XLK,0
2005-05-27,XLP,0
2005-05-27,XLU,0
2005-05-27,XLV,0
2005-05-27,XLY,0
2005-05-31,GLD,1
2005-05-31,XLB,0
2005-05-31,XLE,0
2005-05-31,XLF,0
2005-05-31,XLI,0
2005-05-31,XLK,0
2005-05-31,XLP,0
2005-05-31,XLU,0
2005-05-31,XLV,0
2005-05-31,XLY,0
2005-06-01,GLD,1
2005-06-01,XLB,0
2005-06-01,XLE,0
2005-06-01,XLF,0
2005-06-01,XLI,0
2005-06-01,XLK,0
2005-06-01,XLP,0
2005-06-01,XLU,0
2005-06-01,XLV,0
2005-06-01,XLY,0
2005-06-02,GLD,1
2005-06-02,XLB,0
2005-06-02,XLE,0
2005-06-02,XLF,0
2005-06-02,XLI,0
2005-06-02,XLK,0
2005-06-02,XLP,0
2005-06-02,XLU,0
2005-06-02,XLV,0
2005-06-02,XLY,0
2005-06-03,GLD,1
2005-06-03,XLB,0
2005-06-03,XLE,0
2005-06-03,XLF,0
2005-06-03,XLI,0
2005-06-03,XLK,0
2005-06-03,XLP,0
2005-06-03,XLU,0
2005-06-03,XLV,0
2005-06-03,XLY,0
2005-06-06,GLD,1
2005-06-06,XLB,0
2005-06-06,XLE,0
2005-06-06,XLF,0
2005-06-06,XLI,0
2005-06-06,XLK,0
2005-06-06,XLP,0
2005-06-06,XLU,0
2005-06-06,XLV,0
2005-06-06,XLY,0
2005-06-07,GLD,1
2005-06-07,XLB,0
2005-06-07,XLE,0
2005-06-07,XLF,0
2005-06-07,XLI,0
2005-06-07,XLK,0
2005-06-07,XLP,0
2005-06-07,XLU,0
2005-06-07,XLV,0
2005-06-07,XLY,0
2005-06-08,GLD,1
2005-06-08,XLB,0
2005-06-08,XLE,0
2005-06-08,XLF,0
2005-06-08,XLI,0
2005-06-08,XLK,0
2005-06-08,XLP,0
2005-06-08,XLU,0
2005-06-08,XLV,0
2005-06-08,XLY,0
2005-06-09,GLD,1
2005-06-09,XLB,0
2005-06-09,XLE,0
2005-06-09,XLF,0
2005-06-09,XLI,0
2005-06-09,XLK,0
2005-06-09,XLP,0
2005-06-09,XLU,0
2005-06-09,XLV,0
2005-06-09,XLY,0
2005-06-10,GLD,1
2005-06-10,XLB,0
2005-06-10,XLE,0
2005-06-10,XLF,0
2005-06-10,XLI,0
2005-06-10,XLK,0
2005-06-10,XLP,0
2005-06-10,XLU,0
2005-06-10,XLV,0
2005-06-10,XLY,0
2005-06-13,GLD,1
2005-06-13,XLB,0
2005-06-13,XLE,0
2005-06-13,XLF,0
2005-06-13,XLI,0
2005-06-13,XLK,0
2005-06-13,XLP,0
2005-06-13,XLU,0
2005-06-13,XLV,0
2005-06-13,XLY,0
2005-06-14,GLD,1
2005-06-14,XLB,0
2005-06-14,XLE,0
2005-06-14,XLF,0
2005-06-14,XLI,0
2005-06-14,XLK,0
2005-06-14,XLP,0
2005-06-14,XLU,0
2005-06-14,XLV,0
2005-06-14,XLY,0
2005-06-15,GLD,1
2005-06-15,XLB,0
2005-06-15,XLE,0
2005-06-15,XLF,0
2005-06-15,XLI,0
2005-06-15,XLK,0
2005-06-15,XLP,0
2005-06-15,XLU,0
2005-06-15,XLV,0
2005-06-15,XLY,0
2005-06-16,GLD,1
2005-06-16,XLB,0
2005-06-16,XLE,0
2005-06-16,XLF,0
2005-06-16,XLI,0
2005-06-16,XLK,0
2005-06-16,XLP,0
2005-06-16,XLU,0
2005-06-16,XLV,0
2005-06-16,XLY,0
2005-06-17,GLD,1
2005-06-17,XLB,0
2005-06-17,XLE,0
2005-06-17,XLF,0
2005-06-17,XLI,0
2005-06-17,XLK,0
2005-06-17,XLP,0
2005-06-17,XLU,0
2005-06-17,XLV,0
2005-06-17,XLY,0
2005-06-20,GLD,1
2005-06-20,XLB,0
2005-06-20,XLE,0
2005-06-20,XLF,0
2005-06-20,XLI,0
2005-06-20,XLK,0
2005-06-20,XLP,0
2005-06-20,XLU,0
2005-06-20,XLV,0
2005-06-20,XLY,0
2005-06-21,GLD,1
2005-06-21,XLB,0
2005-06-21,XLE,0
2005-06-21,XLF,0
2005-06-21,XLI,0
2005-06-21,XLK,0
2005-06-21,XLP,0
2005-06-21,XLU,0
2005-06-21,XLV,0
2005-06-21,XLY,0
2005-06-22,GLD,1
2005-06-22,XLB,0
2005-06-22,XLE,0
2005-06-22,XLF,0
2005-06-22,XLI,0
2005-06-22,XLK,0
2005-06-22,XLP,0
2005-06-22,XLU,0
2005-06-22,XLV,0
2005-06-22,XLY,0
2005-06-23,GLD,1
2005-06-23,XLB,0
2005-06-23,XLE,0
2005-06-23,XLF,0
2005-06-23,XLI,0
2005-06-23,XLK,0
2005-06-23,XLP,0
2005-06-23,XLU,0
2005-06-23,XLV,0
2005-06-23,XLY,0
2005-06-24,GLD,1
2005-06-24,XLB,0
2005-06-24,XLE,0
2005-06-24,XLF,0
2005-06-24,XLI,0
2005-06-24,XLK,0
2005-06-24,XLP,0
2005-06-24,XLU,0
2005-06-24,XLV,0
2005-06-24,XLY,0
2005-06-27,GLD,1
2005-06-27,XLB,0
2005-06-27,XLE,0
2005-06-27,XLF,0
2005-06-27,XLI,0
2005-06-27,XLK,0
2005-06-27,XLP,0
2005-06-27,XLU,0
2005-06-27,XLV,0
2005-06-27,XLY,0
2005-06-28,GLD,1
2005-06-28,XLB,0
2005-06-28,XLE,0
2005-06-28,XLF,0
2005-06-28,XLI,0
2005-06-28,XLK,0
2005-06-28,XLP,0
2005-06-28,XLU,0
2005-06-28,XLV,0
2005-06-28,XLY,0
2005-06-29,GLD,1
2005-06-29,XLB,0
2005-06-29,XLE,0
2005-06-29,XLF,0
2005-06-29,XLI,0
2005-06-29,XLK,0
2005-06-29,XLP,0
2005-06-29,XLU,0
2005-06-29,XLV,0
2005-06-29,XLY,0
2005-06-30,GLD,1
2005-06-30,XLB,0
2005-06-30,XLE,0
2005-06-30,XLF,0
2005-06-30,XLI,0
2005-06-30,XLK,0
2005-06-30,XLP,0
2005-06-30,XLU,0
2005-06-30,XLV,0
2005-06-30,XLY,0
2005-07-01,GLD,1
2005-07-01,XLB,0
2005-07-01,XLE,0
2005-07-01,XLF,0
2005-07-01,XLI,0
2005-07-01,XLK,0
2005-07-01,XLP,0
2005-07-01,XLU,0
2005-07-01,XLV,0
2005-07-01,XLY,0
2005-07-05,GLD,1
2005-07-05,XLB,0
2005-07-05,XLE,0
2005-07-05,XLF,0
2005-07-05,XLI,0
2005-07-05,XLK,0
2005-07-05,XLP,0
2005-07-05,XLU,0
2005-07-05,XLV,0
2005-07-05,XLY,0
2005-07-06,GLD,1
2005-07-06,XLB,0
2005-07-06,XLE,0
2005-07-06,XLF,0
2005-07-06,XLI,0
2005-07-06,XLK,0
2005-07-06,XLP,0
2005-07-06,XLU,0
2005-07-06,XLV,0
2005-07-06,XLY,0
2005-07-07,GLD,1
2005-07-07,XLB,0
2005-07-07,XLE,0
2005-07-07,XLF,0
2005-07-07,XLI,0
2005-07-07,XLK,0
2005-07-07,XLP,0
2005-07-07,XLU,0
2005-07-07,XLV,0
2005-07-07,XLY,0
2005-07-08,GLD,1
2005-07-08,XLB,0
2005-07-08,XLE,0
2005-07-08,XLF,0
2005-07-08,XLI,0
2005-07-08,XLK,0
2005-07-08,XLP,0
2005-07-08,XLU,0
2005-07-08,XLV,0
2005-07-08,XLY,0
2005-07-11,GLD,1
2005-07-11,XLB,0
2005-07-11,XLE,0
2005-07-11,XLF,0
2005-07-11,XLI,0
2005-07-11,XLK,0
2005-07-11,XLP,0
2005-07-11,XLU,0
2005-07-11,XLV,0
2005-07-11,XLY,0
2005-07-12,GLD,1
2005-07-12,XLB,0
2005-07-12,XLE,0
2005-07-12,XLF,0
2005-07-12,XLI,0
2005-07-12,XLK,0
2005-07-12,XLP,0
2005-07-12,XLU,0
2005-07-12,XLV,0
2005-07-12,XLY,0
2005-07-13,GLD,1
2005-07-13,XLB,0
2005-07-13,XLE,0
2005-07-13,XLF,0
2005-07-13,XLI,0
2005-07-13,XLK,0
2005-07-13,XLP,0
2005-07-13,XLU,0
2005-07-13,XLV,0
2005-07-13,XLY,0
2005-07-14,GLD,1
2005-07-14,XLB,0
2005-07-14,XLE,0
2005-07-14,XLF,0
2005-07-14,XLI,0
2005-07-14,XLK,0
2005-07-14,XLP,0
2005-07-14,XLU,0
2005-07-14,XLV,0
2005-07-14,XLY,0
2005-07-15,GLD,1
2005-07-15,XLB,0
2005-07-15,XLE,0
2005-07-15,XLF,0
2005-07-15,XLI,0
2005-07-15,XLK,0
2005-07-15,XLP,0
2005-07-15,XLU,0
2005-07-15,XLV,0
2005-07-15,XLY,0
2005-07-18,GLD,1
2005-07-18,XLB,0
2005-07-18,XLE,0
2005-07-18,XLF,0
2005-07-18,XLI,0
2005-07-18,XLK,0
2005-07-18,XLP,0
2005-07-18,XLU,0
2005-07-18,XLV,0
2005-07-18,XLY,0
2005-07-19,GLD,1
2005-07-19,XLB,0
2005-07-19,XLE,0
2005-07-19,XLF,0
2005-07-19,XLI,0
2005-07-19,XLK,0
2005-07-19,XLP,0
2005-07-19,XLU,0
2005-07-19,XLV,0
2005-07-19,XLY,0
2005-07-20,GLD,1
2005-07-20,XLB,0
2005-07-20,XLE,0
2005-07-20,XLF,0
2005-07-20,XLI,0
2005-07-20,XLK,0
2005-07-20,XLP,0
2005-07-20,XLU,0
2005-07-20,XLV,0
2005-07-20,XLY,0
2005-07-21,GLD,1
2005-07-21,XLB,0
2005-07-21,XLE,0
2005-07-21,XLF,0
2005-07-21,XLI,0
2005-07-21,XLK,0
2005-07-21,XLP,0
2005-07-21,XLU,0
2005-07-21,XLV,0
2005-07-21,XLY,0
2005-07-22,GLD,1
2005-07-22,XLB,0
2005-07-22,XLE,0
2005-07-22,XLF,0
2005-07-22,XLI,0
2005-07-22,XLK,0
2005-07-22,XLP,0
2005-07-22,XLU,0
2005-07-22,XLV,0
2005-07-22,XLY,0
2005-07-25,GLD,1
2005-07-25,XLB,0
2005-07-25,XLE,0
2005-07-25,XLF,0
2005-07-25,XLI,0
2005-07-25,XLK,0
2005-07-25,XLP,0
2005-07-25,XLU,0
2005-07-25,XLV,0
2005-07-25,XLY,0
2005-07-26,GLD,1
2005-07-26,XLB,0
2005-07-26,XLE,0
2005-07-26,XLF,0
2005-07-26,XLI,0
2005-07-26,XLK,0
2005-07-26,XLP,0
2005-07-26,XLU,0
2005-07-26,XLV,0
2005-07-26,XLY,0
2005-07-27,GLD,1
2005-07-27,XLB,0
2005-07-27,XLE,0
2005-07-27,XLF,0
2005-07-27,XLI,0
2005-07-27,XLK,0
2005-07-27,XLP,0
2005-07-27,XLU,0
2005-07-27,XLV,0
2005-07-27,XLY,0
2005-07-28,GLD,1
2005-07-28,XLB,0
2005-07-28,XLE,0
2005-07-28,XLF,0
2005-07-28,XLI,0
2005-07-28,XLK,0
2005-07-28,XLP,0
2005-07-28,XLU,0
2005-07-28,XLV,0
2005-07-28,XLY,0
2005-07-29,GLD,1
2005-07-29,XLB,0
2005-07-29,XLE,0
2005-07-29,XLF,0
2005-07-29,XLI,0
2005-07-29,XLK,0
2005-07-29,XLP,0
2005-07-29,XLU,0
2005-07-29,XLV,0
2005-07-29,XLY,0
2005-08-01,GLD,1
2005-08-01,XLB,0
2005-08-01,XLE,0
2005-08-01,XLF,0
2005-08-01,XLI,0
2005-08-01,XLK,0
2005-08-01,XLP,0
2005-08-01,XLU,0
2005-08-01,XLV,0
2005-08-01,XLY,0
2005-08-02,GLD,1
2005-08-02,XLB,0
2005-08-02,XLE,0
2005-08-02,XLF,0
2005-08-02,XLI,0
2005-08-02,XLK,0
2005-08-02,XLP,0
2005-08-02,XLU,0
2005-08-02,XLV,0
2005-08-02,XLY,0
2005-08-03,GLD,1
2005-08-03,XLB,0
2005-08-03,XLE,0
2005-08-03,XLF,0
2005-08-03,XLI,0
2005-08-03,XLK,0
2005-08-03,XLP,0
2005-08-03,XLU,0
2005-08-03,XLV,0
2005-08-03,XLY,0
2005-08-04,GLD,1
2005-08-04,XLB,0
2005-08-04,XLE,0
2005-08-04,XLF,0
2005-08-04,XLI,0
2005-08-04,XLK,0
2005-08-04,XLP,0
2005-08-04,XLU,0
2005-08-04,XLV,0
2005-08-04,XLY,0
2005-08-05,GLD,1
2005-08-05,XLB,0
2005-08-05,XLE,0
2005-08-05,XLF,0
2005-08-05,XLI,0
2005-08-05,XLK,0
2005-08-05,XLP,0
2005-08-05,XLU,0
2005-08-05,XLV,0
2005-08-05,XLY,0
2005-08-08,GLD,1
2005-08-08,XLB,0
2005-08-08,XLE,0
2005-08-08,XLF,0
2005-08-08,XLI,0
2005-08-08,XLK,0
2005-08-08,XLP,0
2005-08-08,XLU,0
2005-08-08,XLV,0
2005-08-08,XLY,0
2005-08-09,GLD,1
2005-08-09,XLB,0
2005-08-09,XLE,0
2005-08-09,XLF,0
2005-08-09,XLI,0
2005-08-09,XLK,0
2005-08-09,XLP,0
2005-08-09,XLU,0
2005-08-09,XLV,0
2005-08-09,XLY,0
2005-08-10,GLD,1
2005-08-10,XLB,0
2005-08-10,XLE,0
2005-08-10,XLF,0
2005-08-10,XLI,0
2005-08-10,XLK,0
2005-08-10,XLP,0
2005-08-10,XLU,0
2005-08-10,XLV,0
2005-08-10,XLY,0
2005-08-11,GLD,1
2005-08-11,XLB,0
2005-08-11,XLE,0
2005-08-11,XLF,0
2005-08-11,XLI,0
2005-08-11,XLK,0
2005-08-11,XLP,0
2005-08-11,XLU,0
2005-08-11,XLV,0
2005-08-11,XLY,0
2005-08-12,GLD,1
2005-08-12,XLB,0
2005-08-12,XLE,0
2005-08-12,XLF,0
2005-08-12,XLI,0
2005-08-12,XLK,0
2005-08-12,XLP,0
2005-08-12,XLU,0
2005-08-12,XLV,0
2005-08-12,XLY,0
2005-08-15,GLD,1
2005-08-15,XLB,0
2005-08-15,XLE,0
2005-08-15,XLF,0
2005-08-15,XLI,0
2005-08-15,XLK,0
2005-08-15,XLP,0
2005-08-15,XLU,0
2005-08-15,XLV,0
2005-08-15,XLY,0
2005-08-16,GLD,1
2005-08-16,XLB,0
2005-08-16,XLE,0
2005-08-16,XLF,0
2005-08-16,XLI,0
2005-08-16,XLK,0
2005-08-16,XLP,0
2005-08-16,XLU,0
2005-08-16,XLV,0
2005-08-16,XLY,0
2005-08-17,GLD,1
2005-08-17,XLB,0
2005-08-17,XLE,0
2005-08-17,XLF,0
2005-08-17,XLI,0
2005-08-17,XLK,0
2005-08-17,XLP,0
2005-08-17,XLU,0
2005-08-17,XLV,0
2005-08-17,XLY,0
2005-08-18,GLD,1
2005-08-18,XLB,0
2005-08-18,XLE,0
2005-08-18,XLF,0
2005-08-18,XLI,0
2005-08-18,XLK,0
2005-08-18,XLP,0
2005-08-18,XLU,0
2005-08-18,XLV,0
2005-08-18,XLY,0
2005-08-19,GLD,1
2005-08-19,XLB,0
2005-08-19,XLE,0
2005-08-19,XLF,0
2005-08-19,XLI,0
2005-08-19,XLK,0
2005-08-19,XLP,0
2005-08-19,XLU,0
2005-08-19,XLV,0
2005-08-19,XLY,0
2005-08-22,GLD,1
2005-08-22,XLB,0
2005-08-22,XLE,0
2005-08-22,XLF,0
2005-08-22,XLI,0
2005-08-22,XLK,0
2005-08-22,XLP,0
2005-08-22,XLU,0
2005-08-22,XLV,0
2005-08-22,XLY,0
2005-08-23,GLD,1
2005-08-23,XLB,0
2005-08-23,XLE,0
2005-08-23,XLF,0
2005-08-23,XLI,0
2005-08-23,XLK,0
2005-08-23,XLP,0
2005-08-23,XLU,0
2005-08-23,XLV,0
2005-08-23,XLY,0
2005-08-24,GLD,1
2005-08-24,XLB,0
2005-08-24,XLE,0
2005-08-24,XLF,0
2005-08-24,XLI,0
2005-08-24,XLK,0
2005-08-24,XLP,0
2005-08-24,XLU,0
2005-08-24,XLV,0
2005-08-24,XLY,0
2005-08-25,GLD,0
2005-08-25,XLB,0
2005-08-25,XLE,0.33333333333333331
2005-08-25,XLF,0
2005-08-25,XLI,0
2005-08-25,XLK,0.33333333333333331
2005-08-25,XLP,0
2005-08-25,XLU,0.33333333333333331
2005-08-25,XLV,0
2005-08-25,XLY,0
2005-08-26,GLD,0
2005-08-26,XLB,0
2005-08-26,XLE,0.33333333333333331
2005-08-26,XLF,0
2005-08-26,XLI,0
2005-08-26,XLK,0.33333333333333331
2005-08-26,XLP,0
2005-08-26,XLU,0.33333333333333331
2005-08-26,XLV,0
2005-08-26,XLY,0
2005-08-29,GLD,0
2005-08-29,XLB,0
2005-08-29,XLE,0.33333333333333331
2005-08-29,XLF,0
2005-08-29,XLI,0
2005-08-29,XLK,0.33333333333333331
2005-08-29,XLP,0
2005-08-29,XLU,0.33333333333333331
2005-08-29,XLV,0
2005-08-29,XLY,0
2005-08-30,GLD,0
2005-08-30,XLB,0
2005-08-30,XLE,0.33333333333333331
2005-08-30,XLF,0
2005-08-30,XLI,0
2005-08-30,XLK,0.33333333333333331
2005-08-30,XLP,0
2005-08-30,XLU,0.33333333333333331
2005-08-30,XLV,0
2005-08-30,XLY,0
2005-08-31,GLD,0
2005-08-31,XLB,0
2005-08-31,XLE,0.33333333333333331
2005-08-31,XLF,0
2005-08-31,XLI,0
2005-08-31,XLK,0.33333333333333331
2005-08-31,XLP,0
2005-08-31,XLU,0.33333333333333331
2005-08-31,XLV,0
2005-08-31,XLY,0
2005-09-01,GLD,0
2005-09-01,XLB,0
2005-09-01,XLE,0.33333333333333331
2005-09-01,XLF,0
2005-09-01,XLI,0
2005-09-01,XLK,0.33333333333333331
2005-09-01,XLP,0
2005-09-01,XLU,0.33333333333333331
2005-09-01,XLV,0
2005-09-01,XLY,0
2005-09-02,GLD,0
2005-09-02,XLB,0
2005-09-02,XLE,0.33333333333333331
2005-09-02,XLF,0
2005-09-02,XLI,0
2005-09-02,XLK,0.33333333333333331
2005-09-02,XLP,0
2005-09-02,XLU,0.33333333333333331
2005-09-02,XLV,0
2005-09-02,XLY,0
2005-09-06,GLD,0
2005-09-06,XLB,0
2005-09-06,XLE,0.33333333333333331
2005-09-06,XLF,0
2005-09-06,XLI,0
2005-09-06,XLK,0.33333333333333331
2005-09-06,XLP,0
2005-09-06,XLU,0.33333333333333331
2005-09-06,XLV,0
2005-09-06,XLY,0
2005-09-07,GLD,0
2005-09-07,XLB,0
2005-09-07,XLE,0.33333333333333331
2005-09-07,XLF,0
2005-09-07,XLI,0
2005-09-07,XLK,0.33333333333333331
2005-09-07,XLP,0
2005-09-07,XLU,0.33333333333333331
2005-09-07,XLV,0
2005-09-07,XLY,0
2005-09-08,GLD,0
2005-09-08,XLB,0
2005-09-08,XLE,0.33333333333333331
2005-09-08,XLF,0
2005-09-08,XLI,0
2005-09-08,XLK,0.33333333333333331
2005-09-08,XLP,0
2005-09-08,XLU,0.33333333333333331
2005-09-08,XLV,0
2005-09-08,XLY,0
2005-09-09,GLD,0
2005-09-09,XLB,0
2005-09-09,XLE,0.33333333333333331
2005-09-09,XLF,0
2005-09-09,XLI,0
2005-09-09,XLK,0.33333333333333331
2005-09-09,XLP,0
2005-09-09,XLU,0.33333333333333331
2005-09-09,XLV,0
2005-09-09,XLY,0
2005-09-12,GLD,0
2005-09-12,XLB,0
2005-09-12,XLE,0.33333333333333331
2005-09-12,XLF,0
2005-09-12,XLI,0
2005-09-12,XLK,0.33333333333333331
2005-09-12,XLP,0
2005-09-12,XLU,0.33333333333333331
2005-09-12,XLV,0
2005-09-12,XLY,0
2005-09-13,GLD,0
2005-09-13,XLB,0
2005-09-13,XLE,0.33333333333333331
2005-09-13,XLF,0
2005-09-13,XLI,0
2005-09-13,XLK,0.33333333333333331
2005-09-13,XLP,0
2005-09-13,XLU,0.33333333333333331
2005-09-13,XLV,0
2005-09-13,XLY,0
2005-09-14,GLD,0
2005-09-14,XLB,0
2005-09-14,XLE,0.33333333333333331
2005-09-14,XLF,0
2005-09-14,XLI,0
2005-09-14,XLK,0.33333333333333331
2005-09-14,XLP,0
2005-09-14,XLU,0.33333333333333331
2005-09-14,XLV,0
2005-09-14,XLY,0
2005-09-15,GLD,0
2005-09-15,XLB,0
2005-09-15,XLE,0.33333333333333331
2005-09-15,XLF,0
2005-09-15,XLI,0
2005-09-15,XLK,0.33333333333333331
2005-09-15,XLP,0
2005-09-15,XLU,0.33333333333333331
2005-09-15,XLV,0
2005-09-15,XLY,0
2005-09-16,GLD,0
2005-09-16,XLB,0
2005-09-16,XLE,0.33333333333333331
2005-09-16,XLF,0
2005-09-16,XLI,0
2005-09-16,XLK,0.33333333333333331
2005-09-16,XLP,0
2005-09-16,XLU,0.33333333333333331
2005-09-16,XLV,0
2005-09-16,XLY,0
2005-09-19,GLD,0
2005-09-19,XLB,0
2005-09-19,XLE,0.33333333333333331
2005-09-19,XLF,0
2005-09-19,XLI,0
2005-09-19,XLK,0.33333333333333331
2005-09-19,XLP,0
2005-09-19,XLU,0.33333333333333331
2005-09-19,XLV,0
2005-09-19,XLY,0
2005-09-20,GLD,0
2005-09-20,XLB,0
2005-09-20,XLE,0.33333333333333331
2005-09-20,XLF,0
2005-09-20,XLI,0
2005-09-20,XLK,0.33333333333333331
2005-09-20,XLP,0
2005-09-20,XLU,0.33333333333333331
2005-09-20,XLV,0
2005-09-20,XLY,0
2005-09-21,GLD,0
2005-09-21,XLB,0
2005-09-21,XLE,0.33333333333333331
2005-09-21,XLF,0
2005-09-21,XLI,0
2005-09-21,XLK,0.33333333333333331
2005-09-21,XLP,0
2005-09-21,XLU,0.33333333333333331
2005-09-21,XLV,0
2005-09-21,XLY,0
2005-09-22,GLD,0
2005-09-22,XLB,0
2005-09-22,XLE,0.33333333333333331
2005-09-22,XLF,0
2005-09-22,XLI,0
2005-09-22,XLK,0.33333333333333331
2005-09-22,XLP,0
2005-09-22,XLU,0.33333333333333331
2005-09-22,XLV,0
2005-09-22,XLY,0
2005-09-23,GLD,0
2005-09-23,XLB,0
2005-09-23,XLE,0.33333333333333331
2005-09-23,XLF,0
2005-09-23,XLI,0
2005-09-23,XLK,0.33333333333333331
2005-09-23,XLP,0
2005-09-23,XLU,0.33333333333333331
2005-09-23,XLV,0
2005-09-23,XLY,0
2005-09-26,GLD,0.33333333333333331
2005-09-26,XLB,0
2005-09-26,XLE,0.33333333333333331
2005-09-26,XLF,0
2005-09-26,XLI,0
2005-09-26,XLK,0
2005-09-26,XLP,0
2005-09-26,XLU,0.33333333333333331
2005-09-26,XLV,0
2005-09-26,XLY,0
2005-09-27,GLD,0.33333333333333331
2005-09-27,XLB,0
2005-09-27,XLE,0.33333333333333331
2005-09-27,XLF,0
2005-09-27,XLI,0
2005-09-27,XLK,0
2005-09-27,XLP,0
2005-09-27,XLU,0.33333333333333331
2005-09-27,XLV,0
2005-09-27,XLY,0
2005-09-28,GLD,0.33333333333333331
2005-09-28,XLB,0
2005-09-28,XLE,0.33333333333333331
2005-09-28,XLF,0
2005-09-28,XLI,0
2005-09-28,XLK,0
2005-09-28,XLP,0
2005-09-28,XLU,0.33333333333333331
2005-09-28,XLV,0
2005-09-28,XLY,0
2005-09-29,GLD,0.33333333333333331
2005-09-29,XLB,0
2005-09-29,XLE,0.33333333333333331
2005-09-29,XLF,0
2005-09-29,XLI,0
2005-09-29,XLK,0
2005-09-29,XLP,0
2005-09-29,XLU,0.33333333333333331
2005-09-29,XLV,0
2005-09-29,XLY,0
2005-09-30,GLD,0.33333333333333331
2005-09-30,XLB,0
2005-09-30,XLE,0.33333333333333331
2005-09-30,XLF,0
2005-09-30,XLI,0
2005-09-30,XLK,0
2005-09-30,XLP,0
2005-09-30,XLU,0.33333333333333331
2005-09-30,XLV,0
2005-09-30,XLY,0
2005-10-03,GLD,0.33333333333333331
2005-10-03,XLB,0
2005-10-03,XLE,0.33333333333333331
2005-10-03,XLF,0
2005-10-03,XLI,0
2005-10-03,XLK,0
2005-10-03,XLP,0
2005-10-03,XLU,0.33333333333333331
2005-10-03,XLV,0
2005-10-03,XLY,0
2005-10-04,GLD,0.33333333333333331
2005-10-04,XLB,0
2005-10-04,XLE,0.33333333333333331
2005-10-04,XLF,0
2005-10-04,XLI,0
2005-10-04,XLK,0
2005-10-04,XLP,0
2005-10-04,XLU,0.33333333333333331
2005-10-04,XLV,0
2005-10-04,XLY,0
2005-10-05,GLD,0.33333333333333331
2005-10-05,XLB,0
2005-10-05,XLE,0.33333333333333331
2005-10-05,XLF,0
2005-10-05,XLI,0
2005-10-05,XLK,0
2005-10-05,XLP,0
2005-10-05,XLU,0.33333333333333331
2005-10-05,XLV,0
2005-10-05,XLY,0
2005-10-06,GLD,0.33333333333333331
2005-10-06,XLB,0
2005-10-06,XLE,0.33333333333333331
2005-10-06,XLF,0
2005-10-06,XLI,0
2005-10-06,XLK,0
2005-10-06,XLP,0
2005-10-06,XLU,0.33333333333333331
2005-10-06,XLV,0
2005-10-06,XLY,0
2005-10-07,GLD,0.33333333333333331
2005-10-07,XLB,0
2005-10-07,XLE,0.33333333333333331
2005-10-07,XLF,0
2005-10-07,XLI,0
2005-10-07,XLK,0
2005-10-07,XLP,0
2005-10-07,XLU,0.33333333333333331
2005-10-07,XLV,0
2005-10-07,XLY,0
2005-10-10,GLD,0.33333333333333331
2005-10-10,XLB,0
2005-10-10,XLE,0.33333333333333331
2005-10-10,XLF,0
2005-10-10,XLI,0
2005-10-10,XLK,0
2005-10-10,XLP,0
2005-10-10,XLU,0.33333333333333331
2005-10-10,XLV,0
2005-10-10,XLY,0
2005-10-11,GLD,0.33333333333333331
2005-10-11,XLB,0
2005-10-11,XLE,0.33333333333333331
2005-10-11,XLF,0
2005-10-11,XLI,0
2005-10-11,XLK,0
2005-10-11,XLP,0
2005-10-11,XLU,0.33333333333333331
2005-10-11,XLV,0
2005-10-11,XLY,0
2005-10-12,GLD,0.33333333333333331
2005-10-12,XLB,0
2005-10-12,XLE,0.33333333333333331
2005-10-12,XLF,0
2005-10-12,XLI,0
2005-10-12,XLK,0
2005-10-12,XLP,0
2005-10-12,XLU,0.33333333333333331
2005-10-12,XLV,0
2005-10-12,XLY,0
2005-10-13,GLD,0.33333333333333331
2005-10-13,XLB,0
2005-10-13,XLE,0.33333333333333331
2005-10-13,XLF,0
2005-10-13,XLI,0
2005-10-13,XLK,0
2005-10-13,XLP,0
2005-10-13,XLU,0.33333333333333331
2005-10-13,XLV,0
2005-10-13,XLY,0
2005-10-14,GLD,0.33333333333333331
2005-10-14,XLB,0
2005-10-14,XLE,0.33333333333333331
2005-10-14,XLF,0
2005-10-14,XLI,0
2005-10-14,XLK,0
2005-10-14,XLP,0
2005-10-14,XLU,0.33333333333333331
2005-10-14,XLV,0
2005-10-14,XLY,0
2005-10-17,GLD,0.33333333333333331
2005-10-17,XLB,0
2005-10-17,XLE,0.33333333333333331
2005-10-17,XLF,0
2005-10-17,XLI,0
2005-10-17,XLK,0
2005-10-17,XLP,0
2005-10-17,XLU,0.33333333333333331
2005-10-17,XLV,0
2005-10-17,XLY,0
2005-10-18,GLD,0.33333333333333331
2005-10-18,XLB,0
2005-10-18,XLE,0.33333333333333331
2005-10-18,XLF,0
2005-10-18,XLI,0
2005-10-18,XLK,0
2005-10-18,XLP,0
2005-10-18,XLU,0.33333333333333331
2005-10-18,XLV,0
2005-10-18,XLY,0
2005-10-19,GLD,0.33333333333333331
2005-10-19,XLB,0
2005-10-19,XLE,0.33333333333333331
2005-10-19,XLF,0
2005-10-19,XLI,0
2005-10-19,XLK,0
2005-10-19,XLP,0
2005-10-19,XLU,0.33333333333333331
2005-10-19,XLV,0
2005-10-19,XLY,0
2005-10-20,GLD,0.33333333333333331
2005-10-20,XLB,0
2005-10-20,XLE,0.33333333333333331
2005-10-20,XLF,0
2005-10-20,XLI,0
2005-10-20,XLK,0
2005-10-20,XLP,0
2005-10-20,XLU,0.33333333333333331
2005-10-20,XLV,0
2005-10-20,XLY,0
2005-10-21,GLD,0.33333333333333331
2005-10-21,XLB,0
2005-10-21,XLE,0.33333333333333331
2005-10-21,XLF,0
2005-10-21,XLI,0
2005-10-21,XLK,0
2005-10-21,XLP,0
2005-10-21,XLU,0.33333333333333331
2005-10-21,XLV,0
2005-10-21,XLY,0
2005-10-24,GLD,0.33333333333333331
2005-10-24,XLB,0
2005-10-24,XLE,0.33333333333333331
2005-10-24,XLF,0
2005-10-24,XLI,0
2005-10-24,XLK,0
2005-10-24,XLP,0
2005-10-24,XLU,0.33333333333333331
2005-10-24,XLV,0
2005-10-24,XLY,0
2005-10-25,GLD,0.66666666666666663
2005-10-25,XLB,0
2005-10-25,XLE,0.33333333333333331
2005-10-25,XLF,0
2005-10-25,XLI,0
2005-10-25,XLK,0
2005-10-25,XLP,0
2005-10-25,XLU,0
2005-10-25,XLV,0
2005-10-25,XLY,0
2005-10-26,GLD,0.66666666666666663
2005-10-26,XLB,0
2005-10-26,XLE,0.33333333333333331
2005-10-26,XLF,0
2005-10-26,XLI,0
2005-10-26,XLK,0
2005-10-26,XLP,0
2005-10-26,XLU,0
2005-10-26,XLV,0
2005-10-26,XLY,0
2005-10-27,GLD,0.66666666666666663
2005-10-27,XLB,0
2005-10-27,XLE,0.33333333333333331
2005-10-27,XLF,0
2005-10-27,XLI,0
2005-10-27,XLK,0
2005-10-27,XLP,0
2005-10-27,XLU,0
2005-10-27,XLV,0
2005-10-27,XLY,0
2005-10-28,GLD,0.66666666666666663
2005-10-28,XLB,0
2005-10-28,XLE,0.33333333333333331
2005-10-28,XLF,0
2005-10-28,XLI,0
2005-10-28,XLK,0
2005-10-28,XLP,0
2005-10-28,XLU,0
2005-10-28,XLV,0
2005-10-28,XLY,0
2005-10-31,GLD,0.66666666666666663
2005-10-31,XLB,0
2005-10-31,XLE,0.33333333333333331
2005-10-31,XLF,0
2005-10-31,XLI,0
2005-10-31,XLK,0
2005-10-31,XLP,0
2005-10-31,XLU,0
2005-10-31,XLV,0
2005-10-31,XLY,0
2005-11-01,GLD,0.66666666666666663
2005-11-01,XLB,0
2005-11-01,XLE,0.33333333333333331
2005-11-01,XLF,0
2005-11-01,XLI,0
2005-11-01,XLK,0
2005-11-01,XLP,0
2005-11-01,XLU,0
2005-11-01,XLV,0
2005-11-01,XLY,0
2005-11-02,GLD,0.66666666666666663
2005-11-02,XLB,0
2005-11-02,XLE,0.33333333333333331
2005-11-02,XLF,0
2005-11-02,XLI,0
2005-11-02,XLK,0
2005-11-02,XLP,0
2005-11-02,XLU,0
2005-11-02,XLV,0
2005-11-02,XLY,0
2005-11-03,GLD,0.66666666666666663
2005-11-03,XLB,0
2005-11-03,XLE,0.33333333333333331
2005-11-03,XLF,0
2005-11-03,XLI,0
2005-11-03,XLK,0
2005-11-03,XLP,0
2005-11-03,XLU,0
2005-11-03,XLV,0
2005-11-03,XLY,0
2005-11-04,GLD,0.66666666666666663
2005-11-04,XLB,0
2005-11-04,XLE,0.33333333333333331
2005-11-04,XLF,0
2005-11-04,XLI,0
2005-11-04,XLK,0
2005-11-04,XLP,0
2005-11-04,XLU,0
2005-11-04,XLV,0
2005-11-04,XLY,0
2005-11-07,GLD,0.66666666666666663
2005-11-07,XLB,0
2005-11-07,XLE,0.33333333333333331
2005-11-07,XLF,0
2005-11-07,XLI,0
2005-11-07,XLK,0
2005-11-07,XLP,0
2005-11-07,XLU,0
2005-11-07,XLV,0
2005-11-07,XLY,0
2005-11-08,GLD,0.66666666666666663
2005-11-08,XLB,0
2005-11-08,XLE,0.33333333333333331
2005-11-08,XLF,0
2005-11-08,XLI,0
2005-11-08,XLK,0
2005-11-08,XLP,0
2005-11-08,XLU,0
2005-11-08,XLV,0
2005-11-08,XLY,0
2005-11-09,GLD,0.66666666666666663
2005-11-09,XLB,0
2005-11-09,XLE,0.33333333333333331
2005-11-09,XLF,0
2005-11-09,XLI,0
2005-11-09,XLK,0
2005-11-09,XLP,0
2005-11-09,XLU,0
2005-11-09,XLV,0
2005-11-09,XLY,0
2005-11-10,GLD,0.66666666666666663
2005-11-10,XLB,0
2005-11-10,XLE,0.33333333333333331
2005-11-10,XLF,0
2005-11-10,XLI,0
2005-11-10,XLK,0
2005-11-10,XLP,0
2005-11-10,XLU,0
2005-11-10,XLV,0
2005-11-10,XLY,0
2005-11-11,GLD,0.66666666666666663
2005-11-11,XLB,0
2005-11-11,XLE,0.33333333333333331
2005-11-11,XLF,0
2005-11-11,XLI,0
2005-11-11,XLK,0
2005-11-11,XLP,0
2005-11-11,XLU,0
2005-11-11,XLV,0
2005-11-11,XLY,0
2005-11-14,GLD,0.66666666666666663
2005-11-14,XLB,0
2005-11-14,XLE,0.33333333333333331
2005-11-14,XLF,0
2005-11-14,XLI,0
2005-11-14,XLK,0
2005-11-14,XLP,0
2005-11-14,XLU,0
2005-11-14,XLV,0
2005-11-14,XLY,0
2005-11-15,GLD,0.66666666666666663
2005-11-15,XLB,0
2005-11-15,XLE,0.33333333333333331
2005-11-15,XLF,0
2005-11-15,XLI,0
2005-11-15,XLK,0
2005-11-15,XLP,0
2005-11-15,XLU,0
2005-11-15,XLV,0
2005-11-15,XLY,0
2005-11-16,GLD,0.66666666666666663
2005-11-16,XLB,0
2005-11-16,XLE,0.33333333333333331
2005-11-16,XLF,0
2005-11-16,XLI,0
2005-11-16,XLK,0
2005-11-16,XLP,0
2005-11-16,XLU,0
2005-11-16,XLV,0
2005-11-16,XLY,0
2005-11-17,GLD,0.66666666666666663
2005-11-17,XLB,0
2005-11-17,XLE,0.33333333333333331
2005-11-17,XLF,0
2005-11-17,XLI,0
2005-11-17,XLK,0
2005-11-17,XLP,0
2005-11-17,XLU,0
2005-11-17,XLV,0
2005-11-17,XLY,0
2005-11-18,GLD,0.66666666666666663
2005-11-18,XLB,0
2005-11-18,XLE,0.33333333333333331
2005-11-18,XLF,0
2005-11-18,XLI,0
2005-11-18,XLK,0
2005-11-18,XLP,0
2005-11-18,XLU,0
2005-11-18,XLV,0
2005-11-18,XLY,0
2005-11-21,GLD,0.66666666666666663
2005-11-21,XLB,0
2005-11-21,XLE,0.33333333333333331
2005-11-21,XLF,0
2005-11-21,XLI,0
2005-11-21,XLK,0
2005-11-21,XLP,0
2005-11-21,XLU,0
2005-11-21,XLV,0
2005-11-21,XLY,0
2005-11-22,GLD,0.66666666666666663
2005-11-22,XLB,0
2005-11-22,XLE,0.33333333333333331
2005-11-22,XLF,0
2005-11-22,XLI,0
2005-11-22,XLK,0
2005-11-22,XLP,0
2005-11-22,XLU,0
2005-11-22,XLV,0
2005-11-22,XLY,0
2005-11-23,GLD,0.66666666666666663
2005-11-23,XLB,0
2005-11-23,XLE,0.33333333333333331
2005-11-23,XLF,0
2005-11-23,XLI,0
2005-11-23,XLK,0
2005-11-23,XLP,0
2005-11-23,XLU,0
2005-11-23,XLV,0
2005-11-23,XLY,0
2005-11-25,GLD,0.66666666666666663
2005-11-25,XLB,0
2005-11-25,XLE,0.33333333333333331
2005-11-25,XLF,0
2005-11-25,XLI,0
2005-11-25,XLK,0
2005-11-25,XLP,0
2005-11-25,XLU,0
2005-11-25,XLV,0
2005-11-25,XLY,0
2005-11-28,GLD,0.66666666666666663
2005-11-28,XLB,0
2005-11-28,XLE,0.33333333333333331
2005-11-28,XLF,0
2005-11-28,XLI,0
2005-11-28,XLK,0
2005-11-28,XLP,0
2005-11-28,XLU,0
2005-11-28,XLV,0
2005-11-28,XLY,0
2005-11-29,GLD,0.66666666666666663
2005-11-29,XLB,0
2005-11-29,XLE,0.33333333333333331
2005-11-29,XLF,0
2005-11-29,XLI,0
2005-11-29,XLK,0
2005-11-29,XLP,0
2005-11-29,XLU,0
2005-11-29,XLV,0
2005-11-29,XLY,0
2005-11-30,GLD,0.66666666666666663
2005-11-30,XLB,0
2005-11-30,XLE,0.33333333333333331
2005-11-30,XLF,0
2005-11-30,XLI,0
2005-11-30,XLK,0
2005-11-30,XLP,0
2005-11-30,XLU,0
2005-11-30,XLV,0
2005-11-30,XLY,0
2005-12-01,GLD,0.66666666666666663
2005-12-01,XLB,0
2005-12-01,XLE,0.33333333333333331
2005-12-01,XLF,0
2005-12-01,XLI,0
2005-12-01,XLK,0
2005-12-01,XLP,0
2005-12-01,XLU,0
2005-12-01,XLV,0
2005-12-01,XLY,0
2005-12-02,GLD,0.66666666666666663
2005-12-02,XLB,0
2005-12-02,XLE,0.33333333333333331
2005-12-02,XLF,0
2005-12-02,XLI,0
2005-12-02,XLK,0
2005-12-02,XLP,0
2005-12-02,XLU,0
2005-12-02,XLV,0
2005-12-02,XLY,0
2005-12-05,GLD,0.66666666666666663
2005-12-05,XLB,0
2005-12-05,XLE,0.33333333333333331
2005-12-05,XLF,0
2005-12-05,XLI,0
2005-12-05,XLK,0
2005-12-05,XLP,0
2005-12-05,XLU,0
2005-12-05,XLV,0
2005-12-05,XLY,0
2005-12-06,GLD,0.66666666666666663
2005-12-06,XLB,0
2005-12-06,XLE,0.33333333333333331
2005-12-06,XLF,0
2005-12-06,XLI,0
2005-12-06,XLK,0
2005-12-06,XLP,0
2005-12-06,XLU,0
2005-12-06,XLV,0
2005-12-06,XLY,0
2005-12-07,GLD,0.66666666666666663
2005-12-07,XLB,0
2005-12-07,XLE,0.33333333333333331
2005-12-07,XLF,0
2005-12-07,XLI,0
2005-12-07,XLK,0
2005-12-07,XLP,0
2005-12-07,XLU,0
2005-12-07,XLV,0
2005-12-07,XLY,0
2005-12-08,GLD,0.66666666666666663
2005-12-08,XLB,0
2005-12-08,XLE,0.33333333333333331
2005-12-08,XLF,0
2005-12-08,XLI,0
2005-12-08,XLK,0
2005-12-08,XLP,0
2005-12-08,XLU,0
2005-12-08,XLV,0
2005-12-08,XLY,0
2005-12-09,GLD,0.66666666666666663
2005-12-09,XLB,0
2005-12-09,XLE,0.33333333333333331
2005-12-09,XLF,0
2005-12-09,XLI,0
2005-12-09,XLK,0
2005-12-09,XLP,0
2005-12-09,XLU,0
2005-12-09,XLV,0
2005-12-09,XLY,0
2005-12-12,GLD,0.66666666666666663
2005-12-12,XLB,0
2005-12-12,XLE,0.33333333333333331
2005-12-12,XLF,0
2005-12-12,XLI,0
2005-12-12,XLK,0
2005-12-12,XLP,0
2005-12-12,XLU,0
2005-12-12,XLV,0
2005-12-12,XLY,0
2005-12-13,GLD,0.66666666666666663
2005-12-13,XLB,0
2005-12-13,XLE,0.33333333333333331
2005-12-13,XLF,0
2005-12-13,XLI,0
2005-12-13,XLK,0
2005-12-13,XLP,0
2005-12-13,XLU,0
2005-12-13,XLV,0
2005-12-13,XLY,0
2005-12-14,GLD,0.66666666666666663
2005-12-14,XLB,0
2005-12-14,XLE,0.33333333333333331
2005-12-14,XLF,0
2005-12-14,XLI,0
2005-12-14,XLK,0
2005-12-14,XLP,0
2005-12-14,XLU,0
2005-12-14,XLV,0
2005-12-14,XLY,0
2005-12-15,GLD,0.66666666666666663
2005-12-15,XLB,0
2005-12-15,XLE,0.33333333333333331
2005-12-15,XLF,0
2005-12-15,XLI,0
2005-12-15,XLK,0
2005-12-15,XLP,0
2005-12-15,XLU,0
2005-12-15,XLV,0
2005-12-15,XLY,0
2005-12-16,GLD,0.66666666666666663
2005-12-16,XLB,0
2005-12-16,XLE,0.33333333333333331
2005-12-16,XLF,0
2005-12-16,XLI,0
2005-12-16,XLK,0
2005-12-16,XLP,0
2005-12-16,XLU,0
2005-12-16,XLV,0
2005-12-16,XLY,0
2005-12-19,GLD,0.66666666666666663
2005-12-19,XLB,0
2005-12-19,XLE,0.33333333333333331
2005-12-19,XLF,0
2005-12-19,XLI,0
2005-12-19,XLK,0
2005-12-19,XLP,0
2005-12-19,XLU,0
2005-12-19,XLV,0
2005-12-19,XLY,0
2005-12-20,GLD,0.66666666666666663
2005-12-20,XLB,0
2005-12-20,XLE,0.33333333333333331
2005-12-20,XLF,0
2005-12-20,XLI,0
2005-12-20,XLK,0
2005-12-20,XLP,0
2005-12-20,XLU,0
2005-12-20,XLV,0
2005-12-20,XLY,0
2005-12-21,GLD,0.66666666666666663
2005-12-21,XLB,0
2005-12-21,XLE,0.33333333333333331
2005-12-21,XLF,0
2005-12-21,XLI,0
2005-12-21,XLK,0
2005-12-21,XLP,0
2005-12-21,XLU,0
2005-12-21,XLV,0
2005-12-21,XLY,0
2005-12-22,GLD,0.66666666666666663
2005-12-22,XLB,0
2005-12-22,XLE,0.33333333333333331
2005-12-22,XLF,0
2005-12-22,XLI,0
2005-12-22,XLK,0
2005-12-22,XLP,0
2005-12-22,XLU,0
2005-12-22,XLV,0
2005-12-22,XLY,0
2005-12-23,GLD,1
2005-12-23,XLB,0
2005-12-23,XLE,0
2005-12-23,XLF,0
2005-12-23,XLI,0
2005-12-23,XLK,0
2005-12-23,XLP,0
2005-12-23,XLU,0
2005-12-23,XLV,0
2005-12-23,XLY,0
2005-12-27,GLD,1
2005-12-27,XLB,0
2005-12-27,XLE,0
2005-12-27,XLF,0
2005-12-27,XLI,0
2005-12-27,XLK,0
2005-12-27,XLP,0
2005-12-27,XLU,0
2005-12-27,XLV,0
2005-12-27,XLY,0
2005-12-28,GLD,1
2005-12-28,XLB,0
2005-12-28,XLE,0
2005-12-28,XLF,0
2005-12-28,XLI,0
2005-12-28,XLK,0
2005-12-28,XLP,0
2005-12-28,XLU,0
2005-12-28,XLV,0
2005-12-28,XLY,0
2005-12-29,GLD,1
2005-12-29,XLB,0
2005-12-29,XLE,0
2005-12-29,XLF,0
2005-12-29,XLI,0
2005-12-29,XLK,0
2005-12-29,XLP,0
2005-12-29,XLU,0
2005-12-29,XLV,0
2005-12-29,XLY,0
2005-12-30,GLD,1
2005-12-30,XLB,0
2005-12-30,XLE,0
2005-12-30,XLF,0
2005-12-30,XLI,0
2005-12-30,XLK,0
2005-12-30,XLP,0
2005-12-30,XLU,0
2005-12-30,XLV,0
2005-12-30,XLY,0
2006-01-03,GLD,1
2006-01-03,XLB,0
2006-01-03,XLE,0
2006-01-03,XLF,0
2006-01-03,XLI,0
2006-01-03,XLK,0
2006-01-03,XLP,0
2006-01-03,XLU,0
2006-01-03,XLV,0
2006-01-03,XLY,0
2006-01-04,GLD,1
2006-01-04,XLB,0
2006-01-04,XLE,0
2006-01-04,XLF,0
2006-01-04,XLI,0
2006-01-04,XLK,0
2006-01-04,XLP,0
2006-01-04,XLU,0
2006-01-04,XLV,0
2006-01-04,XLY,0
2006-01-05,GLD,1
2006-01-05,XLB,0
2006-01-05,XLE,0
2006-01-05,XLF,0
2006-01-05,XLI,0
2006-01-05,XLK,0
2006-01-05,XLP,0
2006-01-05,XLU,0
2006-01-05,XLV,0
2006-01-05,XLY,0
2006-01-06,GLD,1
2006-01-06,XLB,0
2006-01-06,XLE,0
2006-01-06,XLF,0
2006-01-06,XLI,0
2006-01-06,XLK,0
2006-01-06,XLP,0
2006-01-06,XLU,0
2006-01-06,XLV,0
2006-01-06,XLY,0
2006-01-09,GLD,1
2006-01-09,XLB,0
2006-01-09,XLE,0
2006-01-09,XLF,0
2006-01-09,XLI,0
2006-01-09,XLK,0
2006-01-09,XLP,0
2006-01-09,XLU,0
2006-01-09,XLV,0
2006-01-09,XLY,0
2006-01-10,GLD,1
2006-01-10,XLB,0
2006-01-10,XLE,0
2006-01-10,XLF,0
2006-01-10,XLI,0
2006-01-10,XLK,0
2006-01-10,XLP,0
2006-01-10,XLU,0
2006-01-10,XLV,0
2006-01-10,XLY,0
2006-01-11,GLD,1
2006-01-11,XLB,0
2006-01-11,XLE,0
2006-01-11,XLF,0
2006-01-11,XLI,0
2006-01-11,XLK,0
2006-01-11,XLP,0
2006-01-11,XLU,0
2006-01-11,XLV,0
2006-01-11,XLY,0
2006-01-12,GLD,1
2006-01-12,XLB,0
2006-01-12,XLE,0
2006-01-12,XLF,0
2006-01-12,XLI,0
2006-01-12,XLK,0
2006-01-12,XLP,0
2006-01-12,XLU,0
2006-01-12,XLV,0
2006-01-12,XLY,0
2006-01-13,GLD,1
2006-01-13,XLB,0
2006-01-13,XLE,0
2006-01-13,XLF,0
2006-01-13,XLI,0
2006-01-13,XLK,0
2006-01-13,XLP,0
2006-01-13,XLU,0
2006-01-13,XLV,0
2006-01-13,XLY,0
2006-01-17,GLD,1
2006-01-17,XLB,0
2006-01-17,XLE,0
2006-01-17,XLF,0
2006-01-17,XLI,0
2006-01-17,XLK,0
2006-01-17,XLP,0
2006-01-17,XLU,0
2006-01-17,XLV,0
2006-01-17,XLY,0
2006-01-18,GLD,1
2006-01-18,XLB,0
2006-01-18,XLE,0
2006-01-18,XLF,0
2006-01-18,XLI,0
2006-01-18,XLK,0
2006-01-18,XLP,0
2006-01-18,XLU,0
2006-01-18,XLV,0
2006-01-18,XLY,0
2006-01-19,GLD,1
2006-01-19,XLB,0
2006-01-19,XLE,0
2006-01-19,XLF,0
2006-01-19,XLI,0
2006-01-19,XLK,0
2006-01-19,XLP,0
2006-01-19,XLU,0
2006-01-19,XLV,0
2006-01-19,XLY,0
2006-01-20,GLD,1
2006-01-20,XLB,0
2006-01-20,XLE,0
2006-01-20,XLF,0
2006-01-20,XLI,0
2006-01-20,XLK,0
2006-01-20,XLP,0
2006-01-20,XLU,0
2006-01-20,XLV,0
2006-01-20,XLY,0
2006-01-23,GLD,1
2006-01-23,XLB,0
2006-01-23,XLE,0
2006-01-23,XLF,0
2006-01-23,XLI,0
2006-01-23,XLK,0
2006-01-23,XLP,0
2006-01-23,XLU,0
2006-01-23,XLV,0
2006-01-23,XLY,0
2006-01-24,GLD,1
2006-01-24,XLB,0
2006-01-24,XLE,0
2006-01-24,XLF,0
2006-01-24,XLI,0
2006-01-24,XLK,0
2006-01-24,XLP,0
2006-01-24,XLU,0
2006-01-24,XLV,0
2006-01-24,XLY,0
2006-01-25,GLD,1
2006-01-25,XLB,0
2006-01-25,XLE,0
2006-01-25,XLF,0
2006-01-25,XLI,0
2006-01-25,XLK,0
2006-01-25,XLP,0
2006-01-25,XLU,0
2006-01-25,XLV,0
2006-01-25,XLY,0
2006-01-26,GLD,1
2006-01-26,XLB,0
2006-01-26,XLE,0
2006-01-26,XLF,0
2006-01-26,XLI,0
2006-01-26,XLK,0
2006-01-26,XLP,0
2006-01-26,XLU,0
2006-01-26,XLV,0
2006-01-26,XLY,0
2006-01-27,GLD,1
2006-01-27,XLB,0
2006-01-27,XLE,0
2006-01-27,XLF,0
2006-01-27,XLI,0
2006-01-27,XLK,0
2006-01-27,XLP,0
2006-01-27,XLU,0
2006-01-27,XLV,0
2006-01-27,XLY,0
2006-01-30,GLD,1
2006-01-30,XLB,0
2006-01-30,XLE,0
2006-01-30,XLF,0
2006-01-30,XLI,0
2006-01-30,XLK,0
2006-01-30,XLP,0
2006-01-30,XLU,0
2006-01-30,XLV,0
2006-01-30,XLY,0
2006-01-31,GLD,1
2006-01-31,XLB,0
2006-01-31,XLE,0
2006-01-31,XLF,0
2006-01-31,XLI,0
2006-01-31,XLK,0
2006-01-31,XLP,0
2006-01-31,XLU,0
2006-01-31,XLV,0
2006-01-31,XLY,0
2006-02-01,GLD,1
2006-02-01,XLB,0
2006-02-01,XLE,0
2006-02-01,XLF,0
2006-02-01,XLI,0
2006-02-01,XLK,0
2006-02-01,XLP,0
2006-02-01,XLU,0
2006-02-01,XLV,0
2006-02-01,XLY,0
2006-02-02,GLD,1
2006-02-02,XLB,0
2006-02-02,XLE,0
2006-02-02,XLF,0
2006-02-02,XLI,0
2006-02-02,XLK,0
2006-02-02,XLP,0
2006-02-02,XLU,0
2006-02-02,XLV,0
2006-02-02,XLY,0
2006-02-03,GLD,1
2006-02-03,XLB,0
2006-02-03,XLE,0
2006-02-03,XLF,0
2006-02-03,XLI,0
2006-02-03,XLK,0
2006-02-03,XLP,0
2006-02-03,XLU,0
2006-02-03,XLV,0
2006-02-03,XLY,0
2006-02-06,GLD,1
2006-02-06,XLB,0
2006-02-06,XLE,0
2006-02-06,XLF,0
2006-02-06,XLI,0
2006-02-06,XLK,0
2006-02-06,XLP,0
2006-02-06,XLU,0
2006-02-06,XLV,0
2006-02-06,XLY,0
2006-02-07,GLD,1
2006-02-07,XLB,0
2006-02-07,XLE,0
2006-02-07,XLF,0
2006-02-07,XLI,0
2006-02-07,XLK,0
2006-02-07,XLP,0
2006-02-07,XLU,0
2006-02-07,XLV,0
2006-02-07,XLY,0
2006-02-08,GLD,1
2006-02-08,XLB,0
2006-02-08,XLE,0
2006-02-08,XLF,0
2006-02-08,XLI,0
2006-02-08,XLK,0
2006-02-08,XLP,0
2006-02-08,XLU,0
2006-02-08,XLV,0
2006-02-08,XLY,0
2006-02-09,GLD,1
2006-02-09,XLB,0
2006-02-09,XLE,0
2006-02-09,XLF,0
2006-02-09,XLI,0
2006-02-09,XLK,0
2006-02-09,XLP,0
2006-02-09,XLU,0
2006-02-09,XLV,0
2006-02-09,XLY,0
2006-02-10,GLD,1
2006-02-10,XLB,0
2006-02-10,XLE,0
2006-02-10,XLF,0
2006-02-10,XLI,0
2006-02-10,XLK,0
2006-02-10,XLP,0
2006-02-10,XLU,0
2006-02-10,XLV,0
2006-02-10,XLY,0
2006-02-13,GLD,1
2006-02-13,XLB,0
2006-02-13,XLE,0
2006-02-13,XLF,0
2006-02-13,XLI,0
2006-02-13,XLK,0
2006-02-13,XLP,0
2006-02-13,XLU,0
2006-02-13,XLV,0
2006-02-13,XLY,0
2006-02-14,GLD,1
2006-02-14,XLB,0
2006-02-14,XLE,0
2006-02-14,XLF,0
2006-02-14,XLI,0
2006-02-14,XLK,0
2006-02-14,XLP,0
2006-02-14,XLU,0
2006-02-14,XLV,0
2006-02-14,XLY,0
2006-02-15,GLD,1
2006-02-15,XLB,0
2006-02-15,XLE,0
2006-02-15,XLF,0
2006-02-15,XLI,0
2006-02-15,XLK,0
2006-02-15,XLP,0
2006-02-15,XLU,0
2006-02-15,XLV,0
2006-02-15,XLY,0
2006-02-16,GLD,1
2006-02-16,XLB,0
2006-02-16,XLE,0
2006-02-16,XLF,0
2006-02-16,XLI,0
2006-02-16,XLK,0
2006-02-16,XLP,0
2006-02-16,XLU,0
2006-02-16,XLV,0
2006-02-16,XLY,0
2006-02-17,GLD,1
2006-02-17,XLB,0
2006-02-17,XLE,0
2006-02-17,XLF,0
2006-02-17,XLI,0
2006-02-17,XLK,0
2006-02-17,XLP,0
2006-02-17,XLU,0
2006-02-17,XLV,0
2006-02-17,XLY,0
2006-02-21,GLD,1
2006-02-21,XLB,0
2006-02-21,XLE,0
2006-02-21,XLF,0
2006-02-21,XLI,0
2006-02-21,XLK,0
2006-02-21,XLP,0
2006-02-21,XLU,0
2006-02-21,XLV,0
2006-02-21,XLY,0
2006-02-22,GLD,1
2006-02-22,XLB,0
2006-02-22,XLE,0
2006-02-22,XLF,0
2006-02-22,XLI,0
2006-02-22,XLK,0
2006-02-22,XLP,0
2006-02-22,XLU,0
2006-02-22,XLV,0
2006-02-22,XLY,0
2006-02-23,GLD,1
2006-02-23,XLB,0
2006-02-23,XLE,0
2006-02-23,XLF,0
2006-02-23,XLI,0
2006-02-23,XLK,0
2006-02-23,XLP,0
2006-02-23,XLU,0
2006-02-23,XLV,0
2006-02-23,XLY,0
2006-02-24,GLD,1
2006-02-24,XLB,0
2006-02-24,XLE,0
2006-02-24,XLF,0
2006-02-24,XLI,0
2006-02-24,XLK,0
2006-02-24,XLP,0
2006-02-24,XLU,0
2006-02-24,XLV,0
2006-02-24,XLY,0
2006-02-27,GLD,1
2006-02-27,XLB,0
2006-02-27,XLE,0
2006-02-27,XLF,0
2006-02-27,XLI,0
2006-02-27,XLK,0
2006-02-27,XLP,0
2006-02-27,XLU,0
2006-02-27,XLV,0
2006-02-27,XLY,0
2006-02-28,GLD,1
2006-02-28,XLB,0
2006-02-28,XLE,0
2006-02-28,XLF,0
2006-02-28,XLI,0
2006-02-28,XLK,0
2006-02-28,XLP,0
2006-02-28,XLU,0
2006-02-28,XLV,0
2006-02-28,XLY,0
2006-03-01,GLD,1
2006-03-01,XLB,0
2006-03-01,XLE,0
2006-03-01,XLF,0
2006-03-01,XLI,0
2006-03-01,XLK,0
2006-03-01,XLP,0
2006-03-01,XLU,0
2006-03-01,XLV,0
2006-03-01,XLY,0
2006-03-02,GLD,1
2006-03-02,XLB,0
2006-03-02,XLE,0
2006-03-02,XLF,0
2006-03-02,XLI,0
2006-03-02,XLK,0
2006-03-02,XLP,0
2006-03-02,XLU,0
2006-03-02,XLV,0
2006-03-02,XLY,0
2006-03-03,GLD,1
2006-03-03,XLB,0
2006-03-03,XLE,0
2006-03-03,XLF,0
2006-03-03,XLI,0
2006-03-03,XLK,0
2006-03-03,XLP,0
2006-03-03,XLU,0
2006-03-03,XLV,0
2006-03-03,XLY,0
2006-03-06,GLD,1
2006-03-06,XLB,0
2006-03-06,XLE,0
2006-03-06,XLF,0
2006-03-06,XLI,0
2006-03-06,XLK,0
2006-03-06,XLP,0
2006-03-06,XLU,0
2006-03-06,XLV,0
2006-03-06,XLY,0
2006-03-07,GLD,1
2006-03-07,XLB,0
2006-03-07,XLE,0
2006-03-07,XLF,0
2006-03-07,XLI,0
2006-03-07,XLK,0
2006-03-07,XLP,0
2006-03-07,XLU,0
2006-03-07,XLV,0
2006-03-07,XLY,0
2006-03-08,GLD,1
2006-03-08,XLB,0
2006-03-08,XLE,0
2006-03-08,XLF,0
2006-03-08,XLI,0
2006-03-08,XLK,0
2006-03-08,XLP,0
2006-03-08,XLU,0
2006-03-08,XLV,0
2006-03-08,XLY,0
2006-03-09,GLD,1
2006-03-09,XLB,0
2006-03-09,XLE,0
2006-03-09,XLF,0
2006-03-09,XLI,0
2006-03-09,XLK,0
2006-03-09,XLP,0
2006-03-09,XLU,0
2006-03-09,XLV,0
2006-03-09,XLY,0
2006-03-10,GLD,1
2006-03-10,XLB,0
2006-03-10,XLE,0
2006-03-10,XLF,0
2006-03-10,XLI,0
2006-03-10,XLK,0
2006-03-10,XLP,0
2006-03-10,XLU,0
2006-03-10,XLV,0
2006-03-10,XLY,0
2006-03-13,GLD,1
2006-03-13,XLB,0
2006-03-13,XLE,0
2006-03-13,XLF,0
2006-03-13,XLI,0
2006-03-13,XLK,0
2006-03-13,XLP,0
2006-03-13,XLU,0
2006-03-13,XLV,0
2006-03-13,XLY,0
2006-03-14,GLD,1
2006-03-14,XLB,0
2006-03-14,XLE,0
2006-03-14,XLF,0
2006-03-14,XLI,0
2006-03-14,XLK,0
2006-03-14,XLP,0
2006-03-14,XLU,0
2006-03-14,XLV,0
2006-03-14,XLY,0
2006-03-15,GLD,1
2006-03-15,XLB,0
2006-03-15,XLE,0
2006-03-15,XLF,0
2006-03-15,XLI,0
2006-03-15,XLK,0
2006-03-15,XLP,0
2006-03-15,XLU,0
2006-03-15,XLV,0
2006-03-15,XLY,0
2006-03-16,GLD,1
2006-03-16,XLB,0
2006-03-16,XLE,0
2006-03-16,XLF,0
2006-03-16,XLI,0
2006-03-16,XLK,0
2006-03-16,XLP,0
2006-03-16,XLU,0
2006-03-16,XLV,0
2006-03-16,XLY,0
2006-03-17,GLD,1
2006-03-17,XLB,0
2006-03-17,XLE,0
2006-03-17,XLF,0
2006-03-17,XLI,0
2006-03-17,XLK,0
2006-03-17,XLP,0
2006-03-17,XLU,0
2006-03-17,XLV,0
2006-03-17,XLY,0
2006-03-20,GLD,1
2006-03-20,XLB,0
2006-03-20,XLE,0
2006-03-20,XLF,0
2006-03-20,XLI,0
2006-03-20,XLK,0
2006-03-20,XLP,0
2006-03-20,XLU,0
2006-03-20,XLV,0
2006-03-20,XLY,0
2006-03-21,GLD,1
2006-03-21,XLB,0
2006-03-21,XLE,0
2006-03-21,XLF,0
2006-03-21,XLI,0
2006-03-21,XLK,0
2006-03-21,XLP,0
2006-03-21,XLU,0
2006-03-21,XLV,0
2006-03-21,XLY,0
2006-03-22,GLD,1
2006-03-22,XLB,0
2006-03-22,XLE,0
2006-03-22,XLF,0
2006-03-22,XLI,0
2006-03-22,XLK,0
2006-03-22,XLP,0
2006-03-22,XLU,0
2006-03-22,XLV,0
2006-03-22,XLY,0
2006-03-23,GLD,1
2006-03-23,XLB,0
2006-03-23,XLE,0
2006-03-23,XLF,0
2006-03-23,XLI,0
2006-03-23,XLK,0
2006-03-23,XLP,0
2006-03-23,XLU,0
2006-03-23,XLV,0
2006-03-23,XLY,0
2006-03-24,GLD,1
2006-03-24,XLB,0
2006-03-24,XLE,0
2006-03-24,XLF,0
2006-03-24,XLI,0
2006-03-24,XLK,0
2006-03-24,XLP,0
2006-03-24,XLU,0
2006-03-24,XLV,0
2006-03-24,XLY,0
2006-03-27,GLD,1
2006-03-27,XLB,0
2006-03-27,XLE,0
2006-03-27,XLF,0
2006-03-27,XLI,0
2006-03-27,XLK,0
2006-03-27,XLP,0
2006-03-27,XLU,0
2006-03-27,XLV,0
2006-03-27,XLY,0
2006-03-28,GLD,1
2006-03-28,XLB,0
2006-03-28,XLE,0
2006-03-28,XLF,0
2006-03-28,XLI,0
2006-03-28,XLK,0
2006-03-28,XLP,0
2006-03-28,XLU,0
2006-03-28,XLV,0
2006-03-28,XLY,0
2006-03-29,GLD,1
2006-03-29,XLB,0
2006-03-29,XLE,0
2006-03-29,XLF,0
2006-03-29,XLI,0
2006-03-29,XLK,0
2006-03-29,XLP,0
2006-03-29,XLU,0
2006-03-29,XLV,0
2006-03-29,XLY,0
2006-03-30,GLD,1
2006-03-30,XLB,0
2006-03-30,XLE,0
2006-03-30,XLF,0
2006-03-30,XLI,0
2006-03-30,XLK,0
2006-03-30,XLP,0
2006-03-30,XLU,0
2006-03-30,XLV,0
2006-03-30,XLY,0
2006-03-31,GLD,1
2006-03-31,XLB,0
2006-03-31,XLE,0
2006-03-31,XLF,0
2006-03-31,XLI,0
2006-03-31,XLK,0
2006-03-31,XLP,0
2006-03-31,XLU,0
2006-03-31,XLV,0
2006-03-31,XLY,0
2006-04-03,GLD,1
2006-04-03,XLB,0
2006-04-03,XLE,0
2006-04-03,XLF,0
2006-04-03,XLI,0
2006-04-03,XLK,0
2006-04-03,XLP,0
2006-04-03,XLU,0
2006-04-03,XLV,0
2006-04-03,XLY,0
2006-04-04,GLD,1
2006-04-04,XLB,0
2006-04-04,XLE,0
2006-04-04,XLF,0
2006-04-04,XLI,0
2006-04-04,XLK,0
2006-04-04,XLP,0
2006-04-04,XLU,0
2006-04-04,XLV,0
2006-04-04,XLY,0
2006-04-05,GLD,1
2006-04-05,XLB,0
2006-04-05,XLE,0
2006-04-05,XLF,0
2006-04-05,XLI,0
2006-04-05,XLK,0
2006-04-05,XLP,0
2006-04-05,XLU,0
2006-04-05,XLV,0
2006-04-05,XLY,0
2006-04-06,GLD,1
2006-04-06,XLB,0
2006-04-06,XLE,0
2006-04-06,XLF,0
2006-04-06,XLI,0
2006-04-06,XLK,0
2006-04-06,XLP,0
2006-04-06,XLU,0
2006-04-06,XLV,0
2006-04-06,XLY,0
2006-04-07,GLD,1
2006-04-07,XLB,0
2006-04-07,XLE,0
2006-04-07,XLF,0
2006-04-07,XLI,0
2006-04-07,XLK,0
2006-04-07,XLP,0
2006-04-07,XLU,0
2006-04-07,XLV,0
2006-04-07,XLY,0
2006-04-10,GLD,1
2006-04-10,XLB,0
2006-04-10,XLE,0
2006-04-10,XLF,0
2006-04-10,XLI,0
2006-04-10,XLK,0
2006-04-10,XLP,0
2006-04-10,XLU,0
2006-04-10,XLV,0
2006-04-10,XLY,0
2006-04-11,GLD,1
2006-04-11,XLB,0
2006-04-11,XLE,0
2006-04-11,XLF,0
2006-04-11,XLI,0
2006-04-11,XLK,0
2006-04-11,XLP,0
2006-04-11,XLU,0
2006-04-11,XLV,0
2006-04-11,XLY,0
2006-04-12,GLD,1
2006-04-12,XLB,0
2006-04-12,XLE,0
2006-04-12,XLF,0
2006-04-12,XLI,0
2006-04-12,XLK,0
2006-04-12,XLP,0
2006-04-12,XLU,0
2006-04-12,XLV,0
2006-04-12,XLY,0
2006-04-13,GLD,1
2006-04-13,XLB,0
2006-04-13,XLE,0
2006-04-13,XLF,0
2006-04-13,XLI,0
2006-04-13,XLK,0
2006-04-13,XLP,0
2006-04-13,XLU,0
2006-04-13,XLV,0
2006-04-13,XLY,0
2006-04-17,GLD,1
2006-04-17,XLB,0
2006-04-17,XLE,0
2006-04-17,XLF,0
2006-04-17,XLI,0
2006-04-17,XLK,0
2006-04-17,XLP,0
2006-04-17,XLU,0
2006-04-17,XLV,0
2006-04-17,XLY,0
2006-04-18,GLD,1
2006-04-18,XLB,0
2006-04-18,XLE,0
2006-04-18,XLF,0
2006-04-18,XLI,0
2006-04-18,XLK,0
2006-04-18,XLP,0
2006-04-18,XLU,0
2006-04-18,XLV,0
2006-04-18,XLY,0
2006-04-19,GLD,1
2006-04-19,XLB,0
2006-04-19,XLE,0
2006-04-19,XLF,0
2006-04-19,XLI,0
2006-04-19,XLK,0
2006-04-19,XLP,0
2006-04-19,XLU,0
2006-04-19,XLV,0
2006-04-19,XLY,0
2006-04-20,GLD,1
2006-04-20,XLB,0
2006-04-20,XLE,0
2006-04-20,XLF,0
2006-04-20,XLI,0
2006-04-20,XLK,0
2006-04-20,XLP,0
2006-04-20,XLU,0
2006-04-20,XLV,0
2006-04-20,XLY,0
2006-04-21,GLD,1
2006-04-21,XLB,0
2006-04-21,XLE,0
2006-04-21,XLF,0
2006-04-21,XLI,0
2006-04-21,XLK,0
2006-04-21,XLP,0
2006-04-21,XLU,0
2006-04-21,XLV,0
2006-04-21,XLY,0
2006-04-24,GLD,1
2006-04-24,XLB,0
2006-04-24,XLE,0
2006-04-24,XLF,0
2006-04-24,XLI,0
2006-04-24,XLK,0
2006-04-24,XLP,0
2006-04-24,XLU,0
2006-04-24,XLV,0
2006-04-24,XLY,0
2006-04-25,GLD,1
2006-04-25,XLB,0
2006-04-25,XLE,0
2006-04-25,XLF,0
2006-04-25,XLI,0
2006-04-25,XLK,0
2006-04-25,XLP,0
2006-04-25,XLU,0
2006-04-25,XLV,0
2006-04-25,XLY,0
2006-04-26,GLD,1
2006-04-26,XLB,0
2006-04-26,XLE,0
2006-04-26,XLF,0
2006-04-26,XLI,0
2006-04-26,XLK,0
2006-04-26,XLP,0
2006-04-26,XLU,0
2006-04-26,XLV,0
2006-04-26,XLY,0
2006-04-27,GLD,1
2006-04-27,XLB,0
2006-04-27,XLE,0
2006-04-27,XLF,0
2006-04-27,XLI,0
2006-04-27,XLK,0
2006-04-27,XLP,0
2006-04-27,XLU,0
2006-04-27,XLV,0
2006-04-27,XLY,0
2006-04-28,GLD,1
2006-04-28,XLB,0
2006-04-28,XLE,0
2006-04-28,XLF,0
2006-04-28,XLI,0
2006-04-28,XLK,0
2006-04-28,XLP,0
2006-04-28,XLU,0
2006-04-28,XLV,0
2006-04-28,XLY,0
2006-05-01,GLD,1
2006-05-01,XLB,0
2006-05-01,XLE,0
2006-05-01,XLF,0
2006-05-01,XLI,0
2006-05-01,XLK,0
2006-05-01,XLP,0
2006-05-01,XLU,0
2006-05-01,XLV,0
2006-05-01,XLY,0
2006-05-02,GLD,1
2006-05-02,XLB,0
2006-05-02,XLE,0
2006-05-02,XLF,0
2006-05-02,XLI,0
2006-05-02,XLK,0
2006-05-02,XLP,0
2006-05-02,XLU,0
2006-05-02,XLV,0
2006-05-02,XLY,0
2006-05-03,GLD,1
2006-05-03,XLB,0
2006-05-03,XLE,0
2006-05-03,XLF,0
2006-05-03,XLI,0
2006-05-03,XLK,0
2006-05-03,XLP,0
2006-05-03,XLU,0
2006-05-03,XLV,0
2006-05-03,XLY,0
2006-05-04,GLD,1
2006-05-04,XLB,0
2006-05-04,XLE,0
2006-05-04,XLF,0
2006-05-04,XLI,0
2006-05-04,XLK,0
2006-05-04,XLP,0
2006-05-04,XLU,0
2006-05-04,XLV,0
2006-05-04,XLY,0
2006-05-05,GLD,1
2006-05-05,XLB,0
2006-05-05,XLE,0
2006-05-05,XLF,0
2006-05-05,XLI,0
2006-05-05,XLK,0
2006-05-05,XLP,0
2006-05-05,XLU,0
2006-05-05,XLV,0
2006-05-05,XLY,0
2006-05-08,GLD,1
2006-05-08,XLB,0
2006-05-08,XLE,0
2006-05-08,XLF,0
2006-05-08,XLI,0
2006-05-08,XLK,0
2006-05-08,XLP,0
2006-05-08,XLU,0
2006-05-08,XLV,0
2006-05-08,XLY,0
2006-05-09,GLD,1
2006-05-09,XLB,0
2006-05-09,XLE,0
2006-05-09,XLF,0
2006-05-09,XLI,0
2006-05-09,XLK,0
2006-05-09,XLP,0
2006-05-09,XLU,0
2006-05-09,XLV,0
2006-05-09,XLY,0
2006-05-10,GLD,1
2006-05-10,XLB,0
2006-05-10,XLE,0
2006-05-10,XLF,0
2006-05-10,XLI,0
2006-05-10,XLK,0
2006-05-10,XLP,0
2006-05-10,XLU,0
2006-05-10,XLV,0
2006-05-10,XLY,0
2006-05-11,GLD,1
2006-05-11,XLB,0
2006-05-11,XLE,0
2006-05-11,XLF,0
2006-05-11,XLI,0
2006-05-11,XLK,0
2006-05-11,XLP,0
2006-05-11,XLU,0
2006-05-11,XLV,0
2006-05-11,XLY,0
2006-05-12,GLD,1
2006-05-12,XLB,0
2006-05-12,XLE,0
2006-05-12,XLF,0
2006-05-12,XLI,0
2006-05-12,XLK,0
2006-05-12,XLP,0
2006-05-12,XLU,0
2006-05-12,XLV,0
2006-05-12,XLY,0
2006-05-15,GLD,1
2006-05-15,XLB,0
2006-05-15,XLE,0
2006-05-15,XLF,0
2006-05-15,XLI,0
2006-05-15,XLK,0
2006-05-15,XLP,0
2006-05-15,XLU,0
2006-05-15,XLV,0
2006-05-15,XLY,0
2006-05-16,GLD,1
2006-05-16,XLB,0
2006-05-16,XLE,0
2006-05-16,XLF,0
2006-05-16,XLI,0
2006-05-16,XLK,0
2006-05-16,XLP,0
2006-05-16,XLU,0
2006-05-16,XLV,0
2006-05-16,XLY,0
2006-05-17,GLD,1
2006-05-17,XLB,0
2006-05-17,XLE,0
2006-05-17,XLF,0
2006-05-17,XLI,0
2006-05-17,XLK,0
2006-05-17,XLP,0
2006-05-17,XLU,0
2006-05-17,XLV,0
2006-05-17,XLY,0
2006-05-18,GLD,1
2006-05-18,XLB,0
2006-05-18,XLE,0
2006-05-18,XLF,0
2006-05-18,XLI,0
2006-05-18,XLK,0
2006-05-18,XLP,0
2006-05-18,XLU,0
2006-05-18,XLV,0
2006-05-18,XLY,0
2006-05-19,GLD,1
2006-05-19,XLB,0
2006-05-19,XLE,0
2006-05-19,XLF,0
2006-05-19,XLI,0
2006-05-19,XLK,0
2006-05-19,XLP,0
2006-05-19,XLU,0
2006-05-19,XLV,0
2006-05-19,XLY,0
2006-05-22,GLD,1
2006-05-22,XLB,0
2006-05-22,XLE,0
2006-05-22,XLF,0
2006-05-22,XLI,0
2006-05-22,XLK,0
2006-05-22,XLP,0
2006-05-22,XLU,0
2006-05-22,XLV,0
2006-05-22,XLY,0
2006-05-23,GLD,1
2006-05-23,XLB,0
2006-05-23,XLE,0
2006-05-23,XLF,0
2006-05-23,XLI,0
2006-05-23,XLK,0
2006-05-23,XLP,0
2006-05-23,XLU,0
2006-05-23,XLV,0
2006-05-23,XLY,0
2006-05-24,GLD,1
2006-05-24,XLB,0
2006-05-24,XLE,0
2006-05-24,XLF,0
2006-05-24,XLI,0
2006-05-24,XLK,0
2006-05-24,XLP,0
2006-05-24,XLU,0
2006-05-24,XLV,0
2006-05-24,XLY,0
2006-05-25,GLD,1
2006-05-25,XLB,0
2006-05-25,XLE,0
2006-05-25,XLF,0
2006-05-25,XLI,0
2006-05-25,XLK,0
2006-05-25,XLP,0
2006-05-25,XLU,0
2006-05-25,XLV,0
2006-05-25,XLY,0
2006-05-26,GLD,1
2006-05-26,XLB,0
2006-05-26,XLE,0
2006-05-26,XLF,0
2006-05-26,XLI,0
2006-05-26,XLK,0
2006-05-26,XLP,0
2006-05-26,XLU,0
2006-05-26,XLV,0
2006-05-26,XLY,0
2006-05-30,GLD,1
2006-05-30,XLB,0
2006-05-30,XLE,0
2006-05-30,XLF,0
2006-05-30,XLI,0
2006-05-30,XLK,0
2006-05-30,XLP,0
2006-05-30,XLU,0
2006-05-30,XLV,0
2006-05-30,XLY,0
2006-05-31,GLD,1
2006-05-31,XLB,0
2006-05-31,XLE,0
2006-05-31,XLF,0
2006-05-31,XLI,0
2006-05-31,XLK,0
2006-05-31,XLP,0
2006-05-31,XLU,0
2006-05-31,XLV,0
2006-05-31,XLY,0
2006-06-01,GLD,1
2006-06-01,XLB,0
2006-06-01,XLE,0
2006-06-01,XLF,0
2006-06-01,XLI,0
2006-06-01,XLK,0
2006-06-01,XLP,0
2006-06-01,XLU,0
2006-06-01,XLV,0
2006-06-01,XLY,0
2006-06-02,GLD,1
2006-06-02,XLB,0
2006-06-02,XLE,0
2006-06-02,XLF,0
2006-06-02,XLI,0
2006-06-02,XLK,0
2006-06-02,XLP,0
2006-06-02,XLU,0
2006-06-02,XLV,0
2006-06-02,XLY,0
2006-06-05,GLD,1
2006-06-05,XLB,0
2006-06-05,XLE,0
2006-06-05,XLF,0
2006-06-05,XLI,0
2006-06-05,XLK,0
2006-06-05,XLP,0
2006-06-05,XLU,0
2006-06-05,XLV,0
2006-06-05,XLY,0
2006-06-06,GLD,1
2006-06-06,XLB,0
2006-06-06,XLE,0
2006-06-06,XLF,0
2006-06-06,XLI,0
2006-06-06,XLK,0
2006-06-06,XLP,0
2006-06-06,XLU,0
2006-06-06,XLV,0
2006-06-06,XLY,0
2006-06-07,GLD,1
2006-06-07,XLB,0
2006-06-07,XLE,0
2006-06-07,XLF,0
2006-06-07,XLI,0
2006-06-07,XLK,0
2006-06-07,XLP,0
2006-06-07,XLU,0
2006-06-07,XLV,0
2006-06-07,XLY,0
2006-06-08,GLD,1
2006-06-08,XLB,0
2006-06-08,XLE,0
2006-06-08,XLF,0
2006-06-08,XLI,0
2006-06-08,XLK,0
2006-06-08,XLP,0
2006-06-08,XLU,0
2006-06-08,XLV,0
2006-06-08,XLY,0
2006-06-09,GLD,1
2006-06-09,XLB,0
2006-06-09,XLE,0
2006-06-09,XLF,0
2006-06-09,XLI,0
2006-06-09,XLK,0
2006-06-09,XLP,0
2006-06-09,XLU,0
2006-06-09,XLV,0
2006-06-09,XLY,0
2006-06-12,GLD,1
2006-06-12,XLB,0
2006-06-12,XLE,0
2006-06-12,XLF,0
2006-06-12,XLI,0
2006-06-12,XLK,0
2006-06-12,XLP,0
2006-06-12,XLU,0
2006-06-12,XLV,0
2006-06-12,XLY,0
2006-06-13,GLD,1
2006-06-13,XLB,0
2006-06-13,XLE,0
2006-06-13,XLF,0
2006-06-13,XLI,0
2006-06-13,XLK,0
2006-06-13,XLP,0
2006-06-13,XLU,0
2006-06-13,XLV,0
2006-06-13,XLY,0
2006-06-14,GLD,1
2006-06-14,XLB,0
2006-06-14,XLE,0
2006-06-14,XLF,0
2006-06-14,XLI,0
2006-06-14,XLK,0
2006-06-14,XLP,0
2006-06-14,XLU,0
2006-06-14,XLV,0
2006-06-14,XLY,0
2006-06-15,GLD,1
2006-06-15,XLB,0
2006-06-15,XLE,0
2006-06-15,XLF,0
2006-06-15,XLI,0
2006-06-15,XLK,0
2006-06-15,XLP,0
2006-06-15,XLU,0
2006-06-15,XLV,0
2006-06-15,XLY,0
2006-06-16,GLD,1
2006-06-16,XLB,0
2006-06-16,XLE,0
2006-06-16,XLF,0
2006-06-16,XLI,0
2006-06-16,XLK,0
2006-06-16,XLP,0
2006-06-16,XLU,0
2006-06-16,XLV,0
2006-06-16,XLY,0
2006-06-19,GLD,1
2006-06-19,XLB,0
2006-06-19,XLE,0
2006-06-19,XLF,0
2006-06-19,XLI,0
2006-06-19,XLK,0
2006-06-19,XLP,0
2006-06-19,XLU,0
2006-06-19,XLV,0
2006-06-19,XLY,0
2006-06-20,GLD,1
2006-06-20,XLB,0
2006-06-20,XLE,0
2006-06-20,XLF,0
2006-06-20,XLI,0
2006-06-20,XLK,0
2006-06-20,XLP,0
2006-06-20,XLU,0
2006-06-20,XLV,0
2006-06-20,XLY,0
2006-06-21,GLD,1
2006-06-21,XLB,0
2006-06-21,XLE,0
2006-06-21,XLF,0
2006-06-21,XLI,0
2006-06-21,XLK,0
2006-06-21,XLP,0
2006-06-21,XLU,0
2006-06-21,XLV,0
2006-06-21,XLY,0
2006-06-22,GLD,1
2006-06-22,XLB,0
2006-06-22,XLE,0
2006-06-22,XLF,0
2006-06-22,XLI,0
2006-06-22,XLK,0
2006-06-22,XLP,0
2006-06-22,XLU,0
2006-06-22,XLV,0
2006-06-22,XLY,0
2006-06-23,GLD,1
2006-06-23,XLB,0
2006-06-23,XLE,0
2006-06-23,XLF,0
2006-06-23,XLI,0
2006-06-23,XLK,0
2006-06-23,XLP,0
2006-06-23,XLU,0
2006-06-23,XLV,0
2006-06-23,XLY,0
2006-06-26,GLD,1
2006-06-26,XLB,0
2006-06-26,XLE,0
2006-06-26,XLF,0
2006-06-26,XLI,0
2006-06-26,XLK,0
2006-06-26,XLP,0
2006-06-26,XLU,0
2006-06-26,XLV,0
2006-06-26,XLY,0
2006-06-27,GLD,1
2006-06-27,XLB,0
2006-06-27,XLE,0
2006-06-27,XLF,0
2006-06-27,XLI,0
2006-06-27,XLK,0
2006-06-27,XLP,0
2006-06-27,XLU,0
2006-06-27,XLV,0
2006-06-27,XLY,0
2006-06-28,GLD,1
2006-06-28,XLB,0
2006-06-28,XLE,0
2006-06-28,XLF,0
2006-06-28,XLI,0
2006-06-28,XLK,0
2006-06-28,XLP,0
2006-06-28,XLU,0
2006-06-28,XLV,0
2006-06-28,XLY,0
2006-06-29,GLD,1
2006-06-29,XLB,0
2006-06-29,XLE,0
2006-06-29,XLF,0
2006-06-29,XLI,0
2006-06-29,XLK,0
2006-06-29,XLP,0
2006-06-29,XLU,0
2006-06-29,XLV,0
2006-06-29,XLY,0
2006-06-30,GLD,1
2006-06-30,XLB,0
2006-06-30,XLE,0
2006-06-30,XLF,0
2006-06-30,XLI,0
2006-06-30,XLK,0
2006-06-30,XLP,0
2006-06-30,XLU,0
2006-06-30,XLV,0
2006-06-30,XLY,0
2006-07-03,GLD,1
2006-07-03,XLB,0
2006-07-03,XLE,0
2006-07-03,XLF,0
2006-07-03,XLI,0
2006-07-03,XLK,0
2006-07-03,XLP,0
2006-07-03,XLU,0
2006-07-03,XLV,0
2006-07-03,XLY,0
2006-07-05,GLD,1
2006-07-05,XLB,0
2006-07-05,XLE,0
2006-07-05,XLF,0
2006-07-05,XLI,0
2006-07-05,XLK,0
2006-07-05,XLP,0
2006-07-05,XLU,0
2006-07-05,XLV,0
2006-07-05,XLY,0
2006-07-06,GLD,1
2006-07-06,XLB,0
2006-07-06,XLE,0
2006-07-06,XLF,0
2006-07-06,XLI,0
2006-07-06,XLK,0
2006-07-06,XLP,0
2006-07-06,XLU,0
2006-07-06,XLV,0
2006-07-06,XLY,0
2006-07-07,GLD,1
2006-07-07,XLB,0
2006-07-07,XLE,0
2006-07-07,XLF,0
2006-07-07,XLI,0
2006-07-07,XLK,0
2006-07-07,XLP,0
2006-07-07,XLU,0
2006-07-07,XLV,0
2006-07-07,XLY,0
2006-07-10,GLD,1
2006-07-10,XLB,0
2006-07-10,XLE,0
2006-07-10,XLF,0
2006-07-10,XLI,0
2006-07-10,XLK,0
2006-07-10,XLP,0
2006-07-10,XLU,0
2006-07-10,XLV,0
2006-07-10,XLY,0
2006-07-11,GLD,1
2006-07-11,XLB,0
2006-07-11,XLE,0
2006-07-11,XLF,0
2006-07-11,XLI,0
2006-07-11,XLK,0
2006-07-11,XLP,0
2006-07-11,XLU,0
2006-07-11,XLV,0
2006-07-11,XLY,0
2006-07-12,GLD,1
2006-07-12,XLB,0
2006-07-12,XLE,0
2006-07-12,XLF,0
2006-07-12,XLI,0
2006-07-12,XLK,0
2006-07-12,XLP,0
2006-07-12,XLU,0
2006-07-12,XLV,0
2006-07-12,XLY,0
2006-07-13,GLD,1
2006-07-13,XLB,0
2006-07-13,XLE,0
2006-07-13,XLF,0
2006-07-13,XLI,0
2006-07-13,XLK,0
2006-07-13,XLP,0
2006-07-13,XLU,0
2006-07-13,XLV,0
2006-07-13,XLY,0
2006-07-14,GLD,1
2006-07-14,XLB,0
2006-07-14,XLE,0
2006-07-14,XLF,0
2006-07-14,XLI,0
2006-07-14,XLK,0
2006-07-14,XLP,0
2006-07-14,XLU,0
2006-07-14,XLV,0
2006-07-14,XLY,0
2006-07-17,GLD,1
2006-07-17,XLB,0
2006-07-17,XLE,0
2006-07-17,XLF,0
2006-07-17,XLI,0
2006-07-17,XLK,0
2006-07-17,XLP,0
2006-07-17,XLU,0
2006-07-17,XLV,0
2006-07-17,XLY,0
2006-07-18,GLD,1
2006-07-18,XLB,0
2006-07-18,XLE,0
2006-07-18,XLF,0
2006-07-18,XLI,0
2006-07-18,XLK,0
2006-07-18,XLP,0
2006-07-18,XLU,0
2006-07-18,XLV,0
2006-07-18,XLY,0
2006-07-19,GLD,1
2006-07-19,XLB,0
2006-07-19,XLE,0
2006-07-19,XLF,0
2006-07-19,XLI,0
2006-07-19,XLK,0
2006-07-19,XLP,0
2006-07-19,XLU,0
2006-07-19,XLV,0
2006-07-19,XLY,0
2006-07-20,GLD,1
2006-07-20,XLB,0
2006-07-20,XLE,0
2006-07-20,XLF,0
2006-07-20,XLI,0
2006-07-20,XLK,0
2006-07-20,XLP,0
2006-07-20,XLU,0
2006-07-20,XLV,0
2006-07-20,XLY,0
2006-07-21,GLD,1
2006-07-21,XLB,0
2006-07-21,XLE,0
2006-07-21,XLF,0
2006-07-21,XLI,0
2006-07-21,XLK,0
2006-07-21,XLP,0
2006-07-21,XLU,0
2006-07-21,XLV,0
2006-07-21,XLY,0
2006-07-24,GLD,1
2006-07-24,XLB,0
2006-07-24,XLE,0
2006-07-24,XLF,0
2006-07-24,XLI,0
2006-07-24,XLK,0
2006-07-24,XLP,0
2006-07-24,XLU,0
2006-07-24,XLV,0
2006-07-24,XLY,0
2006-07-25,GLD,1
2006-07-25,XLB,0
2006-07-25,XLE,0
2006-07-25,XLF,0
2006-07-25,XLI,0
2006-07-25,XLK,0
2006-07-25,XLP,0
2006-07-25,XLU,0
2006-07-25,XLV,0
2006-07-25,XLY,0
2006-07-26,GLD,1
2006-07-26,XLB,0
2006-07-26,XLE,0
2006-07-26,XLF,0
2006-07-26,XLI,0
2006-07-26,XLK,0
2006-07-26,XLP,0
2006-07-26,XLU,0
2006-07-26,XLV,0
2006-07-26,XLY,0
2006-07-27,GLD,1
2006-07-27,XLB,0
2006-07-27,XLE,0
2006-07-27,XLF,0
2006-07-27,XLI,0
2006-07-27,XLK,0
2006-07-27,XLP,0
2006-07-27,XLU,0
2006-07-27,XLV,0
2006-07-27,XLY,0
2006-07-28,GLD,1
2006-07-28,XLB,0
2006-07-28,XLE,0
2006-07-28,XLF,0
2006-07-28,XLI,0
2006-07-28,XLK,0
2006-07-28,XLP,0
2006-07-28,XLU,0
2006-07-28,XLV,0
2006-07-28,XLY,0
2006-07-31,GLD,1
2006-07-31,XLB,0
2006-07-31,XLE,0
2006-07-31,XLF,0
2006-07-31,XLI,0
2006-07-31,XLK,0
2006-07-31,XLP,0
2006-07-31,XLU,0
2006-07-31,XLV,0
2006-07-31,XLY,0
2006-08-01,GLD,1
2006-08-01,XLB,0
2006-08-01,XLE,0
2006-08-01,XLF,0
2006-08-01,XLI,0
2006-08-01,XLK,0
2006-08-01,XLP,0
2006-08-01,XLU,0
2006-08-01,XLV,0
2006-08-01,XLY,0
2006-08-02,GLD,1
2006-08-02,XLB,0
2006-08-02,XLE,0
2006-08-02,XLF,0
2006-08-02,XLI,0
2006-08-02,XLK,0
2006-08-02,XLP,0
2006-08-02,XLU,0
2006-08-02,XLV,0
2006-08-02,XLY,0
2006-08-03,GLD,1
2006-08-03,XLB,0
2006-08-03,XLE,0
2006-08-03,XLF,0
2006-08-03,XLI,0
2006-08-03,XLK,0
2006-08-03,XLP,0
2006-08-03,XLU,0
2006-08-03,XLV,0
2006-08-03,XLY,0
2006-08-04,GLD,1
2006-08-04,XLB,0
2006-08-04,XLE,0
2006-08-04,XLF,0
2006-08-04,XLI,0
2006-08-04,XLK,0
2006-08-04,XLP,0
2006-08-04,XLU,0
2006-08-04,XLV,0
2006-08-04,XLY,0
2006-08-07,GLD,1
2006-08-07,XLB,0
2006-08-07,XLE,0
2006-08-07,XLF,0
2006-08-07,XLI,0
2006-08-07,XLK,0
2006-08-07,XLP,0
2006-08-07,XLU,0
2006-08-07,XLV,0
2006-08-07,XLY,0
2006-08-08,GLD,1
2006-08-08,XLB,0
2006-08-08,XLE,0
2006-08-08,XLF,0
2006-08-08,XLI,0
2006-08-08,XLK,0
2006-08-08,XLP,0
2006-08-08,XLU,0
2006-08-08,XLV,0
2006-08-08,XLY,0
2006-08-09,GLD,1
2006-08-09,XLB,0
2006-08-09,XLE,0
2006-08-09,XLF,0
2006-08-09,XLI,0
2006-08-09,XLK,0
2006-08-09,XLP,0
2006-08-09,XLU,0
2006-08-09,XLV,0
2006-08-09,XLY,0
2006-08-10,GLD,1
2006-08-10,XLB,0
2006-08-10,XLE,0
2006-08-10,XLF,0
2006-08-10,XLI,0
2006-08-10,XLK,0
2006-08-10,XLP,0
2006-08-10,XLU,0
2006-08-10,XLV,0
2006-08-10,XLY,0
2006-08-11,GLD,1
2006-08-11,XLB,0
2006-08-11,XLE,0
2006-08-11,XLF,0
2006-08-11,XLI,0
2006-08-11,XLK,0
2006-08-11,XLP,0
2006-08-11,XLU,0
2006-08-11,XLV,0
2006-08-11,XLY,0
2006-08-14,GLD,1
2006-08-14,XLB,0
2006-08-14,XLE,0
2006-08-14,XLF,0
2006-08-14,XLI,0
2006-08-14,XLK,0
2006-08-14,XLP,0
2006-08-14,XLU,0
2006-08-14,XLV,0
2006-08-14,XLY,0
2006-08-15,GLD,1
2006-08-15,XLB,0
2006-08-15,XLE,0
2006-08-15,XLF,0
2006-08-15,XLI,0
2006-08-15,XLK,0
2006-08-15,XLP,0
2006-08-15,XLU,0
2006-08-15,XLV,0
2006-08-15,XLY,0
2006-08-16,GLD,1
2006-08-16,XLB,0
2006-08-16,XLE,0
2006-08-16,XLF,0
2006-08-16,XLI,0
2006-08-16,XLK,0
2006-08-16,XLP,0
2006-08-16,XLU,0
2006-08-16,XLV,0
2006-08-16,XLY,0
2006-08-17,GLD,1
2006-08-17,XLB,0
2006-08-17,XLE,0
2006-08-17,XLF,0
2006-08-17,XLI,0
2006-08-17,XLK,0
2006-08-17,XLP,0
2006-08-17,XLU,0
2006-08-17,XLV,0
2006-08-17,XLY,0
2006-08-18,GLD,1
2006-08-18,XLB,0
2006-08-18,XLE,0
2006-08-18,XLF,0
2006-08-18,XLI,0
2006-08-18,XLK,0
2006-08-18,XLP,0
2006-08-18,XLU,0
2006-08-18,XLV,0
2006-08-18,XLY,0
2006-08-21,GLD,1
2006-08-21,XLB,0
2006-08-21,XLE,0
2006-08-21,XLF,0
2006-08-21,XLI,0
2006-08-21,XLK,0
2006-08-21,XLP,0
2006-08-21,XLU,0
2006-08-21,XLV,0
2006-08-21,XLY,0
2006-08-22,GLD,1
2006-08-22,XLB,0
2006-08-22,XLE,0
2006-08-22,XLF,0
2006-08-22,XLI,0
2006-08-22,XLK,0
2006-08-22,XLP,0
2006-08-22,XLU,0
2006-08-22,XLV,0
2006-08-22,XLY,0
2006-08-23,GLD,1
2006-08-23,XLB,0
2006-08-23,XLE,0
2006-08-23,XLF,0
2006-08-23,XLI,0
2006-08-23,XLK,0
2006-08-23,XLP,0
2006-08-23,XLU,0
2006-08-23,XLV,0
2006-08-23,XLY,0
2006-08-24,GLD,1
2006-08-24,XLB,0
2006-08-24,XLE,0
2006-08-24,XLF,0
2006-08-24,XLI,0
2006-08-24,XLK,0
2006-08-24,XLP,0
2006-08-24,XLU,0
2006-08-24,XLV,0
2006-08-24,XLY,0
2006-08-25,GLD,1
2006-08-25,XLB,0
2006-08-25,XLE,0
2006-08-25,XLF,0
2006-08-25,XLI,0
2006-08-25,XLK,0
2006-08-25,XLP,0
2006-08-25,XLU,0
2006-08-25,XLV,0
2006-08-25,XLY,0
2006-08-28,GLD,1
2006-08-28,XLB,0
2006-08-28,XLE,0
2006-08-28,XLF,0
2006-08-28,XLI,0
2006-08-28,XLK,0
2006-08-28,XLP,0
2006-08-28,XLU,0
2006-08-28,XLV,0
2006-08-28,XLY,0
2006-08-29,GLD,1
2006-08-29,XLB,0
2006-08-29,XLE,0
2006-08-29,XLF,0
2006-08-29,XLI,0
2006-08-29,XLK,0
2006-08-29,XLP,0
2006-08-29,XLU,0
2006-08-29,XLV,0
2006-08-29,XLY,0
2006-08-30,GLD,1
2006-08-30,XLB,0
2006-08-30,XLE,0
2006-08-30,XLF,0
2006-08-30,XLI,0
2006-08-30,XLK,0
2006-08-30,XLP,0
2006-08-30,XLU,0
2006-08-30,XLV,0
2006-08-30,XLY,0
2006-08-31,GLD,1
2006-08-31,XLB,0
2006-08-31,XLE,0
2006-08-31,XLF,0
2006-08-31,XLI,0
2006-08-31,XLK,0
2006-08-31,XLP,0
2006-08-31,XLU,0
2006-08-31,XLV,0
2006-08-31,XLY,0
2006-09-01,GLD,1
2006-09-01,XLB,0
2006-09-01,XLE,0
2006-09-01,XLF,0
2006-09-01,XLI,0
2006-09-01,XLK,0
2006-09-01,XLP,0
2006-09-01,XLU,0
2006-09-01,XLV,0
2006-09-01,XLY,0
2006-09-05,GLD,1
2006-09-05,XLB,0
2006-09-05,XLE,0
2006-09-05,XLF,0
2006-09-05,XLI,0
2006-09-05,XLK,0
2006-09-05,XLP,0
2006-09-05,XLU,0
2006-09-05,XLV,0
2006-09-05,XLY,0
2006-09-06,GLD,1
2006-09-06,XLB,0
2006-09-06,XLE,0
2006-09-06,XLF,0
2006-09-06,XLI,0
2006-09-06,XLK,0
2006-09-06,XLP,0
2006-09-06,XLU,0
2006-09-06,XLV,0
2006-09-06,XLY,0
2006-09-07,GLD,1
2006-09-07,XLB,0
2006-09-07,XLE,0
2006-09-07,XLF,0
2006-09-07,XLI,0
2006-09-07,XLK,0
2006-09-07,XLP,0
2006-09-07,XLU,0
2006-09-07,XLV,0
2006-09-07,XLY,0
2006-09-08,GLD,1
2006-09-08,XLB,0
2006-09-08,XLE,0
2006-09-08,XLF,0
2006-09-08,XLI,0
2006-09-08,XLK,0
2006-09-08,XLP,0
2006-09-08,XLU,0
2006-09-08,XLV,0
2006-09-08,XLY,0
2006-09-11,GLD,1
2006-09-11,XLB,0
2006-09-11,XLE,0
2006-09-11,XLF,0
2006-09-11,XLI,0
2006-09-11,XLK,0
2006-09-11,XLP,0
2006-09-11,XLU,0
2006-09-11,XLV,0
2006-09-11,XLY,0
2006-09-12,GLD,1
2006-09-12,XLB,0
2006-09-12,XLE,0
2006-09-12,XLF,0
2006-09-12,XLI,0
2006-09-12,XLK,0
2006-09-12,XLP,0
2006-09-12,XLU,0
2006-09-12,XLV,0
2006-09-12,XLY,0
2006-09-13,GLD,1
2006-09-13,XLB,0
2006-09-13,XLE,0
2006-09-13,XLF,0
2006-09-13,XLI,0
2006-09-13,XLK,0
2006-09-13,XLP,0
2006-09-13,XLU,0
2006-09-13,XLV,0
2006-09-13,XLY,0
2006-09-14,GLD,1
2006-09-14,XLB,0
2006-09-14,XLE,0
2006-09-14,XLF,0
2006-09-14,XLI,0
2006-09-14,XLK,0
2006-09-14,XLP,0
2006-09-14,XLU,0
2006-09-14,XLV,0
2006-09-14,XLY,0
2006-09-15,GLD,1
2006-09-15,XLB,0
2006-09-15,XLE,0
2006-09-15,XLF,0
2006-09-15,XLI,0
2006-09-15,XLK,0
2006-09-15,XLP,0
2006-09-15,XLU,0
2006-09-15,XLV,0
2006-09-15,XLY,0
2006-09-18,GLD,1
2006-09-18,XLB,0
2006-09-18,XLE,0
2006-09-18,XLF,0
2006-09-18,XLI,0
2006-09-18,XLK,0
2006-09-18,XLP,0
2006-09-18,XLU,0
2006-09-18,XLV,0
2006-09-18,XLY,0
2006-09-19,GLD,1
2006-09-19,XLB,0
2006-09-19,XLE,0
2006-09-19,XLF,0
2006-09-19,XLI,0
2006-09-19,XLK,0
2006-09-19,XLP,0
2006-09-19,XLU,0
2006-09-19,XLV,0
2006-09-19,XLY,0
2006-09-20,GLD,1
2006-09-20,XLB,0
2006-09-20,XLE,0
2006-09-20,XLF,0
2006-09-20,XLI,0
2006-09-20,XLK,0
2006-09-20,XLP,0
2006-09-20,XLU,0
2006-09-20,XLV,0
2006-09-20,XLY,0
2006-09-21,GLD,1
2006-09-21,XLB,0
2006-09-21,XLE,0
2006-09-21,XLF,0
2006-09-21,XLI,0
2006-09-21,XLK,0
2006-09-21,XLP,0
2006-09-21,XLU,0
2006-09-21,XLV,0
2006-09-21,XLY,0
2006-09-22,GLD,1
2006-09-22,XLB,0
2006-09-22,XLE,0
2006-09-22,XLF,0
2006-09-22,XLI,0
2006-09-22,XLK,0
2006-09-22,XLP,0
2006-09-22,XLU,0
2006-09-22,XLV,0
2006-09-22,XLY,0
2006-09-25,GLD,1
2006-09-25,XLB,0
2006-09-25,XLE,0
2006-09-25,XLF,0
2006-09-25,XLI,0
2006-09-25,XLK,0
2006-09-25,XLP,0
2006-09-25,XLU,0
2006-09-25,XLV,0
2006-09-25,XLY,0
2006-09-26,GLD,0
2006-09-26,XLB,0
2006-09-26,XLE,0
2006-09-26,XLF,0.33333333333333331
2006-09-26,XLI,0
2006-09-26,XLK,0
2006-09-26,XLP,0.33333333333333331
2006-09-26,XLU,0.33333333333333331
2006-09-26,XLV,0
2006-09-26,XLY,0
2006-09-27,GLD,0
2006-09-27,XLB,0
2006-09-27,XLE,0
2006-09-27,XLF,0.33333333333333331
2006-09-27,XLI,0
2006-09-27,XLK,0
2006-09-27,XLP,0.33333333333333331
2006-09-27,XLU,0.33333333333333331
2006-09-27,XLV,0
2006-09-27,XLY,0
2006-09-28,GLD,0
2006-09-28,XLB,0
2006-09-28,XLE,0
2006-09-28,XLF,0.33333333333333331
2006-09-28,XLI,0
2006-09-28,XLK,0
2006-09-28,XLP,0.33333333333333331
2006-09-28,XLU,0.33333333333333331
2006-09-28,XLV,0
2006-09-28,XLY,0
2006-09-29,GLD,0
2006-09-29,XLB,0
2006-09-29,XLE,0
2006-09-29,XLF,0.33333333333333331
2006-09-29,XLI,0
2006-09-29,XLK,0
2006-09-29,XLP,0.33333333333333331
2006-09-29,XLU,0.33333333333333331
2006-09-29,XLV,0
2006-09-29,XLY,0
2006-10-02,GLD,0
2006-10-02,XLB,0
2006-10-02,XLE,0
2006-10-02,XLF,0.33333333333333331
2006-10-02,XLI,0
2006-10-02,XLK,0
2006-10-02,XLP,0.33333333333333331
2006-10-02,XLU,0.33333333333333331
2006-10-02,XLV,0
2006-10-02,XLY,0
2006-10-03,GLD,0
2006-10-03,XLB,0
2006-10-03,XLE,0
2006-10-03,XLF,0.33333333333333331
2006-10-03,XLI,0
2006-10-03,XLK,0
2006-10-03,XLP,0.33333333333333331
2006-10-03,XLU,0.33333333333333331
2006-10-03,XLV,0
2006-10-03,XLY,0
2006-10-04,GLD,0
2006-10-04,XLB,0
2006-10-04,XLE,0
2006-10-04,XLF,0.33333333333333331
2006-10-04,XLI,0
2006-10-04,XLK,0
2006-10-04,XLP,0.33333333333333331
2006-10-04,XLU,0.33333333333333331
2006-10-04,XLV,0
2006-10-04,XLY,0
2006-10-05,GLD,0
2006-10-05,XLB,0
2006-10-05,XLE,0
2006-10-05,XLF,0.33333333333333331
2006-10-05,XLI,0
2006-10-05,XLK,0
2006-10-05,XLP,0.33333333333333331
2006-10-05,XLU,0.33333333333333331
2006-10-05,XLV,0
2006-10-05,XLY,0
2006-10-06,GLD,0
2006-10-06,XLB,0
2006-10-06,XLE,0
2006-10-06,XLF,0.33333333333333331
2006-10-06,XLI,0
2006-10-06,XLK,0
2006-10-06,XLP,0.33333333333333331
2006-10-06,XLU,0.33333333333333331
2006-10-06,XLV,0
2006-10-06,XLY,0
2006-10-09,GLD,0
2006-10-09,XLB,0
2006-10-09,XLE,0
2006-10-09,XLF,0.33333333333333331
2006-10-09,XLI,0
2006-10-09,XLK,0
2006-10-09,XLP,0.33333333333333331
2006-10-09,XLU,0.33333333333333331
2006-10-09,XLV,0
2006-10-09,XLY,0
2006-10-10,GLD,0
2006-10-10,XLB,0
2006-10-10,XLE,0
2006-10-10,XLF,0.33333333333333331
2006-10-10,XLI,0
2006-10-10,XLK,0
2006-10-10,XLP,0.33333333333333331
2006-10-10,XLU,0.33333333333333331
2006-10-10,XLV,0
2006-10-10,XLY,0
2006-10-11,GLD,0
2006-10-11,XLB,0
2006-10-11,XLE,0
2006-10-11,XLF,0.33333333333333331
2006-10-11,XLI,0
2006-10-11,XLK,0
2006-10-11,XLP,0.33333333333333331
2006-10-11,XLU,0.33333333333333331
2006-10-11,XLV,0
2006-10-11,XLY,0
2006-10-12,GLD,0
2006-10-12,XLB,0
2006-10-12,XLE,0
2006-10-12,XLF,0.33333333333333331
2006-10-12,XLI,0
2006-10-12,XLK,0
2006-10-12,XLP,0.33333333333333331
2006-10-12,XLU,0.33333333333333331
2006-10-12,XLV,0
2006-10-12,XLY,0
2006-10-13,GLD,0
2006-10-13,XLB,0
2006-10-13,XLE,0
2006-10-13,XLF,0.33333333333333331
2006-10-13,XLI,0
2006-10-13,XLK,0
2006-10-13,XLP,0.33333333333333331
2006-10-13,XLU,0.33333333333333331
2006-10-13,XLV,0
2006-10-13,XLY,0
2006-10-16,GLD,0
2006-10-16,XLB,0
2006-10-16,XLE,0
2006-10-16,XLF,0.33333333333333331
2006-10-16,XLI,0
2006-10-16,XLK,0
2006-10-16,XLP,0.33333333333333331
2006-10-16,XLU,0.33333333333333331
2006-10-16,XLV,0
2006-10-16,XLY,0
2006-10-17,GLD,0
2006-10-17,XLB,0
2006-10-17,XLE,0
2006-10-17,XLF,0.33333333333333331
2006-10-17,XLI,0
2006-10-17,XLK,0
2006-10-17,XLP,0.33333333333333331
2006-10-17,XLU,0.33333333333333331
2006-10-17,XLV,0
2006-10-17,XLY,0
2006-10-18,GLD,0
2006-10-18,XLB,0
2006-10-18,XLE,0
2006-10-18,XLF,0.33333333333333331
2006-10-18,XLI,0
2006-10-18,XLK,0
2006-10-18,XLP,0.33333333333333331
2006-10-18,XLU,0.33333333333333331
2006-10-18,XLV,0
2006-10-18,XLY,0
2006-10-19,GLD,0
2006-10-19,XLB,0
2006-10-19,XLE,0
2006-10-19,XLF,0.33333333333333331
2006-10-19,XLI,0
2006-10-19,XLK,0
2006-10-19,XLP,0.33333333333333331
2006-10-19,XLU,0.33333333333333331
2006-10-19,XLV,0
2006-10-19,XLY,0
2006-10-20,GLD,0
2006-10-20,XLB,0
2006-10-20,XLE,0
2006-10-20,XLF,0.33333333333333331
2006-10-20,XLI,0
2006-10-20,XLK,0
2006-10-20,XLP,0.33333333333333331
2006-10-20,XLU,0.33333333333333331
2006-10-20,XLV,0
2006-10-20,XLY,0
2006-10-23,GLD,0
2006-10-23,XLB,0
2006-10-23,XLE,0
2006-10-23,XLF,0.33333333333333331
2006-10-23,XLI,0
2006-10-23,XLK,0
2006-10-23,XLP,0.33333333333333331
2006-10-23,XLU,0.33333333333333331
2006-10-23,XLV,0
2006-10-23,XLY,0
2006-10-24,GLD,0
2006-10-24,XLB,0
2006-10-24,XLE,0
2006-10-24,XLF,0.33333333333333331
2006-10-24,XLI,0
2006-10-24,XLK,0
2006-10-24,XLP,0.33333333333333331
2006-10-24,XLU,0.33333333333333331
2006-10-24,XLV,0
2006-10-24,XLY,0
2006-10-25,GLD,0
2006-10-25,XLB,0
2006-10-25,XLE,0
2006-10-25,XLF,0
2006-10-25,XLI,0
2006-10-25,XLK,0
2006-10-25,XLP,0.33333333333333331
2006-10-25,XLU,0.33333333333333331
2006-10-25,XLV,0.33333333333333331
2006-10-25,XLY,0
2006-10-26,GLD,0
2006-10-26,XLB,0
2006-10-26,XLE,0
2006-10-26,XLF,0
2006-10-26,XLI,0
2006-10-26,XLK,0
2006-10-26,XLP,0.33333333333333331
2006-10-26,XLU,0.33333333333333331
2006-10-26,XLV,0.33333333333333331
2006-10-26,XLY,0
2006-10-27,GLD,0
2006-10-27,XLB,0
2006-10-27,XLE,0
2006-10-27,XLF,0
2006-10-27,XLI,0
2006-10-27,XLK,0
2006-10-27,XLP,0.33333333333333331
2006-10-27,XLU,0.33333333333333331
2006-10-27,XLV,0.33333333333333331
2006-10-27,XLY,0
2006-10-30,GLD,0
2006-10-30,XLB,0
2006-10-30,XLE,0
2006-10-30,XLF,0
2006-10-30,XLI,0
2006-10-30,XLK,0
2006-10-30,XLP,0.33333333333333331
2006-10-30,XLU,0.33333333333333331
2006-10-30,XLV,0.33333333333333331
2006-10-30,XLY,0
2006-10-31,GLD,0
2006-10-31,XLB,0
2006-10-31,XLE,0
2006-10-31,XLF,0
2006-10-31,XLI,0
2006-10-31,XLK,0
2006-10-31,XLP,0.33333333333333331
2006-10-31,XLU,0.33333333333333331
2006-10-31,XLV,0.33333333333333331
2006-10-31,XLY,0
2006-11-01,GLD,0
2006-11-01,XLB,0
2006-11-01,XLE,0
2006-11-01,XLF,0
2006-11-01,XLI,0
2006-11-01,XLK,0
2006-11-01,XLP,0.33333333333333331
2006-11-01,XLU,0.33333333333333331
2006-11-01,XLV,0.33333333333333331
2006-11-01,XLY,0
2006-11-02,GLD,0
2006-11-02,XLB,0
2006-11-02,XLE,0
2006-11-02,XLF,0
2006-11-02,XLI,0
2006-11-02,XLK,0
2006-11-02,XLP,0.33333333333333331
2006-11-02,XLU,0.33333333333333331
2006-11-02,XLV,0.33333333333333331
2006-11-02,XLY,0
2006-11-03,GLD,0
2006-11-03,XLB,0
2006-11-03,XLE,0
2006-11-03,XLF,0
2006-11-03,XLI,0
2006-11-03,XLK,0
2006-11-03,XLP,0.33333333333333331
2006-11-03,XLU,0.33333333333333331
2006-11-03,XLV,0.33333333333333331
2006-11-03,XLY,0
2006-11-06,GLD,0
2006-11-06,XLB,0
2006-11-06,XLE,0
2006-11-06,XLF,0
2006-11-06,XLI,0
2006-11-06,XLK,0
2006-11-06,XLP,0.33333333333333331
2006-11-06,XLU,0.33333333333333331
2006-11-06,XLV,0.33333333333333331
2006-11-06,XLY,0
2006-11-07,GLD,0
2006-11-07,XLB,0
2006-11-07,XLE,0
2006-11-07,XLF,0
2006-11-07,XLI,0
2006-11-07,XLK,0
2006-11-07,XLP,0.33333333333333331
2006-11-07,XLU,0.33333333333333331
2006-11-07,XLV,0.33333333333333331
2006-11-07,XLY,0
2006-11-08,GLD,0
2006-11-08,XLB,0
2006-11-08,XLE,0
2006-11-08,XLF,0
2006-11-08,XLI,0
2006-11-08,XLK,0
2006-11-08,XLP,0.33333333333333331
2006-11-08,XLU,0.33333333333333331
2006-11-08,XLV,0.33333333333333331
2006-11-08,XLY,0
2006-11-09,GLD,0
2006-11-09,XLB,0
2006-11-09,XLE,0
2006-11-09,XLF,0
2006-11-09,XLI,0
2006-11-09,XLK,0
2006-11-09,XLP,0.33333333333333331
2006-11-09,XLU,0.33333333333333331
2006-11-09,XLV,0.33333333333333331
2006-11-09,XLY,0
2006-11-10,GLD,0
2006-11-10,XLB,0
2006-11-10,XLE,0
2006-11-10,XLF,0
2006-11-10,XLI,0
2006-11-10,XLK,0
2006-11-10,XLP,0.33333333333333331
2006-11-10,XLU,0.33333333333333331
2006-11-10,XLV,0.33333333333333331
2006-11-10,XLY,0
2006-11-13,GLD,0
2006-11-13,XLB,0
2006-11-13,XLE,0
2006-11-13,XLF,0
2006-11-13,XLI,0
2006-11-13,XLK,0
2006-11-13,XLP,0.33333333333333331
2006-11-13,XLU,0.33333333333333331
2006-11-13,XLV,0.33333333333333331
2006-11-13,XLY,0
2006-11-14,GLD,0
2006-11-14,XLB,0
2006-11-14,XLE,0
2006-11-14,XLF,0
2006-11-14,XLI,0
2006-11-14,XLK,0
2006-11-14,XLP,0.33333333333333331
2006-11-14,XLU,0.33333333333333331
2006-11-14,XLV,0.33333333333333331
2006-11-14,XLY,0
2006-11-15,GLD,0
2006-11-15,XLB,0
2006-11-15,XLE,0
2006-11-15,XLF,0
2006-11-15,XLI,0
2006-11-15,XLK,0
2006-11-15,XLP,0.33333333333333331
2006-11-15,XLU,0.33333333333333331
2006-11-15,XLV,0.33333333333333331
2006-11-15,XLY,0
2006-11-16,GLD,0
2006-11-16,XLB,0
2006-11-16,XLE,0
2006-11-16,XLF,0
2006-11-16,XLI,0
2006-11-16,XLK,0
2006-11-16,XLP,0.33333333333333331
2006-11-16,XLU,0.33333333333333331
2006-11-16,XLV,0.33333333333333331
2006-11-16,XLY,0
2006-11-17,GLD,0
2006-11-17,XLB,0
2006-11-17,XLE,0
2006-11-17,XLF,0
2006-11-17,XLI,0
2006-11-17,XLK,0
2006-11-17,XLP,0.33333333333333331
2006-11-17,XLU,0.33333333333333331
2006-11-17,XLV,0.33333333333333331
2006-11-17,XLY,0
2006-11-20,GLD,0
2006-11-20,XLB,0
2006-11-20,XLE,0
2006-11-20,XLF,0
2006-11-20,XLI,0
2006-11-20,XLK,0
2006-11-20,XLP,0.33333333333333331
2006-11-20,XLU,0.33333333333333331
2006-11-20,XLV,0.33333333333333331
2006-11-20,XLY,0
2006-11-21,GLD,0
2006-11-21,XLB,0
2006-11-21,XLE,0
2006-11-21,XLF,0
2006-11-21,XLI,0
2006-11-21,XLK,0
2006-11-21,XLP,0.33333333333333331
2006-11-21,XLU,0.33333333333333331
2006-11-21,XLV,0.33333333333333331
2006-11-21,XLY,0
2006-11-22,GLD,0
2006-11-22,XLB,0
2006-11-22,XLE,0
2006-11-22,XLF,0
2006-11-22,XLI,0
2006-11-22,XLK,0
2006-11-22,XLP,0.33333333333333331
2006-11-22,XLU,0.33333333333333331
2006-11-22,XLV,0.33333333333333331
2006-11-22,XLY,0
2006-11-24,GLD,0
2006-11-24,XLB,0
2006-11-24,XLE,0
2006-11-24,XLF,0
2006-11-24,XLI,0
2006-11-24,XLK,0.33333333333333331
2006-11-24,XLP,0
2006-11-24,XLU,0.33333333333333331
2006-11-24,XLV,0
2006-11-24,XLY,0.33333333333333331
2006-11-27,GLD,0
2006-11-27,XLB,0
2006-11-27,XLE,0
2006-11-27,XLF,0
2006-11-27,XLI,0
2006-11-27,XLK,0.33333333333333331
2006-11-27,XLP,0
2006-11-27,XLU,0.33333333333333331
2006-11-27,XLV,0
2006-11-27,XLY,0.33333333333333331
2006-11-28,GLD,0
2006-11-28,XLB,0
2006-11-28,XLE,0
2006-11-28,XLF,0
2006-11-28,XLI,0
2006-11-28,XLK,0.33333333333333331
2006-11-28,XLP,0
2006-11-28,XLU,0.33333333333333331
2006-11-28,XLV,0
2006-11-28,XLY,0.33333333333333331
2006-11-29,GLD,0
2006-11-29,XLB,0
2006-11-29,XLE,0
2006-11-29,XLF,0
2006-11-29,XLI,0
2006-11-29,XLK,0.33333333333333331
2006-11-29,XLP,0
2006-11-29,XLU,0.33333333333333331
2006-11-29,XLV,0
2006-11-29,XLY,0.33333333333333331
2006-11-30,GLD,0
2006-11-30,XLB,0
2006-11-30,XLE,0
2006-11-30,XLF,0
2006-11-30,XLI,0
2006-11-30,XLK,0.33333333333333331
2006-11-30,XLP,0
2006-11-30,XLU,0.33333333333333331
2006-11-30,XLV,0
2006-11-30,XLY,0.33333333333333331
2006-12-01,GLD,0
2006-12-01,XLB,0
2006-12-01,XLE,0
2006-12-01,XLF,0
2006-12-01,XLI,0
2006-12-01,XLK,0.33333333333333331
2006-12-01,XLP,0
2006-12-01,XLU,0.33333333333333331
2006-12-01,XLV,0
2006-12-01,XLY,0.33333333333333331
2006-12-04,GLD,0
2006-12-04,XLB,0
2006-12-04,XLE,0
2006-12-04,XLF,0
2006-12-04,XLI,0
2006-12-04,XLK,0.33333333333333331
2006-12-04,XLP,0
2006-12-04,XLU,0.33333333333333331
2006-12-04,XLV,0
2006-12-04,XLY,0.33333333333333331
2006-12-05,GLD,0
2006-12-05,XLB,0
2006-12-05,XLE,0
2006-12-05,XLF,0
2006-12-05,XLI,0
2006-12-05,XLK,0.33333333333333331
2006-12-05,XLP,0
2006-12-05,XLU,0.33333333333333331
2006-12-05,XLV,0
2006-12-05,XLY,0.33333333333333331
2006-12-06,GLD,0
2006-12-06,XLB,0
2006-12-06,XLE,0
2006-12-06,XLF,0
2006-12-06,XLI,0
2006-12-06,XLK,0.33333333333333331
2006-12-06,XLP,0
2006-12-06,XLU,0.33333333333333331
2006-12-06,XLV,0
2006-12-06,XLY,0.33333333333333331
2006-12-07,GLD,0
2006-12-07,XLB,0
2006-12-07,XLE,0
2006-12-07,XLF,0
2006-12-07,XLI,0
2006-12-07,XLK,0.33333333333333331
2006-12-07,XLP,0
2006-12-07,XLU,0.33333333333333331
2006-12-07,XLV,0
2006-12-07,XLY,0.33333333333333331
2006-12-08,GLD,0
2006-12-08,XLB,0
2006-12-08,XLE,0
2006-12-08,XLF,0
2006-12-08,XLI,0
2006-12-08,XLK,0.33333333333333331
2006-12-08,XLP,0
2006-12-08,XLU,0.33333333333333331
2006-12-08,XLV,0
2006-12-08,XLY,0.33333333333333331
2006-12-11,GLD,0
2006-12-11,XLB,0
2006-12-11,XLE,0
2006-12-11,XLF,0
2006-12-11,XLI,0
2006-12-11,XLK,0.33333333333333331
2006-12-11,XLP,0
2006-12-11,XLU,0.33333333333333331
2006-12-11,XLV,0
2006-12-11,XLY,0.33333333333333331
2006-12-12,GLD,0
2006-12-12,XLB,0
2006-12-12,XLE,0
2006-12-12,XLF,0
2006-12-12,XLI,0
2006-12-12,XLK,0.33333333333333331
2006-12-12,XLP,0
2006-12-12,XLU,0.33333333333333331
2006-12-12,XLV,0
2006-12-12,XLY,0.33333333333333331
2006-12-13,GLD,0
2006-12-13,XLB,0
2006-12-13,XLE,0
2006-12-13,XLF,0
2006-12-13,XLI,0
2006-12-13,XLK,0.33333333333333331
2006-12-13,XLP,0
2006-12-13,XLU,0.33333333333333331
2006-12-13,XLV,0
2006-12-13,XLY,0.33333333333333331
2006-12-14,GLD,0
2006-12-14,XLB,0
2006-12-14,XLE,0
2006-12-14,XLF,0
2006-12-14,XLI,0
2006-12-14,XLK,0.33333333333333331
2006-12-14,XLP,0
2006-12-14,XLU,0.33333333333333331
2006-12-14,XLV,0
2006-12-14,XLY,0.33333333333333331
2006-12-15,GLD,0
2006-12-15,XLB,0
2006-12-15,XLE,0
2006-12-15,XLF,0
2006-12-15,XLI,0
2006-12-15,XLK,0.33333333333333331
2006-12-15,XLP,0
2006-12-15,XLU,0.33333333333333331
2006-12-15,XLV,0
2006-12-15,XLY,0.33333333333333331
2006-12-18,GLD,0
2006-12-18,XLB,0
2006-12-18,XLE,0
2006-12-18,XLF,0
2006-12-18,XLI,0
2006-12-18,XLK,0.33333333333333331
2006-12-18,XLP,0
2006-12-18,XLU,0.33333333333333331
2006-12-18,XLV,0
2006-12-18,XLY,0.33333333333333331
2006-12-19,GLD,0
2006-12-19,XLB,0
2006-12-19,XLE,0
2006-12-19,XLF,0
2006-12-19,XLI,0
2006-12-19,XLK,0.33333333333333331
2006-12-19,XLP,0
2006-12-19,XLU,0.33333333333333331
2006-12-19,XLV,0
2006-12-19,XLY,0.33333333333333331
2006-12-20,GLD,0
2006-12-20,XLB,0
2006-12-20,XLE,0
2006-12-20,XLF,0
2006-12-20,XLI,0
2006-12-20,XLK,0.33333333333333331
2006-12-20,XLP,0
2006-12-20,XLU,0.33333333333333331
2006-12-20,XLV,0
2006-12-20,XLY,0.33333333333333331
2006-12-21,GLD,0
2006-12-21,XLB,0
2006-12-21,XLE,0
2006-12-21,XLF,0
2006-12-21,XLI,0
2006-12-21,XLK,0.33333333333333331
2006-12-21,XLP,0
2006-12-21,XLU,0.33333333333333331
2006-12-21,XLV,0
2006-12-21,XLY,0.33333333333333331
2006-12-22,GLD,0
2006-12-22,XLB,0
2006-12-22,XLE,0
2006-12-22,XLF,0
2006-12-22,XLI,0
2006-12-22,XLK,0.33333333333333331
2006-12-22,XLP,0
2006-12-22,XLU,0.33333333333333331
2006-12-22,XLV,0
2006-12-22,XLY,0.33333333333333331
2006-12-26,GLD,0
2006-12-26,XLB,0
2006-12-26,XLE,0
2006-12-26,XLF,0.33333333333333331
2006-12-26,XLI,0
2006-12-26,XLK,0.33333333333333331
2006-12-26,XLP,0
2006-12-26,XLU,0
2006-12-26,XLV,0
2006-12-26,XLY,0.33333333333333331
2006-12-27,GLD,0
2006-12-27,XLB,0
2006-12-27,XLE,0
2006-12-27,XLF,0.33333333333333331
2006-12-27,XLI,0
2006-12-27,XLK,0.33333333333333331
2006-12-27,XLP,0
2006-12-27,XLU,0
2006-12-27,XLV,0
2006-12-27,XLY,0.33333333333333331
2006-12-28,GLD,0
2006-12-28,XLB,0
2006-12-28,XLE,0
2006-12-28,XLF,0.33333333333333331
2006-12-28,XLI,0
2006-12-28,XLK,0.33333333333333331
2006-12-28,XLP,0
2006-12-28,XLU,0
2006-12-28,XLV,0
2006-12-28,XLY,0.33333333333333331
2006-12-29,GLD,0
2006-12-29,XLB,0
2006-12-29,XLE,0
2006-12-29,XLF,0.33333333333333331
2006-12-29,XLI,0
2006-12-29,XLK,0.33333333333333331
2006-12-29,XLP,0
2006-12-29,XLU,0
2006-12-29,XLV,0
2006-12-29,XLY,0.33333333333333331
2007-01-03,GLD,0
2007-01-03,XLB,0
2007-01-03,XLE,0
2007-01-03,XLF,0.33333333333333331
2007-01-03,XLI,0
2007-01-03,XLK,0.33333333333333331
2007-01-03,XLP,0
2007-01-03,XLU,0
2007-01-03,XLV,0
2007-01-03,XLY,0.33333333333333331
2007-01-04,GLD,0
2007-01-04,XLB,0
2007-01-04,XLE,0
2007-01-04,XLF,0.33333333333333331
2007-01-04,XLI,0
2007-01-04,XLK,0.33333333333333331
2007-01-04,XLP,0
2007-01-04,XLU,0
2007-01-04,XLV,0
2007-01-04,XLY,0.33333333333333331
2007-01-05,GLD,0
2007-01-05,XLB,0
2007-01-05,XLE,0
2007-01-05,XLF,0.33333333333333331
2007-01-05,XLI,0
2007-01-05,XLK,0.33333333333333331
2007-01-05,XLP,0
2007-01-05,XLU,0
2007-01-05,XLV,0
2007-01-05,XLY,0.33333333333333331
2007-01-08,GLD,0
2007-01-08,XLB,0
2007-01-08,XLE,0
2007-01-08,XLF,0.33333333333333331
2007-01-08,XLI,0
2007-01-08,XLK,0.33333333333333331
2007-01-08,XLP,0
2007-01-08,XLU,0
2007-01-08,XLV,0
2007-01-08,XLY,0.33333333333333331
2007-01-09,GLD,0
2007-01-09,XLB,0
2007-01-09,XLE,0
2007-01-09,XLF,0.33333333333333331
2007-01-09,XLI,0
2007-01-09,XLK,0.33333333333333331
2007-01-09,XLP,0
2007-01-09,XLU,0
2007-01-09,XLV,0
2007-01-09,XLY,0.33333333333333331
2007-01-10,GLD,0
2007-01-10,XLB,0
2007-01-10,XLE,0
2007-01-10,XLF,0.33333333333333331
2007-01-10,XLI,0
2007-01-10,XLK,0.33333333333333331
2007-01-10,XLP,0
2007-01-10,XLU,0
2007-01-10,XLV,0
2007-01-10,XLY,0.33333333333333331
2007-01-11,GLD,0
2007-01-11,XLB,0
2007-01-11,XLE,0
2007-01-11,XLF,0.33333333333333331
2007-01-11,XLI,0
2007-01-11,XLK,0.33333333333333331
2007-01-11,XLP,0
2007-01-11,XLU,0
2007-01-11,XLV,0
2007-01-11,XLY,0.33333333333333331
2007-01-12,GLD,0
2007-01-12,XLB,0
2007-01-12,XLE,0
2007-01-12,XLF,0.33333333333333331
2007-01-12,XLI,0
2007-01-12,XLK,0.33333333333333331
2007-01-12,XLP,0
2007-01-12,XLU,0
2007-01-12,XLV,0
2007-01-12,XLY,0.33333333333333331
2007-01-16,GLD,0
2007-01-16,XLB,0
2007-01-16,XLE,0
2007-01-16,XLF,0.33333333333333331
2007-01-16,XLI,0
2007-01-16,XLK,0.33333333333333331
2007-01-16,XLP,0
2007-01-16,XLU,0
2007-01-16,XLV,0
2007-01-16,XLY,0.33333333333333331
2007-01-17,GLD,0
2007-01-17,XLB,0
2007-01-17,XLE,0
2007-01-17,XLF,0.33333333333333331
2007-01-17,XLI,0
2007-01-17,XLK,0.33333333333333331
2007-01-17,XLP,0
2007-01-17,XLU,0
2007-01-17,XLV,0
2007-01-17,XLY,0.33333333333333331
2007-01-18,GLD,0
2007-01-18,XLB,0
2007-01-18,XLE,0
2007-01-18,XLF,0.33333333333333331
2007-01-18,XLI,0
2007-01-18,XLK,0.33333333333333331
2007-01-18,XLP,0
2007-01-18,XLU,0
2007-01-18,XLV,0
2007-01-18,XLY,0.33333333333333331
2007-01-19,GLD,0
2007-01-19,XLB,0
2007-01-19,XLE,0
2007-01-19,XLF,0.33333333333333331
2007-01-19,XLI,0
2007-01-19,XLK,0.33333333333333331
2007-01-19,XLP,0
2007-01-19,XLU,0
2007-01-19,XLV,0
2007-01-19,XLY,0.33333333333333331
2007-01-22,GLD,0
2007-01-22,XLB,0
2007-01-22,XLE,0
2007-01-22,XLF,0.33333333333333331
2007-01-22,XLI,0
2007-01-22,XLK,0.33333333333333331
2007-01-22,XLP,0
2007-01-22,XLU,0
2007-01-22,XLV,0
2007-01-22,XLY,0.33333333333333331
2007-01-23,GLD,0
2007-01-23,XLB,0
2007-01-23,XLE,0
2007-01-23,XLF,0.33333333333333331
2007-01-23,XLI,0
2007-01-23,XLK,0.33333333333333331
2007-01-23,XLP,0
2007-01-23,XLU,0
2007-01-23,XLV,0
2007-01-23,XLY,0.33333333333333331
2007-01-24,GLD,0
2007-01-24,XLB,0
2007-01-24,XLE,0
2007-01-24,XLF,0.33333333333333331
2007-01-24,XLI,0
2007-01-24,XLK,0.33333333333333331
2007-01-24,XLP,0
2007-01-24,XLU,0
2007-01-24,XLV,0
2007-01-24,XLY,0.33333333333333331
2007-01-25,GLD,0
2007-01-25,XLB,0
2007-01-25,XLE,0
2007-01-25,XLF,0.33333333333333331
2007-01-25,XLI,0
2007-01-25,XLK,0.33333333333333331
2007-01-25,XLP,0
2007-01-25,XLU,0
2007-01-25,XLV,0
2007-01-25,XLY,0.33333333333333331
2007-01-26,GLD,0
2007-01-26,XLB,0
2007-01-26,XLE,0
2007-01-26,XLF,0.33333333333333331
2007-01-26,XLI,0
2007-01-26,XLK,0.33333333333333331
2007-01-26,XLP,0
2007-01-26,XLU,0
2007-01-26,XLV,0
2007-01-26,XLY,0.33333333333333331
2007-01-29,GLD,0
2007-01-29,XLB,0.33333333333333331
2007-01-29,XLE,0
2007-01-29,XLF,0
2007-01-29,XLI,0
2007-01-29,XLK,0.33333333333333331
2007-01-29,XLP,0
2007-01-29,XLU,0
2007-01-29,XLV,0
2007-01-29,XLY,0.33333333333333331
2007-01-30,GLD,0
2007-01-30,XLB,0.33333333333333331
2007-01-30,XLE,0
2007-01-30,XLF,0
2007-01-30,XLI,0
2007-01-30,XLK,0.33333333333333331
2007-01-30,XLP,0
2007-01-30,XLU,0
2007-01-30,XLV,0
2007-01-30,XLY,0.33333333333333331
2007-01-31,GLD,0
2007-01-31,XLB,0.33333333333333331
2007-01-31,XLE,0
2007-01-31,XLF,0
2007-01-31,XLI,0
2007-01-31,XLK,0.33333333333333331
2007-01-31,XLP,0
2007-01-31,XLU,0
2007-01-31,XLV,0
2007-01-31,XLY,0.33333333333333331
2007-02-01,GLD,0
2007-02-01,XLB,0.33333333333333331
2007-02-01,XLE,0
2007-02-01,XLF,0
2007-02-01,XLI,0
2007-02-01,XLK,0.33333333333333331
2007-02-01,XLP,0
2007-02-01,XLU,0
2007-02-01,XLV,0
2007-02-01,XLY,0.33333333333333331
2007-02-02,GLD,0
2007-02-02,XLB,0.33333333333333331
2007-02-02,XLE,0
2007-02-02,XLF,0
2007-02-02,XLI,0
2007-02-02,XLK,0.33333333333333331
2007-02-02,XLP,0
2007-02-02,XLU,0
2007-02-02,XLV,0
2007-02-02,XLY,0.33333333333333331
2007-02-05,GLD,0
2007-02-05,XLB,0.33333333333333331
2007-02-05,XLE,0
2007-02-05,XLF,0
2007-02-05,XLI,0
2007-02-05,XLK,0.33333333333333331
2007-02-05,XLP,0
2007-02-05,XLU,0
2007-02-05,XLV,0
2007-02-05,XLY,0.33333333333333331
2007-02-06,GLD,0
2007-02-06,XLB,0.33333333333333331
2007-02-06,XLE,0
2007-02-06,XLF,0
2007-02-06,XLI,0
2007-02-06,XLK,0.33333333333333331
2007-02-06,XLP,0
2007-02-06,XLU,0
2007-02-06,XLV,0
2007-02-06,XLY,0.33333333333333331
2007-02-07,GLD,0
2007-02-07,XLB,0.33333333333333331
2007-02-07,XLE,0
2007-02-07,XLF,0
2007-02-07,XLI,0
2007-02-07,XLK,0.33333333333333331
2007-02-07,XLP,0
2007-02-07,XLU,0
2007-02-07,XLV,0
2007-02-07,XLY,0.33333333333333331
2007-02-08,GLD,0
2007-02-08,XLB,0.33333333333333331
2007-02-08,XLE,0
2007-02-08,XLF,0
2007-02-08,XLI,0
2007-02-08,XLK,0.33333333333333331
2007-02-08,XLP,0
2007-02-08,XLU,0
2007-02-08,XLV,0
2007-02-08,XLY,0.33333333333333331
2007-02-09,GLD,0
2007-02-09,XLB,0.33333333333333331
2007-02-09,XLE,0
2007-02-09,XLF,0
2007-02-09,XLI,0
2007-02-09,XLK,0.33333333333333331
2007-02-09,XLP,0
2007-02-09,XLU,0
2007-02-09,XLV,0
2007-02-09,XLY,0.33333333333333331
2007-02-12,GLD,0
2007-02-12,XLB,0.33333333333333331
2007-02-12,XLE,0
2007-02-12,XLF,0
2007-02-12,XLI,0
2007-02-12,XLK,0.33333333333333331
2007-02-12,XLP,0
2007-02-12,XLU,0
2007-02-12,XLV,0
2007-02-12,XLY,0.33333333333333331
2007-02-13,GLD,0
2007-02-13,XLB,0.33333333333333331
2007-02-13,XLE,0
2007-02-13,XLF,0
2007-02-13,XLI,0
2007-02-13,XLK,0.33333333333333331
2007-02-13,XLP,0
2007-02-13,XLU,0
2007-02-13,XLV,0
2007-02-13,XLY,0.33333333333333331
2007-02-14,GLD,0
2007-02-14,XLB,0.33333333333333331
2007-02-14,XLE,0
2007-02-14,XLF,0
2007-02-14,XLI,0
2007-02-14,XLK,0.33333333333333331
2007-02-14,XLP,0
2007-02-14,XLU,0
2007-02-14,XLV,0
2007-02-14,XLY,0.33333333333333331
2007-02-15,GLD,0
2007-02-15,XLB,0.33333333333333331
2007-02-15,XLE,0
2007-02-15,XLF,0
2007-02-15,XLI,0
2007-02-15,XLK,0.33333333333333331
2007-02-15,XLP,0
2007-02-15,XLU,0
2007-02-15,XLV,0
2007-02-15,XLY,0.33333333333333331
2007-02-16,GLD,0
2007-02-16,XLB,0.33333333333333331
2007-02-16,XLE,0
2007-02-16,XLF,0
2007-02-16,XLI,0
2007-02-16,XLK,0.33333333333333331
2007-02-16,XLP,0
2007-02-16,XLU,0
2007-02-16,XLV,0
2007-02-16,XLY,0.33333333333333331
2007-02-20,GLD,0
2007-02-20,XLB,0.33333333333333331
2007-02-20,XLE,0
2007-02-20,XLF,0
2007-02-20,XLI,0
2007-02-20,XLK,0.33333333333333331
2007-02-20,XLP,0
2007-02-20,XLU,0
2007-02-20,XLV,0
2007-02-20,XLY,0.33333333333333331
2007-02-21,GLD,0
2007-02-21,XLB,0.33333333333333331
2007-02-21,XLE,0
2007-02-21,XLF,0
2007-02-21,XLI,0
2007-02-21,XLK,0.33333333333333331
2007-02-21,XLP,0
2007-02-21,XLU,0
2007-02-21,XLV,0
2007-02-21,XLY,0.33333333333333331
2007-02-22,GLD,0
2007-02-22,XLB,0.33333333333333331
2007-02-22,XLE,0
2007-02-22,XLF,0
2007-02-22,XLI,0
2007-02-22,XLK,0.33333333333333331
2007-02-22,XLP,0
2007-02-22,XLU,0
2007-02-22,XLV,0
2007-02-22,XLY,0.33333333333333331
2007-02-23,GLD,0
2007-02-23,XLB,0.33333333333333331
2007-02-23,XLE,0
2007-02-23,XLF,0
2007-02-23,XLI,0
2007-02-23,XLK,0.33333333333333331
2007-02-23,XLP,0
2007-02-23,XLU,0
2007-02-23,XLV,0
2007-02-23,XLY,0.33333333333333331
2007-02-26,GLD,0
2007-02-26,XLB,0.33333333333333331
2007-02-26,XLE,0
2007-02-26,XLF,0
2007-02-26,XLI,0
2007-02-26,XLK,0.33333333333333331
2007-02-26,XLP,0
2007-02-26,XLU,0
2007-02-26,XLV,0
2007-02-26,XLY,0.33333333333333331
2007-02-27,GLD,0
2007-02-27,XLB,0.33333333333333331
2007-02-27,XLE,0
2007-02-27,XLF,0
2007-02-27,XLI,0
2007-02-27,XLK,0.33333333333333331
2007-02-27,XLP,0
2007-02-27,XLU,0
2007-02-27,XLV,0
2007-02-27,XLY,0.33333333333333331
2007-02-28,GLD,0
2007-02-28,XLB,0.33333333333333331
2007-02-28,XLE,0
2007-02-28,XLF,0
2007-02-28,XLI,0
2007-02-28,XLK,0
2007-02-28,XLP,0
2007-02-28,XLU,0.33333333333333331
2007-02-28,XLV,0
2007-02-28,XLY,0.33333333333333331
2007-03-01,GLD,0
2007-03-01,XLB,0.33333333333333331
2007-03-01,XLE,0
2007-03-01,XLF,0
2007-03-01,XLI,0
2007-03-01,XLK,0
2007-03-01,XLP,0
2007-03-01,XLU,0.33333333333333331
2007-03-01,XLV,0
2007-03-01,XLY,0.33333333333333331
2007-03-02,GLD,0
2007-03-02,XLB,0.33333333333333331
2007-03-02,XLE,0
2007-03-02,XLF,0
2007-03-02,XLI,0
2007-03-02,XLK,0
2007-03-02,XLP,0
2007-03-02,XLU,0.33333333333333331
2007-03-02,XLV,0
2007-03-02,XLY,0.33333333333333331
2007-03-05,GLD,0
2007-03-05,XLB,0.33333333333333331
2007-03-05,XLE,0
2007-03-05,XLF,0
2007-03-05,XLI,0
2007-03-05,XLK,0
2007-03-05,XLP,0
2007-03-05,XLU,0.33333333333333331
2007-03-05,XLV,0
2007-03-05,XLY,0.33333333333333331
2007-03-06,GLD,0
2007-03-06,XLB,0.33333333333333331
2007-03-06,XLE,0
2007-03-06,XLF,0
2007-03-06,XLI,0
2007-03-06,XLK,0
2007-03-06,XLP,0
2007-03-06,XLU,0.33333333333333331
2007-03-06,XLV,0
2007-03-06,XLY,0.33333333333333331
2007-03-07,GLD,0
2007-03-07,XLB,0.33333333333333331
2007-03-07,XLE,0
2007-03-07,XLF,0
2007-03-07,XLI,0
2007-03-07,XLK,0
2007-03-07,XLP,0
2007-03-07,XLU,0.33333333333333331
2007-03-07,XLV,0
2007-03-07,XLY,0.33333333333333331
2007-03-08,GLD,0
2007-03-08,XLB,0.33333333333333331
2007-03-08,XLE,0
2007-03-08,XLF,0
2007-03-08,XLI,0
2007-03-08,XLK,0
2007-03-08,XLP,0
2007-03-08,XLU,0.33333333333333331
2007-03-08,XLV,0
2007-03-08,XLY,0.33333333333333331
2007-03-09,GLD,0
2007-03-09,XLB,0.33333333333333331
2007-03-09,XLE,0
2007-03-09,XLF,0
2007-03-09,XLI,0
2007-03-09,XLK,0
2007-03-09,XLP,0
2007-03-09,XLU,0.33333333333333331
2007-03-09,XLV,0
2007-03-09,XLY,0.33333333333333331
2007-03-12,GLD,0
2007-03-12,XLB,0.33333333333333331
2007-03-12,XLE,0
2007-03-12,XLF,0
2007-03-12,XLI,0
2007-03-12,XLK,0
2007-03-12,XLP,0
2007-03-12,XLU,0.33333333333333331
2007-03-12,XLV,0
2007-03-12,XLY,0.33333333333333331
2007-03-13,GLD,0
2007-03-13,XLB,0.33333333333333331
2007-03-13,XLE,0
2007-03-13,XLF,0
2007-03-13,XLI,0
2007-03-13,XLK,0
2007-03-13,XLP,0
2007-03-13,XLU,0.33333333333333331
2007-03-13,XLV,0
2007-03-13,XLY,0.33333333333333331
2007-03-14,GLD,0
2007-03-14,XLB,0.33333333333333331
2007-03-14,XLE,0
2007-03-14,XLF,0
2007-03-14,XLI,0
2007-03-14,XLK,0
2007-03-14,XLP,0
2007-03-14,XLU,0.33333333333333331
2007-03-14,XLV,0
2007-03-14,XLY,0.33333333333333331
2007-03-15,GLD,0
2007-03-15,XLB,0.33333333333333331
2007-03-15,XLE,0
2007-03-15,XLF,0
2007-03-15,XLI,0
2007-03-15,XLK,0
2007-03-15,XLP,0
2007-03-15,XLU,0.33333333333333331
2007-03-15,XLV,0
2007-03-15,XLY,0.33333333333333331
2007-03-16,GLD,0
2007-03-16,XLB,0.33333333333333331
2007-03-16,XLE,0
2007-03-16,XLF,0
2007-03-16,XLI,0
2007-03-16,XLK,0
2007-03-16,XLP,0
2007-03-16,XLU,0.33333333333333331
2007-03-16,XLV,0
2007-03-16,XLY,0.33333333333333331
2007-03-19,GLD,0
2007-03-19,XLB,0.33333333333333331
2007-03-19,XLE,0
2007-03-19,XLF,0
2007-03-19,XLI,0
2007-03-19,XLK,0
2007-03-19,XLP,0
2007-03-19,XLU,0.33333333333333331
2007-03-19,XLV,0
2007-03-19,XLY,0.33333333333333331
2007-03-20,GLD,0
2007-03-20,XLB,0.33333333333333331
2007-03-20,XLE,0
2007-03-20,XLF,0
2007-03-20,XLI,0
2007-03-20,XLK,0
2007-03-20,XLP,0
2007-03-20,XLU,0.33333333333333331
2007-03-20,XLV,0
2007-03-20,XLY,0.33333333333333331
2007-03-21,GLD,0
2007-03-21,XLB,0.33333333333333331
2007-03-21,XLE,0
2007-03-21,XLF,0
2007-03-21,XLI,0
2007-03-21,XLK,0
2007-03-21,XLP,0
2007-03-21,XLU,0.33333333333333331
2007-03-21,XLV,0
2007-03-21,XLY,0.33333333333333331
2007-03-22,GLD,0
2007-03-22,XLB,0.33333333333333331
2007-03-22,XLE,0
2007-03-22,XLF,0
2007-03-22,XLI,0
2007-03-22,XLK,0
2007-03-22,XLP,0
2007-03-22,XLU,0.33333333333333331
2007-03-22,XLV,0
2007-03-22,XLY,0.33333333333333331
2007-03-23,GLD,0
2007-03-23,XLB,0.33333333333333331
2007-03-23,XLE,0
2007-03-23,XLF,0
2007-03-23,XLI,0
2007-03-23,XLK,0
2007-03-23,XLP,0
2007-03-23,XLU,0.33333333333333331
2007-03-23,XLV,0
2007-03-23,XLY,0.33333333333333331
2007-03-26,GLD,0
2007-03-26,XLB,0.33333333333333331
2007-03-26,XLE,0
2007-03-26,XLF,0
2007-03-26,XLI,0
2007-03-26,XLK,0
2007-03-26,XLP,0
2007-03-26,XLU,0.33333333333333331
2007-03-26,XLV,0
2007-03-26,XLY,0.33333333333333331
2007-03-27,GLD,0
2007-03-27,XLB,0.33333333333333331
2007-03-27,XLE,0
2007-03-27,XLF,0
2007-03-27,XLI,0
2007-03-27,XLK,0
2007-03-27,XLP,0
2007-03-27,XLU,0.33333333333333331
2007-03-27,XLV,0
2007-03-27,XLY,0.33333333333333331
2007-03-28,GLD,0
2007-03-28,XLB,0.33333333333333331
2007-03-28,XLE,0
2007-03-28,XLF,0
2007-03-28,XLI,0
2007-03-28,XLK,0
2007-03-28,XLP,0
2007-03-28,XLU,0.33333333333333331
2007-03-28,XLV,0
2007-03-28,XLY,0.33333333333333331
2007-03-29,GLD,0
2007-03-29,XLB,0.33333333333333331
2007-03-29,XLE,0.33333333333333331
2007-03-29,XLF,0
2007-03-29,XLI,0
2007-03-29,XLK,0
2007-03-29,XLP,0
2007-03-29,XLU,0.33333333333333331
2007-03-29,XLV,0
2007-03-29,XLY,0
2007-03-30,GLD,0
2007-03-30,XLB,0.33333333333333331
2007-03-30,XLE,0.33333333333333331
2007-03-30,XLF,0
2007-03-30,XLI,0
2007-03-30,XLK,0
2007-03-30,XLP,0
2007-03-30,XLU,0.33333333333333331
2007-03-30,XLV,0
2007-03-30,XLY,0
2007-04-02,GLD,0
2007-04-02,XLB,0.33333333333333331
2007-04-02,XLE,0.33333333333333331
2007-04-02,XLF,0
2007-04-02,XLI,0
2007-04-02,XLK,0
2007-04-02,XLP,0
2007-04-02,XLU,0.33333333333333331
2007-04-02,XLV,0
2007-04-02,XLY,0
2007-04-03,GLD,0
2007-04-03,XLB,0.33333333333333331
2007-04-03,XLE,0.33333333333333331
2007-04-03,XLF,0
2007-04-03,XLI,0
2007-04-03,XLK,0
2007-04-03,XLP,0
2007-04-03,XLU,0.33333333333333331
2007-04-03,XLV,0
2007-04-03,XLY,0
2007-04-04,GLD,0
2007-04-04,XLB,0.33333333333333331
2007-04-04,XLE,0.33333333333333331
2007-04-04,XLF,0
2007-04-04,XLI,0
2007-04-04,XLK,0
2007-04-04,XLP,0
2007-04-04,XLU,0.33333333333333331
2007-04-04,XLV,0
2007-04-04,XLY,0
2007-04-05,GLD,0
2007-04-05,XLB,0.33333333333333331
2007-04-05,XLE,0.33333333333333331
2007-04-05,XLF,0
2007-04-05,XLI,0
2007-04-05,XLK,0
2007-04-05,XLP,0
2007-04-05,XLU,0.33333333333333331
2007-04-05,XLV,0
2007-04-05,XLY,0
2007-04-09,GLD,0
2007-04-09,XLB,0.33333333333333331
2007-04-09,XLE,0.33333333333333331
2007-04-09,XLF,0
2007-04-09,XLI,0
2007-04-09,XLK,0
2007-04-09,XLP,0
2007-04-09,XLU,0.33333333333333331
2007-04-09,XLV,0
2007-04-09,XLY,0
2007-04-10,GLD,0
2007-04-10,XLB,0.33333333333333331
2007-04-10,XLE,0.33333333333333331
2007-04-10,XLF,0
2007-04-10,XLI,0
2007-04-10,XLK,0
2007-04-10,XLP,0
2007-04-10,XLU,0.33333333333333331
2007-04-10,XLV,0
2007-04-10,XLY,0
2007-04-11,GLD,0
2007-04-11,XLB,0.33333333333333331
2007-04-11,XLE,0.33333333333333331
2007-04-11,XLF,0
2007-04-11,XLI,0
2007-04-11,XLK,0
2007-04-11,XLP,0
2007-04-11,XLU,0.33333333333333331
2007-04-11,XLV,0
2007-04-11,XLY,0
2007-04-12,GLD,0
2007-04-12,XLB,0.33333333333333331
2007-04-12,XLE,0.33333333333333331
2007-04-12,XLF,0
2007-04-12,XLI,0
2007-04-12,XLK,0
2007-04-12,XLP,0
2007-04-12,XLU,0.33333333333333331
2007-04-12,XLV,0
2007-04-12,XLY,0
2007-04-13,GLD,0
2007-04-13,XLB,0.33333333333333331
2007-04-13,XLE,0.33333333333333331
2007-04-13,XLF,0
2007-04-13,XLI,0
2007-04-13,XLK,0
2007-04-13,XLP,0
2007-04-13,XLU,0.33333333333333331
2007-04-13,XLV,0
2007-04-13,XLY,0
2007-04-16,GLD,0
2007-04-16,XLB,0.33333333333333331
2007-04-16,XLE,0.33333333333333331
2007-04-16,XLF,0
2007-04-16,XLI,0
2007-04-16,XLK,0
2007-04-16,XLP,0
2007-04-16,XLU,0.33333333333333331
2007-04-16,XLV,0
2007-04-16,XLY,0
2007-04-17,GLD,0
2007-04-17,XLB,0.33333333333333331
2007-04-17,XLE,0.33333333333333331
2007-04-17,XLF,0
2007-04-17,XLI,0
2007-04-17,XLK,0
2007-04-17,XLP,0
2007-04-17,XLU,0.33333333333333331
2007-04-17,XLV,0
2007-04-17,XLY,0
2007-04-18,GLD,0
2007-04-18,XLB,0.33333333333333331
2007-04-18,XLE,0.33333333333333331
2007-04-18,XLF,0
2007-04-18,XLI,0
2007-04-18,XLK,0
2007-04-18,XLP,0
2007-04-18,XLU,0.33333333333333331
2007-04-18,XLV,0
2007-04-18,XLY,0
2007-04-19,GLD,0
2007-04-19,XLB,0.33333333333333331
2007-04-19,XLE,0.33333333333333331
2007-04-19,XLF,0
2007-04-19,XLI,0
2007-04-19,XLK,0
2007-04-19,XLP,0
2007-04-19,XLU,0.33333333333333331
2007-04-19,XLV,0
2007-04-19,XLY,0
2007-04-20,GLD,0
2007-04-20,XLB,0.33333333333333331
2007-04-20,XLE,0.33333333333333331
2007-04-20,XLF,0
2007-04-20,XLI,0
2007-04-20,XLK,0
2007-04-20,XLP,0
2007-04-20,XLU,0.33333333333333331
2007-04-20,XLV,0
2007-04-20,XLY,0
2007-04-23,GLD,0
2007-04-23,XLB,0.33333333333333331
2007-04-23,XLE,0.33333333333333331
2007-04-23,XLF,0
2007-04-23,XLI,0
2007-04-23,XLK,0
2007-04-23,XLP,0
2007-04-23,XLU,0.33333333333333331
2007-04-23,XLV,0
2007-04-23,XLY,0
2007-04-24,GLD,0
2007-04-24,XLB,0.33333333333333331
2007-04-24,XLE,0.33333333333333331
2007-04-24,XLF,0
2007-04-24,XLI,0
2007-04-24,XLK,0
2007-04-24,XLP,0
2007-04-24,XLU,0.33333333333333331
2007-04-24,XLV,0
2007-04-24,XLY,0
2007-04-25,GLD,0
2007-04-25,XLB,0.33333333333333331
2007-04-25,XLE,0.33333333333333331
2007-04-25,XLF,0
2007-04-25,XLI,0
2007-04-25,XLK,0
2007-04-25,XLP,0
2007-04-25,XLU,0.33333333333333331
2007-04-25,XLV,0
2007-04-25,XLY,0
2007-04-26,GLD,0
2007-04-26,XLB,0.33333333333333331
2007-04-26,XLE,0.33333333333333331
2007-04-26,XLF,0
2007-04-26,XLI,0
2007-04-26,XLK,0
2007-04-26,XLP,0
2007-04-26,XLU,0.33333333333333331
2007-04-26,XLV,0
2007-04-26,XLY,0
2007-04-27,GLD,0
2007-04-27,XLB,0.33333333333333331
2007-04-27,XLE,0.33333333333333331
2007-04-27,XLF,0
2007-04-27,XLI,0
2007-04-27,XLK,0
2007-04-27,XLP,0
2007-04-27,XLU,0.33333333333333331
2007-04-27,XLV,0
2007-04-27,XLY,0
2007-04-30,GLD,0.33333333333333331
2007-04-30,XLB,0.33333333333333331
2007-04-30,XLE,0
2007-04-30,XLF,0
2007-04-30,XLI,0
2007-04-30,XLK,0
2007-04-30,XLP,0
2007-04-30,XLU,0.33333333333333331
2007-04-30,XLV,0
2007-04-30,XLY,0
2007-05-01,GLD,0.33333333333333331
2007-05-01,XLB,0.33333333333333331
2007-05-01,XLE,0
2007-05-01,XLF,0
2007-05-01,XLI,0
2007-05-01,XLK,0
2007-05-01,XLP,0
2007-05-01,XLU,0.33333333333333331
2007-05-01,XLV,0
2007-05-01,XLY,0
2007-05-02,GLD,0.33333333333333331
2007-05-02,XLB,0.33333333333333331
2007-05-02,XLE,0
2007-05-02,XLF,0
2007-05-02,XLI,0
2007-05-02,XLK,0
2007-05-02,XLP,0
2007-05-02,XLU,0.33333333333333331
2007-05-02,XLV,0
2007-05-02,XLY,0
2007-05-03,GLD,0.33333333333333331
2007-05-03,XLB,0.33333333333333331
2007-05-03,XLE,0
2007-05-03,XLF,0
2007-05-03,XLI,0
2007-05-03,XLK,0
2007-05-03,XLP,0
2007-05-03,XLU,0.33333333333333331
2007-05-03,XLV,0
2007-05-03,XLY,0
2007-05-04,GLD,0.33333333333333331
2007-05-04,XLB,0.33333333333333331
2007-05-04,XLE,0
2007-05-04,XLF,0
2007-05-04,XLI,0
2007-05-04,XLK,0
2007-05-04,XLP,0
2007-05-04,XLU,0.33333333333333331
2007-05-04,XLV,0
2007-05-04,XLY,0
2007-05-07,GLD,0.33333333333333331
2007-05-07,XLB,0.33333333333333331
2007-05-07,XLE,0
2007-05-07,XLF,0
2007-05-07,XLI,0
2007-05-07,XLK,0
2007-05-07,XLP,0
2007-05-07,XLU,0.33333333333333331
2007-05-07,XLV,0
2007-05-07,XLY,0
2007-05-08,GLD,0.33333333333333331
2007-05-08,XLB,0.33333333333333331
2007-05-08,XLE,0
2007-05-08,XLF,0
2007-05-08,XLI,0
2007-05-08,XLK,0
2007-05-08,XLP,0
2007-05-08,XLU,0.33333333333333331
2007-05-08,XLV,0
2007-05-08,XLY,0
2007-05-09,GLD,0.33333333333333331
2007-05-09,XLB,0.33333333333333331
2007-05-09,XLE,0
2007-05-09,XLF,0
2007-05-09,XLI,0
2007-05-09,XLK,0
2007-05-09,XLP,0
2007-05-09,XLU,0.33333333333333331
2007-05-09,XLV,0
2007-05-09,XLY,0
2007-05-10,GLD,0.33333333333333331
2007-05-10,XLB,0.33333333333333331
2007-05-10,XLE,0
2007-05-10,XLF,0
2007-05-10,XLI,0
2007-05-10,XLK,0
2007-05-10,XLP,0
2007-05-10,XLU,0.33333333333333331
2007-05-10,XLV,0
2007-05-10,XLY,0
2007-05-11,GLD,0.33333333333333331
2007-05-11,XLB,0.33333333333333331
2007-05-11,XLE,0
2007-05-11,XLF,0
2007-05-11,XLI,0
2007-05-11,XLK,0
2007-05-11,XLP,0
2007-05-11,XLU,0.33333333333333331
2007-05-11,XLV,0
2007-05-11,XLY,0
2007-05-14,GLD,0.33333333333333331
2007-05-14,XLB,0.33333333333333331
2007-05-14,XLE,0
2007-05-14,XLF,0
2007-05-14,XLI,0
2007-05-14,XLK,0
2007-05-14,XLP,0
2007-05-14,XLU,0.33333333333333331
2007-05-14,XLV,0
2007-05-14,XLY,0
2007-05-15,GLD,0.33333333333333331
2007-05-15,XLB,0.33333333333333331
2007-05-15,XLE,0
2007-05-15,XLF,0
2007-05-15,XLI,0
2007-05-15,XLK,0
2007-05-15,XLP,0
2007-05-15,XLU,0.33333333333333331
2007-05-15,XLV,0
2007-05-15,XLY,0
2007-05-16,GLD,0.33333333333333331
2007-05-16,XLB,0.33333333333333331
2007-05-16,XLE,0
2007-05-16,XLF,0
2007-05-16,XLI,0
2007-05-16,XLK,0
2007-05-16,XLP,0
2007-05-16,XLU,0.33333333333333331
2007-05-16,XLV,0
2007-05-16,XLY,0
2007-05-17,GLD,0.33333333333333331
2007-05-17,XLB,0.33333333333333331
2007-05-17,XLE,0
2007-05-17,XLF,0
2007-05-17,XLI,0
2007-05-17,XLK,0
2007-05-17,XLP,0
2007-05-17,XLU,0.33333333333333331
2007-05-17,XLV,0
2007-05-17,XLY,0
2007-05-18,GLD,0.33333333333333331
2007-05-18,XLB,0.33333333333333331
2007-05-18,XLE,0
2007-05-18,XLF,0
2007-05-18,XLI,0
2007-05-18,XLK,0
2007-05-18,XLP,0
2007-05-18,XLU,0.33333333333333331
2007-05-18,XLV,0
2007-05-18,XLY,0
2007-05-21,GLD,0.33333333333333331
2007-05-21,XLB,0.33333333333333331
2007-05-21,XLE,0
2007-05-21,XLF,0
2007-05-21,XLI,0
2007-05-21,XLK,0
2007-05-21,XLP,0
2007-05-21,XLU,0.33333333333333331
2007-05-21,XLV,0
2007-05-21,XLY,0
2007-05-22,GLD,0.33333333333333331
2007-05-22,XLB,0.33333333333333331
2007-05-22,XLE,0
2007-05-22,XLF,0
2007-05-22,XLI,0
2007-05-22,XLK,0
2007-05-22,XLP,0
2007-05-22,XLU,0.33333333333333331
2007-05-22,XLV,0
2007-05-22,XLY,0
2007-05-23,GLD,0.33333333333333331
2007-05-23,XLB,0.33333333333333331
2007-05-23,XLE,0
2007-05-23,XLF,0
2007-05-23,XLI,0
2007-05-23,XLK,0
2007-05-23,XLP,0
2007-05-23,XLU,0.33333333333333331
2007-05-23,XLV,0
2007-05-23,XLY,0
2007-05-24,GLD,0.33333333333333331
2007-05-24,XLB,0.33333333333333331
2007-05-24,XLE,0
2007-05-24,XLF,0
2007-05-24,XLI,0
2007-05-24,XLK,0
2007-05-24,XLP,0
2007-05-24,XLU,0.33333333333333331
2007-05-24,XLV,0
2007-05-24,XLY,0
2007-05-25,GLD,0.33333333333333331
2007-05-25,XLB,0.33333333333333331
2007-05-25,XLE,0
2007-05-25,XLF,0
2007-05-25,XLI,0
2007-05-25,XLK,0
2007-05-25,XLP,0
2007-05-25,XLU,0.33333333333333331
2007-05-25,XLV,0
2007-05-25,XLY,0
2007-05-29,GLD,0.33333333333333331
2007-05-29,XLB,0.33333333333333331
2007-05-29,XLE,0
2007-05-29,XLF,0
2007-05-29,XLI,0
2007-05-29,XLK,0
2007-05-29,XLP,0
2007-05-29,XLU,0.33333333333333331
2007-05-29,XLV,0
2007-05-29,XLY,0
2007-05-30,GLD,0
2007-05-30,XLB,0.33333333333333331
2007-05-30,XLE,0.33333333333333331
2007-05-30,XLF,0
2007-05-30,XLI,0
2007-05-30,XLK,0
2007-05-30,XLP,0
2007-05-30,XLU,0.33333333333333331
2007-05-30,XLV,0
2007-05-30,XLY,0
2007-05-31,GLD,0
2007-05-31,XLB,0.33333333333333331
2007-05-31,XLE,0.33333333333333331
2007-05-31,XLF,0
2007-05-31,XLI,0
2007-05-31,XLK,0
2007-05-31,XLP,0
2007-05-31,XLU,0.33333333333333331
2007-05-31,XLV,0
2007-05-31,XLY,0
2007-06-01,GLD,0
2007-06-01,XLB,0.33333333333333331
2007-06-01,XLE,0.33333333333333331
2007-06-01,XLF,0
2007-06-01,XLI,0
2007-06-01,XLK,0
2007-06-01,XLP,0
2007-06-01,XLU,0.33333333333333331
2007-06-01,XLV,0
2007-06-01,XLY,0
2007-06-04,GLD,0
2007-06-04,XLB,0.33333333333333331
2007-06-04,XLE,0.33333333333333331
2007-06-04,XLF,0
2007-06-04,XLI,0
2007-06-04,XLK,0
2007-06-04,XLP,0
2007-06-04,XLU,0.33333333333333331
2007-06-04,XLV,0
2007-06-04,XLY,0
2007-06-05,GLD,0
2007-06-05,XLB,0.33333333333333331
2007-06-05,XLE,0.33333333333333331
2007-06-05,XLF,0
2007-06-05,XLI,0
2007-06-05,XLK,0
2007-06-05,XLP,0
2007-06-05,XLU,0.33333333333333331
2007-06-05,XLV,0
2007-06-05,XLY,0
2007-06-06,GLD,0
2007-06-06,XLB,0.33333333333333331
2007-06-06,XLE,0.33333333333333331
2007-06-06,XLF,0
2007-06-06,XLI,0
2007-06-06,XLK,0
2007-06-06,XLP,0
2007-06-06,XLU,0.33333333333333331
2007-06-06,XLV,0
2007-06-06,XLY,0
2007-06-07,GLD,0
2007-06-07,XLB,0.33333333333333331
2007-06-07,XLE,0.33333333333333331
2007-06-07,XLF,0
2007-06-07,XLI,0
2007-06-07,XLK,0
2007-06-07,XLP,0
2007-06-07,XLU,0.33333333333333331
2007-06-07,XLV,0
2007-06-07,XLY,0
2007-06-08,GLD,0
2007-06-08,XLB,0.33333333333333331
2007-06-08,XLE,0.33333333333333331
2007-06-08,XLF,0
2007-06-08,XLI,0
2007-06-08,XLK,0
2007-06-08,XLP,0
2007-06-08,XLU,0.33333333333333331
2007-06-08,XLV,0
2007-06-08,XLY,0
2007-06-11,GLD,0
2007-06-11,XLB,0.33333333333333331
2007-06-11,XLE,0.33333333333333331
2007-06-11,XLF,0
2007-06-11,XLI,0
2007-06-11,XLK,0
2007-06-11,XLP,0
2007-06-11,XLU,0.33333333333333331
2007-06-11,XLV,0
2007-06-11,XLY,0
2007-06-12,GLD,0
2007-06-12,XLB,0.33333333333333331
2007-06-12,XLE,0.33333333333333331
2007-06-12,XLF,0
2007-06-12,XLI,0
2007-06-12,XLK,0
2007-06-12,XLP,0
2007-06-12,XLU,0.33333333333333331
2007-06-12,XLV,0
2007-06-12,XLY,0
2007-06-13,GLD,0
2007-06-13,XLB,0.33333333333333331
2007-06-13,XLE,0.33333333333333331
2007-06-13,XLF,0
2007-06-13,XLI,0
2007-06-13,XLK,0
2007-06-13,XLP,0
2007-06-13,XLU,0.33333333333333331
2007-06-13,XLV,0
2007-06-13,XLY,0
2007-06-14,GLD,0
2007-06-14,XLB,0.33333333333333331
2007-06-14,XLE,0.33333333333333331
2007-06-14,XLF,0
2007-06-14,XLI,0
2007-06-14,XLK,0
2007-06-14,XLP,0
2007-06-14,XLU,0.33333333333333331
2007-06-14,XLV,0
2007-06-14,XLY,0
2007-06-15,GLD,0
2007-06-15,XLB,0.33333333333333331
2007-06-15,XLE,0.33333333333333331
2007-06-15,XLF,0
2007-06-15,XLI,0
2007-06-15,XLK,0
2007-06-15,XLP,0
2007-06-15,XLU,0.33333333333333331
2007-06-15,XLV,0
2007-06-15,XLY,0
2007-06-18,GLD,0
2007-06-18,XLB,0.33333333333333331
2007-06-18,XLE,0.33333333333333331
2007-06-18,XLF,0
2007-06-18,XLI,0
2007-06-18,XLK,0
2007-06-18,XLP,0
2007-06-18,XLU,0.33333333333333331
2007-06-18,XLV,0
2007-06-18,XLY,0
2007-06-19,GLD,0
2007-06-19,XLB,0.33333333333333331
2007-06-19,XLE,0.33333333333333331
2007-06-19,XLF,0
2007-06-19,XLI,0
2007-06-19,XLK,0
2007-06-19,XLP,0
2007-06-19,XLU,0.33333333333333331
2007-06-19,XLV,0
2007-06-19,XLY,0
2007-06-20,GLD,0
2007-06-20,XLB,0.33333333333333331
2007-06-20,XLE,0.33333333333333331
2007-06-20,XLF,0
2007-06-20,XLI,0
2007-06-20,XLK,0
2007-06-20,XLP,0
2007-06-20,XLU,0.33333333333333331
2007-06-20,XLV,0
2007-06-20,XLY,0
2007-06-21,GLD,0
2007-06-21,XLB,0.33333333333333331
2007-06-21,XLE,0.33333333333333331
2007-06-21,XLF,0
2007-06-21,XLI,0
2007-06-21,XLK,0
2007-06-21,XLP,0
2007-06-21,XLU,0.33333333333333331
2007-06-21,XLV,0
2007-06-21,XLY,0
2007-06-22,GLD,0
2007-06-22,XLB,0.33333333333333331
2007-06-22,XLE,0.33333333333333331
2007-06-22,XLF,0
2007-06-22,XLI,0
2007-06-22,XLK,0
2007-06-22,XLP,0
2007-06-22,XLU,0.33333333333333331
2007-06-22,XLV,0
2007-06-22,XLY,0
2007-06-25,GLD,0
2007-06-25,XLB,0.33333333333333331
2007-06-25,XLE,0.33333333333333331
2007-06-25,XLF,0
2007-06-25,XLI,0
2007-06-25,XLK,0
2007-06-25,XLP,0
2007-06-25,XLU,0.33333333333333331
2007-06-25,XLV,0
2007-06-25,XLY,0
2007-06-26,GLD,0
2007-06-26,XLB,0.33333333333333331
2007-06-26,XLE,0.33333333333333331
2007-06-26,XLF,0
2007-06-26,XLI,0
2007-06-26,XLK,0
2007-06-26,XLP,0
2007-06-26,XLU,0.33333333333333331
2007-06-26,XLV,0
2007-06-26,XLY,0
2007-06-27,GLD,0
2007-06-27,XLB,0.33333333333333331
2007-06-27,XLE,0.33333333333333331
2007-06-27,XLF,0
2007-06-27,XLI,0
2007-06-27,XLK,0
2007-06-27,XLP,0
2007-06-27,XLU,0.33333333333333331
2007-06-27,XLV,0
2007-06-27,XLY,0
2007-06-28,GLD,0
2007-06-28,XLB,0.33333333333333331
2007-06-28,XLE,0.33333333333333331
2007-06-28,XLF,0
2007-06-28,XLI,0
2007-06-28,XLK,0.33333333333333331
2007-06-28,XLP,0
2007-06-28,XLU,0
2007-06-28,XLV,0
2007-06-28,XLY,0
2007-06-29,GLD,0
2007-06-29,XLB,0.33333333333333331
2007-06-29,XLE,0.33333333333333331
2007-06-29,XLF,0
2007-06-29,XLI,0
2007-06-29,XLK,0.33333333333333331
2007-06-29,XLP,0
2007-06-29,XLU,0
2007-06-29,XLV,0
2007-06-29,XLY,0
2007-07-02,GLD,0
2007-07-02,XLB,0.33333333333333331
2007-07-02,XLE,0.33333333333333331
2007-07-02,XLF,0
2007-07-02,XLI,0
2007-07-02,XLK,0.33333333333333331
2007-07-02,XLP,0
2007-07-02,XLU,0
2007-07-02,XLV,0
2007-07-02,XLY,0
2007-07-03,GLD,0
2007-07-03,XLB,0.33333333333333331
2007-07-03,XLE,0.33333333333333331
2007-07-03,XLF,0
2007-07-03,XLI,0
2007-07-03,XLK,0.33333333333333331
2007-07-03,XLP,0
2007-07-03,XLU,0
2007-07-03,XLV,0
2007-07-03,XLY,0
2007-07-05,GLD,0
2007-07-05,XLB,0.33333333333333331
2007-07-05,XLE,0.33333333333333331
2007-07-05,XLF,0
2007-07-05,XLI,0
2007-07-05,XLK,0.33333333333333331
2007-07-05,XLP,0
2007-07-05,XLU,0
2007-07-05,XLV,0
2007-07-05,XLY,0
2007-07-06,GLD,0
2007-07-06,XLB,0.33333333333333331
2007-07-06,XLE,0.33333333333333331
2007-07-06,XLF,0
2007-07-06,XLI,0
2007-07-06,XLK,0.33333333333333331
2007-07-06,XLP,0
2007-07-06,XLU,0
2007-07-06,XLV,0
2007-07-06,XLY,0
2007-07-09,GLD,0
2007-07-09,XLB,0.33333333333333331
2007-07-09,XLE,0.33333333333333331
2007-07-09,XLF,0
2007-07-09,XLI,0
2007-07-09,XLK,0.33333333333333331
2007-07-09,XLP,0
2007-07-09,XLU,0
2007-07-09,XLV,0
2007-07-09,XLY,0
2007-07-10,GLD,0
2007-07-10,XLB,0.33333333333333331
2007-07-10,XLE,0.33333333333333331
2007-07-10,XLF,0
2007-07-10,XLI,0
2007-07-10,XLK,0.33333333333333331
2007-07-10,XLP,0
2007-07-10,XLU,0
2007-07-10,XLV,0
2007-07-10,XLY,0
2007-07-11,GLD,0
2007-07-11,XLB,0.33333333333333331
2007-07-11,XLE,0.33333333333333331
2007-07-11,XLF,0
2007-07-11,XLI,0
2007-07-11,XLK,0.33333333333333331
2007-07-11,XLP,0
2007-07-11,XLU,0
2007-07-11,XLV,0
2007-07-11,XLY,0
2007-07-12,GLD,0
2007-07-12,XLB,0.33333333333333331
2007-07-12,XLE,0.33333333333333331
2007-07-12,XLF,0
2007-07-12,XLI,0
2007-07-12,XLK,0.33333333333333331
2007-07-12,XLP,0
2007-07-12,XLU,0
2007-07-12,XLV,0
2007-07-12,XLY,0
2007-07-13,GLD,0
2007-07-13,XLB,0.33333333333333331
2007-07-13,XLE,0.33333333333333331
2007-07-13,XLF,0
2007-07-13,XLI,0
2007-07-13,XLK,0.33333333333333331
2007-07-13,XLP,0
2007-07-13,XLU,0
2007-07-13,XLV,0
2007-07-13,XLY,0
2007-07-16,GLD,0
2007-07-16,XLB,0.33333333333333331
2007-07-16,XLE,0.33333333333333331
2007-07-16,XLF,0
2007-07-16,XLI,0
2007-07-16,XLK,0.33333333333333331
2007-07-16,XLP,0
2007-07-16,XLU,0
2007-07-16,XLV,0
2007-07-16,XLY,0
2007-07-17,GLD,0
2007-07-17,XLB,0.33333333333333331
2007-07-17,XLE,0.33333333333333331
2007-07-17,XLF,0
2007-07-17,XLI,0
2007-07-17,XLK,0.33333333333333331
2007-07-17,XLP,0
2007-07-17,XLU,0
2007-07-17,XLV,0
2007-07-17,XLY,0
2007-07-18,GLD,0
2007-07-18,XLB,0.33333333333333331
2007-07-18,XLE,0.33333333333333331
2007-07-18,XLF,0
2007-07-18,XLI,0
2007-07-18,XLK,0.33333333333333331
2007-07-18,XLP,0
2007-07-18,XLU,0
2007-07-18,XLV,0
2007-07-18,XLY,0
2007-07-19,GLD,0
2007-07-19,XLB,0.33333333333333331
2007-07-19,XLE,0.33333333333333331
2007-07-19,XLF,0
2007-07-19,XLI,0
2007-07-19,XLK,0.33333333333333331
2007-07-19,XLP,0
2007-07-19,XLU,0
2007-07-19,XLV,0
2007-07-19,XLY,0
2007-07-20,GLD,0
2007-07-20,XLB,0.33333333333333331
2007-07-20,XLE,0.33333333333333331
2007-07-20,XLF,0
2007-07-20,XLI,0
2007-07-20,XLK,0.33333333333333331
2007-07-20,XLP,0
2007-07-20,XLU,0
2007-07-20,XLV,0
2007-07-20,XLY,0
2007-07-23,GLD,0
2007-07-23,XLB,0.33333333333333331
2007-07-23,XLE,0.33333333333333331
2007-07-23,XLF,0
2007-07-23,XLI,0
2007-07-23,XLK,0.33333333333333331
2007-07-23,XLP,0
2007-07-23,XLU,0
2007-07-23,XLV,0
2007-07-23,XLY,0
2007-07-24,GLD,0
2007-07-24,XLB,0.33333333333333331
2007-07-24,XLE,0.33333333333333331
2007-07-24,XLF,0
2007-07-24,XLI,0
2007-07-24,XLK,0.33333333333333331
2007-07-24,XLP,0
2007-07-24,XLU,0
2007-07-24,XLV,0
2007-07-24,XLY,0
2007-07-25,GLD,0
2007-07-25,XLB,0.33333333333333331
2007-07-25,XLE,0.33333333333333331
2007-07-25,XLF,0
2007-07-25,XLI,0
2007-07-25,XLK,0.33333333333333331
2007-07-25,XLP,0
2007-07-25,XLU,0
2007-07-25,XLV,0
2007-07-25,XLY,0
2007-07-26,GLD,0
2007-07-26,XLB,0.33333333333333331
2007-07-26,XLE,0.33333333333333331
2007-07-26,XLF,0
2007-07-26,XLI,0
2007-07-26,XLK,0.33333333333333331
2007-07-26,XLP,0
2007-07-26,XLU,0
2007-07-26,XLV,0
2007-07-26,XLY,0
2007-07-27,GLD,0
2007-07-27,XLB,0.33333333333333331
2007-07-27,XLE,0.33333333333333331
2007-07-27,XLF,0
2007-07-27,XLI,0
2007-07-27,XLK,0.33333333333333331
2007-07-27,XLP,0
2007-07-27,XLU,0
2007-07-27,XLV,0
2007-07-27,XLY,0
2007-07-30,GLD,0
2007-07-30,XLB,0.33333333333333331
2007-07-30,XLE,0.33333333333333331
2007-07-30,XLF,0
2007-07-30,XLI,0.33333333333333331
2007-07-30,XLK,0
2007-07-30,XLP,0
2007-07-30,XLU,0
2007-07-30,XLV,0
2007-07-30,XLY,0
2007-07-31,GLD,0
2007-07-31,XLB,0.33333333333333331
2007-07-31,XLE,0.33333333333333331
2007-07-31,XLF,0
2007-07-31,XLI,0.33333333333333331
2007-07-31,XLK,0
2007-07-31,XLP,0
2007-07-31,XLU,0
2007-07-31,XLV,0
2007-07-31,XLY,0
2007-08-01,GLD,0
2007-08-01,XLB,0.33333333333333331
2007-08-01,XLE,0.33333333333333331
2007-08-01,XLF,0
2007-08-01,XLI,0.33333333333333331
2007-08-01,XLK,0
2007-08-01,XLP,0
2007-08-01,XLU,0
2007-08-01,XLV,0
2007-08-01,XLY,0
2007-08-02,GLD,0
2007-08-02,XLB,0.33333333333333331
2007-08-02,XLE,0.33333333333333331
2007-08-02,XLF,0
2007-08-02,XLI,0.33333333333333331
2007-08-02,XLK,0
2007-08-02,XLP,0
2007-08-02,XLU,0
2007-08-02,XLV,0
2007-08-02,XLY,0
2007-08-03,GLD,0
2007-08-03,XLB,0.33333333333333331
2007-08-03,XLE,0.33333333333333331
2007-08-03,XLF,0
2007-08-03,XLI,0.33333333333333331
2007-08-03,XLK,0
2007-08-03,XLP,0
2007-08-03,XLU,0
2007-08-03,XLV,0
2007-08-03,XLY,0
2007-08-06,GLD,0
2007-08-06,XLB,0.33333333333333331
2007-08-06,XLE,0.33333333333333331
2007-08-06,XLF,0
2007-08-06,XLI,0.33333333333333331
2007-08-06,XLK,0
2007-08-06,XLP,0
2007-08-06,XLU,0
2007-08-06,XLV,0
2007-08-06,XLY,0
2007-08-07,GLD,0
2007-08-07,XLB,0.33333333333333331
2007-08-07,XLE,0.33333333333333331
2007-08-07,XLF,0
2007-08-07,XLI,0.33333333333333331
2007-08-07,XLK,0
2007-08-07,XLP,0
2007-08-07,XLU,0
2007-08-07,XLV,0
2007-08-07,XLY,0
2007-08-08,GLD,0
2007-08-08,XLB,0.33333333333333331
2007-08-08,XLE,0.33333333333333331
2007-08-08,XLF,0
2007-08-08,XLI,0.33333333333333331
2007-08-08,XLK,0
2007-08-08,XLP,0
2007-08-08,XLU,0
2007-08-08,XLV,0
2007-08-08,XLY,0
2007-08-09,GLD,0
2007-08-09,XLB,0.33333333333333331
2007-08-09,XLE,0.33333333333333331
2007-08-09,XLF,0
2007-08-09,XLI,0.33333333333333331
2007-08-09,XLK,0
2007-08-09,XLP,0
2007-08-09,XLU,0
2007-08-09,XLV,0
2007-08-09,XLY,0
2007-08-10,GLD,0
2007-08-10,XLB,0.33333333333333331
2007-08-10,XLE,0.33333333333333331
2007-08-10,XLF,0
2007-08-10,XLI,0.33333333333333331
2007-08-10,XLK,0
2007-08-10,XLP,0
2007-08-10,XLU,0
2007-08-10,XLV,0
2007-08-10,XLY,0
2007-08-13,GLD,0
2007-08-13,XLB,0.33333333333333331
2007-08-13,XLE,0.33333333333333331
2007-08-13,XLF,0
2007-08-13,XLI,0.33333333333333331
2007-08-13,XLK,0
2007-08-13,XLP,0
2007-08-13,XLU,0
2007-08-13,XLV,0
2007-08-13,XLY,0
2007-08-14,GLD,0
2007-08-14,XLB,0.33333333333333331
2007-08-14,XLE,0.33333333333333331
2007-08-14,XLF,0
2007-08-14,XLI,0.33333333333333331
2007-08-14,XLK,0
2007-08-14,XLP,0
2007-08-14,XLU,0
2007-08-14,XLV,0
2007-08-14,XLY,0
2007-08-15,GLD,0
2007-08-15,XLB,0.33333333333333331
2007-08-15,XLE,0.33333333333333331
2007-08-15,XLF,0
2007-08-15,XLI,0.33333333333333331
2007-08-15,XLK,0
2007-08-15,XLP,0
2007-08-15,XLU,0
2007-08-15,XLV,0
2007-08-15,XLY,0
2007-08-16,GLD,0
2007-08-16,XLB,0.33333333333333331
2007-08-16,XLE,0.33333333333333331
2007-08-16,XLF,0
2007-08-16,XLI,0.33333333333333331
2007-08-16,XLK,0
2007-08-16,XLP,0
2007-08-16,XLU,0
2007-08-16,XLV,0
2007-08-16,XLY,0
2007-08-17,GLD,0
2007-08-17,XLB,0.33333333333333331
2007-08-17,XLE,0.33333333333333331
2007-08-17,XLF,0
2007-08-17,XLI,0.33333333333333331
2007-08-17,XLK,0
2007-08-17,XLP,0
2007-08-17,XLU,0
2007-08-17,XLV,0
2007-08-17,XLY,0
2007-08-20,GLD,0
2007-08-20,XLB,0.33333333333333331
2007-08-20,XLE,0.33333333333333331
2007-08-20,XLF,0
2007-08-20,XLI,0.33333333333333331
2007-08-20,XLK,0
2007-08-20,XLP,0
2007-08-20,XLU,0
2007-08-20,XLV,0
2007-08-20,XLY,0
2007-08-21,GLD,0
2007-08-21,XLB,0.33333333333333331
2007-08-21,XLE,0.33333333333333331
2007-08-21,XLF,0
2007-08-21,XLI,0.33333333333333331
2007-08-21,XLK,0
2007-08-21,XLP,0
2007-08-21,XLU,0
2007-08-21,XLV,0
2007-08-21,XLY,0
2007-08-22,GLD,0
2007-08-22,XLB,0.33333333333333331
2007-08-22,XLE,0.33333333333333331
2007-08-22,XLF,0
2007-08-22,XLI,0.33333333333333331
2007-08-22,XLK,0
2007-08-22,XLP,0
2007-08-22,XLU,0
2007-08-22,XLV,0
2007-08-22,XLY,0
2007-08-23,GLD,0
2007-08-23,XLB,0.33333333333333331
2007-08-23,XLE,0.33333333333333331
2007-08-23,XLF,0
2007-08-23,XLI,0.33333333333333331
2007-08-23,XLK,0
2007-08-23,XLP,0
2007-08-23,XLU,0
2007-08-23,XLV,0
2007-08-23,XLY,0
2007-08-24,GLD,0
2007-08-24,XLB,0.33333333333333331
2007-08-24,XLE,0.33333333333333331
2007-08-24,XLF,0
2007-08-24,XLI,0.33333333333333331
2007-08-24,XLK,0
2007-08-24,XLP,0
2007-08-24,XLU,0
2007-08-24,XLV,0
2007-08-24,XLY,0
2007-08-27,GLD,0
2007-08-27,XLB,0.33333333333333331
2007-08-27,XLE,0.33333333333333331
2007-08-27,XLF,0
2007-08-27,XLI,0.33333333333333331
2007-08-27,XLK,0
2007-08-27,XLP,0
2007-08-27,XLU,0
2007-08-27,XLV,0
2007-08-27,XLY,0
2007-08-28,GLD,0
2007-08-28,XLB,0
2007-08-28,XLE,0.33333333333333331
2007-08-28,XLF,0
2007-08-28,XLI,0.33333333333333331
2007-08-28,XLK,0.33333333333333331
2007-08-28,XLP,0
2007-08-28,XLU,0
2007-08-28,XLV,0
2007-08-28,XLY,0
2007-08-29,GLD,0
2007-08-29,XLB,0
2007-08-29,XLE,0.33333333333333331
2007-08-29,XLF,0
2007-08-29,XLI,0.33333333333333331
2007-08-29,XLK,0.33333333333333331
2007-08-29,XLP,0
2007-08-29,XLU,0
2007-08-29,XLV,0
2007-08-29,XLY,0
2007-08-30,GLD,0
2007-08-30,XLB,0
2007-08-30,XLE,0.33333333333333331
2007-08-30,XLF,0
2007-08-30,XLI,0.33333333333333331
2007-08-30,XLK,0.33333333333333331
2007-08-30,XLP,0
2007-08-30,XLU,0
2007-08-30,XLV,0
2007-08-30,XLY,0
2007-08-31,GLD,0
2007-08-31,XLB,0
2007-08-31,XLE,0.33333333333333331
2007-08-31,XLF,0
2007-08-31,XLI,0.33333333333333331
2007-08-31,XLK,0.33333333333333331
2007-08-31,XLP,0
2007-08-31,XLU,0
2007-08-31,XLV,0
2007-08-31,XLY,0
2007-09-04,GLD,0
2007-09-04,XLB,0
2007-09-04,XLE,0.33333333333333331
2007-09-04,XLF,0
2007-09-04,XLI,0.33333333333333331
2007-09-04,XLK,0.33333333333333331
2007-09-04,XLP,0
2007-09-04,XLU,0
2007-09-04,XLV,0
2007-09-04,XLY,0
2007-09-05,GLD,0
2007-09-05,XLB,0
2007-09-05,XLE,0.33333333333333331
2007-09-05,XLF,0
2007-09-05,XLI,0.33333333333333331
2007-09-05,XLK,0.33333333333333331
2007-09-05,XLP,0
2007-09-05,XLU,0
2007-09-05,XLV,0
2007-09-05,XLY,0
2007-09-06,GLD,0
2007-09-06,XLB,0
2007-09-06,XLE,0.33333333333333331
2007-09-06,XLF,0
2007-09-06,XLI,0.33333333333333331
2007-09-06,XLK,0.33333333333333331
2007-09-06,XLP,0
2007-09-06,XLU,0
2007-09-06,XLV,0
2007-09-06,XLY,0
2007-09-07,GLD,0
2007-09-07,XLB,0
2007-09-07,XLE,0.33333333333333331
2007-09-07,XLF,0
2007-09-07,XLI,0.33333333333333331
2007-09-07,XLK,0.33333333333333331
2007-09-07,XLP,0
2007-09-07,XLU,0
2007-09-07,XLV,0
2007-09-07,XLY,0
2007-09-10,GLD,0
2007-09-10,XLB,0
2007-09-10,XLE,0.33333333333333331
2007-09-10,XLF,0
2007-09-10,XLI,0.33333333333333331
2007-09-10,XLK,0.33333333333333331
2007-09-10,XLP,0
2007-09-10,XLU,0
2007-09-10,XLV,0
2007-09-10,XLY,0
2007-09-11,GLD,0
2007-09-11,XLB,0
2007-09-11,XLE,0.33333333333333331
2007-09-11,XLF,0
2007-09-11,XLI,0.33333333333333331
2007-09-11,XLK,0.33333333333333331
2007-09-11,XLP,0
2007-09-11,XLU,0
2007-09-11,XLV,0
2007-09-11,XLY,0
2007-09-12,GLD,0
2007-09-12,XLB,0
2007-09-12,XLE,0.33333333333333331
2007-09-12,XLF,0
2007-09-12,XLI,0.33333333333333331
2007-09-12,XLK,0.33333333333333331
2007-09-12,XLP,0
2007-09-12,XLU,0
2007-09-12,XLV,0
2007-09-12,XLY,0
2007-09-13,GLD,0
2007-09-13,XLB,0
2007-09-13,XLE,0.33333333333333331
2007-09-13,XLF,0
2007-09-13,XLI,0.33333333333333331
2007-09-13,XLK,0.33333333333333331
2007-09-13,XLP,0
2007-09-13,XLU,0
2007-09-13,XLV,0
2007-09-13,XLY,0
2007-09-14,GLD,0
2007-09-14,XLB,0
2007-09-14,XLE,0.33333333333333331
2007-09-14,XLF,0
2007-09-14,XLI,0.33333333333333331
2007-09-14,XLK,0.33333333333333331
2007-09-14,XLP,0
2007-09-14,XLU,0
2007-09-14,XLV,0
2007-09-14,XLY,0
2007-09-17,GLD,0
2007-09-17,XLB,0
2007-09-17,XLE,0.33333333333333331
2007-09-17,XLF,0
2007-09-17,XLI,0.33333333333333331
2007-09-17,XLK,0.33333333333333331
2007-09-17,XLP,0
2007-09-17,XLU,0
2007-09-17,XLV,0
2007-09-17,XLY,0
2007-09-18,GLD,0
2007-09-18,XLB,0
2007-09-18,XLE,0.33333333333333331
2007-09-18,XLF,0
2007-09-18,XLI,0.33333333333333331
2007-09-18,XLK,0.33333333333333331
2007-09-18,XLP,0
2007-09-18,XLU,0
2007-09-18,XLV,0
2007-09-18,XLY,0
2007-09-19,GLD,0
2007-09-19,XLB,0
2007-09-19,XLE,0.33333333333333331
2007-09-19,XLF,0
2007-09-19,XLI,0.33333333333333331
2007-09-19,XLK,0.33333333333333331
2007-09-19,XLP,0
2007-09-19,XLU,0
2007-09-19,XLV,0
2007-09-19,XLY,0
2007-09-20,GLD,0
2007-09-20,XLB,0
2007-09-20,XLE,0.33333333333333331
2007-09-20,XLF,0
2007-09-20,XLI,0.33333333333333331
2007-09-20,XLK,0.33333333333333331
2007-09-20,XLP,0
2007-09-20,XLU,0
2007-09-20,XLV,0
2007-09-20,XLY,0
2007-09-21,GLD,0
2007-09-21,XLB,0
2007-09-21,XLE,0.33333333333333331
2007-09-21,XLF,0
2007-09-21,XLI,0.33333333333333331
2007-09-21,XLK,0.33333333333333331
2007-09-21,XLP,0
2007-09-21,XLU,0
2007-09-21,XLV,0
2007-09-21,XLY,0
2007-09-24,GLD,0
2007-09-24,XLB,0
2007-09-24,XLE,0.33333333333333331
2007-09-24,XLF,0
2007-09-24,XLI,0.33333333333333331
2007-09-24,XLK,0.33333333333333331
2007-09-24,XLP,0
2007-09-24,XLU,0
2007-09-24,XLV,0
2007-09-24,XLY,0
2007-09-25,GLD,0
2007-09-25,XLB,0
2007-09-25,XLE,0.33333333333333331
2007-09-25,XLF,0
2007-09-25,XLI,0.33333333333333331
2007-09-25,XLK,0.33333333333333331
2007-09-25,XLP,0
2007-09-25,XLU,0
2007-09-25,XLV,0
2007-09-25,XLY,0
2007-09-26,GLD,0
2007-09-26,XLB,0
2007-09-26,XLE,0.33333333333333331
2007-09-26,XLF,0
2007-09-26,XLI,0.33333333333333331
2007-09-26,XLK,0.33333333333333331
2007-09-26,XLP,0
2007-09-26,XLU,0
2007-09-26,XLV,0
2007-09-26,XLY,0
2007-09-27,GLD,0
2007-09-27,XLB,0
2007-09-27,XLE,0.33333333333333331
2007-09-27,XLF,0
2007-09-27,XLI,0.33333333333333331
2007-09-27,XLK,0.33333333333333331
2007-09-27,XLP,0
2007-09-27,XLU,0
2007-09-27,XLV,0
2007-09-27,XLY,0
2007-09-28,GLD,0
2007-09-28,XLB,0
2007-09-28,XLE,0.33333333333333331
2007-09-28,XLF,0
2007-09-28,XLI,0.33333333333333331
2007-09-28,XLK,0.33333333333333331
2007-09-28,XLP,0
2007-09-28,XLU,0
2007-09-28,XLV,0
2007-09-28,XLY,0
2007-10-01,GLD,0
2007-10-01,XLB,0
2007-10-01,XLE,0.33333333333333331
2007-10-01,XLF,0
2007-10-01,XLI,0.33333333333333331
2007-10-01,XLK,0.33333333333333331
2007-10-01,XLP,0
2007-10-01,XLU,0
2007-10-01,XLV,0
2007-10-01,XLY,0
2007-10-02,GLD,0
2007-10-02,XLB,0
2007-10-02,XLE,0.33333333333333331
2007-10-02,XLF,0
2007-10-02,XLI,0.33333333333333331
2007-10-02,XLK,0.33333333333333331
2007-10-02,XLP,0
2007-10-02,XLU,0
2007-10-02,XLV,0
2007-10-02,XLY,0
2007-10-03,GLD,0
2007-10-03,XLB,0
2007-10-03,XLE,0.33333333333333331
2007-10-03,XLF,0
2007-10-03,XLI,0.33333333333333331
2007-10-03,XLK,0.33333333333333331
2007-10-03,XLP,0
2007-10-03,XLU,0
2007-10-03,XLV,0
2007-10-03,XLY,0
2007-10-04,GLD,0
2007-10-04,XLB,0
2007-10-04,XLE,0.33333333333333331
2007-10-04,XLF,0
2007-10-04,XLI,0.33333333333333331
2007-10-04,XLK,0.33333333333333331
2007-10-04,XLP,0
2007-10-04,XLU,0
2007-10-04,XLV,0
2007-10-04,XLY,0
2007-10-05,GLD,0
2007-10-05,XLB,0
2007-10-05,XLE,0.33333333333333331
2007-10-05,XLF,0
2007-10-05,XLI,0.33333333333333331
2007-10-05,XLK,0.33333333333333331
2007-10-05,XLP,0
2007-10-05,XLU,0
2007-10-05,XLV,0
2007-10-05,XLY,0
2007-10-08,GLD,0
2007-10-08,XLB,0
2007-10-08,XLE,0.33333333333333331
2007-10-08,XLF,0
2007-10-08,XLI,0.33333333333333331
2007-10-08,XLK,0.33333333333333331
2007-10-08,XLP,0
2007-10-08,XLU,0
2007-10-08,XLV,0
2007-10-08,XLY,0
2007-10-09,GLD,0
2007-10-09,XLB,0
2007-10-09,XLE,0.33333333333333331
2007-10-09,XLF,0
2007-10-09,XLI,0.33333333333333331
2007-10-09,XLK,0.33333333333333331
2007-10-09,XLP,0
2007-10-09,XLU,0
2007-10-09,XLV,0
2007-10-09,XLY,0
2007-10-10,GLD,0
2007-10-10,XLB,0
2007-10-10,XLE,0.33333333333333331
2007-10-10,XLF,0
2007-10-10,XLI,0.33333333333333331
2007-10-10,XLK,0.33333333333333331
2007-10-10,XLP,0
2007-10-10,XLU,0
2007-10-10,XLV,0
2007-10-10,XLY,0
2007-10-11,GLD,0
2007-10-11,XLB,0
2007-10-11,XLE,0.33333333333333331
2007-10-11,XLF,0
2007-10-11,XLI,0.33333333333333331
2007-10-11,XLK,0.33333333333333331
2007-10-11,XLP,0
2007-10-11,XLU,0
2007-10-11,XLV,0
2007-10-11,XLY,0
2007-10-12,GLD,0
2007-10-12,XLB,0
2007-10-12,XLE,0.33333333333333331
2007-10-12,XLF,0
2007-10-12,XLI,0.33333333333333331
2007-10-12,XLK,0.33333333333333331
2007-10-12,XLP,0
2007-10-12,XLU,0
2007-10-12,XLV,0
2007-10-12,XLY,0
2007-10-15,GLD,0
2007-10-15,XLB,0
2007-10-15,XLE,0.33333333333333331
2007-10-15,XLF,0
2007-10-15,XLI,0.33333333333333331
2007-10-15,XLK,0.33333333333333331
2007-10-15,XLP,0
2007-10-15,XLU,0
2007-10-15,XLV,0
2007-10-15,XLY,0
2007-10-16,GLD,0
2007-10-16,XLB,0
2007-10-16,XLE,0.33333333333333331
2007-10-16,XLF,0
2007-10-16,XLI,0.33333333333333331
2007-10-16,XLK,0.33333333333333331
2007-10-16,XLP,0
2007-10-16,XLU,0
2007-10-16,XLV,0
2007-10-16,XLY,0
2007-10-17,GLD,0
2007-10-17,XLB,0
2007-10-17,XLE,0.33333333333333331
2007-10-17,XLF,0
2007-10-17,XLI,0.33333333333333331
2007-10-17,XLK,0.33333333333333331
2007-10-17,XLP,0
2007-10-17,XLU,0
2007-10-17,XLV,0
2007-10-17,XLY,0
2007-10-18,GLD,0
2007-10-18,XLB,0
2007-10-18,XLE,0.33333333333333331
2007-10-18,XLF,0
2007-10-18,XLI,0.33333333333333331
2007-10-18,XLK,0.33333333333333331
2007-10-18,XLP,0
2007-10-18,XLU,0
2007-10-18,XLV,0
2007-10-18,XLY,0
2007-10-19,GLD,0
2007-10-19,XLB,0
2007-10-19,XLE,0.33333333333333331
2007-10-19,XLF,0
2007-10-19,XLI,0.33333333333333331
2007-10-19,XLK,0.33333333333333331
2007-10-19,XLP,0
2007-10-19,XLU,0
2007-10-19,XLV,0
2007-10-19,XLY,0
2007-10-22,GLD,0
2007-10-22,XLB,0
2007-10-22,XLE,0.33333333333333331
2007-10-22,XLF,0
2007-10-22,XLI,0.33333333333333331
2007-10-22,XLK,0.33333333333333331
2007-10-22,XLP,0
2007-10-22,XLU,0
2007-10-22,XLV,0
2007-10-22,XLY,0
2007-10-23,GLD,0
2007-10-23,XLB,0
2007-10-23,XLE,0.33333333333333331
2007-10-23,XLF,0
2007-10-23,XLI,0.33333333333333331
2007-10-23,XLK,0.33333333333333331
2007-10-23,XLP,0
2007-10-23,XLU,0
2007-10-23,XLV,0
2007-10-23,XLY,0
2007-10-24,GLD,0
2007-10-24,XLB,0
2007-10-24,XLE,0.33333333333333331
2007-10-24,XLF,0
2007-10-24,XLI,0.33333333333333331
2007-10-24,XLK,0.33333333333333331
2007-10-24,XLP,0
2007-10-24,XLU,0
2007-10-24,XLV,0
2007-10-24,XLY,0
2007-10-25,GLD,0
2007-10-25,XLB,0
2007-10-25,XLE,0.33333333333333331
2007-10-25,XLF,0
2007-10-25,XLI,0.33333333333333331
2007-10-25,XLK,0.33333333333333331
2007-10-25,XLP,0
2007-10-25,XLU,0
2007-10-25,XLV,0
2007-10-25,XLY,0
2007-10-26,GLD,0.66666666666666663
2007-10-26,XLB,0
2007-10-26,XLE,0.33333333333333331
2007-10-26,XLF,0
2007-10-26,XLI,0
2007-10-26,XLK,0
2007-10-26,XLP,0
2007-10-26,XLU,0
2007-10-26,XLV,0
2007-10-26,XLY,0
2007-10-29,GLD,0.66666666666666663
2007-10-29,XLB,0
2007-10-29,XLE,0.33333333333333331
2007-10-29,XLF,0
2007-10-29,XLI,0
2007-10-29,XLK,0
2007-10-29,XLP,0
2007-10-29,XLU,0
2007-10-29,XLV,0
2007-10-29,XLY,0
2007-10-30,GLD,0.66666666666666663
2007-10-30,XLB,0
2007-10-30,XLE,0.33333333333333331
2007-10-30,XLF,0
2007-10-30,XLI,0
2007-10-30,XLK,0
2007-10-30,XLP,0
2007-10-30,XLU,0
2007-10-30,XLV,0
2007-10-30,XLY,0
2007-10-31,GLD,0.66666666666666663
2007-10-31,XLB,0
2007-10-31,XLE,0.33333333333333331
2007-10-31,XLF,0
2007-10-31,XLI,0
2007-10-31,XLK,0
2007-10-31,XLP,0
2007-10-31,XLU,0
2007-10-31,XLV,0
2007-10-31,XLY,0
2007-11-01,GLD,0.66666666666666663
2007-11-01,XLB,0
2007-11-01,XLE,0.33333333333333331
2007-11-01,XLF,0
2007-11-01,XLI,0
2007-11-01,XLK,0
2007-11-01,XLP,0
2007-11-01,XLU,0
2007-11-01,XLV,0
2007-11-01,XLY,0
2007-11-02,GLD,0.66666666666666663
2007-11-02,XLB,0
2007-11-02,XLE,0.33333333333333331
2007-11-02,XLF,0
2007-11-02,XLI,0
2007-11-02,XLK,0
2007-11-02,XLP,0
2007-11-02,XLU,0
2007-11-02,XLV,0
2007-11-02,XLY,0
2007-11-05,GLD,0.66666666666666663
2007-11-05,XLB,0
2007-11-05,XLE,0.33333333333333331
2007-11-05,XLF,0
2007-11-05,XLI,0
2007-11-05,XLK,0
2007-11-05,XLP,0
2007-11-05,XLU,0
2007-11-05,XLV,0
2007-11-05,XLY,0
2007-11-06,GLD,0.66666666666666663
2007-11-06,XLB,0
2007-11-06,XLE,0.33333333333333331
2007-11-06,XLF,0
2007-11-06,XLI,0
2007-11-06,XLK,0
2007-11-06,XLP,0
2007-11-06,XLU,0
2007-11-06,XLV,0
2007-11-06,XLY,0
2007-11-07,GLD,0.66666666666666663
2007-11-07,XLB,0
2007-11-07,XLE,0.33333333333333331
2007-11-07,XLF,0
2007-11-07,XLI,0
2007-11-07,XLK,0
2007-11-07,XLP,0
2007-11-07,XLU,0
2007-11-07,XLV,0
2007-11-07,XLY,0
2007-11-08,GLD,0.66666666666666663
2007-11-08,XLB,0
2007-11-08,XLE,0.33333333333333331
2007-11-08,XLF,0
2007-11-08,XLI,0
2007-11-08,XLK,0
2007-11-08,XLP,0
2007-11-08,XLU,0
2007-11-08,XLV,0
2007-11-08,XLY,0
2007-11-09,GLD,0.66666666666666663
2007-11-09,XLB,0
2007-11-09,XLE,0.33333333333333331
2007-11-09,XLF,0
2007-11-09,XLI,0
2007-11-09,XLK,0
2007-11-09,XLP,0
2007-11-09,XLU,0
2007-11-09,XLV,0
2007-11-09,XLY,0
2007-11-12,GLD,0.66666666666666663
2007-11-12,XLB,0
2007-11-12,XLE,0.33333333333333331
2007-11-12,XLF,0
2007-11-12,XLI,0
2007-11-12,XLK,0
2007-11-12,XLP,0
2007-11-12,XLU,0
2007-11-12,XLV,0
2007-11-12,XLY,0
2007-11-13,GLD,0.66666666666666663
2007-11-13,XLB,0
2007-11-13,XLE,0.33333333333333331
2007-11-13,XLF,0
2007-11-13,XLI,0
2007-11-13,XLK,0
2007-11-13,XLP,0
2007-11-13,XLU,0
2007-11-13,XLV,0
2007-11-13,XLY,0
2007-11-14,GLD,0.66666666666666663
2007-11-14,XLB,0
2007-11-14,XLE,0.33333333333333331
2007-11-14,XLF,0
2007-11-14,XLI,0
2007-11-14,XLK,0
2007-11-14,XLP,0
2007-11-14,XLU,0
2007-11-14,XLV,0
2007-11-14,XLY,0
2007-11-15,GLD,0.66666666666666663
2007-11-15,XLB,0
2007-11-15,XLE,0.33333333333333331
2007-11-15,XLF,0
2007-11-15,XLI,0
2007-11-15,XLK,0
2007-11-15,XLP,0
2007-11-15,XLU,0
2007-11-15,XLV,0
2007-11-15,XLY,0
2007-11-16,GLD,0.66666666666666663
2007-11-16,XLB,0
2007-11-16,XLE,0.33333333333333331
2007-11-16,XLF,0
2007-11-16,XLI,0
2007-11-16,XLK,0
2007-11-16,XLP,0
2007-11-16,XLU,0
2007-11-16,XLV,0
2007-11-16,XLY,0
2007-11-19,GLD,0.66666666666666663
2007-11-19,XLB,0
2007-11-19,XLE,0.33333333333333331
2007-11-19,XLF,0
2007-11-19,XLI,0
2007-11-19,XLK,0
2007-11-19,XLP,0
2007-11-19,XLU,0
2007-11-19,XLV,0
2007-11-19,XLY,0
2007-11-20,GLD,0.66666666666666663
2007-11-20,XLB,0
2007-11-20,XLE,0.33333333333333331
2007-11-20,XLF,0
2007-11-20,XLI,0
2007-11-20,XLK,0
2007-11-20,XLP,0
2007-11-20,XLU,0
2007-11-20,XLV,0
2007-11-20,XLY,0
2007-11-21,GLD,0.66666666666666663
2007-11-21,XLB,0
2007-11-21,XLE,0.33333333333333331
2007-11-21,XLF,0
2007-11-21,XLI,0
2007-11-21,XLK,0
2007-11-21,XLP,0
2007-11-21,XLU,0
2007-11-21,XLV,0
2007-11-21,XLY,0
2007-11-23,GLD,0.66666666666666663
2007-11-23,XLB,0
2007-11-23,XLE,0.33333333333333331
2007-11-23,XLF,0
2007-11-23,XLI,0
2007-11-23,XLK,0
2007-11-23,XLP,0
2007-11-23,XLU,0
2007-11-23,XLV,0
2007-11-23,XLY,0
2007-11-26,GLD,0.66666666666666663
2007-11-26,XLB,0
2007-11-26,XLE,0.33333333333333331
2007-11-26,XLF,0
2007-11-26,XLI,0
2007-11-26,XLK,0
2007-11-26,XLP,0
2007-11-26,XLU,0
2007-11-26,XLV,0
2007-11-26,XLY,0
2007-11-27,GLD,1
2007-11-27,XLB,0
2007-11-27,XLE,0
2007-11-27,XLF,0
2007-11-27,XLI,0
2007-11-27,XLK,0
2007-11-27,XLP,0
2007-11-27,XLU,0
2007-11-27,XLV,0
2007-11-27,XLY,0
2007-11-28,GLD,1
2007-11-28,XLB,0
2007-11-28,XLE,0
2007-11-28,XLF,0
2007-11-28,XLI,0
2007-11-28,XLK,0
2007-11-28,XLP,0
2007-11-28,XLU,0
2007-11-28,XLV,0
2007-11-28,XLY,0
2007-11-29,GLD,1
2007-11-29,XLB,0
2007-11-29,XLE,0
2007-11-29,XLF,0
2007-11-29,XLI,0
2007-11-29,XLK,0
2007-11-29,XLP,0
2007-11-29,XLU,0
2007-11-29,XLV,0
2007-11-29,XLY,0
2007-11-30,GLD,1
2007-11-30,XLB,0
2007-11-30,XLE,0
2007-11-30,XLF,0
2007-11-30,XLI,0
2007-11-30,XLK,0
2007-11-30,XLP,0
2007-11-30,XLU,0
2007-11-30,XLV,0
2007-11-30,XLY,0
2007-12-03,GLD,1
2007-12-03,XLB,0
2007-12-03,XLE,0
2007-12-03,XLF,0
2007-12-03,XLI,0
2007-12-03,XLK,0
2007-12-03,XLP,0
2007-12-03,XLU,0
2007-12-03,XLV,0
2007-12-03,XLY,0
2007-12-04,GLD,1
2007-12-04,XLB,0
2007-12-04,XLE,0
2007-12-04,XLF,0
2007-12-04,XLI,0
2007-12-04,XLK,0
2007-12-04,XLP,0
2007-12-04,XLU,0
2007-12-04,XLV,0
2007-12-04,XLY,0
2007-12-05,GLD,1
2007-12-05,XLB,0
2007-12-05,XLE,0
2007-12-05,XLF,0
2007-12-05,XLI,0
2007-12-05,XLK,0
2007-12-05,XLP,0
2007-12-05,XLU,0
2007-12-05,XLV,0
2007-12-05,XLY,0
2007-12-06,GLD,1
2007-12-06,XLB,0
2007-12-06,XLE,0
2007-12-06,XLF,0
2007-12-06,XLI,0
2007-12-06,XLK,0
2007-12-06,XLP,0
2007-12-06,XLU,0
2007-12-06,XLV,0
2007-12-06,XLY,0
2007-12-07,GLD,1
2007-12-07,XLB,0
2007-12-07,XLE,0
2007-12-07,XLF,0
2007-12-07,XLI,0
2007-12-07,XLK,0
2007-12-07,XLP,0
2007-12-07,XLU,0
2007-12-07,XLV,0
2007-12-07,XLY,0
2007-12-10,GLD,1
2007-12-10,XLB,0
2007-12-10,XLE,0
2007-12-10,XLF,0
2007-12-10,XLI,0
2007-12-10,XLK,0
2007-12-10,XLP,0
2007-12-10,XLU,0
2007-12-10,XLV,0
2007-12-10,XLY,0
2007-12-11,GLD,1
2007-12-11,XLB,0
2007-12-11,XLE,0
2007-12-11,XLF,0
2007-12-11,XLI,0
2007-12-11,XLK,0
2007-12-11,XLP,0
2007-12-11,XLU,0
2007-12-11,XLV,0
2007-12-11,XLY,0
2007-12-12,GLD,1
2007-12-12,XLB,0
2007-12-12,XLE,0
2007-12-12,XLF,0
2007-12-12,XLI,0
2007-12-12,XLK,0
2007-12-12,XLP,0
2007-12-12,XLU,0
2007-12-12,XLV,0
2007-12-12,XLY,0
2007-12-13,GLD,1
2007-12-13,XLB,0
2007-12-13,XLE,0
2007-12-13,XLF,0
2007-12-13,XLI,0
2007-12-13,XLK,0
2007-12-13,XLP,0
2007-12-13,XLU,0
2007-12-13,XLV,0
2007-12-13,XLY,0
2007-12-14,GLD,1
2007-12-14,XLB,0
2007-12-14,XLE,0
2007-12-14,XLF,0
2007-12-14,XLI,0
2007-12-14,XLK,0
2007-12-14,XLP,0
2007-12-14,XLU,0
2007-12-14,XLV,0
2007-12-14,XLY,0
2007-12-17,GLD,1
2007-12-17,XLB,0
2007-12-17,XLE,0
2007-12-17,XLF,0
2007-12-17,XLI,0
2007-12-17,XLK,0
2007-12-17,XLP,0
2007-12-17,XLU,0
2007-12-17,XLV,0
2007-12-17,XLY,0
2007-12-18,GLD,1
2007-12-18,XLB,0
2007-12-18,XLE,0
2007-12-18,XLF,0
2007-12-18,XLI,0
2007-12-18,XLK,0
2007-12-18,XLP,0
2007-12-18,XLU,0
2007-12-18,XLV,0
2007-12-18,XLY,0
2007-12-19,GLD,1
2007-12-19,XLB,0
2007-12-19,XLE,0
2007-12-19,XLF,0
2007-12-19,XLI,0
2007-12-19,XLK,0
2007-12-19,XLP,0
2007-12-19,XLU,0
2007-12-19,XLV,0
2007-12-19,XLY,0
2007-12-20,GLD,1
2007-12-20,XLB,0
2007-12-20,XLE,0
2007-12-20,XLF,0
2007-12-20,XLI,0
2007-12-20,XLK,0
2007-12-20,XLP,0
2007-12-20,XLU,0
2007-12-20,XLV,0
2007-12-20,XLY,0
2007-12-21,GLD,1
2007-12-21,XLB,0
2007-12-21,XLE,0
2007-12-21,XLF,0
2007-12-21,XLI,0
2007-12-21,XLK,0
2007-12-21,XLP,0
2007-12-21,XLU,0
2007-12-21,XLV,0
2007-12-21,XLY,0
2007-12-24,GLD,1
2007-12-24,XLB,0
2007-12-24,XLE,0
2007-12-24,XLF,0
2007-12-24,XLI,0
2007-12-24,XLK,0
2007-12-24,XLP,0
2007-12-24,XLU,0
2007-12-24,XLV,0
2007-12-24,XLY,0
2007-12-26,GLD,1
2007-12-26,XLB,0
2007-12-26,XLE,0
2007-12-26,XLF,0
2007-12-26,XLI,0
2007-12-26,XLK,0
2007-12-26,XLP,0
2007-12-26,XLU,0
2007-12-26,XLV,0
2007-12-26,XLY,0
2007-12-27,GLD,1
2007-12-27,XLB,0
2007-12-27,XLE,0
2007-12-27,XLF,0
2007-12-27,XLI,0
2007-12-27,XLK,0
2007-12-27,XLP,0
2007-12-27,XLU,0
2007-12-27,XLV,0
2007-12-27,XLY,0
2007-12-28,GLD,1
2007-12-28,XLB,0
2007-12-28,XLE,0
2007-12-28,XLF,0
2007-12-28,XLI,0
2007-12-28,XLK,0
2007-12-28,XLP,0
2007-12-28,XLU,0
2007-12-28,XLV,0
2007-12-28,XLY,0
2007-12-31,GLD,1
2007-12-31,XLB,0
2007-12-31,XLE,0
2007-12-31,XLF,0
2007-12-31,XLI,0
2007-12-31,XLK,0
2007-12-31,XLP,0
2007-12-31,XLU,0
2007-12-31,XLV,0
2007-12-31,XLY,0
2008-01-02,GLD,1
2008-01-02,XLB,0
2008-01-02,XLE,0
2008-01-02,XLF,0
2008-01-02,XLI,0
2008-01-02,XLK,0
2008-01-02,XLP,0
2008-01-02,XLU,0
2008-01-02,XLV,0
2008-01-02,XLY,0
2008-01-03,GLD,1
2008-01-03,XLB,0
2008-01-03,XLE,0
2008-01-03,XLF,0
2008-01-03,XLI,0
2008-01-03,XLK,0
2008-01-03,XLP,0
2008-01-03,XLU,0
2008-01-03,XLV,0
2008-01-03,XLY,0
2008-01-04,GLD,1
2008-01-04,XLB,0
2008-01-04,XLE,0
2008-01-04,XLF,0
2008-01-04,XLI,0
2008-01-04,XLK,0
2008-01-04,XLP,0
2008-01-04,XLU,0
2008-01-04,XLV,0
2008-01-04,XLY,0
2008-01-07,GLD,1
2008-01-07,XLB,0
2008-01-07,XLE,0
2008-01-07,XLF,0
2008-01-07,XLI,0
2008-01-07,XLK,0
2008-01-07,XLP,0
2008-01-07,XLU,0
2008-01-07,XLV,0
2008-01-07,XLY,0
2008-01-08,GLD,1
2008-01-08,XLB,0
2008-01-08,XLE,0
2008-01-08,XLF,0
2008-01-08,XLI,0
2008-01-08,XLK,0
2008-01-08,XLP,0
2008-01-08,XLU,0
2008-01-08,XLV,0
2008-01-08,XLY,0
2008-01-09,GLD,1
2008-01-09,XLB,0
2008-01-09,XLE,0
2008-01-09,XLF,0
2008-01-09,XLI,0
2008-01-09,XLK,0
2008-01-09,XLP,0
2008-01-09,XLU,0
2008-01-09,XLV,0
2008-01-09,XLY,0
2008-01-10,GLD,1
2008-01-10,XLB,0
2008-01-10,XLE,0
2008-01-10,XLF,0
2008-01-10,XLI,0
2008-01-10,XLK,0
2008-01-10,XLP,0
2008-01-10,XLU,0
2008-01-10,XLV,0
2008-01-10,XLY,0
2008-01-11,GLD,1
2008-01-11,XLB,0
2008-01-11,XLE,0
2008-01-11,XLF,0
2008-01-11,XLI,0
2008-01-11,XLK,0
2008-01-11,XLP,0
2008-01-11,XLU,0
2008-01-11,XLV,0
2008-01-11,XLY,0
2008-01-14,GLD,1
2008-01-14,XLB,0
2008-01-14,XLE,0
2008-01-14,XLF,0
2008-01-14,XLI,0
2008-01-14,XLK,0
2008-01-14,XLP,0
2008-01-14,XLU,0
2008-01-14,XLV,0
2008-01-14,XLY,0
2008-01-15,GLD,1
2008-01-15,XLB,0
2008-01-15,XLE,0
2008-01-15,XLF,0
2008-01-15,XLI,0
2008-01-15,XLK,0
2008-01-15,XLP,0
2008-01-15,XLU,0
2008-01-15,XLV,0
2008-01-15,XLY,0
2008-01-16,GLD,1
2008-01-16,XLB,0
2008-01-16,XLE,0
2008-01-16,XLF,0
2008-01-16,XLI,0
2008-01-16,XLK,0
2008-01-16,XLP,0
2008-01-16,XLU,0
2008-01-16,XLV,0
2008-01-16,XLY,0
2008-01-17,GLD,1
2008-01-17,XLB,0
2008-01-17,XLE,0
2008-01-17,XLF,0
2008-01-17,XLI,0
2008-01-17,XLK,0
2008-01-17,XLP,0
2008-01-17,XLU,0
2008-01-17,XLV,0
2008-01-17,XLY,0
2008-01-18,GLD,1
2008-01-18,XLB,0
2008-01-18,XLE,0
2008-01-18,XLF,0
2008-01-18,XLI,0
2008-01-18,XLK,0
2008-01-18,XLP,0
2008-01-18,XLU,0
2008-01-18,XLV,0
2008-01-18,XLY,0
2008-01-22,GLD,1
2008-01-22,XLB,0
2008-01-22,XLE,0
2008-01-22,XLF,0
2008-01-22,XLI,0
2008-01-22,XLK,0
2008-01-22,XLP,0
2008-01-22,XLU,0
2008-01-22,XLV,0
2008-01-22,XLY,0
2008-01-23,GLD,1
2008-01-23,XLB,0
2008-01-23,XLE,0
2008-01-23,XLF,0
2008-01-23,XLI,0
2008-01-23,XLK,0
2008-01-23,XLP,0
2008-01-23,XLU,0
2008-01-23,XLV,0
2008-01-23,XLY,0
2008-01-24,GLD,1
2008-01-24,XLB,0
2008-01-24,XLE,0
2008-01-24,XLF,0
2008-01-24,XLI,0
2008-01-24,XLK,0
2008-01-24,XLP,0
2008-01-24,XLU,0
2008-01-24,XLV,0
2008-01-24,XLY,0
2008-01-25,GLD,1
2008-01-25,XLB,0
2008-01-25,XLE,0
2008-01-25,XLF,0
2008-01-25,XLI,0
2008-01-25,XLK,0
2008-01-25,XLP,0
2008-01-25,XLU,0
2008-01-25,XLV,0
2008-01-25,XLY,0
2008-01-28,GLD,1
2008-01-28,XLB,0
2008-01-28,XLE,0
2008-01-28,XLF,0
2008-01-28,XLI,0
2008-01-28,XLK,0
2008-01-28,XLP,0
2008-01-28,XLU,0
2008-01-28,XLV,0
2008-01-28,XLY,0
2008-01-29,GLD,1
2008-01-29,XLB,0
2008-01-29,XLE,0
2008-01-29,XLF,0
2008-01-29,XLI,0
2008-01-29,XLK,0
2008-01-29,XLP,0
2008-01-29,XLU,0
2008-01-29,XLV,0
2008-01-29,XLY,0
2008-01-30,GLD,1
2008-01-30,XLB,0
2008-01-30,XLE,0
2008-01-30,XLF,0
2008-01-30,XLI,0
2008-01-30,XLK,0
2008-01-30,XLP,0
2008-01-30,XLU,0
2008-01-30,XLV,0
2008-01-30,XLY,0
2008-01-31,GLD,1
2008-01-31,XLB,0
2008-01-31,XLE,0
2008-01-31,XLF,0
2008-01-31,XLI,0
2008-01-31,XLK,0
2008-01-31,XLP,0
2008-01-31,XLU,0
2008-01-31,XLV,0
2008-01-31,XLY,0
2008-02-01,GLD,1
2008-02-01,XLB,0
2008-02-01,XLE,0
2008-02-01,XLF,0
2008-02-01,XLI,0
2008-02-01,XLK,0
2008-02-01,XLP,0
2008-02-01,XLU,0
2008-02-01,XLV,0
2008-02-01,XLY,0
2008-02-04,GLD,1
2008-02-04,XLB,0
2008-02-04,XLE,0
2008-02-04,XLF,0
2008-02-04,XLI,0
2008-02-04,XLK,0
2008-02-04,XLP,0
2008-02-04,XLU,0
2008-02-04,XLV,0
2008-02-04,XLY,0
2008-02-05,GLD,1
2008-02-05,XLB,0
2008-02-05,XLE,0
2008-02-05,XLF,0
2008-02-05,XLI,0
2008-02-05,XLK,0
2008-02-05,XLP,0
2008-02-05,XLU,0
2008-02-05,XLV,0
2008-02-05,XLY,0
2008-02-06,GLD,1
2008-02-06,XLB,0
2008-02-06,XLE,0
2008-02-06,XLF,0
2008-02-06,XLI,0
2008-02-06,XLK,0
2008-02-06,XLP,0
2008-02-06,XLU,0
2008-02-06,XLV,0
2008-02-06,XLY,0
2008-02-07,GLD,1
2008-02-07,XLB,0
2008-02-07,XLE,0
2008-02-07,XLF,0
2008-02-07,XLI,0
2008-02-07,XLK,0
2008-02-07,XLP,0
2008-02-07,XLU,0
2008-02-07,XLV,0
2008-02-07,XLY,0
2008-02-08,GLD,1
2008-02-08,XLB,0
2008-02-08,XLE,0
2008-02-08,XLF,0
2008-02-08,XLI,0
2008-02-08,XLK,0
2008-02-08,XLP,0
2008-02-08,XLU,0
2008-02-08,XLV,0
2008-02-08,XLY,0
2008-02-11,GLD,1
2008-02-11,XLB,0
2008-02-11,XLE,0
2008-02-11,XLF,0
2008-02-11,XLI,0
2008-02-11,XLK,0
2008-02-11,XLP,0
2008-02-11,XLU,0
2008-02-11,XLV,0
2008-02-11,XLY,0
2008-02-12,GLD,1
2008-02-12,XLB,0
2008-02-12,XLE,0
2008-02-12,XLF,0
2008-02-12,XLI,0
2008-02-12,XLK,0
2008-02-12,XLP,0
2008-02-12,XLU,0
2008-02-12,XLV,0
2008-02-12,XLY,0
2008-02-13,GLD,1
2008-02-13,XLB,0
2008-02-13,XLE,0
2008-02-13,XLF,0
2008-02-13,XLI,0
2008-02-13,XLK,0
2008-02-13,XLP,0
2008-02-13,XLU,0
2008-02-13,XLV,0
2008-02-13,XLY,0
2008-02-14,GLD,1
2008-02-14,XLB,0
2008-02-14,XLE,0
2008-02-14,XLF,0
2008-02-14,XLI,0
2008-02-14,XLK,0
2008-02-14,XLP,0
2008-02-14,XLU,0
2008-02-14,XLV,0
2008-02-14,XLY,0
2008-02-15,GLD,1
2008-02-15,XLB,0
2008-02-15,XLE,0
2008-02-15,XLF,0
2008-02-15,XLI,0
2008-02-15,XLK,0
2008-02-15,XLP,0
2008-02-15,XLU,0
2008-02-15,XLV,0
2008-02-15,XLY,0
2008-02-19,GLD,1
2008-02-19,XLB,0
2008-02-19,XLE,0
2008-02-19,XLF,0
2008-02-19,XLI,0
2008-02-19,XLK,0
2008-02-19,XLP,0
2008-02-19,XLU,0
2008-02-19,XLV,0
2008-02-19,XLY,0
2008-02-20,GLD,1
2008-02-20,XLB,0
2008-02-20,XLE,0
2008-02-20,XLF,0
2008-02-20,XLI,0
2008-02-20,XLK,0
2008-02-20,XLP,0
2008-02-20,XLU,0
2008-02-20,XLV,0
2008-02-20,XLY,0
2008-02-21,GLD,1
2008-02-21,XLB,0
2008-02-21,XLE,0
2008-02-21,XLF,0
2008-02-21,XLI,0
2008-02-21,XLK,0
2008-02-21,XLP,0
2008-02-21,XLU,0
2008-02-21,XLV,0
2008-02-21,XLY,0
2008-02-22,GLD,1
2008-02-22,XLB,0
2008-02-22,XLE,0
2008-02-22,XLF,0
2008-02-22,XLI,0
2008-02-22,XLK,0
2008-02-22,XLP,0
2008-02-22,XLU,0
2008-02-22,XLV,0
2008-02-22,XLY,0
2008-02-25,GLD,1
2008-02-25,XLB,0
2008-02-25,XLE,0
2008-02-25,XLF,0
2008-02-25,XLI,0
2008-02-25,XLK,0
2008-02-25,XLP,0
2008-02-25,XLU,0
2008-02-25,XLV,0
2008-02-25,XLY,0
2008-02-26,GLD,1
2008-02-26,XLB,0
2008-02-26,XLE,0
2008-02-26,XLF,0
2008-02-26,XLI,0
2008-02-26,XLK,0
2008-02-26,XLP,0
2008-02-26,XLU,0
2008-02-26,XLV,0
2008-02-26,XLY,0
2008-02-27,GLD,1
2008-02-27,XLB,0
2008-02-27,XLE,0
2008-02-27,XLF,0
2008-02-27,XLI,0
2008-02-27,XLK,0
2008-02-27,XLP,0
2008-02-27,XLU,0
2008-02-27,XLV,0
2008-02-27,XLY,0
2008-02-28,GLD,1
2008-02-28,XLB,0
2008-02-28,XLE,0
2008-02-28,XLF,0
2008-02-28,XLI,0
2008-02-28,XLK,0
2008-02-28,XLP,0
2008-02-28,XLU,0
2008-02-28,XLV,0
2008-02-28,XLY,0
2008-02-29,GLD,1
2008-02-29,XLB,0
2008-02-29,XLE,0
2008-02-29,XLF,0
2008-02-29,XLI,0
2008-02-29,XLK,0
2008-02-29,XLP,0
2008-02-29,XLU,0
2008-02-29,XLV,0
2008-02-29,XLY,0
2008-03-03,GLD,1
2008-03-03,XLB,0
2008-03-03,XLE,0
2008-03-03,XLF,0
2008-03-03,XLI,0
2008-03-03,XLK,0
2008-03-03,XLP,0
2008-03-03,XLU,0
2008-03-03,XLV,0
2008-03-03,XLY,0
2008-03-04,GLD,1
2008-03-04,XLB,0
2008-03-04,XLE,0
2008-03-04,XLF,0
2008-03-04,XLI,0
2008-03-04,XLK,0
2008-03-04,XLP,0
2008-03-04,XLU,0
2008-03-04,XLV,0
2008-03-04,XLY,0
2008-03-05,GLD,1
2008-03-05,XLB,0
2008-03-05,XLE,0
2008-03-05,XLF,0
2008-03-05,XLI,0
2008-03-05,XLK,0
2008-03-05,XLP,0
2008-03-05,XLU,0
2008-03-05,XLV,0
2008-03-05,XLY,0
2008-03-06,GLD,1
2008-03-06,XLB,0
2008-03-06,XLE,0
2008-03-06,XLF,0
2008-03-06,XLI,0
2008-03-06,XLK,0
2008-03-06,XLP,0
2008-03-06,XLU,0
2008-03-06,XLV,0
2008-03-06,XLY,0
2008-03-07,GLD,1
2008-03-07,XLB,0
2008-03-07,XLE,0
2008-03-07,XLF,0
2008-03-07,XLI,0
2008-03-07,XLK,0
2008-03-07,XLP,0
2008-03-07,XLU,0
2008-03-07,XLV,0
2008-03-07,XLY,0
2008-03-10,GLD,1
2008-03-10,XLB,0
2008-03-10,XLE,0
2008-03-10,XLF,0
2008-03-10,XLI,0
2008-03-10,XLK,0
2008-03-10,XLP,0
2008-03-10,XLU,0
2008-03-10,XLV,0
2008-03-10,XLY,0
2008-03-11,GLD,1
2008-03-11,XLB,0
2008-03-11,XLE,0
2008-03-11,XLF,0
2008-03-11,XLI,0
2008-03-11,XLK,0
2008-03-11,XLP,0
2008-03-11,XLU,0
2008-03-11,XLV,0
2008-03-11,XLY,0
2008-03-12,GLD,1
2008-03-12,XLB,0
2008-03-12,XLE,0
2008-03-12,XLF,0
2008-03-12,XLI,0
2008-03-12,XLK,0
2008-03-12,XLP,0
2008-03-12,XLU,0
2008-03-12,XLV,0
2008-03-12,XLY,0
2008-03-13,GLD,1
2008-03-13,XLB,0
2008-03-13,XLE,0
2008-03-13,XLF,0
2008-03-13,XLI,0
2008-03-13,XLK,0
2008-03-13,XLP,0
2008-03-13,XLU,0
2008-03-13,XLV,0
2008-03-13,XLY,0
2008-03-14,GLD,1
2008-03-14,XLB,0
2008-03-14,XLE,0
2008-03-14,XLF,0
2008-03-14,XLI,0
2008-03-14,XLK,0
2008-03-14,XLP,0
2008-03-14,XLU,0
2008-03-14,XLV,0
2008-03-14,XLY,0
2008-03-17,GLD,1
2008-03-17,XLB,0
2008-03-17,XLE,0
2008-03-17,XLF,0
2008-03-17,XLI,0
2008-03-17,XLK,0
2008-03-17,XLP,0
2008-03-17,XLU,0
2008-03-17,XLV,0
2008-03-17,XLY,0
2008-03-18,GLD,1
2008-03-18,XLB,0
2008-03-18,XLE,0
2008-03-18,XLF,0
2008-03-18,XLI,0
2008-03-18,XLK,0
2008-03-18,XLP,0
2008-03-18,XLU,0
2008-03-18,XLV,0
2008-03-18,XLY,0
2008-03-19,GLD,1
2008-03-19,XLB,0
2008-03-19,XLE,0
2008-03-19,XLF,0
2008-03-19,XLI,0
2008-03-19,XLK,0
2008-03-19,XLP,0
2008-03-19,XLU,0
2008-03-19,XLV,0
2008-03-19,XLY,0
2008-03-20,GLD,1
2008-03-20,XLB,0
2008-03-20,XLE,0
2008-03-20,XLF,0
2008-03-20,XLI,0
2008-03-20,XLK,0
2008-03-20,XLP,0
2008-03-20,XLU,0
2008-03-20,XLV,0
2008-03-20,XLY,0
2008-03-24,GLD,1
2008-03-24,XLB,0
2008-03-24,XLE,0
2008-03-24,XLF,0
2008-03-24,XLI,0
2008-03-24,XLK,0
2008-03-24,XLP,0
2008-03-24,XLU,0
2008-03-24,XLV,0
2008-03-24,XLY,0
2008-03-25,GLD,1
2008-03-25,XLB,0
2008-03-25,XLE,0
2008-03-25,XLF,0
2008-03-25,XLI,0
2008-03-25,XLK,0
2008-03-25,XLP,0
2008-03-25,XLU,0
2008-03-25,XLV,0
2008-03-25,XLY,0
2008-03-26,GLD,1
2008-03-26,XLB,0
2008-03-26,XLE,0
2008-03-26,XLF,0
2008-03-26,XLI,0
2008-03-26,XLK,0
2008-03-26,XLP,0
2008-03-26,XLU,0
2008-03-26,XLV,0
2008-03-26,XLY,0
2008-03-27,GLD,1
2008-03-27,XLB,0
2008-03-27,XLE,0
2008-03-27,XLF,0
2008-03-27,XLI,0
2008-03-27,XLK,0
2008-03-27,XLP,0
2008-03-27,XLU,0
2008-03-27,XLV,0
2008-03-27,XLY,0
2008-03-28,GLD,1
2008-03-28,XLB,0
2008-03-28,XLE,0
2008-03-28,XLF,0
2008-03-28,XLI,0
2008-03-28,XLK,0
2008-03-28,XLP,0
2008-03-28,XLU,0
2008-03-28,XLV,0
2008-03-28,XLY,0
2008-03-31,GLD,1
2008-03-31,XLB,0
2008-03-31,XLE,0
2008-03-31,XLF,0
2008-03-31,XLI,0
2008-03-31,XLK,0
2008-03-31,XLP,0
2008-03-31,XLU,0
2008-03-31,XLV,0
2008-03-31,XLY,0
2008-04-01,GLD,1
2008-04-01,XLB,0
2008-04-01,XLE,0
2008-04-01,XLF,0
2008-04-01,XLI,0
2008-04-01,XLK,0
2008-04-01,XLP,0
2008-04-01,XLU,0
2008-04-01,XLV,0
2008-04-01,XLY,0
2008-04-02,GLD,1
2008-04-02,XLB,0
2008-04-02,XLE,0
2008-04-02,XLF,0
2008-04-02,XLI,0
2008-04-02,XLK,0
2008-04-02,XLP,0
2008-04-02,XLU,0
2008-04-02,XLV,0
2008-04-02,XLY,0
2008-04-03,GLD,1
2008-04-03,XLB,0
2008-04-03,XLE,0
2008-04-03,XLF,0
2008-04-03,XLI,0
2008-04-03,XLK,0
2008-04-03,XLP,0
2008-04-03,XLU,0
2008-04-03,XLV,0
2008-04-03,XLY,0
2008-04-04,GLD,1
2008-04-04,XLB,0
2008-04-04,XLE,0
2008-04-04,XLF,0
2008-04-04,XLI,0
2008-04-04,XLK,0
2008-04-04,XLP,0
2008-04-04,XLU,0
2008-04-04,XLV,0
2008-04-04,XLY,0
2008-04-07,GLD,1
2008-04-07,XLB,0
2008-04-07,XLE,0
2008-04-07,XLF,0
2008-04-07,XLI,0
2008-04-07,XLK,0
2008-04-07,XLP,0
2008-04-07,XLU,0
2008-04-07,XLV,0
2008-04-07,XLY,0
2008-04-08,GLD,1
2008-04-08,XLB,0
2008-04-08,XLE,0
2008-04-08,XLF,0
2008-04-08,XLI,0
2008-04-08,XLK,0
2008-04-08,XLP,0
2008-04-08,XLU,0
2008-04-08,XLV,0
2008-04-08,XLY,0
2008-04-09,GLD,1
2008-04-09,XLB,0
2008-04-09,XLE,0
2008-04-09,XLF,0
2008-04-09,XLI,0
2008-04-09,XLK,0
2008-04-09,XLP,0
2008-04-09,XLU,0
2008-04-09,XLV,0
2008-04-09,XLY,0
2008-04-10,GLD,1
2008-04-10,XLB,0
2008-04-10,XLE,0
2008-04-10,XLF,0
2008-04-10,XLI,0
2008-04-10,XLK,0
2008-04-10,XLP,0
2008-04-10,XLU,0
2008-04-10,XLV,0
2008-04-10,XLY,0
2008-04-11,GLD,1
2008-04-11,XLB,0
2008-04-11,XLE,0
2008-04-11,XLF,0
2008-04-11,XLI,0
2008-04-11,XLK,0
2008-04-11,XLP,0
2008-04-11,XLU,0
2008-04-11,XLV,0
2008-04-11,XLY,0
2008-04-14,GLD,1
2008-04-14,XLB,0
2008-04-14,XLE,0
2008-04-14,XLF,0
2008-04-14,XLI,0
2008-04-14,XLK,0
2008-04-14,XLP,0
2008-04-14,XLU,0
2008-04-14,XLV,0
2008-04-14,XLY,0
2008-04-15,GLD,1
2008-04-15,XLB,0
2008-04-15,XLE,0
2008-04-15,XLF,0
2008-04-15,XLI,0
2008-04-15,XLK,0
2008-04-15,XLP,0
2008-04-15,XLU,0
2008-04-15,XLV,0
2008-04-15,XLY,0
2008-04-16,GLD,1
2008-04-16,XLB,0
2008-04-16,XLE,0
2008-04-16,XLF,0
2008-04-16,XLI,0
2008-04-16,XLK,0
2008-04-16,XLP,0
2008-04-16,XLU,0
2008-04-16,XLV,0
2008-04-16,XLY,0
2008-04-17,GLD,1
2008-04-17,XLB,0
2008-04-17,XLE,0
2008-04-17,XLF,0
2008-04-17,XLI,0
2008-04-17,XLK,0
2008-04-17,XLP,0
2008-04-17,XLU,0
2008-04-17,XLV,0
2008-04-17,XLY,0
2008-04-18,GLD,1
2008-04-18,XLB,0
2008-04-18,XLE,0
2008-04-18,XLF,0
2008-04-18,XLI,0
2008-04-18,XLK,0
2008-04-18,XLP,0
2008-04-18,XLU,0
2008-04-18,XLV,0
2008-04-18,XLY,0
2008-04-21,GLD,1
2008-04-21,XLB,0
2008-04-21,XLE,0
2008-04-21,XLF,0
2008-04-21,XLI,0
2008-04-21,XLK,0
2008-04-21,XLP,0
2008-04-21,XLU,0
2008-04-21,XLV,0
2008-04-21,XLY,0
2008-04-22,GLD,1
2008-04-22,XLB,0
2008-04-22,XLE,0
2008-04-22,XLF,0
2008-04-22,XLI,0
2008-04-22,XLK,0
2008-04-22,XLP,0
2008-04-22,XLU,0
2008-04-22,XLV,0
2008-04-22,XLY,0
2008-04-23,GLD,1
2008-04-23,XLB,0
2008-04-23,XLE,0
2008-04-23,XLF,0
2008-04-23,XLI,0
2008-04-23,XLK,0
2008-04-23,XLP,0
2008-04-23,XLU,0
2008-04-23,XLV,0
2008-04-23,XLY,0
2008-04-24,GLD,1
2008-04-24,XLB,0
2008-04-24,XLE,0
2008-04-24,XLF,0
2008-04-24,XLI,0
2008-04-24,XLK,0
2008-04-24,XLP,0
2008-04-24,XLU,0
2008-04-24,XLV,0
2008-04-24,XLY,0
2008-04-25,GLD,1
2008-04-25,XLB,0
2008-04-25,XLE,0
2008-04-25,XLF,0
2008-04-25,XLI,0
2008-04-25,XLK,0
2008-04-25,XLP,0
2008-04-25,XLU,0
2008-04-25,XLV,0
2008-04-25,XLY,0
2008-04-28,GLD,1
2008-04-28,XLB,0
2008-04-28,XLE,0
2008-04-28,XLF,0
2008-04-28,XLI,0
2008-04-28,XLK,0
2008-04-28,XLP,0
2008-04-28,XLU,0
2008-04-28,XLV,0
2008-04-28,XLY,0
2008-04-29,GLD,1
2008-04-29,XLB,0
2008-04-29,XLE,0
2008-04-29,XLF,0
2008-04-29,XLI,0
2008-04-29,XLK,0
2008-04-29,XLP,0
2008-04-29,XLU,0
2008-04-29,XLV,0
2008-04-29,XLY,0
2008-04-30,GLD,1
2008-04-30,XLB,0
2008-04-30,XLE,0
2008-04-30,XLF,0
2008-04-30,XLI,0
2008-04-30,XLK,0
2008-04-30,XLP,0
2008-04-30,XLU,0
2008-04-30,XLV,0
2008-04-30,XLY,0
2008-05-01,GLD,1
2008-05-01,XLB,0
2008-05-01,XLE,0
2008-05-01,XLF,0
2008-05-01,XLI,0
2008-05-01,XLK,0
2008-05-01,XLP,0
2008-05-01,XLU,0
2008-05-01,XLV,0
2008-05-01,XLY,0
2008-05-02,GLD,1
2008-05-02,XLB,0
2008-05-02,XLE,0
2008-05-02,XLF,0
2008-05-02,XLI,0
2008-05-02,XLK,0
2008-05-02,XLP,0
2008-05-02,XLU,0
2008-05-02,XLV,0
2008-05-02,XLY,0
2008-05-05,GLD,1
2008-05-05,XLB,0
2008-05-05,XLE,0
2008-05-05,XLF,0
2008-05-05,XLI,0
2008-05-05,XLK,0
2008-05-05,XLP,0
2008-05-05,XLU,0
2008-05-05,XLV,0
2008-05-05,XLY,0
2008-05-06,GLD,1
2008-05-06,XLB,0
2008-05-06,XLE,0
2008-05-06,XLF,0
2008-05-06,XLI,0
2008-05-06,XLK,0
2008-05-06,XLP,0
2008-05-06,XLU,0
2008-05-06,XLV,0
2008-05-06,XLY,0
2008-05-07,GLD,1
2008-05-07,XLB,0
2008-05-07,XLE,0
2008-05-07,XLF,0
2008-05-07,XLI,0
2008-05-07,XLK,0
2008-05-07,XLP,0
2008-05-07,XLU,0
2008-05-07,XLV,0
2008-05-07,XLY,0
2008-05-08,GLD,1
2008-05-08,XLB,0
2008-05-08,XLE,0
2008-05-08,XLF,0
2008-05-08,XLI,0
2008-05-08,XLK,0
2008-05-08,XLP,0
2008-05-08,XLU,0
2008-05-08,XLV,0
2008-05-08,XLY,0
2008-05-09,GLD,1
2008-05-09,XLB,0
2008-05-09,XLE,0
2008-05-09,XLF,0
2008-05-09,XLI,0
2008-05-09,XLK,0
2008-05-09,XLP,0
2008-05-09,XLU,0
2008-05-09,XLV,0
2008-05-09,XLY,0
2008-05-12,GLD,1
2008-05-12,XLB,0
2008-05-12,XLE,0
2008-05-12,XLF,0
2008-05-12,XLI,0
2008-05-12,XLK,0
2008-05-12,XLP,0
2008-05-12,XLU,0
2008-05-12,XLV,0
2008-05-12,XLY,0
2008-05-13,GLD,1
2008-05-13,XLB,0
2008-05-13,XLE,0
2008-05-13,XLF,0
2008-05-13,XLI,0
2008-05-13,XLK,0
2008-05-13,XLP,0
2008-05-13,XLU,0
2008-05-13,XLV,0
2008-05-13,XLY,0
2008-05-14,GLD,1
2008-05-14,XLB,0
2008-05-14,XLE,0
2008-05-14,XLF,0
2008-05-14,XLI,0
2008-05-14,XLK,0
2008-05-14,XLP,0
2008-05-14,XLU,0
2008-05-14,XLV,0
2008-05-14,XLY,0
2008-05-15,GLD,1
2008-05-15,XLB,0
2008-05-15,XLE,0
2008-05-15,XLF,0
2008-05-15,XLI,0
2008-05-15,XLK,0
2008-05-15,XLP,0
2008-05-15,XLU,0
2008-05-15,XLV,0
2008-05-15,XLY,0
2008-05-16,GLD,1
2008-05-16,XLB,0
2008-05-16,XLE,0
2008-05-16,XLF,0
2008-05-16,XLI,0
2008-05-16,XLK,0
2008-05-16,XLP,0
2008-05-16,XLU,0
2008-05-16,XLV,0
2008-05-16,XLY,0
2008-05-19,GLD,1
2008-05-19,XLB,0
2008-05-19,XLE,0
2008-05-19,XLF,0
2008-05-19,XLI,0
2008-05-19,XLK,0
2008-05-19,XLP,0
2008-05-19,XLU,0
2008-05-19,XLV,0
2008-05-19,XLY,0
2008-05-20,GLD,1
2008-05-20,XLB,0
2008-05-20,XLE,0
2008-05-20,XLF,0
2008-05-20,XLI,0
2008-05-20,XLK,0
2008-05-20,XLP,0
2008-05-20,XLU,0
2008-05-20,XLV,0
2008-05-20,XLY,0
2008-05-21,GLD,1
2008-05-21,XLB,0
2008-05-21,XLE,0
2008-05-21,XLF,0
2008-05-21,XLI,0
2008-05-21,XLK,0
2008-05-21,XLP,0
2008-05-21,XLU,0
2008-05-21,XLV,0
2008-05-21,XLY,0
2008-05-22,GLD,1
2008-05-22,XLB,0
2008-05-22,XLE,0
2008-05-22,XLF,0
2008-05-22,XLI,0
2008-05-22,XLK,0
2008-05-22,XLP,0
2008-05-22,XLU,0
2008-05-22,XLV,0
2008-05-22,XLY,0
2008-05-23,GLD,1
2008-05-23,XLB,0
2008-05-23,XLE,0
2008-05-23,XLF,0
2008-05-23,XLI,0
2008-05-23,XLK,0
2008-05-23,XLP,0
2008-05-23,XLU,0
2008-05-23,XLV,0
2008-05-23,XLY,0
2008-05-27,GLD,1
2008-05-27,XLB,0
2008-05-27,XLE,0
2008-05-27,XLF,0
2008-05-27,XLI,0
2008-05-27,XLK,0
2008-05-27,XLP,0
2008-05-27,XLU,0
2008-05-27,XLV,0
2008-05-27,XLY,0
2008-05-28,GLD,1
2008-05-28,XLB,0
2008-05-28,XLE,0
2008-05-28,XLF,0
2008-05-28,XLI,0
2008-05-28,XLK,0
2008-05-28,XLP,0
2008-05-28,XLU,0
2008-05-28,XLV,0
2008-05-28,XLY,0
2008-05-29,GLD,0.33333333333333331
2008-05-29,XLB,0.33333333333333331
2008-05-29,XLE,0.33333333333333331
2008-05-29,XLF,0
2008-05-29,XLI,0
2008-05-29,XLK,0
2008-05-29,XLP,0
2008-05-29,XLU,0
2008-05-29,XLV,0
2008-05-29,XLY,0
2008-05-30,GLD,0.33333333333333331
2008-05-30,XLB,0.33333333333333331
2008-05-30,XLE,0.33333333333333331
2008-05-30,XLF,0
2008-05-30,XLI,0
2008-05-30,XLK,0
2008-05-30,XLP,0
2008-05-30,XLU,0
2008-05-30,XLV,0
2008-05-30,XLY,0
2008-06-02,GLD,0.33333333333333331
2008-06-02,XLB,0.33333333333333331
2008-06-02,XLE,0.33333333333333331
2008-06-02,XLF,0
2008-06-02,XLI,0
2008-06-02,XLK,0
2008-06-02,XLP,0
2008-06-02,XLU,0
2008-06-02,XLV,0
2008-06-02,XLY,0
2008-06-03,GLD,0.33333333333333331
2008-06-03,XLB,0.33333333333333331
2008-06-03,XLE,0.33333333333333331
2008-06-03,XLF,0
2008-06-03,XLI,0
2008-06-03,XLK,0
2008-06-03,XLP,0
2008-06-03,XLU,0
2008-06-03,XLV,0
2008-06-03,XLY,0
2008-06-04,GLD,0.33333333333333331
2008-06-04,XLB,0.33333333333333331
2008-06-04,XLE,0.33333333333333331
2008-06-04,XLF,0
2008-06-04,XLI,0
2008-06-04,XLK,0
2008-06-04,XLP,0
2008-06-04,XLU,0
2008-06-04,XLV,0
2008-06-04,XLY,0
2008-06-05,GLD,0.33333333333333331
2008-06-05,XLB,0.33333333333333331
2008-06-05,XLE,0.33333333333333331
2008-06-05,XLF,0
2008-06-05,XLI,0
2008-06-05,XLK,0
2008-06-05,XLP,0
2008-06-05,XLU,0
2008-06-05,XLV,0
2008-06-05,XLY,0
2008-06-06,GLD,0.33333333333333331
2008-06-06,XLB,0.33333333333333331
2008-06-06,XLE,0.33333333333333331
2008-06-06,XLF,0
2008-06-06,XLI,0
2008-06-06,XLK,0
2008-06-06,XLP,0
2008-06-06,XLU,0
2008-06-06,XLV,0
2008-06-06,XLY,0
2008-06-09,GLD,0.33333333333333331
2008-06-09,XLB,0.33333333333333331
2008-06-09,XLE,0.33333333333333331
2008-06-09,XLF,0
2008-06-09,XLI,0
2008-06-09,XLK,0
2008-06-09,XLP,0
2008-06-09,XLU,0
2008-06-09,XLV,0
2008-06-09,XLY,0
2008-06-10,GLD,0.33333333333333331
2008-06-10,XLB,0.33333333333333331
2008-06-10,XLE,0.33333333333333331
2008-06-10,XLF,0
2008-06-10,XLI,0
2008-06-10,XLK,0
2008-06-10,XLP,0
2008-06-10,XLU,0
2008-06-10,XLV,0
2008-06-10,XLY,0
2008-06-11,GLD,0.33333333333333331
2008-06-11,XLB,0.33333333333333331
2008-06-11,XLE,0.33333333333333331
2008-06-11,XLF,0
2008-06-11,XLI,0
2008-06-11,XLK,0
2008-06-11,XLP,0
2008-06-11,XLU,0
2008-06-11,XLV,0
2008-06-11,XLY,0
2008-06-12,GLD,0.33333333333333331
2008-06-12,XLB,0.33333333333333331
2008-06-12,XLE,0.33333333333333331
2008-06-12,XLF,0
2008-06-12,XLI,0
2008-06-12,XLK,0
2008-06-12,XLP,0
2008-06-12,XLU,0
2008-06-12,XLV,0
2008-06-12,XLY,0
2008-06-13,GLD,0.33333333333333331
2008-06-13,XLB,0.33333333333333331
2008-06-13,XLE,0.33333333333333331
2008-06-13,XLF,0
2008-06-13,XLI,0
2008-06-13,XLK,0
2008-06-13,XLP,0
2008-06-13,XLU,0
2008-06-13,XLV,0
2008-06-13,XLY,0
2008-06-16,GLD,0.33333333333333331
2008-06-16,XLB,0.33333333333333331
2008-06-16,XLE,0.33333333333333331
2008-06-16,XLF,0
2008-06-16,XLI,0
2008-06-16,XLK,0
2008-06-16,XLP,0
2008-06-16,XLU,0
2008-06-16,XLV,0
2008-06-16,XLY,0
2008-06-17,GLD,0.33333333333333331
2008-06-17,XLB,0.33333333333333331
2008-06-17,XLE,0.33333333333333331
2008-06-17,XLF,0
2008-06-17,XLI,0
2008-06-17,XLK,0
2008-06-17,XLP,0
2008-06-17,XLU,0
2008-06-17,XLV,0
2008-06-17,XLY,0
2008-06-18,GLD,0.33333333333333331
2008-06-18,XLB,0.33333333333333331
2008-06-18,XLE,0.33333333333333331
2008-06-18,XLF,0
2008-06-18,XLI,0
2008-06-18,XLK,0
2008-06-18,XLP,0
2008-06-18,XLU,0
2008-06-18,XLV,0
2008-06-18,XLY,0
2008-06-19,GLD,0.33333333333333331
2008-06-19,XLB,0.33333333333333331
2008-06-19,XLE,0.33333333333333331
2008-06-19,XLF,0
2008-06-19,XLI,0
2008-06-19,XLK,0
2008-06-19,XLP,0
2008-06-19,XLU,0
2008-06-19,XLV,0
2008-06-19,XLY,0
2008-06-20,GLD,0.33333333333333331
2008-06-20,XLB,0.33333333333333331
2008-06-20,XLE,0.33333333333333331
2008-06-20,XLF,0
2008-06-20,XLI,0
2008-06-20,XLK,0
2008-06-20,XLP,0
2008-06-20,XLU,0
2008-06-20,XLV,0
2008-06-20,XLY,0
2008-06-23,GLD,0.33333333333333331
2008-06-23,XLB,0.33333333333333331
2008-06-23,XLE,0.33333333333333331
2008-06-23,XLF,0
2008-06-23,XLI,0
2008-06-23,XLK,0
2008-06-23,XLP,0
2008-06-23,XLU,0
2008-06-23,XLV,0
2008-06-23,XLY,0
2008-06-24,GLD,0.33333333333333331
2008-06-24,XLB,0.33333333333333331
2008-06-24,XLE,0.33333333333333331
2008-06-24,XLF,0
2008-06-24,XLI,0
2008-06-24,XLK,0
2008-06-24,XLP,0
2008-06-24,XLU,0
2008-06-24,XLV,0
2008-06-24,XLY,0
2008-06-25,GLD,0.33333333333333331
2008-06-25,XLB,0.33333333333333331
2008-06-25,XLE,0.33333333333333331
2008-06-25,XLF,0
2008-06-25,XLI,0
2008-06-25,XLK,0
2008-06-25,XLP,0
2008-06-25,XLU,0
2008-06-25,XLV,0
2008-06-25,XLY,0
2008-06-26,GLD,0.33333333333333331
2008-06-26,XLB,0.33333333333333331
2008-06-26,XLE,0.33333333333333331
2008-06-26,XLF,0
2008-06-26,XLI,0
2008-06-26,XLK,0
2008-06-26,XLP,0
2008-06-26,XLU,0
2008-06-26,XLV,0
2008-06-26,XLY,0
2008-06-27,GLD,1
2008-06-27,XLB,0
2008-06-27,XLE,0
2008-06-27,XLF,0
2008-06-27,XLI,0
2008-06-27,XLK,0
2008-06-27,XLP,0
2008-06-27,XLU,0
2008-06-27,XLV,0
2008-06-27,XLY,0
2008-06-30,GLD,1
2008-06-30,XLB,0
2008-06-30,XLE,0
2008-06-30,XLF,0
2008-06-30,XLI,0
2008-06-30,XLK,0
2008-06-30,XLP,0
2008-06-30,XLU,0
2008-06-30,XLV,0
2008-06-30,XLY,0
2008-07-01,GLD,1
2008-07-01,XLB,0
2008-07-01,XLE,0
2008-07-01,XLF,0
2008-07-01,XLI,0
2008-07-01,XLK,0
2008-07-01,XLP,0
2008-07-01,XLU,0
2008-07-01,XLV,0
2008-07-01,XLY,0
2008-07-02,GLD,1
2008-07-02,XLB,0
2008-07-02,XLE,0
2008-07-02,XLF,0
2008-07-02,XLI,0
2008-07-02,XLK,0
2008-07-02,XLP,0
2008-07-02,XLU,0
2008-07-02,XLV,0
2008-07-02,XLY,0
2008-07-03,GLD,1
2008-07-03,XLB,0
2008-07-03,XLE,0
2008-07-03,XLF,0
2008-07-03,XLI,0
2008-07-03,XLK,0
2008-07-03,XLP,0
2008-07-03,XLU,0
2008-07-03,XLV,0
2008-07-03,XLY,0
2008-07-07,GLD,1
2008-07-07,XLB,0
2008-07-07,XLE,0
2008-07-07,XLF,0
2008-07-07,XLI,0
2008-07-07,XLK,0
2008-07-07,XLP,0
2008-07-07,XLU,0
2008-07-07,XLV,0
2008-07-07,XLY,0
2008-07-08,GLD,1
2008-07-08,XLB,0
2008-07-08,XLE,0
2008-07-08,XLF,0
2008-07-08,XLI,0
2008-07-08,XLK,0
2008-07-08,XLP,0
2008-07-08,XLU,0
2008-07-08,XLV,0
2008-07-08,XLY,0
2008-07-09,GLD,1
2008-07-09,XLB,0
2008-07-09,XLE,0
2008-07-09,XLF,0
2008-07-09,XLI,0
2008-07-09,XLK,0
2008-07-09,XLP,0
2008-07-09,XLU,0
2008-07-09,XLV,0
2008-07-09,XLY,0
2008-07-10,GLD,1
2008-07-10,XLB,0
2008-07-10,XLE,0
2008-07-10,XLF,0
2008-07-10,XLI,0
2008-07-10,XLK,0
2008-07-10,XLP,0
2008-07-10,XLU,0
2008-07-10,XLV,0
2008-07-10,XLY,0
2008-07-11,GLD,1
2008-07-11,XLB,0
2008-07-11,XLE,0
2008-07-11,XLF,0
2008-07-11,XLI,0
2008-07-11,XLK,0
2008-07-11,XLP,0
2008-07-11,XLU,0
2008-07-11,XLV,0
2008-07-11,XLY,0
2008-07-14,GLD,1
2008-07-14,XLB,0
2008-07-14,XLE,0
2008-07-14,XLF,0
2008-07-14,XLI,0
2008-07-14,XLK,0
2008-07-14,XLP,0
2008-07-14,XLU,0
2008-07-14,XLV,0
2008-07-14,XLY,0
2008-07-15,GLD,1
2008-07-15,XLB,0
2008-07-15,XLE,0
2008-07-15,XLF,0
2008-07-15,XLI,0
2008-07-15,XLK,0
2008-07-15,XLP,0
2008-07-15,XLU,0
2008-07-15,XLV,0
2008-07-15,XLY,0
2008-07-16,GLD,1
2008-07-16,XLB,0
2008-07-16,XLE,0
2008-07-16,XLF,0
2008-07-16,XLI,0
2008-07-16,XLK,0
2008-07-16,XLP,0
2008-07-16,XLU,0
2008-07-16,XLV,0
2008-07-16,XLY,0
2008-07-17,GLD,1
2008-07-17,XLB,0
2008-07-17,XLE,0
2008-07-17,XLF,0
2008-07-17,XLI,0
2008-07-17,XLK,0
2008-07-17,XLP,0
2008-07-17,XLU,0
2008-07-17,XLV,0
2008-07-17,XLY,0
2008-07-18,GLD,1
2008-07-18,XLB,0
2008-07-18,XLE,0
2008-07-18,XLF,0
2008-07-18,XLI,0
2008-07-18,XLK,0
2008-07-18,XLP,0
2008-07-18,XLU,0
2008-07-18,XLV,0
2008-07-18,XLY,0
2008-07-21,GLD,1
2008-07-21,XLB,0
2008-07-21,XLE,0
2008-07-21,XLF,0
2008-07-21,XLI,0
2008-07-21,XLK,0
2008-07-21,XLP,0
2008-07-21,XLU,0
2008-07-21,XLV,0
2008-07-21,XLY,0
2008-07-22,GLD,1
2008-07-22,XLB,0
2008-07-22,XLE,0
2008-07-22,XLF,0
2008-07-22,XLI,0
2008-07-22,XLK,0
2008-07-22,XLP,0
2008-07-22,XLU,0
2008-07-22,XLV,0
2008-07-22,XLY,0
2008-07-23,GLD,1
2008-07-23,XLB,0
2008-07-23,XLE,0
2008-07-23,XLF,0
2008-07-23,XLI,0
2008-07-23,XLK,0
2008-07-23,XLP,0
2008-07-23,XLU,0
2008-07-23,XLV,0
2008-07-23,XLY,0
2008-07-24,GLD,1
2008-07-24,XLB,0
2008-07-24,XLE,0
2008-07-24,XLF,0
2008-07-24,XLI,0
2008-07-24,XLK,0
2008-07-24,XLP,0
2008-07-24,XLU,0
2008-07-24,XLV,0
2008-07-24,XLY,0
2008-07-25,GLD,1
2008-07-25,XLB,0
2008-07-25,XLE,0
2008-07-25,XLF,0
2008-07-25,XLI,0
2008-07-25,XLK,0
2008-07-25,XLP,0
2008-07-25,XLU,0
2008-07-25,XLV,0
2008-07-25,XLY,0
2008-07-28,GLD,1
2008-07-28,XLB,0
2008-07-28,XLE,0
2008-07-28,XLF,0
2008-07-28,XLI,0
2008-07-28,XLK,0
2008-07-28,XLP,0
2008-07-28,XLU,0
2008-07-28,XLV,0
2008-07-28,XLY,0
2008-07-29,GLD,0
2008-07-29,XLB,0.33333333333333331
2008-07-29,XLE,0.33333333333333331
2008-07-29,XLF,0
2008-07-29,XLI,0
2008-07-29,XLK,0
2008-07-29,XLP,0.33333333333333331
2008-07-29,XLU,0
2008-07-29,XLV,0
2008-07-29,XLY,0
2008-07-30,GLD,0
2008-07-30,XLB,0.33333333333333331
2008-07-30,XLE,0.33333333333333331
2008-07-30,XLF,0
2008-07-30,XLI,0
2008-07-30,XLK,0
2008-07-30,XLP,0.33333333333333331
2008-07-30,XLU,0
2008-07-30,XLV,0
2008-07-30,XLY,0
2008-07-31,GLD,0
2008-07-31,XLB,0.33333333333333331
2008-07-31,XLE,0.33333333333333331
2008-07-31,XLF,0
2008-07-31,XLI,0
2008-07-31,XLK,0
2008-07-31,XLP,0.33333333333333331
2008-07-31,XLU,0
2008-07-31,XLV,0
2008-07-31,XLY,0
2008-08-01,GLD,0
2008-08-01,XLB,0.33333333333333331
2008-08-01,XLE,0.33333333333333331
2008-08-01,XLF,0
2008-08-01,XLI,0
2008-08-01,XLK,0
2008-08-01,XLP,0.33333333333333331
2008-08-01,XLU,0
2008-08-01,XLV,0
2008-08-01,XLY,0
2008-08-04,GLD,0
2008-08-04,XLB,0.33333333333333331
2008-08-04,XLE,0.33333333333333331
2008-08-04,XLF,0
2008-08-04,XLI,0
2008-08-04,XLK,0
2008-08-04,XLP,0.33333333333333331
2008-08-04,XLU,0
2008-08-04,XLV,0
2008-08-04,XLY,0
2008-08-05,GLD,0
2008-08-05,XLB,0.33333333333333331
2008-08-05,XLE,0.33333333333333331
2008-08-05,XLF,0
2008-08-05,XLI,0
2008-08-05,XLK,0
2008-08-05,XLP,0.33333333333333331
2008-08-05,XLU,0
2008-08-05,XLV,0
2008-08-05,XLY,0
2008-08-06,GLD,0
2008-08-06,XLB,0.33333333333333331
2008-08-06,XLE,0.33333333333333331
2008-08-06,XLF,0
2008-08-06,XLI,0
2008-08-06,XLK,0
2008-08-06,XLP,0.33333333333333331
2008-08-06,XLU,0
2008-08-06,XLV,0
2008-08-06,XLY,0
2008-08-07,GLD,0
2008-08-07,XLB,0.33333333333333331
2008-08-07,XLE,0.33333333333333331
2008-08-07,XLF,0
2008-08-07,XLI,0
2008-08-07,XLK,0
2008-08-07,XLP,0.33333333333333331
2008-08-07,XLU,0
2008-08-07,XLV,0
2008-08-07,XLY,0
2008-08-08,GLD,0
2008-08-08,XLB,0.33333333333333331
2008-08-08,XLE,0.33333333333333331
2008-08-08,XLF,0
2008-08-08,XLI,0
2008-08-08,XLK,0
2008-08-08,XLP,0.33333333333333331
2008-08-08,XLU,0
2008-08-08,XLV,0
2008-08-08,XLY,0
2008-08-11,GLD,0
2008-08-11,XLB,0.33333333333333331
2008-08-11,XLE,0.33333333333333331
2008-08-11,XLF,0
2008-08-11,XLI,0
2008-08-11,XLK,0
2008-08-11,XLP,0.33333333333333331
2008-08-11,XLU,0
2008-08-11,XLV,0
2008-08-11,XLY,0
2008-08-12,GLD,0
2008-08-12,XLB,0.33333333333333331
2008-08-12,XLE,0.33333333333333331
2008-08-12,XLF,0
2008-08-12,XLI,0
2008-08-12,XLK,0
2008-08-12,XLP,0.33333333333333331
2008-08-12,XLU,0
2008-08-12,XLV,0
2008-08-12,XLY,0
2008-08-13,GLD,0
2008-08-13,XLB,0.33333333333333331
2008-08-13,XLE,0.33333333333333331
2008-08-13,XLF,0
2008-08-13,XLI,0
2008-08-13,XLK,0
2008-08-13,XLP,0.33333333333333331
2008-08-13,XLU,0
2008-08-13,XLV,0
2008-08-13,XLY,0
2008-08-14,GLD,0
2008-08-14,XLB,0.33333333333333331
2008-08-14,XLE,0.33333333333333331
2008-08-14,XLF,0
2008-08-14,XLI,0
2008-08-14,XLK,0
2008-08-14,XLP,0.33333333333333331
2008-08-14,XLU,0
2008-08-14,XLV,0
2008-08-14,XLY,0
2008-08-15,GLD,0
2008-08-15,XLB,0.33333333333333331
2008-08-15,XLE,0.33333333333333331
2008-08-15,XLF,0
2008-08-15,XLI,0
2008-08-15,XLK,0
2008-08-15,XLP,0.33333333333333331
2008-08-15,XLU,0
2008-08-15,XLV,0
2008-08-15,XLY,0
2008-08-18,GLD,0
2008-08-18,XLB,0.33333333333333331
2008-08-18,XLE,0.33333333333333331
2008-08-18,XLF,0
2008-08-18,XLI,0
2008-08-18,XLK,0
2008-08-18,XLP,0.33333333333333331
2008-08-18,XLU,0
2008-08-18,XLV,0
2008-08-18,XLY,0
2008-08-19,GLD,0
2008-08-19,XLB,0.33333333333333331
2008-08-19,XLE,0.33333333333333331
2008-08-19,XLF,0
2008-08-19,XLI,0
2008-08-19,XLK,0
2008-08-19,XLP,0.33333333333333331
2008-08-19,XLU,0
2008-08-19,XLV,0
2008-08-19,XLY,0
2008-08-20,GLD,0
2008-08-20,XLB,0.33333333333333331
2008-08-20,XLE,0.33333333333333331
2008-08-20,XLF,0
2008-08-20,XLI,0
2008-08-20,XLK,0
2008-08-20,XLP,0.33333333333333331
2008-08-20,XLU,0
2008-08-20,XLV,0
2008-08-20,XLY,0
2008-08-21,GLD,0
2008-08-21,XLB,0.33333333333333331
2008-08-21,XLE,0.33333333333333331
2008-08-21,XLF,0
2008-08-21,XLI,0
2008-08-21,XLK,0
2008-08-21,XLP,0.33333333333333331
2008-08-21,XLU,0
2008-08-21,XLV,0
2008-08-21,XLY,0
2008-08-22,GLD,0
2008-08-22,XLB,0.33333333333333331
2008-08-22,XLE,0.33333333333333331
2008-08-22,XLF,0
2008-08-22,XLI,0
2008-08-22,XLK,0
2008-08-22,XLP,0.33333333333333331
2008-08-22,XLU,0
2008-08-22,XLV,0
2008-08-22,XLY,0
2008-08-25,GLD,0
2008-08-25,XLB,0.33333333333333331
2008-08-25,XLE,0.33333333333333331
2008-08-25,XLF,0
2008-08-25,XLI,0
2008-08-25,XLK,0
2008-08-25,XLP,0.33333333333333331
2008-08-25,XLU,0
2008-08-25,XLV,0
2008-08-25,XLY,0
2008-08-26,GLD,0
2008-08-26,XLB,0.33333333333333331
2008-08-26,XLE,0.33333333333333331
2008-08-26,XLF,0
2008-08-26,XLI,0
2008-08-26,XLK,0
2008-08-26,XLP,0.33333333333333331
2008-08-26,XLU,0
2008-08-26,XLV,0
2008-08-26,XLY,0
2008-08-27,GLD,0
2008-08-27,XLB,0
2008-08-27,XLE,0
2008-08-27,XLF,0
2008-08-27,XLI,0
2008-08-27,XLK,0.33333333333333331
2008-08-27,XLP,0.33333333333333331
2008-08-27,XLU,0
2008-08-27,XLV,0.33333333333333331
2008-08-27,XLY,0
2008-08-28,GLD,0
2008-08-28,XLB,0
2008-08-28,XLE,0
2008-08-28,XLF,0
2008-08-28,XLI,0
2008-08-28,XLK,0.33333333333333331
2008-08-28,XLP,0.33333333333333331
2008-08-28,XLU,0
2008-08-28,XLV,0.33333333333333331
2008-08-28,XLY,0
2008-08-29,GLD,0
2008-08-29,XLB,0
2008-08-29,XLE,0
2008-08-29,XLF,0
2008-08-29,XLI,0
2008-08-29,XLK,0.33333333333333331
2008-08-29,XLP,0.33333333333333331
2008-08-29,XLU,0
2008-08-29,XLV,0.33333333333333331
2008-08-29,XLY,0
2008-09-02,GLD,0
2008-09-02,XLB,0
2008-09-02,XLE,0
2008-09-02,XLF,0
2008-09-02,XLI,0
2008-09-02,XLK,0.33333333333333331
2008-09-02,XLP,0.33333333333333331
2008-09-02,XLU,0
2008-09-02,XLV,0.33333333333333331
2008-09-02,XLY,0
2008-09-03,GLD,0
2008-09-03,XLB,0
2008-09-03,XLE,0
2008-09-03,XLF,0
2008-09-03,XLI,0
2008-09-03,XLK,0.33333333333333331
2008-09-03,XLP,0.33333333333333331
2008-09-03,XLU,0
2008-09-03,XLV,0.33333333333333331
2008-09-03,XLY,0
2008-09-04,GLD,0
2008-09-04,XLB,0
2008-09-04,XLE,0
2008-09-04,XLF,0
2008-09-04,XLI,0
2008-09-04,XLK,0.33333333333333331
2008-09-04,XLP,0.33333333333333331
2008-09-04,XLU,0
2008-09-04,XLV,0.33333333333333331
2008-09-04,XLY,0
2008-09-05,GLD,0
2008-09-05,XLB,0
2008-09-05,XLE,0
2008-09-05,XLF,0
2008-09-05,XLI,0
2008-09-05,XLK,0.33333333333333331
2008-09-05,XLP,0.33333333333333331
2008-09-05,XLU,0
2008-09-05,XLV,0.33333333333333331
2008-09-05,XLY,0
2008-09-08,GLD,0
2008-09-08,XLB,0
2008-09-08,XLE,0
2008-09-08,XLF,0
2008-09-08,XLI,0
2008-09-08,XLK,0.33333333333333331
2008-09-08,XLP,0.33333333333333331
2008-09-08,XLU,0
2008-09-08,XLV,0.33333333333333331
2008-09-08,XLY,0
2008-09-09,GLD,0
2008-09-09,XLB,0
2008-09-09,XLE,0
2008-09-09,XLF,0
2008-09-09,XLI,0
2008-09-09,XLK,0.33333333333333331
2008-09-09,XLP,0.33333333333333331
2008-09-09,XLU,0
2008-09-09,XLV,0.33333333333333331
2008-09-09,XLY,0
2008-09-10,GLD,0
2008-09-10,XLB,0
2008-09-10,XLE,0
2008-09-10,XLF,0
2008-09-10,XLI,0
2008-09-10,XLK,0.33333333333333331
2008-09-10,XLP,0.33333333333333331
2008-09-10,XLU,0
2008-09-10,XLV,0.33333333333333331
2008-09-10,XLY,0
2008-09-11,GLD,0
2008-09-11,XLB,0
2008-09-11,XLE,0
2008-09-11,XLF,0
2008-09-11,XLI,0
2008-09-11,XLK,0.33333333333333331
2008-09-11,XLP,0.33333333333333331
2008-09-11,XLU,0
2008-09-11,XLV,0.33333333333333331
2008-09-11,XLY,0
2008-09-12,GLD,0
2008-09-12,XLB,0
2008-09-12,XLE,0
2008-09-12,XLF,0
2008-09-12,XLI,0
2008-09-12,XLK,0.33333333333333331
2008-09-12,XLP,0.33333333333333331
2008-09-12,XLU,0
2008-09-12,XLV,0.33333333333333331
2008-09-12,XLY,0
2008-09-15,GLD,0
2008-09-15,XLB,0
2008-09-15,XLE,0
2008-09-15,XLF,0
2008-09-15,XLI,0
2008-09-15,XLK,0.33333333333333331
2008-09-15,XLP,0.33333333333333331
2008-09-15,XLU,0
2008-09-15,XLV,0.33333333333333331
2008-09-15,XLY,0
2008-09-16,GLD,0
2008-09-16,XLB,0
2008-09-16,XLE,0
2008-09-16,XLF,0
2008-09-16,XLI,0
2008-09-16,XLK,0.33333333333333331
2008-09-16,XLP,0.33333333333333331
2008-09-16,XLU,0
2008-09-16,XLV,0.33333333333333331
2008-09-16,XLY,0
2008-09-17,GLD,0
2008-09-17,XLB,0
2008-09-17,XLE,0
2008-09-17,XLF,0
2008-09-17,XLI,0
2008-09-17,XLK,0.33333333333333331
2008-09-17,XLP,0.33333333333333331
2008-09-17,XLU,0
2008-09-17,XLV,0.33333333333333331
2008-09-17,XLY,0
2008-09-18,GLD,0
2008-09-18,XLB,0
2008-09-18,XLE,0
2008-09-18,XLF,0
2008-09-18,XLI,0
2008-09-18,XLK,0.33333333333333331
2008-09-18,XLP,0.33333333333333331
2008-09-18,XLU,0
2008-09-18,XLV,0.33333333333333331
2008-09-18,XLY,0
2008-09-19,GLD,0
2008-09-19,XLB,0
2008-09-19,XLE,0
2008-09-19,XLF,0
2008-09-19,XLI,0
2008-09-19,XLK,0.33333333333333331
2008-09-19,XLP,0.33333333333333331
2008-09-19,XLU,0
2008-09-19,XLV,0.33333333333333331
2008-09-19,XLY,0
2008-09-22,GLD,0
2008-09-22,XLB,0
2008-09-22,XLE,0
2008-09-22,XLF,0
2008-09-22,XLI,0
2008-09-22,XLK,0.33333333333333331
2008-09-22,XLP,0.33333333333333331
2008-09-22,XLU,0
2008-09-22,XLV,0.33333333333333331
2008-09-22,XLY,0
2008-09-23,GLD,0
2008-09-23,XLB,0
2008-09-23,XLE,0
2008-09-23,XLF,0
2008-09-23,XLI,0
2008-09-23,XLK,0.33333333333333331
2008-09-23,XLP,0.33333333333333331
2008-09-23,XLU,0
2008-09-23,XLV,0.33333333333333331
2008-09-23,XLY,0
2008-09-24,GLD,0
2008-09-24,XLB,0
2008-09-24,XLE,0
2008-09-24,XLF,0
2008-09-24,XLI,0
2008-09-24,XLK,0.33333333333333331
2008-09-24,XLP,0.33333333333333331
2008-09-24,XLU,0
2008-09-24,XLV,0.33333333333333331
2008-09-24,XLY,0
2008-09-25,GLD,0
2008-09-25,XLB,0
2008-09-25,XLE,0
2008-09-25,XLF,0
2008-09-25,XLI,0
2008-09-25,XLK,0.33333333333333331
2008-09-25,XLP,0.33333333333333331
2008-09-25,XLU,0
2008-09-25,XLV,0.33333333333333331
2008-09-25,XLY,0
2008-09-26,GLD,0.33333333333333331
2008-09-26,XLB,0
2008-09-26,XLE,0
2008-09-26,XLF,0
2008-09-26,XLI,0
2008-09-26,XLK,0
2008-09-26,XLP,0.33333333333333331
2008-09-26,XLU,0
2008-09-26,XLV,0.33333333333333331
2008-09-26,XLY,0
2008-09-29,GLD,0.33333333333333331
2008-09-29,XLB,0
2008-09-29,XLE,0
2008-09-29,XLF,0
2008-09-29,XLI,0
2008-09-29,XLK,0
2008-09-29,XLP,0.33333333333333331
2008-09-29,XLU,0
2008-09-29,XLV,0.33333333333333331
2008-09-29,XLY,0
2008-09-30,GLD,0.33333333333333331
2008-09-30,XLB,0
2008-09-30,XLE,0
2008-09-30,XLF,0
2008-09-30,XLI,0
2008-09-30,XLK,0
2008-09-30,XLP,0.33333333333333331
2008-09-30,XLU,0
2008-09-30,XLV,0.33333333333333331
2008-09-30,XLY,0
2008-10-01,GLD,0.33333333333333331
2008-10-01,XLB,0
2008-10-01,XLE,0
2008-10-01,XLF,0
2008-10-01,XLI,0
2008-10-01,XLK,0
2008-10-01,XLP,0.33333333333333331
2008-10-01,XLU,0
2008-10-01,XLV,0.33333333333333331
2008-10-01,XLY,0
2008-10-02,GLD,0.33333333333333331
2008-10-02,XLB,0
2008-10-02,XLE,0
2008-10-02,XLF,0
2008-10-02,XLI,0
2008-10-02,XLK,0
2008-10-02,XLP,0.33333333333333331
2008-10-02,XLU,0
2008-10-02,XLV,0.33333333333333331
2008-10-02,XLY,0
2008-10-03,GLD,0.33333333333333331
2008-10-03,XLB,0
2008-10-03,XLE,0
2008-10-03,XLF,0
2008-10-03,XLI,0
2008-10-03,XLK,0
2008-10-03,XLP,0.33333333333333331
2008-10-03,XLU,0
2008-10-03,XLV,0.33333333333333331
2008-10-03,XLY,0
2008-10-06,GLD,0.33333333333333331
2008-10-06,XLB,0
2008-10-06,XLE,0
2008-10-06,XLF,0
2008-10-06,XLI,0
2008-10-06,XLK,0
2008-10-06,XLP,0.33333333333333331
2008-10-06,XLU,0
2008-10-06,XLV,0.33333333333333331
2008-10-06,XLY,0
2008-10-07,GLD,0.33333333333333331
2008-10-07,XLB,0
2008-10-07,XLE,0
2008-10-07,XLF,0
2008-10-07,XLI,0
2008-10-07,XLK,0
2008-10-07,XLP,0.33333333333333331
2008-10-07,XLU,0
2008-10-07,XLV,0.33333333333333331
2008-10-07,XLY,0
2008-10-08,GLD,0.33333333333333331
2008-10-08,XLB,0
2008-10-08,XLE,0
2008-10-08,XLF,0
2008-10-08,XLI,0
2008-10-08,XLK,0
2008-10-08,XLP,0.33333333333333331
2008-10-08,XLU,0
2008-10-08,XLV,0.33333333333333331
2008-10-08,XLY,0
2008-10-09,GLD,0.33333333333333331
2008-10-09,XLB,0
2008-10-09,XLE,0
2008-10-09,XLF,0
2008-10-09,XLI,0
2008-10-09,XLK,0
2008-10-09,XLP,0.33333333333333331
2008-10-09,XLU,0
2008-10-09,XLV,0.33333333333333331
2008-10-09,XLY,0
2008-10-10,GLD,0.33333333333333331
2008-10-10,XLB,0
2008-10-10,XLE,0
2008-10-10,XLF,0
2008-10-10,XLI,0
2008-10-10,XLK,0
2008-10-10,XLP,0.33333333333333331
2008-10-10,XLU,0
2008-10-10,XLV,0.33333333333333331
2008-10-10,XLY,0
2008-10-13,GLD,0.33333333333333331
2008-10-13,XLB,0
2008-10-13,XLE,0
2008-10-13,XLF,0
2008-10-13,XLI,0
2008-10-13,XLK,0
2008-10-13,XLP,0.33333333333333331
2008-10-13,XLU,0
2008-10-13,XLV,0.33333333333333331
2008-10-13,XLY,0
2008-10-14,GLD,0.33333333333333331
2008-10-14,XLB,0
2008-10-14,XLE,0
2008-10-14,XLF,0
2008-10-14,XLI,0
2008-10-14,XLK,0
2008-10-14,XLP,0.33333333333333331
2008-10-14,XLU,0
2008-10-14,XLV,0.33333333333333331
2008-10-14,XLY,0
2008-10-15,GLD,0.33333333333333331
2008-10-15,XLB,0
2008-10-15,XLE,0
2008-10-15,XLF,0
2008-10-15,XLI,0
2008-10-15,XLK,0
2008-10-15,XLP,0.33333333333333331
2008-10-15,XLU,0
2008-10-15,XLV,0.33333333333333331
2008-10-15,XLY,0
2008-10-16,GLD,0.33333333333333331
2008-10-16,XLB,0
2008-10-16,XLE,0
2008-10-16,XLF,0
2008-10-16,XLI,0
2008-10-16,XLK,0
2008-10-16,XLP,0.33333333333333331
2008-10-16,XLU,0
2008-10-16,XLV,0.33333333333333331
2008-10-16,XLY,0
2008-10-17,GLD,0.33333333333333331
2008-10-17,XLB,0
2008-10-17,XLE,0
2008-10-17,XLF,0
2008-10-17,XLI,0
2008-10-17,XLK,0
2008-10-17,XLP,0.33333333333333331
2008-10-17,XLU,0
2008-10-17,XLV,0.33333333333333331
2008-10-17,XLY,0
2008-10-20,GLD,0.33333333333333331
2008-10-20,XLB,0
2008-10-20,XLE,0
2008-10-20,XLF,0
2008-10-20,XLI,0
2008-10-20,XLK,0
2008-10-20,XLP,0.33333333333333331
2008-10-20,XLU,0
2008-10-20,XLV,0.33333333333333331
2008-10-20,XLY,0
2008-10-21,GLD,0.33333333333333331
2008-10-21,XLB,0
2008-10-21,XLE,0
2008-10-21,XLF,0
2008-10-21,XLI,0
2008-10-21,XLK,0
2008-10-21,XLP,0.33333333333333331
2008-10-21,XLU,0
2008-10-21,XLV,0.33333333333333331
2008-10-21,XLY,0
2008-10-22,GLD,0.33333333333333331
2008-10-22,XLB,0
2008-10-22,XLE,0
2008-10-22,XLF,0
2008-10-22,XLI,0
2008-10-22,XLK,0
2008-10-22,XLP,0.33333333333333331
2008-10-22,XLU,0
2008-10-22,XLV,0.33333333333333331
2008-10-22,XLY,0
2008-10-23,GLD,0.33333333333333331
2008-10-23,XLB,0
2008-10-23,XLE,0
2008-10-23,XLF,0
2008-10-23,XLI,0
2008-10-23,XLK,0
2008-10-23,XLP,0.33333333333333331
2008-10-23,XLU,0
2008-10-23,XLV,0.33333333333333331
2008-10-23,XLY,0
2008-10-24,GLD,0.33333333333333331
2008-10-24,XLB,0
2008-10-24,XLE,0
2008-10-24,XLF,0
2008-10-24,XLI,0
2008-10-24,XLK,0
2008-10-24,XLP,0.33333333333333331
2008-10-24,XLU,0
2008-10-24,XLV,0.33333333333333331
2008-10-24,XLY,0
2008-10-27,GLD,1
2008-10-27,XLB,0
2008-10-27,XLE,0
2008-10-27,XLF,0
2008-10-27,XLI,0
2008-10-27,XLK,0
2008-10-27,XLP,0
2008-10-27,XLU,0
2008-10-27,XLV,0
2008-10-27,XLY,0
2008-10-28,GLD,1
2008-10-28,XLB,0
2008-10-28,XLE,0
2008-10-28,XLF,0
2008-10-28,XLI,0
2008-10-28,XLK,0
2008-10-28,XLP,0
2008-10-28,XLU,0
2008-10-28,XLV,0
2008-10-28,XLY,0
2008-10-29,GLD,1
2008-10-29,XLB,0
2008-10-29,XLE,0
2008-10-29,XLF,0
2008-10-29,XLI,0
2008-10-29,XLK,0
2008-10-29,XLP,0
2008-10-29,XLU,0
2008-10-29,XLV,0
2008-10-29,XLY,0
2008-10-30,GLD,1
2008-10-30,XLB,0
2008-10-30,XLE,0
2008-10-30,XLF,0
2008-10-30,XLI,0
2008-10-30,XLK,0
2008-10-30,XLP,0
2008-10-30,XLU,0
2008-10-30,XLV,0
2008-10-30,XLY,0
2008-10-31,GLD,1
2008-10-31,XLB,0
2008-10-31,XLE,0
2008-10-31,XLF,0
2008-10-31,XLI,0
2008-10-31,XLK,0
2008-10-31,XLP,0
2008-10-31,XLU,0
2008-10-31,XLV,0
2008-10-31,XLY,0
2008-11-03,GLD,1
2008-11-03,XLB,0
2008-11-03,XLE,0
2008-11-03,XLF,0
2008-11-03,XLI,0
2008-11-03,XLK,0
2008-11-03,XLP,0
2008-11-03,XLU,0
2008-11-03,XLV,0
2008-11-03,XLY,0
2008-11-04,GLD,1
2008-11-04,XLB,0
2008-11-04,XLE,0
2008-11-04,XLF,0
2008-11-04,XLI,0
2008-11-04,XLK,0
2008-11-04,XLP,0
2008-11-04,XLU,0
2008-11-04,XLV,0
2008-11-04,XLY,0
2008-11-05,GLD,1
2008-11-05,XLB,0
2008-11-05,XLE,0
2008-11-05,XLF,0
2008-11-05,XLI,0
2008-11-05,XLK,0
2008-11-05,XLP,0
2008-11-05,XLU,0
2008-11-05,XLV,0
2008-11-05,XLY,0
2008-11-06,GLD,1
2008-11-06,XLB,0
2008-11-06,XLE,0
2008-11-06,XLF,0
2008-11-06,XLI,0
2008-11-06,XLK,0
2008-11-06,XLP,0
2008-11-06,XLU,0
2008-11-06,XLV,0
2008-11-06,XLY,0
2008-11-07,GLD,1
2008-11-07,XLB,0
2008-11-07,XLE,0
2008-11-07,XLF,0
2008-11-07,XLI,0
2008-11-07,XLK,0
2008-11-07,XLP,0
2008-11-07,XLU,0
2008-11-07,XLV,0
2008-11-07,XLY,0
2008-11-10,GLD,1
2008-11-10,XLB,0
2008-11-10,XLE,0
2008-11-10,XLF,0
2008-11-10,XLI,0
2008-11-10,XLK,0
2008-11-10,XLP,0
2008-11-10,XLU,0
2008-11-10,XLV,0
2008-11-10,XLY,0
2008-11-11,GLD,1
2008-11-11,XLB,0
2008-11-11,XLE,0
2008-11-11,XLF,0
2008-11-11,XLI,0
2008-11-11,XLK,0
2008-11-11,XLP,0
2008-11-11,XLU,0
2008-11-11,XLV,0
2008-11-11,XLY,0
2008-11-12,GLD,1
2008-11-12,XLB,0
2008-11-12,XLE,0
2008-11-12,XLF,0
2008-11-12,XLI,0
2008-11-12,XLK,0
2008-11-12,XLP,0
2008-11-12,XLU,0
2008-11-12,XLV,0
2008-11-12,XLY,0
2008-11-13,GLD,1
2008-11-13,XLB,0
2008-11-13,XLE,0
2008-11-13,XLF,0
2008-11-13,XLI,0
2008-11-13,XLK,0
2008-11-13,XLP,0
2008-11-13,XLU,0
2008-11-13,XLV,0
2008-11-13,XLY,0
2008-11-14,GLD,1
2008-11-14,XLB,0
2008-11-14,XLE,0
2008-11-14,XLF,0
2008-11-14,XLI,0
2008-11-14,XLK,0
2008-11-14,XLP,0
2008-11-14,XLU,0
2008-11-14,XLV,0
2008-11-14,XLY,0
2008-11-17,GLD,1
2008-11-17,XLB,0
2008-11-17,XLE,0
2008-11-17,XLF,0
2008-11-17,XLI,0
2008-11-17,XLK,0
2008-11-17,XLP,0
2008-11-17,XLU,0
2008-11-17,XLV,0
2008-11-17,XLY,0
2008-11-18,GLD,1
2008-11-18,XLB,0
2008-11-18,XLE,0
2008-11-18,XLF,0
2008-11-18,XLI,0
2008-11-18,XLK,0
2008-11-18,XLP,0
2008-11-18,XLU,0
2008-11-18,XLV,0
2008-11-18,XLY,0
2008-11-19,GLD,1
2008-11-19,XLB,0
2008-11-19,XLE,0
2008-11-19,XLF,0
2008-11-19,XLI,0
2008-11-19,XLK,0
2008-11-19,XLP,0
2008-11-19,XLU,0
2008-11-19,XLV,0
2008-11-19,XLY,0
2008-11-20,GLD,1
2008-11-20,XLB,0
2008-11-20,XLE,0
2008-11-20,XLF,0
2008-11-20,XLI,0
2008-11-20,XLK,0
2008-11-20,XLP,0
2008-11-20,XLU,0
2008-11-20,XLV,0
2008-11-20,XLY,0
2008-11-21,GLD,1
2008-11-21,XLB,0
2008-11-21,XLE,0
2008-11-21,XLF,0
2008-11-21,XLI,0
2008-11-21,XLK,0
2008-11-21,XLP,0
2008-11-21,XLU,0
2008-11-21,XLV,0
2008-11-21,XLY,0
2008-11-24,GLD,1
2008-11-24,XLB,0
2008-11-24,XLE,0
2008-11-24,XLF,0
2008-11-24,XLI,0
2008-11-24,XLK,0
2008-11-24,XLP,0
2008-11-24,XLU,0
2008-11-24,XLV,0
2008-11-24,XLY,0
2008-11-25,GLD,1
2008-11-25,XLB,0
2008-11-25,XLE,0
2008-11-25,XLF,0
2008-11-25,XLI,0
2008-11-25,XLK,0
2008-11-25,XLP,0
2008-11-25,XLU,0
2008-11-25,XLV,0
2008-11-25,XLY,0
2008-11-26,GLD,1
2008-11-26,XLB,0
2008-11-26,XLE,0
2008-11-26,XLF,0
2008-11-26,XLI,0
2008-11-26,XLK,0
2008-11-26,XLP,0
2008-11-26,XLU,0
2008-11-26,XLV,0
2008-11-26,XLY,0
2008-11-28,GLD,1
2008-11-28,XLB,0
2008-11-28,XLE,0
2008-11-28,XLF,0
2008-11-28,XLI,0
2008-11-28,XLK,0
2008-11-28,XLP,0
2008-11-28,XLU,0
2008-11-28,XLV,0
2008-11-28,XLY,0
2008-12-01,GLD,1
2008-12-01,XLB,0
2008-12-01,XLE,0
2008-12-01,XLF,0
2008-12-01,XLI,0
2008-12-01,XLK,0
2008-12-01,XLP,0
2008-12-01,XLU,0
2008-12-01,XLV,0
2008-12-01,XLY,0
2008-12-02,GLD,1
2008-12-02,XLB,0
2008-12-02,XLE,0
2008-12-02,XLF,0
2008-12-02,XLI,0
2008-12-02,XLK,0
2008-12-02,XLP,0
2008-12-02,XLU,0
2008-12-02,XLV,0
2008-12-02,XLY,0
2008-12-03,GLD,1
2008-12-03,XLB,0
2008-12-03,XLE,0
2008-12-03,XLF,0
2008-12-03,XLI,0
2008-12-03,XLK,0
2008-12-03,XLP,0
2008-12-03,XLU,0
2008-12-03,XLV,0
2008-12-03,XLY,0
2008-12-04,GLD,1
2008-12-04,XLB,0
2008-12-04,XLE,0
2008-12-04,XLF,0
2008-12-04,XLI,0
2008-12-04,XLK,0
2008-12-04,XLP,0
2008-12-04,XLU,0
2008-12-04,XLV,0
2008-12-04,XLY,0
2008-12-05,GLD,1
2008-12-05,XLB,0
2008-12-05,XLE,0
2008-12-05,XLF,0
2008-12-05,XLI,0
2008-12-05,XLK,0
2008-12-05,XLP,0
2008-12-05,XLU,0
2008-12-05,XLV,0
2008-12-05,XLY,0
2008-12-08,GLD,1
2008-12-08,XLB,0
2008-12-08,XLE,0
2008-12-08,XLF,0
2008-12-08,XLI,0
2008-12-08,XLK,0
2008-12-08,XLP,0
2008-12-08,XLU,0
2008-12-08,XLV,0
2008-12-08,XLY,0
2008-12-09,GLD,1
2008-12-09,XLB,0
2008-12-09,XLE,0
2008-12-09,XLF,0
2008-12-09,XLI,0
2008-12-09,XLK,0
2008-12-09,XLP,0
2008-12-09,XLU,0
2008-12-09,XLV,0
2008-12-09,XLY,0
2008-12-10,GLD,1
2008-12-10,XLB,0
2008-12-10,XLE,0
2008-12-10,XLF,0
2008-12-10,XLI,0
2008-12-10,XLK,0
2008-12-10,XLP,0
2008-12-10,XLU,0
2008-12-10,XLV,0
2008-12-10,XLY,0
2008-12-11,GLD,1
2008-12-11,XLB,0
2008-12-11,XLE,0
2008-12-11,XLF,0
2008-12-11,XLI,0
2008-12-11,XLK,0
2008-12-11,XLP,0
2008-12-11,XLU,0
2008-12-11,XLV,0
2008-12-11,XLY,0
2008-12-12,GLD,1
2008-12-12,XLB,0
2008-12-12,XLE,0
2008-12-12,XLF,0
2008-12-12,XLI,0
2008-12-12,XLK,0
2008-12-12,XLP,0
2008-12-12,XLU,0
2008-12-12,XLV,0
2008-12-12,XLY,0
2008-12-15,GLD,1
2008-12-15,XLB,0
2008-12-15,XLE,0
2008-12-15,XLF,0
2008-12-15,XLI,0
2008-12-15,XLK,0
2008-12-15,XLP,0
2008-12-15,XLU,0
2008-12-15,XLV,0
2008-12-15,XLY,0
2008-12-16,GLD,1
2008-12-16,XLB,0
2008-12-16,XLE,0
2008-12-16,XLF,0
2008-12-16,XLI,0
2008-12-16,XLK,0
2008-12-16,XLP,0
2008-12-16,XLU,0
2008-12-16,XLV,0
2008-12-16,XLY,0
2008-12-17,GLD,1
2008-12-17,XLB,0
2008-12-17,XLE,0
2008-12-17,XLF,0
2008-12-17,XLI,0
2008-12-17,XLK,0
2008-12-17,XLP,0
2008-12-17,XLU,0
2008-12-17,XLV,0
2008-12-17,XLY,0
2008-12-18,GLD,1
2008-12-18,XLB,0
2008-12-18,XLE,0
2008-12-18,XLF,0
2008-12-18,XLI,0
2008-12-18,XLK,0
2008-12-18,XLP,0
2008-12-18,XLU,0
2008-12-18,XLV,0
2008-12-18,XLY,0
2008-12-19,GLD,1
2008-12-19,XLB,0
2008-12-19,XLE,0
2008-12-19,XLF,0
2008-12-19,XLI,0
2008-12-19,XLK,0
2008-12-19,XLP,0
2008-12-19,XLU,0
2008-12-19,XLV,0
2008-12-19,XLY,0
2008-12-22,GLD,1
2008-12-22,XLB,0
2008-12-22,XLE,0
2008-12-22,XLF,0
2008-12-22,XLI,0
2008-12-22,XLK,0
2008-12-22,XLP,0
2008-12-22,XLU,0
2008-12-22,XLV,0
2008-12-22,XLY,0
2008-12-23,GLD,1
2008-12-23,XLB,0
2008-12-23,XLE,0
2008-12-23,XLF,0
2008-12-23,XLI,0
2008-12-23,XLK,0
2008-12-23,XLP,0
2008-12-23,XLU,0
2008-12-23,XLV,0
2008-12-23,XLY,0
2008-12-24,GLD,1
2008-12-24,XLB,0
2008-12-24,XLE,0
2008-12-24,XLF,0
2008-12-24,XLI,0
2008-12-24,XLK,0
2008-12-24,XLP,0
2008-12-24,XLU,0
2008-12-24,XLV,0
2008-12-24,XLY,0
2008-12-26,GLD,1
2008-12-26,XLB,0
2008-12-26,XLE,0
2008-12-26,XLF,0
2008-12-26,XLI,0
2008-12-26,XLK,0
2008-12-26,XLP,0
2008-12-26,XLU,0
2008-12-26,XLV,0
2008-12-26,XLY,0
2008-12-29,GLD,1
2008-12-29,XLB,0
2008-12-29,XLE,0
2008-12-29,XLF,0
2008-12-29,XLI,0
2008-12-29,XLK,0
2008-12-29,XLP,0
2008-12-29,XLU,0
2008-12-29,XLV,0
2008-12-29,XLY,0
2008-12-30,GLD,1
2008-12-30,XLB,0
2008-12-30,XLE,0
2008-12-30,XLF,0
2008-12-30,XLI,0
2008-12-30,XLK,0
2008-12-30,XLP,0
2008-12-30,XLU,0
2008-12-30,XLV,0
2008-12-30,XLY,0
2008-12-31,GLD,1
2008-12-31,XLB,0
2008-12-31,XLE,0
2008-12-31,XLF,0
2008-12-31,XLI,0
2008-12-31,XLK,0
2008-12-31,XLP,0
2008-12-31,XLU,0
2008-12-31,XLV,0
2008-12-31,XLY,0
2009-01-02,GLD,1
2009-01-02,XLB,0
2009-01-02,XLE,0
2009-01-02,XLF,0
2009-01-02,XLI,0
2009-01-02,XLK,0
2009-01-02,XLP,0
2009-01-02,XLU,0
2009-01-02,XLV,0
2009-01-02,XLY,0
2009-01-05,GLD,1
2009-01-05,XLB,0
2009-01-05,XLE,0
2009-01-05,XLF,0
2009-01-05,XLI,0
2009-01-05,XLK,0
2009-01-05,XLP,0
2009-01-05,XLU,0
2009-01-05,XLV,0
2009-01-05,XLY,0
2009-01-06,GLD,1
2009-01-06,XLB,0
2009-01-06,XLE,0
2009-01-06,XLF,0
2009-01-06,XLI,0
2009-01-06,XLK,0
2009-01-06,XLP,0
2009-01-06,XLU,0
2009-01-06,XLV,0
2009-01-06,XLY,0
2009-01-07,GLD,1
2009-01-07,XLB,0
2009-01-07,XLE,0
2009-01-07,XLF,0
2009-01-07,XLI,0
2009-01-07,XLK,0
2009-01-07,XLP,0
2009-01-07,XLU,0
2009-01-07,XLV,0
2009-01-07,XLY,0
2009-01-08,GLD,1
2009-01-08,XLB,0
2009-01-08,XLE,0
2009-01-08,XLF,0
2009-01-08,XLI,0
2009-01-08,XLK,0
2009-01-08,XLP,0
2009-01-08,XLU,0
2009-01-08,XLV,0
2009-01-08,XLY,0
2009-01-09,GLD,1
2009-01-09,XLB,0
2009-01-09,XLE,0
2009-01-09,XLF,0
2009-01-09,XLI,0
2009-01-09,XLK,0
2009-01-09,XLP,0
2009-01-09,XLU,0
2009-01-09,XLV,0
2009-01-09,XLY,0
2009-01-12,GLD,1
2009-01-12,XLB,0
2009-01-12,XLE,0
2009-01-12,XLF,0
2009-01-12,XLI,0
2009-01-12,XLK,0
2009-01-12,XLP,0
2009-01-12,XLU,0
2009-01-12,XLV,0
2009-01-12,XLY,0
2009-01-13,GLD,1
2009-01-13,XLB,0
2009-01-13,XLE,0
2009-01-13,XLF,0
2009-01-13,XLI,0
2009-01-13,XLK,0
2009-01-13,XLP,0
2009-01-13,XLU,0
2009-01-13,XLV,0
2009-01-13,XLY,0
2009-01-14,GLD,1
2009-01-14,XLB,0
2009-01-14,XLE,0
2009-01-14,XLF,0
2009-01-14,XLI,0
2009-01-14,XLK,0
2009-01-14,XLP,0
2009-01-14,XLU,0
2009-01-14,XLV,0
2009-01-14,XLY,0
2009-01-15,GLD,1
2009-01-15,XLB,0
2009-01-15,XLE,0
2009-01-15,XLF,0
2009-01-15,XLI,0
2009-01-15,XLK,0
2009-01-15,XLP,0
2009-01-15,XLU,0
2009-01-15,XLV,0
2009-01-15,XLY,0
2009-01-16,GLD,1
2009-01-16,XLB,0
2009-01-16,XLE,0
2009-01-16,XLF,0
2009-01-16,XLI,0
2009-01-16,XLK,0
2009-01-16,XLP,0
2009-01-16,XLU,0
2009-01-16,XLV,0
2009-01-16,XLY,0
2009-01-20,GLD,1
2009-01-20,XLB,0
2009-01-20,XLE,0
2009-01-20,XLF,0
2009-01-20,XLI,0
2009-01-20,XLK,0
2009-01-20,XLP,0
2009-01-20,XLU,0
2009-01-20,XLV,0
2009-01-20,XLY,0
2009-01-21,GLD,1
2009-01-21,XLB,0
2009-01-21,XLE,0
2009-01-21,XLF,0
2009-01-21,XLI,0
2009-01-21,XLK,0
2009-01-21,XLP,0
2009-01-21,XLU,0
2009-01-21,XLV,0
2009-01-21,XLY,0
2009-01-22,GLD,1
2009-01-22,XLB,0
2009-01-22,XLE,0
2009-01-22,XLF,0
2009-01-22,XLI,0
2009-01-22,XLK,0
2009-01-22,XLP,0
2009-01-22,XLU,0
2009-01-22,XLV,0
2009-01-22,XLY,0
2009-01-23,GLD,1
2009-01-23,XLB,0
2009-01-23,XLE,0
2009-01-23,XLF,0
2009-01-23,XLI,0
2009-01-23,XLK,0
2009-01-23,XLP,0
2009-01-23,XLU,0
2009-01-23,XLV,0
2009-01-23,XLY,0
2009-01-26,GLD,1
2009-01-26,XLB,0
2009-01-26,XLE,0
2009-01-26,XLF,0
2009-01-26,XLI,0
2009-01-26,XLK,0
2009-01-26,XLP,0
2009-01-26,XLU,0
2009-01-26,XLV,0
2009-01-26,XLY,0
2009-01-27,GLD,1
2009-01-27,XLB,0
2009-01-27,XLE,0
2009-01-27,XLF,0
2009-01-27,XLI,0
2009-01-27,XLK,0
2009-01-27,XLP,0
2009-01-27,XLU,0
2009-01-27,XLV,0
2009-01-27,XLY,0
2009-01-28,GLD,1
2009-01-28,XLB,0
2009-01-28,XLE,0
2009-01-28,XLF,0
2009-01-28,XLI,0
2009-01-28,XLK,0
2009-01-28,XLP,0
2009-01-28,XLU,0
2009-01-28,XLV,0
2009-01-28,XLY,0
2009-01-29,GLD,1
2009-01-29,XLB,0
2009-01-29,XLE,0
2009-01-29,XLF,0
2009-01-29,XLI,0
2009-01-29,XLK,0
2009-01-29,XLP,0
2009-01-29,XLU,0
2009-01-29,XLV,0
2009-01-29,XLY,0
2009-01-30,GLD,1
2009-01-30,XLB,0
2009-01-30,XLE,0
2009-01-30,XLF,0
2009-01-30,XLI,0
2009-01-30,XLK,0
2009-01-30,XLP,0
2009-01-30,XLU,0
2009-01-30,XLV,0
2009-01-30,XLY,0
2009-02-02,GLD,1
2009-02-02,XLB,0
2009-02-02,XLE,0
2009-02-02,XLF,0
2009-02-02,XLI,0
2009-02-02,XLK,0
2009-02-02,XLP,0
2009-02-02,XLU,0
2009-02-02,XLV,0
2009-02-02,XLY,0
2009-02-03,GLD,1
2009-02-03,XLB,0
2009-02-03,XLE,0
2009-02-03,XLF,0
2009-02-03,XLI,0
2009-02-03,XLK,0
2009-02-03,XLP,0
2009-02-03,XLU,0
2009-02-03,XLV,0
2009-02-03,XLY,0
2009-02-04,GLD,1
2009-02-04,XLB,0
2009-02-04,XLE,0
2009-02-04,XLF,0
2009-02-04,XLI,0
2009-02-04,XLK,0
2009-02-04,XLP,0
2009-02-04,XLU,0
2009-02-04,XLV,0
2009-02-04,XLY,0
2009-02-05,GLD,1
2009-02-05,XLB,0
2009-02-05,XLE,0
2009-02-05,XLF,0
2009-02-05,XLI,0
2009-02-05,XLK,0
2009-02-05,XLP,0
2009-02-05,XLU,0
2009-02-05,XLV,0
2009-02-05,XLY,0
2009-02-06,GLD,1
2009-02-06,XLB,0
2009-02-06,XLE,0
2009-02-06,XLF,0
2009-02-06,XLI,0
2009-02-06,XLK,0
2009-02-06,XLP,0
2009-02-06,XLU,0
2009-02-06,XLV,0
2009-02-06,XLY,0
2009-02-09,GLD,1
2009-02-09,XLB,0
2009-02-09,XLE,0
2009-02-09,XLF,0
2009-02-09,XLI,0
2009-02-09,XLK,0
2009-02-09,XLP,0
2009-02-09,XLU,0
2009-02-09,XLV,0
2009-02-09,XLY,0
2009-02-10,GLD,1
2009-02-10,XLB,0
2009-02-10,XLE,0
2009-02-10,XLF,0
2009-02-10,XLI,0
2009-02-10,XLK,0
2009-02-10,XLP,0
2009-02-10,XLU,0
2009-02-10,XLV,0
2009-02-10,XLY,0
2009-02-11,GLD,1
2009-02-11,XLB,0
2009-02-11,XLE,0
2009-02-11,XLF,0
2009-02-11,XLI,0
2009-02-11,XLK,0
2009-02-11,XLP,0
2009-02-11,XLU,0
2009-02-11,XLV,0
2009-02-11,XLY,0
2009-02-12,GLD,1
2009-02-12,XLB,0
2009-02-12,XLE,0
2009-02-12,XLF,0
2009-02-12,XLI,0
2009-02-12,XLK,0
2009-02-12,XLP,0
2009-02-12,XLU,0
2009-02-12,XLV,0
2009-02-12,XLY,0
2009-02-13,GLD,1
2009-02-13,XLB,0
2009-02-13,XLE,0
2009-02-13,XLF,0
2009-02-13,XLI,0
2009-02-13,XLK,0
2009-02-13,XLP,0
2009-02-13,XLU,0
2009-02-13,XLV,0
2009-02-13,XLY,0
2009-02-17,GLD,1
2009-02-17,XLB,0
2009-02-17,XLE,0
2009-02-17,XLF,0
2009-02-17,XLI,0
2009-02-17,XLK,0
2009-02-17,XLP,0
2009-02-17,XLU,0
2009-02-17,XLV,0
2009-02-17,XLY,0
2009-02-18,GLD,1
2009-02-18,XLB,0
2009-02-18,XLE,0
2009-02-18,XLF,0
2009-02-18,XLI,0
2009-02-18,XLK,0
2009-02-18,XLP,0
2009-02-18,XLU,0
2009-02-18,XLV,0
2009-02-18,XLY,0
2009-02-19,GLD,1
2009-02-19,XLB,0
2009-02-19,XLE,0
2009-02-19,XLF,0
2009-02-19,XLI,0
2009-02-19,XLK,0
2009-02-19,XLP,0
2009-02-19,XLU,0
2009-02-19,XLV,0
2009-02-19,XLY,0
2009-02-20,GLD,1
2009-02-20,XLB,0
2009-02-20,XLE,0
2009-02-20,XLF,0
2009-02-20,XLI,0
2009-02-20,XLK,0
2009-02-20,XLP,0
2009-02-20,XLU,0
2009-02-20,XLV,0
2009-02-20,XLY,0
2009-02-23,GLD,1
2009-02-23,XLB,0
2009-02-23,XLE,0
2009-02-23,XLF,0
2009-02-23,XLI,0
2009-02-23,XLK,0
2009-02-23,XLP,0
2009-02-23,XLU,0
2009-02-23,XLV,0
2009-02-23,XLY,0
2009-02-24,GLD,1
2009-02-24,XLB,0
2009-02-24,XLE,0
2009-02-24,XLF,0
2009-02-24,XLI,0
2009-02-24,XLK,0
2009-02-24,XLP,0
2009-02-24,XLU,0
2009-02-24,XLV,0
2009-02-24,XLY,0
2009-02-25,GLD,1
2009-02-25,XLB,0
2009-02-25,XLE,0
2009-02-25,XLF,0
2009-02-25,XLI,0
2009-02-25,XLK,0
2009-02-25,XLP,0
2009-02-25,XLU,0
2009-02-25,XLV,0
2009-02-25,XLY,0
2009-02-26,GLD,1
2009-02-26,XLB,0
2009-02-26,XLE,0
2009-02-26,XLF,0
2009-02-26,XLI,0
2009-02-26,XLK,0
2009-02-26,XLP,0
2009-02-26,XLU,0
2009-02-26,XLV,0
2009-02-26,XLY,0
2009-02-27,GLD,1
2009-02-27,XLB,0
2009-02-27,XLE,0
2009-02-27,XLF,0
2009-02-27,XLI,0
2009-02-27,XLK,0
2009-02-27,XLP,0
2009-02-27,XLU,0
2009-02-27,XLV,0
2009-02-27,XLY,0
2009-03-02,GLD,1
2009-03-02,XLB,0
2009-03-02,XLE,0
2009-03-02,XLF,0
2009-03-02,XLI,0
2009-03-02,XLK,0
2009-03-02,XLP,0
2009-03-02,XLU,0
2009-03-02,XLV,0
2009-03-02,XLY,0
2009-03-03,GLD,1
2009-03-03,XLB,0
2009-03-03,XLE,0
2009-03-03,XLF,0
2009-03-03,XLI,0
2009-03-03,XLK,0
2009-03-03,XLP,0
2009-03-03,XLU,0
2009-03-03,XLV,0
2009-03-03,XLY,0
2009-03-04,GLD,1
2009-03-04,XLB,0
2009-03-04,XLE,0
2009-03-04,XLF,0
2009-03-04,XLI,0
2009-03-04,XLK,0
2009-03-04,XLP,0
2009-03-04,XLU,0
2009-03-04,XLV,0
2009-03-04,XLY,0
2009-03-05,GLD,1
2009-03-05,XLB,0
2009-03-05,XLE,0
2009-03-05,XLF,0
2009-03-05,XLI,0
2009-03-05,XLK,0
2009-03-05,XLP,0
2009-03-05,XLU,0
2009-03-05,XLV,0
2009-03-05,XLY,0
2009-03-06,GLD,1
2009-03-06,XLB,0
2009-03-06,XLE,0
2009-03-06,XLF,0
2009-03-06,XLI,0
2009-03-06,XLK,0
2009-03-06,XLP,0
2009-03-06,XLU,0
2009-03-06,XLV,0
2009-03-06,XLY,0
2009-03-09,GLD,1
2009-03-09,XLB,0
2009-03-09,XLE,0
2009-03-09,XLF,0
2009-03-09,XLI,0
2009-03-09,XLK,0
2009-03-09,XLP,0
2009-03-09,XLU,0
2009-03-09,XLV,0
2009-03-09,XLY,0
2009-03-10,GLD,1
2009-03-10,XLB,0
2009-03-10,XLE,0
2009-03-10,XLF,0
2009-03-10,XLI,0
2009-03-10,XLK,0
2009-03-10,XLP,0
2009-03-10,XLU,0
2009-03-10,XLV,0
2009-03-10,XLY,0
2009-03-11,GLD,1
2009-03-11,XLB,0
2009-03-11,XLE,0
2009-03-11,XLF,0
2009-03-11,XLI,0
2009-03-11,XLK,0
2009-03-11,XLP,0
2009-03-11,XLU,0
2009-03-11,XLV,0
2009-03-11,XLY,0
2009-03-12,GLD,1
2009-03-12,XLB,0
2009-03-12,XLE,0
2009-03-12,XLF,0
2009-03-12,XLI,0
2009-03-12,XLK,0
2009-03-12,XLP,0
2009-03-12,XLU,0
2009-03-12,XLV,0
2009-03-12,XLY,0
2009-03-13,GLD,1
2009-03-13,XLB,0
2009-03-13,XLE,0
2009-03-13,XLF,0
2009-03-13,XLI,0
2009-03-13,XLK,0
2009-03-13,XLP,0
2009-03-13,XLU,0
2009-03-13,XLV,0
2009-03-13,XLY,0
2009-03-16,GLD,1
2009-03-16,XLB,0
2009-03-16,XLE,0
2009-03-16,XLF,0
2009-03-16,XLI,0
2009-03-16,XLK,0
2009-03-16,XLP,0
2009-03-16,XLU,0
2009-03-16,XLV,0
2009-03-16,XLY,0
2009-03-17,GLD,1
2009-03-17,XLB,0
2009-03-17,XLE,0
2009-03-17,XLF,0
2009-03-17,XLI,0
2009-03-17,XLK,0
2009-03-17,XLP,0
2009-03-17,XLU,0
2009-03-17,XLV,0
2009-03-17,XLY,0
2009-03-18,GLD,1
2009-03-18,XLB,0
2009-03-18,XLE,0
2009-03-18,XLF,0
2009-03-18,XLI,0
2009-03-18,XLK,0
2009-03-18,XLP,0
2009-03-18,XLU,0
2009-03-18,XLV,0
2009-03-18,XLY,0
2009-03-19,GLD,1
2009-03-19,XLB,0
2009-03-19,XLE,0
2009-03-19,XLF,0
2009-03-19,XLI,0
2009-03-19,XLK,0
2009-03-19,XLP,0
2009-03-19,XLU,0
2009-03-19,XLV,0
2009-03-19,XLY,0
2009-03-20,GLD,1
2009-03-20,XLB,0
2009-03-20,XLE,0
2009-03-20,XLF,0
2009-03-20,XLI,0
2009-03-20,XLK,0
2009-03-20,XLP,0
2009-03-20,XLU,0
2009-03-20,XLV,0
2009-03-20,XLY,0
2009-03-23,GLD,1
2009-03-23,XLB,0
2009-03-23,XLE,0
2009-03-23,XLF,0
2009-03-23,XLI,0
2009-03-23,XLK,0
2009-03-23,XLP,0
2009-03-23,XLU,0
2009-03-23,XLV,0
2009-03-23,XLY,0
2009-03-24,GLD,1
2009-03-24,XLB,0
2009-03-24,XLE,0
2009-03-24,XLF,0
2009-03-24,XLI,0
2009-03-24,XLK,0
2009-03-24,XLP,0
2009-03-24,XLU,0
2009-03-24,XLV,0
2009-03-24,XLY,0
2009-03-25,GLD,1
2009-03-25,XLB,0
2009-03-25,XLE,0
2009-03-25,XLF,0
2009-03-25,XLI,0
2009-03-25,XLK,0
2009-03-25,XLP,0
2009-03-25,XLU,0
2009-03-25,XLV,0
2009-03-25,XLY,0
2009-03-26,GLD,1
2009-03-26,XLB,0
2009-03-26,XLE,0
2009-03-26,XLF,0
2009-03-26,XLI,0
2009-03-26,XLK,0
2009-03-26,XLP,0
2009-03-26,XLU,0
2009-03-26,XLV,0
2009-03-26,XLY,0
2009-03-27,GLD,1
2009-03-27,XLB,0
2009-03-27,XLE,0
2009-03-27,XLF,0
2009-03-27,XLI,0
2009-03-27,XLK,0
2009-03-27,XLP,0
2009-03-27,XLU,0
2009-03-27,XLV,0
2009-03-27,XLY,0
2009-03-30,GLD,1
2009-03-30,XLB,0
2009-03-30,XLE,0
2009-03-30,XLF,0
2009-03-30,XLI,0
2009-03-30,XLK,0
2009-03-30,XLP,0
2009-03-30,XLU,0
2009-03-30,XLV,0
2009-03-30,XLY,0
2009-03-31,GLD,1
2009-03-31,XLB,0
2009-03-31,XLE,0
2009-03-31,XLF,0
2009-03-31,XLI,0
2009-03-31,XLK,0
2009-03-31,XLP,0
2009-03-31,XLU,0
2009-03-31,XLV,0
2009-03-31,XLY,0
2009-04-01,GLD,1
2009-04-01,XLB,0
2009-04-01,XLE,0
2009-04-01,XLF,0
2009-04-01,XLI,0
2009-04-01,XLK,0
2009-04-01,XLP,0
2009-04-01,XLU,0
2009-04-01,XLV,0
2009-04-01,XLY,0
2009-04-02,GLD,1
2009-04-02,XLB,0
2009-04-02,XLE,0
2009-04-02,XLF,0
2009-04-02,XLI,0
2009-04-02,XLK,0
2009-04-02,XLP,0
2009-04-02,XLU,0
2009-04-02,XLV,0
2009-04-02,XLY,0
2009-04-03,GLD,1
2009-04-03,XLB,0
2009-04-03,XLE,0
2009-04-03,XLF,0
2009-04-03,XLI,0
2009-04-03,XLK,0
2009-04-03,XLP,0
2009-04-03,XLU,0
2009-04-03,XLV,0
2009-04-03,XLY,0
2009-04-06,GLD,1
2009-04-06,XLB,0
2009-04-06,XLE,0
2009-04-06,XLF,0
2009-04-06,XLI,0
2009-04-06,XLK,0
2009-04-06,XLP,0
2009-04-06,XLU,0
2009-04-06,XLV,0
2009-04-06,XLY,0
2009-04-07,GLD,1
2009-04-07,XLB,0
2009-04-07,XLE,0
2009-04-07,XLF,0
2009-04-07,XLI,0
2009-04-07,XLK,0
2009-04-07,XLP,0
2009-04-07,XLU,0
2009-04-07,XLV,0
2009-04-07,XLY,0
2009-04-08,GLD,1
2009-04-08,XLB,0
2009-04-08,XLE,0
2009-04-08,XLF,0
2009-04-08,XLI,0
2009-04-08,XLK,0
2009-04-08,XLP,0
2009-04-08,XLU,0
2009-04-08,XLV,0
2009-04-08,XLY,0
2009-04-09,GLD,1
2009-04-09,XLB,0
2009-04-09,XLE,0
2009-04-09,XLF,0
2009-04-09,XLI,0
2009-04-09,XLK,0
2009-04-09,XLP,0
2009-04-09,XLU,0
2009-04-09,XLV,0
2009-04-09,XLY,0
2009-04-13,GLD,1
2009-04-13,XLB,0
2009-04-13,XLE,0
2009-04-13,XLF,0
2009-04-13,XLI,0
2009-04-13,XLK,0
2009-04-13,XLP,0
2009-04-13,XLU,0
2009-04-13,XLV,0
2009-04-13,XLY,0
2009-04-14,GLD,1
2009-04-14,XLB,0
2009-04-14,XLE,0
2009-04-14,XLF,0
2009-04-14,XLI,0
2009-04-14,XLK,0
2009-04-14,XLP,0
2009-04-14,XLU,0
2009-04-14,XLV,0
2009-04-14,XLY,0
2009-04-15,GLD,1
2009-04-15,XLB,0
2009-04-15,XLE,0
2009-04-15,XLF,0
2009-04-15,XLI,0
2009-04-15,XLK,0
2009-04-15,XLP,0
2009-04-15,XLU,0
2009-04-15,XLV,0
2009-04-15,XLY,0
2009-04-16,GLD,1
2009-04-16,XLB,0
2009-04-16,XLE,0
2009-04-16,XLF,0
2009-04-16,XLI,0
2009-04-16,XLK,0
2009-04-16,XLP,0
2009-04-16,XLU,0
2009-04-16,XLV,0
2009-04-16,XLY,0
2009-04-17,GLD,1
2009-04-17,XLB,0
2009-04-17,XLE,0
2009-04-17,XLF,0
2009-04-17,XLI,0
2009-04-17,XLK,0
2009-04-17,XLP,0
2009-04-17,XLU,0
2009-04-17,XLV,0
2009-04-17,XLY,0
2009-04-20,GLD,1
2009-04-20,XLB,0
2009-04-20,XLE,0
2009-04-20,XLF,0
2009-04-20,XLI,0
2009-04-20,XLK,0
2009-04-20,XLP,0
2009-04-20,XLU,0
2009-04-20,XLV,0
2009-04-20,XLY,0
2009-04-21,GLD,1
2009-04-21,XLB,0
2009-04-21,XLE,0
2009-04-21,XLF,0
2009-04-21,XLI,0
2009-04-21,XLK,0
2009-04-21,XLP,0
2009-04-21,XLU,0
2009-04-21,XLV,0
2009-04-21,XLY,0
2009-04-22,GLD,1
2009-04-22,XLB,0
2009-04-22,XLE,0
2009-04-22,XLF,0
2009-04-22,XLI,0
2009-04-22,XLK,0
2009-04-22,XLP,0
2009-04-22,XLU,0
2009-04-22,XLV,0
2009-04-22,XLY,0
2009-04-23,GLD,1
2009-04-23,XLB,0
2009-04-23,XLE,0
2009-04-23,XLF,0
2009-04-23,XLI,0
2009-04-23,XLK,0
2009-04-23,XLP,0
2009-04-23,XLU,0
2009-04-23,XLV,0
2009-04-23,XLY,0
2009-04-24,GLD,1
2009-04-24,XLB,0
2009-04-24,XLE,0
2009-04-24,XLF,0
2009-04-24,XLI,0
2009-04-24,XLK,0
2009-04-24,XLP,0
2009-04-24,XLU,0
2009-04-24,XLV,0
2009-04-24,XLY,0
2009-04-27,GLD,1
2009-04-27,XLB,0
2009-04-27,XLE,0
2009-04-27,XLF,0
2009-04-27,XLI,0
2009-04-27,XLK,0
2009-04-27,XLP,0
2009-04-27,XLU,0
2009-04-27,XLV,0
2009-04-27,XLY,0
2009-04-28,GLD,1
2009-04-28,XLB,0
2009-04-28,XLE,0
2009-04-28,XLF,0
2009-04-28,XLI,0
2009-04-28,XLK,0
2009-04-28,XLP,0
2009-04-28,XLU,0
2009-04-28,XLV,0
2009-04-28,XLY,0
2009-04-29,GLD,1
2009-04-29,XLB,0
2009-04-29,XLE,0
2009-04-29,XLF,0
2009-04-29,XLI,0
2009-04-29,XLK,0
2009-04-29,XLP,0
2009-04-29,XLU,0
2009-04-29,XLV,0
2009-04-29,XLY,0
2009-04-30,GLD,1
2009-04-30,XLB,0
2009-04-30,XLE,0
2009-04-30,XLF,0
2009-04-30,XLI,0
2009-04-30,XLK,0
2009-04-30,XLP,0
2009-04-30,XLU,0
2009-04-30,XLV,0
2009-04-30,XLY,0
2009-05-01,GLD,1
2009-05-01,XLB,0
2009-05-01,XLE,0
2009-05-01,XLF,0
2009-05-01,XLI,0
2009-05-01,XLK,0
2009-05-01,XLP,0
2009-05-01,XLU,0
2009-05-01,XLV,0
2009-05-01,XLY,0
2009-05-04,GLD,1
2009-05-04,XLB,0
2009-05-04,XLE,0
2009-05-04,XLF,0
2009-05-04,XLI,0
2009-05-04,XLK,0
2009-05-04,XLP,0
2009-05-04,XLU,0
2009-05-04,XLV,0
2009-05-04,XLY,0
2009-05-05,GLD,1
2009-05-05,XLB,0
2009-05-05,XLE,0
2009-05-05,XLF,0
2009-05-05,XLI,0
2009-05-05,XLK,0
2009-05-05,XLP,0
2009-05-05,XLU,0
2009-05-05,XLV,0
2009-05-05,XLY,0
2009-05-06,GLD,1
2009-05-06,XLB,0
2009-05-06,XLE,0
2009-05-06,XLF,0
2009-05-06,XLI,0
2009-05-06,XLK,0
2009-05-06,XLP,0
2009-05-06,XLU,0
2009-05-06,XLV,0
2009-05-06,XLY,0
2009-05-07,GLD,1
2009-05-07,XLB,0
2009-05-07,XLE,0
2009-05-07,XLF,0
2009-05-07,XLI,0
2009-05-07,XLK,0
2009-05-07,XLP,0
2009-05-07,XLU,0
2009-05-07,XLV,0
2009-05-07,XLY,0
2009-05-08,GLD,1
2009-05-08,XLB,0
2009-05-08,XLE,0
2009-05-08,XLF,0
2009-05-08,XLI,0
2009-05-08,XLK,0
2009-05-08,XLP,0
2009-05-08,XLU,0
2009-05-08,XLV,0
2009-05-08,XLY,0
2009-05-11,GLD,1
2009-05-11,XLB,0
2009-05-11,XLE,0
2009-05-11,XLF,0
2009-05-11,XLI,0
2009-05-11,XLK,0
2009-05-11,XLP,0
2009-05-11,XLU,0
2009-05-11,XLV,0
2009-05-11,XLY,0
2009-05-12,GLD,1
2009-05-12,XLB,0
2009-05-12,XLE,0
2009-05-12,XLF,0
2009-05-12,XLI,0
2009-05-12,XLK,0
2009-05-12,XLP,0
2009-05-12,XLU,0
2009-05-12,XLV,0
2009-05-12,XLY,0
2009-05-13,GLD,1
2009-05-13,XLB,0
2009-05-13,XLE,0
2009-05-13,XLF,0
2009-05-13,XLI,0
2009-05-13,XLK,0
2009-05-13,XLP,0
2009-05-13,XLU,0
2009-05-13,XLV,0
2009-05-13,XLY,0
2009-05-14,GLD,1
2009-05-14,XLB,0
2009-05-14,XLE,0
2009-05-14,XLF,0
2009-05-14,XLI,0
2009-05-14,XLK,0
2009-05-14,XLP,0
2009-05-14,XLU,0
2009-05-14,XLV,0
2009-05-14,XLY,0
2009-05-15,GLD,1
2009-05-15,XLB,0
2009-05-15,XLE,0
2009-05-15,XLF,0
2009-05-15,XLI,0
2009-05-15,XLK,0
2009-05-15,XLP,0
2009-05-15,XLU,0
2009-05-15,XLV,0
2009-05-15,XLY,0
2009-05-18,GLD,1
2009-05-18,XLB,0
2009-05-18,XLE,0
2009-05-18,XLF,0
2009-05-18,XLI,0
2009-05-18,XLK,0
2009-05-18,XLP,0
2009-05-18,XLU,0
2009-05-18,XLV,0
2009-05-18,XLY,0
2009-05-19,GLD,1
2009-05-19,XLB,0
2009-05-19,XLE,0
2009-05-19,XLF,0
2009-05-19,XLI,0
2009-05-19,XLK,0
2009-05-19,XLP,0
2009-05-19,XLU,0
2009-05-19,XLV,0
2009-05-19,XLY,0
2009-05-20,GLD,1
2009-05-20,XLB,0
2009-05-20,XLE,0
2009-05-20,XLF,0
2009-05-20,XLI,0
2009-05-20,XLK,0
2009-05-20,XLP,0
2009-05-20,XLU,0
2009-05-20,XLV,0
2009-05-20,XLY,0
2009-05-21,GLD,1
2009-05-21,XLB,0
2009-05-21,XLE,0
2009-05-21,XLF,0
2009-05-21,XLI,0
2009-05-21,XLK,0
2009-05-21,XLP,0
2009-05-21,XLU,0
2009-05-21,XLV,0
2009-05-21,XLY,0
2009-05-22,GLD,1
2009-05-22,XLB,0
2009-05-22,XLE,0
2009-05-22,XLF,0
2009-05-22,XLI,0
2009-05-22,XLK,0
2009-05-22,XLP,0
2009-05-22,XLU,0
2009-05-22,XLV,0
2009-05-22,XLY,0
2009-05-26,GLD,1
2009-05-26,XLB,0
2009-05-26,XLE,0
2009-05-26,XLF,0
2009-05-26,XLI,0
2009-05-26,XLK,0
2009-05-26,XLP,0
2009-05-26,XLU,0
2009-05-26,XLV,0
2009-05-26,XLY,0
2009-05-27,GLD,1
2009-05-27,XLB,0
2009-05-27,XLE,0
2009-05-27,XLF,0
2009-05-27,XLI,0
2009-05-27,XLK,0
2009-05-27,XLP,0
2009-05-27,XLU,0
2009-05-27,XLV,0
2009-05-27,XLY,0
2009-05-28,GLD,1
2009-05-28,XLB,0
2009-05-28,XLE,0
2009-05-28,XLF,0
2009-05-28,XLI,0
2009-05-28,XLK,0
2009-05-28,XLP,0
2009-05-28,XLU,0
2009-05-28,XLV,0
2009-05-28,XLY,0
2009-05-29,GLD,0
2009-05-29,XLB,0.33333333333333331
2009-05-29,XLE,0
2009-05-29,XLF,0
2009-05-29,XLI,0
2009-05-29,XLK,0.33333333333333331
2009-05-29,XLP,0
2009-05-29,XLU,0
2009-05-29,XLV,0
2009-05-29,XLY,0.33333333333333331
2009-06-01,GLD,0
2009-06-01,XLB,0.33333333333333331
2009-06-01,XLE,0
2009-06-01,XLF,0
2009-06-01,XLI,0
2009-06-01,XLK,0.33333333333333331
2009-06-01,XLP,0
2009-06-01,XLU,0
2009-06-01,XLV,0
2009-06-01,XLY,0.33333333333333331
2009-06-02,GLD,0
2009-06-02,XLB,0.33333333333333331
2009-06-02,XLE,0
2009-06-02,XLF,0
2009-06-02,XLI,0
2009-06-02,XLK,0.33333333333333331
2009-06-02,XLP,0
2009-06-02,XLU,0
2009-06-02,XLV,0
2009-06-02,XLY,0.33333333333333331
2009-06-03,GLD,0
2009-06-03,XLB,0.33333333333333331
2009-06-03,XLE,0
2009-06-03,XLF,0
2009-06-03,XLI,0
2009-06-03,XLK,0.33333333333333331
2009-06-03,XLP,0
2009-06-03,XLU,0
2009-06-03,XLV,0
2009-06-03,XLY,0.33333333333333331
2009-06-04,GLD,0
2009-06-04,XLB,0.33333333333333331
2009-06-04,XLE,0
2009-06-04,XLF,0
2009-06-04,XLI,0
2009-06-04,XLK,0.33333333333333331
2009-06-04,XLP,0
2009-06-04,XLU,0
2009-06-04,XLV,0
2009-06-04,XLY,0.33333333333333331
2009-06-05,GLD,0
2009-06-05,XLB,0.33333333333333331
2009-06-05,XLE,0
2009-06-05,XLF,0
2009-06-05,XLI,0
2009-06-05,XLK,0.33333333333333331
2009-06-05,XLP,0
2009-06-05,XLU,0
2009-06-05,XLV,0
2009-06-05,XLY,0.33333333333333331
2009-06-08,GLD,0
2009-06-08,XLB,0.33333333333333331
2009-06-08,XLE,0
2009-06-08,XLF,0
2009-06-08,XLI,0
2009-06-08,XLK,0.33333333333333331
2009-06-08,XLP,0
2009-06-08,XLU,0
2009-06-08,XLV,0
2009-06-08,XLY,0.33333333333333331
2009-06-09,GLD,0
2009-06-09,XLB,0.33333333333333331
2009-06-09,XLE,0
2009-06-09,XLF,0
2009-06-09,XLI,0
2009-06-09,XLK,0.33333333333333331
2009-06-09,XLP,0
2009-06-09,XLU,0
2009-06-09,XLV,0
2009-06-09,XLY,0.33333333333333331
2009-06-10,GLD,0
2009-06-10,XLB,0.33333333333333331
2009-06-10,XLE,0
2009-06-10,XLF,0
2009-06-10,XLI,0
2009-06-10,XLK,0.33333333333333331
2009-06-10,XLP,0
2009-06-10,XLU,0
2009-06-10,XLV,0
2009-06-10,XLY,0.33333333333333331
2009-06-11,GLD,0
2009-06-11,XLB,0.33333333333333331
2009-06-11,XLE,0
2009-06-11,XLF,0
2009-06-11,XLI,0
2009-06-11,XLK,0.33333333333333331
2009-06-11,XLP,0
2009-06-11,XLU,0
2009-06-11,XLV,0
2009-06-11,XLY,0.33333333333333331
2009-06-12,GLD,0
2009-06-12,XLB,0.33333333333333331
2009-06-12,XLE,0
2009-06-12,XLF,0
2009-06-12,XLI,0
2009-06-12,XLK,0.33333333333333331
2009-06-12,XLP,0
2009-06-12,XLU,0
2009-06-12,XLV,0
2009-06-12,XLY,0.33333333333333331
2009-06-15,GLD,0
2009-06-15,XLB,0.33333333333333331
2009-06-15,XLE,0
2009-06-15,XLF,0
2009-06-15,XLI,0
2009-06-15,XLK,0.33333333333333331
2009-06-15,XLP,0
2009-06-15,XLU,0
2009-06-15,XLV,0
2009-06-15,XLY,0.33333333333333331
2009-06-16,GLD,0
2009-06-16,XLB,0.33333333333333331
2009-06-16,XLE,0
2009-06-16,XLF,0
2009-06-16,XLI,0
2009-06-16,XLK,0.33333333333333331
2009-06-16,XLP,0
2009-06-16,XLU,0
2009-06-16,XLV,0
2009-06-16,XLY,0.33333333333333331
2009-06-17,GLD,0
2009-06-17,XLB,0.33333333333333331
2009-06-17,XLE,0
2009-06-17,XLF,0
2009-06-17,XLI,0
2009-06-17,XLK,0.33333333333333331
2009-06-17,XLP,0
2009-06-17,XLU,0
2009-06-17,XLV,0
2009-06-17,XLY,0.33333333333333331
2009-06-18,GLD,0
2009-06-18,XLB,0.33333333333333331
2009-06-18,XLE,0
2009-06-18,XLF,0
2009-06-18,XLI,0
2009-06-18,XLK,0.33333333333333331
2009-06-18,XLP,0
2009-06-18,XLU,0
2009-06-18,XLV,0
2009-06-18,XLY,0.33333333333333331
2009-06-19,GLD,0
2009-06-19,XLB,0.33333333333333331
2009-06-19,XLE,0
2009-06-19,XLF,0
2009-06-19,XLI,0
2009-06-19,XLK,0.33333333333333331
2009-06-19,XLP,0
2009-06-19,XLU,0
2009-06-19,XLV,0
2009-06-19,XLY,0.33333333333333331
2009-06-22,GLD,0
2009-06-22,XLB,0.33333333333333331
2009-06-22,XLE,0
2009-06-22,XLF,0
2009-06-22,XLI,0
2009-06-22,XLK,0.33333333333333331
2009-06-22,XLP,0
2009-06-22,XLU,0
2009-06-22,XLV,0
2009-06-22,XLY,0.33333333333333331
2009-06-23,GLD,0
2009-06-23,XLB,0.33333333333333331
2009-06-23,XLE,0
2009-06-23,XLF,0
2009-06-23,XLI,0
2009-06-23,XLK,0.33333333333333331
2009-06-23,XLP,0
2009-06-23,XLU,0
2009-06-23,XLV,0
2009-06-23,XLY,0.33333333333333331
2009-06-24,GLD,0
2009-06-24,XLB,0.33333333333333331
2009-06-24,XLE,0
2009-06-24,XLF,0
2009-06-24,XLI,0
2009-06-24,XLK,0.33333333333333331
2009-06-24,XLP,0
2009-06-24,XLU,0
2009-06-24,XLV,0
2009-06-24,XLY,0.33333333333333331
2009-06-25,GLD,0
2009-06-25,XLB,0.33333333333333331
2009-06-25,XLE,0
2009-06-25,XLF,0
2009-06-25,XLI,0
2009-06-25,XLK,0.33333333333333331
2009-06-25,XLP,0
2009-06-25,XLU,0
2009-06-25,XLV,0
2009-06-25,XLY,0.33333333333333331
2009-06-26,GLD,0
2009-06-26,XLB,0.33333333333333331
2009-06-26,XLE,0
2009-06-26,XLF,0
2009-06-26,XLI,0
2009-06-26,XLK,0.33333333333333331
2009-06-26,XLP,0
2009-06-26,XLU,0
2009-06-26,XLV,0
2009-06-26,XLY,0.33333333333333331
2009-06-29,GLD,0
2009-06-29,XLB,0.33333333333333331
2009-06-29,XLE,0
2009-06-29,XLF,0
2009-06-29,XLI,0
2009-06-29,XLK,0.33333333333333331
2009-06-29,XLP,0
2009-06-29,XLU,0
2009-06-29,XLV,0
2009-06-29,XLY,0.33333333333333331
2009-06-30,GLD,0
2009-06-30,XLB,0.33333333333333331
2009-06-30,XLE,0
2009-06-30,XLF,0
2009-06-30,XLI,0
2009-06-30,XLK,0.33333333333333331
2009-06-30,XLP,0
2009-06-30,XLU,0
2009-06-30,XLV,0
2009-06-30,XLY,0.33333333333333331
2009-07-01,GLD,0
2009-07-01,XLB,0.33333333333333331
2009-07-01,XLE,0
2009-07-01,XLF,0
2009-07-01,XLI,0
2009-07-01,XLK,0.33333333333333331
2009-07-01,XLP,0
2009-07-01,XLU,0
2009-07-01,XLV,0
2009-07-01,XLY,0.33333333333333331
2009-07-02,GLD,0
2009-07-02,XLB,0.33333333333333331
2009-07-02,XLE,0
2009-07-02,XLF,0
2009-07-02,XLI,0
2009-07-02,XLK,0.33333333333333331
2009-07-02,XLP,0
2009-07-02,XLU,0
2009-07-02,XLV,0
2009-07-02,XLY,0.33333333333333331
2009-07-06,GLD,0
2009-07-06,XLB,0.33333333333333331
2009-07-06,XLE,0
2009-07-06,XLF,0
2009-07-06,XLI,0
2009-07-06,XLK,0.33333333333333331
2009-07-06,XLP,0
2009-07-06,XLU,0
2009-07-06,XLV,0
2009-07-06,XLY,0.33333333333333331
2009-07-07,GLD,0
2009-07-07,XLB,0.33333333333333331
2009-07-07,XLE,0
2009-07-07,XLF,0
2009-07-07,XLI,0
2009-07-07,XLK,0.33333333333333331
2009-07-07,XLP,0
2009-07-07,XLU,0
2009-07-07,XLV,0
2009-07-07,XLY,0.33333333333333331
2009-07-08,GLD,0
2009-07-08,XLB,0.33333333333333331
2009-07-08,XLE,0
2009-07-08,XLF,0
2009-07-08,XLI,0
2009-07-08,XLK,0.33333333333333331
2009-07-08,XLP,0
2009-07-08,XLU,0
2009-07-08,XLV,0
2009-07-08,XLY,0.33333333333333331
2009-07-09,GLD,0
2009-07-09,XLB,0.33333333333333331
2009-07-09,XLE,0
2009-07-09,XLF,0
2009-07-09,XLI,0
2009-07-09,XLK,0.33333333333333331
2009-07-09,XLP,0
2009-07-09,XLU,0
2009-07-09,XLV,0
2009-07-09,XLY,0.33333333333333331
2009-07-10,GLD,0
2009-07-10,XLB,0.33333333333333331
2009-07-10,XLE,0
2009-07-10,XLF,0
2009-07-10,XLI,0
2009-07-10,XLK,0.33333333333333331
2009-07-10,XLP,0
2009-07-10,XLU,0
2009-07-10,XLV,0
2009-07-10,XLY,0.33333333333333331
2009-07-13,GLD,0
2009-07-13,XLB,0.33333333333333331
2009-07-13,XLE,0
2009-07-13,XLF,0
2009-07-13,XLI,0
2009-07-13,XLK,0.33333333333333331
2009-07-13,XLP,0
2009-07-13,XLU,0
2009-07-13,XLV,0
2009-07-13,XLY,0.33333333333333331
2009-07-14,GLD,0
2009-07-14,XLB,0.33333333333333331
2009-07-14,XLE,0
2009-07-14,XLF,0
2009-07-14,XLI,0
2009-07-14,XLK,0.33333333333333331
2009-07-14,XLP,0
2009-07-14,XLU,0
2009-07-14,XLV,0
2009-07-14,XLY,0.33333333333333331
2009-07-15,GLD,0
2009-07-15,XLB,0.33333333333333331
2009-07-15,XLE,0
2009-07-15,XLF,0
2009-07-15,XLI,0
2009-07-15,XLK,0.33333333333333331
2009-07-15,XLP,0
2009-07-15,XLU,0
2009-07-15,XLV,0
2009-07-15,XLY,0.33333333333333331
2009-07-16,GLD,0
2009-07-16,XLB,0.33333333333333331
2009-07-16,XLE,0
2009-07-16,XLF,0
2009-07-16,XLI,0
2009-07-16,XLK,0.33333333333333331
2009-07-16,XLP,0
2009-07-16,XLU,0
2009-07-16,XLV,0
2009-07-16,XLY,0.33333333333333331
2009-07-17,GLD,0
2009-07-17,XLB,0.33333333333333331
2009-07-17,XLE,0
2009-07-17,XLF,0
2009-07-17,XLI,0
2009-07-17,XLK,0.33333333333333331
2009-07-17,XLP,0
2009-07-17,XLU,0
2009-07-17,XLV,0
2009-07-17,XLY,0.33333333333333331
2009-07-20,GLD,0
2009-07-20,XLB,0.33333333333333331
2009-07-20,XLE,0
2009-07-20,XLF,0
2009-07-20,XLI,0
2009-07-20,XLK,0.33333333333333331
2009-07-20,XLP,0
2009-07-20,XLU,0
2009-07-20,XLV,0
2009-07-20,XLY,0.33333333333333331
2009-07-21,GLD,0
2009-07-21,XLB,0.33333333333333331
2009-07-21,XLE,0
2009-07-21,XLF,0
2009-07-21,XLI,0
2009-07-21,XLK,0.33333333333333331
2009-07-21,XLP,0
2009-07-21,XLU,0
2009-07-21,XLV,0
2009-07-21,XLY,0.33333333333333331
2009-07-22,GLD,0
2009-07-22,XLB,0.33333333333333331
2009-07-22,XLE,0
2009-07-22,XLF,0
2009-07-22,XLI,0
2009-07-22,XLK,0.33333333333333331
2009-07-22,XLP,0
2009-07-22,XLU,0
2009-07-22,XLV,0
2009-07-22,XLY,0.33333333333333331
2009-07-23,GLD,0
2009-07-23,XLB,0.33333333333333331
2009-07-23,XLE,0
2009-07-23,XLF,0
2009-07-23,XLI,0
2009-07-23,XLK,0.33333333333333331
2009-07-23,XLP,0
2009-07-23,XLU,0
2009-07-23,XLV,0
2009-07-23,XLY,0.33333333333333331
2009-07-24,GLD,0
2009-07-24,XLB,0.33333333333333331
2009-07-24,XLE,0
2009-07-24,XLF,0
2009-07-24,XLI,0
2009-07-24,XLK,0.33333333333333331
2009-07-24,XLP,0
2009-07-24,XLU,0
2009-07-24,XLV,0
2009-07-24,XLY,0.33333333333333331
2009-07-27,GLD,0
2009-07-27,XLB,0.33333333333333331
2009-07-27,XLE,0
2009-07-27,XLF,0
2009-07-27,XLI,0
2009-07-27,XLK,0.33333333333333331
2009-07-27,XLP,0
2009-07-27,XLU,0
2009-07-27,XLV,0
2009-07-27,XLY,0.33333333333333331
2009-07-28,GLD,0
2009-07-28,XLB,0.33333333333333331
2009-07-28,XLE,0
2009-07-28,XLF,0
2009-07-28,XLI,0
2009-07-28,XLK,0.33333333333333331
2009-07-28,XLP,0
2009-07-28,XLU,0
2009-07-28,XLV,0
2009-07-28,XLY,0.33333333333333331
2009-07-29,GLD,0
2009-07-29,XLB,0.33333333333333331
2009-07-29,XLE,0
2009-07-29,XLF,0.33333333333333331
2009-07-29,XLI,0
2009-07-29,XLK,0.33333333333333331
2009-07-29,XLP,0
2009-07-29,XLU,0
2009-07-29,XLV,0
2009-07-29,XLY,0
2009-07-30,GLD,0
2009-07-30,XLB,0.33333333333333331
2009-07-30,XLE,0
2009-07-30,XLF,0.33333333333333331
2009-07-30,XLI,0
2009-07-30,XLK,0.33333333333333331
2009-07-30,XLP,0
2009-07-30,XLU,0
2009-07-30,XLV,0
2009-07-30,XLY,0
2009-07-31,GLD,0
2009-07-31,XLB,0.33333333333333331
2009-07-31,XLE,0
2009-07-31,XLF,0.33333333333333331
2009-07-31,XLI,0
2009-07-31,XLK,0.33333333333333331
2009-07-31,XLP,0
2009-07-31,XLU,0
2009-07-31,XLV,0
2009-07-31,XLY,0
2009-08-03,GLD,0
2009-08-03,XLB,0.33333333333333331
2009-08-03,XLE,0
2009-08-03,XLF,0.33333333333333331
2009-08-03,XLI,0
2009-08-03,XLK,0.33333333333333331
2009-08-03,XLP,0
2009-08-03,XLU,0
2009-08-03,XLV,0
2009-08-03,XLY,0
2009-08-04,GLD,0
2009-08-04,XLB,0.33333333333333331
2009-08-04,XLE,0
2009-08-04,XLF,0.33333333333333331
2009-08-04,XLI,0
2009-08-04,XLK,0.33333333333333331
2009-08-04,XLP,0
2009-08-04,XLU,0
2009-08-04,XLV,0
2009-08-04,XLY,0
2009-08-05,GLD,0
2009-08-05,XLB,0.33333333333333331
2009-08-05,XLE,0
2009-08-05,XLF,0.33333333333333331
2009-08-05,XLI,0
2009-08-05,XLK,0.33333333333333331
2009-08-05,XLP,0
2009-08-05,XLU,0
2009-08-05,XLV,0
2009-08-05,XLY,0
2009-08-06,GLD,0
2009-08-06,XLB,0.33333333333333331
2009-08-06,XLE,0
2009-08-06,XLF,0.33333333333333331
2009-08-06,XLI,0
2009-08-06,XLK,0.33333333333333331
2009-08-06,XLP,0
2009-08-06,XLU,0
2009-08-06,XLV,0
2009-08-06,XLY,0
2009-08-07,GLD,0
2009-08-07,XLB,0.33333333333333331
2009-08-07,XLE,0
2009-08-07,XLF,0.33333333333333331
2009-08-07,XLI,0
2009-08-07,XLK,0.33333333333333331
2009-08-07,XLP,0
2009-08-07,XLU,0
2009-08-07,XLV,0
2009-08-07,XLY,0
2009-08-10,GLD,0
2009-08-10,XLB,0.33333333333333331
2009-08-10,XLE,0
2009-08-10,XLF,0.33333333333333331
2009-08-10,XLI,0
2009-08-10,XLK,0.33333333333333331
2009-08-10,XLP,0
2009-08-10,XLU,0
2009-08-10,XLV,0
2009-08-10,XLY,0
2009-08-11,GLD,0
2009-08-11,XLB,0.33333333333333331
2009-08-11,XLE,0
2009-08-11,XLF,0.33333333333333331
2009-08-11,XLI,0
2009-08-11,XLK,0.33333333333333331
2009-08-11,XLP,0
2009-08-11,XLU,0
2009-08-11,XLV,0
2009-08-11,XLY,0
2009-08-12,GLD,0
2009-08-12,XLB,0.33333333333333331
2009-08-12,XLE,0
2009-08-12,XLF,0.33333333333333331
2009-08-12,XLI,0
2009-08-12,XLK,0.33333333333333331
2009-08-12,XLP,0
2009-08-12,XLU,0
2009-08-12,XLV,0
2009-08-12,XLY,0
2009-08-13,GLD,0
2009-08-13,XLB,0.33333333333333331
2009-08-13,XLE,0
2009-08-13,XLF,0.33333333333333331
2009-08-13,XLI,0
2009-08-13,XLK,0.33333333333333331
2009-08-13,XLP,0
2009-08-13,XLU,0
2009-08-13,XLV,0
2009-08-13,XLY,0
2009-08-14,GLD,0
2009-08-14,XLB,0.33333333333333331
2009-08-14,XLE,0
2009-08-14,XLF,0.33333333333333331
2009-08-14,XLI,0
2009-08-14,XLK,0.33333333333333331
2009-08-14,XLP,0
2009-08-14,XLU,0
2009-08-14,XLV,0
2009-08-14,XLY,0
2009-08-17,GLD,0
2009-08-17,XLB,0.33333333333333331
2009-08-17,XLE,0
2009-08-17,XLF,0.33333333333333331
2009-08-17,XLI,0
2009-08-17,XLK,0.33333333333333331
2009-08-17,XLP,0
2009-08-17,XLU,0
2009-08-17,XLV,0
2009-08-17,XLY,0
2009-08-18,GLD,0
2009-08-18,XLB,0.33333333333333331
2009-08-18,XLE,0
2009-08-18,XLF,0.33333333333333331
2009-08-18,XLI,0
2009-08-18,XLK,0.33333333333333331
2009-08-18,XLP,0
2009-08-18,XLU,0
2009-08-18,XLV,0
2009-08-18,XLY,0
2009-08-19,GLD,0
2009-08-19,XLB,0.33333333333333331
2009-08-19,XLE,0
2009-08-19,XLF,0.33333333333333331
2009-08-19,XLI,0
2009-08-19,XLK,0.33333333333333331
2009-08-19,XLP,0
2009-08-19,XLU,0
2009-08-19,XLV,0
2009-08-19,XLY,0
2009-08-20,GLD,0
2009-08-20,XLB,0.33333333333333331
2009-08-20,XLE,0
2009-08-20,XLF,0.33333333333333331
2009-08-20,XLI,0
2009-08-20,XLK,0.33333333333333331
2009-08-20,XLP,0
2009-08-20,XLU,0
2009-08-20,XLV,0
2009-08-20,XLY,0
2009-08-21,GLD,0
2009-08-21,XLB,0.33333333333333331
2009-08-21,XLE,0
2009-08-21,XLF,0.33333333333333331
2009-08-21,XLI,0
2009-08-21,XLK,0.33333333333333331
2009-08-21,XLP,0
2009-08-21,XLU,0
2009-08-21,XLV,0
2009-08-21,XLY,0
2009-08-24,GLD,0
2009-08-24,XLB,0.33333333333333331
2009-08-24,XLE,0
2009-08-24,XLF,0.33333333333333331
2009-08-24,XLI,0
2009-08-24,XLK,0.33333333333333331
2009-08-24,XLP,0
2009-08-24,XLU,0
2009-08-24,XLV,0
2009-08-24,XLY,0
2009-08-25,GLD,0
2009-08-25,XLB,0.33333333333333331
2009-08-25,XLE,0
2009-08-25,XLF,0.33333333333333331
2009-08-25,XLI,0
2009-08-25,XLK,0.33333333333333331
2009-08-25,XLP,0
2009-08-25,XLU,0
2009-08-25,XLV,0
2009-08-25,XLY,0
2009-08-26,GLD,0
2009-08-26,XLB,0.33333333333333331
2009-08-26,XLE,0
2009-08-26,XLF,0.33333333333333331
2009-08-26,XLI,0
2009-08-26,XLK,0.33333333333333331
2009-08-26,XLP,0
2009-08-26,XLU,0
2009-08-26,XLV,0
2009-08-26,XLY,0
2009-08-27,GLD,0
2009-08-27,XLB,0.33333333333333331
2009-08-27,XLE,0
2009-08-27,XLF,0.33333333333333331
2009-08-27,XLI,0
2009-08-27,XLK,0
2009-08-27,XLP,0
2009-08-27,XLU,0
2009-08-27,XLV,0
2009-08-27,XLY,0.33333333333333331
2009-08-28,GLD,0
2009-08-28,XLB,0.33333333333333331
2009-08-28,XLE,0
2009-08-28,XLF,0.33333333333333331
2009-08-28,XLI,0
2009-08-28,XLK,0
2009-08-28,XLP,0
2009-08-28,XLU,0
2009-08-28,XLV,0
2009-08-28,XLY,0.33333333333333331
2009-08-31,GLD,0
2009-08-31,XLB,0.33333333333333331
2009-08-31,XLE,0
2009-08-31,XLF,0.33333333333333331
2009-08-31,XLI,0
2009-08-31,XLK,0
2009-08-31,XLP,0
2009-08-31,XLU,0
2009-08-31,XLV,0
2009-08-31,XLY,0.33333333333333331
2009-09-01,GLD,0
2009-09-01,XLB,0.33333333333333331
2009-09-01,XLE,0
2009-09-01,XLF,0.33333333333333331
2009-09-01,XLI,0
2009-09-01,XLK,0
2009-09-01,XLP,0
2009-09-01,XLU,0
2009-09-01,XLV,0
2009-09-01,XLY,0.33333333333333331
2009-09-02,GLD,0
2009-09-02,XLB,0.33333333333333331
2009-09-02,XLE,0
2009-09-02,XLF,0.33333333333333331
2009-09-02,XLI,0
2009-09-02,XLK,0
2009-09-02,XLP,0
2009-09-02,XLU,0
2009-09-02,XLV,0
2009-09-02,XLY,0.33333333333333331
2009-09-03,GLD,0
2009-09-03,XLB,0.33333333333333331
2009-09-03,XLE,0
2009-09-03,XLF,0.33333333333333331
2009-09-03,XLI,0
2009-09-03,XLK,0
2009-09-03,XLP,0
2009-09-03,XLU,0
2009-09-03,XLV,0
2009-09-03,XLY,0.33333333333333331
2009-09-04,GLD,0
2009-09-04,XLB,0.33333333333333331
2009-09-04,XLE,0
2009-09-04,XLF,0.33333333333333331
2009-09-04,XLI,0
2009-09-04,XLK,0
2009-09-04,XLP,0
2009-09-04,XLU,0
2009-09-04,XLV,0
2009-09-04,XLY,0.33333333333333331
2009-09-08,GLD,0
2009-09-08,XLB,0.33333333333333331
2009-09-08,XLE,0
2009-09-08,XLF,0.33333333333333331
2009-09-08,XLI,0
2009-09-08,XLK,0
2009-09-08,XLP,0
2009-09-08,XLU,0
2009-09-08,XLV,0
2009-09-08,XLY,0.33333333333333331
2009-09-09,GLD,0
2009-09-09,XLB,0.33333333333333331
2009-09-09,XLE,0
2009-09-09,XLF,0.33333333333333331
2009-09-09,XLI,0
2009-09-09,XLK,0
2009-09-09,XLP,0
2009-09-09,XLU,0
2009-09-09,XLV,0
2009-09-09,XLY,0.33333333333333331
2009-09-10,GLD,0
2009-09-10,XLB,0.33333333333333331
2009-09-10,XLE,0
2009-09-10,XLF,0.33333333333333331
2009-09-10,XLI,0
2009-09-10,XLK,0
2009-09-10,XLP,0
2009-09-10,XLU,0
2009-09-10,XLV,0
2009-09-10,XLY,0.33333333333333331
2009-09-11,GLD,0
2009-09-11,XLB,0.33333333333333331
2009-09-11,XLE,0
2009-09-11,XLF,0.33333333333333331
2009-09-11,XLI,0
2009-09-11,XLK,0
2009-09-11,XLP,0
2009-09-11,XLU,0
2009-09-11,XLV,0
2009-09-11,XLY,0.33333333333333331
2009-09-14,GLD,0
2009-09-14,XLB,0.33333333333333331
2009-09-14,XLE,0
2009-09-14,XLF,0.33333333333333331
2009-09-14,XLI,0
2009-09-14,XLK,0
2009-09-14,XLP,0
2009-09-14,XLU,0
2009-09-14,XLV,0
2009-09-14,XLY,0.33333333333333331
2009-09-15,GLD,0
2009-09-15,XLB,0.33333333333333331
2009-09-15,XLE,0
2009-09-15,XLF,0.33333333333333331
2009-09-15,XLI,0
2009-09-15,XLK,0
2009-09-15,XLP,0
2009-09-15,XLU,0
2009-09-15,XLV,0
2009-09-15,XLY,0.33333333333333331
2009-09-16,GLD,0
2009-09-16,XLB,0.33333333333333331
2009-09-16,XLE,0
2009-09-16,XLF,0.33333333333333331
2009-09-16,XLI,0
2009-09-16,XLK,0
2009-09-16,XLP,0
2009-09-16,XLU,0
2009-09-16,XLV,0
2009-09-16,XLY,0.33333333333333331
2009-09-17,GLD,0
2009-09-17,XLB,0.33333333333333331
2009-09-17,XLE,0
2009-09-17,XLF,0.33333333333333331
2009-09-17,XLI,0
2009-09-17,XLK,0
2009-09-17,XLP,0
2009-09-17,XLU,0
2009-09-17,XLV,0
2009-09-17,XLY,0.33333333333333331
2009-09-18,GLD,0
2009-09-18,XLB,0.33333333333333331
2009-09-18,XLE,0
2009-09-18,XLF,0.33333333333333331
2009-09-18,XLI,0
2009-09-18,XLK,0
2009-09-18,XLP,0
2009-09-18,XLU,0
2009-09-18,XLV,0
2009-09-18,XLY,0.33333333333333331
2009-09-21,GLD,0
2009-09-21,XLB,0.33333333333333331
2009-09-21,XLE,0
2009-09-21,XLF,0.33333333333333331
2009-09-21,XLI,0
2009-09-21,XLK,0
2009-09-21,XLP,0
2009-09-21,XLU,0
2009-09-21,XLV,0
2009-09-21,XLY,0.33333333333333331
2009-09-22,GLD,0
2009-09-22,XLB,0.33333333333333331
2009-09-22,XLE,0
2009-09-22,XLF,0.33333333333333331
2009-09-22,XLI,0
2009-09-22,XLK,0
2009-09-22,XLP,0
2009-09-22,XLU,0
2009-09-22,XLV,0
2009-09-22,XLY,0.33333333333333331
2009-09-23,GLD,0
2009-09-23,XLB,0.33333333333333331
2009-09-23,XLE,0
2009-09-23,XLF,0.33333333333333331
2009-09-23,XLI,0
2009-09-23,XLK,0
2009-09-23,XLP,0
2009-09-23,XLU,0
2009-09-23,XLV,0
2009-09-23,XLY,0.33333333333333331
2009-09-24,GLD,0
2009-09-24,XLB,0.33333333333333331
2009-09-24,XLE,0
2009-09-24,XLF,0.33333333333333331
2009-09-24,XLI,0
2009-09-24,XLK,0
2009-09-24,XLP,0
2009-09-24,XLU,0
2009-09-24,XLV,0
2009-09-24,XLY,0.33333333333333331
2009-09-25,GLD,0
2009-09-25,XLB,0.33333333333333331
2009-09-25,XLE,0
2009-09-25,XLF,0.33333333333333331
2009-09-25,XLI,0
2009-09-25,XLK,0
2009-09-25,XLP,0
2009-09-25,XLU,0
2009-09-25,XLV,0
2009-09-25,XLY,0.33333333333333331
2009-09-28,GLD,0
2009-09-28,XLB,0
2009-09-28,XLE,0
2009-09-28,XLF,0.33333333333333331
2009-09-28,XLI,0.33333333333333331
2009-09-28,XLK,0
2009-09-28,XLP,0
2009-09-28,XLU,0
2009-09-28,XLV,0
2009-09-28,XLY,0.33333333333333331
2009-09-29,GLD,0
2009-09-29,XLB,0
2009-09-29,XLE,0
2009-09-29,XLF,0.33333333333333331
2009-09-29,XLI,0.33333333333333331
2009-09-29,XLK,0
2009-09-29,XLP,0
2009-09-29,XLU,0
2009-09-29,XLV,0
2009-09-29,XLY,0.33333333333333331
2009-09-30,GLD,0
2009-09-30,XLB,0
2009-09-30,XLE,0
2009-09-30,XLF,0.33333333333333331
2009-09-30,XLI,0.33333333333333331
2009-09-30,XLK,0
2009-09-30,XLP,0
2009-09-30,XLU,0
2009-09-30,XLV,0
2009-09-30,XLY,0.33333333333333331
2009-10-01,GLD,0
2009-10-01,XLB,0
2009-10-01,XLE,0
2009-10-01,XLF,0.33333333333333331
2009-10-01,XLI,0.33333333333333331
2009-10-01,XLK,0
2009-10-01,XLP,0
2009-10-01,XLU,0
2009-10-01,XLV,0
2009-10-01,XLY,0.33333333333333331
2009-10-02,GLD,0
2009-10-02,XLB,0
2009-10-02,XLE,0
2009-10-02,XLF,0.33333333333333331
2009-10-02,XLI,0.33333333333333331
2009-10-02,XLK,0
2009-10-02,XLP,0
2009-10-02,XLU,0
2009-10-02,XLV,0
2009-10-02,XLY,0.33333333333333331
2009-10-05,GLD,0
2009-10-05,XLB,0
2009-10-05,XLE,0
2009-10-05,XLF,0.33333333333333331
2009-10-05,XLI,0.33333333333333331
2009-10-05,XLK,0
2009-10-05,XLP,0
2009-10-05,XLU,0
2009-10-05,XLV,0
2009-10-05,XLY,0.33333333333333331
2009-10-06,GLD,0
2009-10-06,XLB,0
2009-10-06,XLE,0
2009-10-06,XLF,0.33333333333333331
2009-10-06,XLI,0.33333333333333331
2009-10-06,XLK,0
2009-10-06,XLP,0
2009-10-06,XLU,0
2009-10-06,XLV,0
2009-10-06,XLY,0.33333333333333331
2009-10-07,GLD,0
2009-10-07,XLB,0
2009-10-07,XLE,0
2009-10-07,XLF,0.33333333333333331
2009-10-07,XLI,0.33333333333333331
2009-10-07,XLK,0
2009-10-07,XLP,0
2009-10-07,XLU,0
2009-10-07,XLV,0
2009-10-07,XLY,0.33333333333333331
2009-10-08,GLD,0
2009-10-08,XLB,0
2009-10-08,XLE,0
2009-10-08,XLF,0.33333333333333331
2009-10-08,XLI,0.33333333333333331
2009-10-08,XLK,0
2009-10-08,XLP,0
2009-10-08,XLU,0
2009-10-08,XLV,0
2009-10-08,XLY,0.33333333333333331
2009-10-09,GLD,0
2009-10-09,XLB,0
2009-10-09,XLE,0
2009-10-09,XLF,0.33333333333333331
2009-10-09,XLI,0.33333333333333331
2009-10-09,XLK,0
2009-10-09,XLP,0
2009-10-09,XLU,0
2009-10-09,XLV,0
2009-10-09,XLY,0.33333333333333331
2009-10-12,GLD,0
2009-10-12,XLB,0
2009-10-12,XLE,0
2009-10-12,XLF,0.33333333333333331
2009-10-12,XLI,0.33333333333333331
2009-10-12,XLK,0
2009-10-12,XLP,0
2009-10-12,XLU,0
2009-10-12,XLV,0
2009-10-12,XLY,0.33333333333333331
2009-10-13,GLD,0
2009-10-13,XLB,0
2009-10-13,XLE,0
2009-10-13,XLF,0.33333333333333331
2009-10-13,XLI,0.33333333333333331
2009-10-13,XLK,0
2009-10-13,XLP,0
2009-10-13,XLU,0
2009-10-13,XLV,0
2009-10-13,XLY,0.33333333333333331
2009-10-14,GLD,0
2009-10-14,XLB,0
2009-10-14,XLE,0
2009-10-14,XLF,0.33333333333333331
2009-10-14,XLI,0.33333333333333331
2009-10-14,XLK,0
2009-10-14,XLP,0
2009-10-14,XLU,0
2009-10-14,XLV,0
2009-10-14,XLY,0.33333333333333331
2009-10-15,GLD,0
2009-10-15,XLB,0
2009-10-15,XLE,0
2009-10-15,XLF,0.33333333333333331
2009-10-15,XLI,0.33333333333333331
2009-10-15,XLK,0
2009-10-15,XLP,0
2009-10-15,XLU,0
2009-10-15,XLV,0
2009-10-15,XLY,0.33333333333333331
2009-10-16,GLD,0
2009-10-16,XLB,0
2009-10-16,XLE,0
2009-10-16,XLF,0.33333333333333331
2009-10-16,XLI,0.33333333333333331
2009-10-16,XLK,0
2009-10-16,XLP,0
2009-10-16,XLU,0
2009-10-16,XLV,0
2009-10-16,XLY,0.33333333333333331
2009-10-19,GLD,0
2009-10-19,XLB,0
2009-10-19,XLE,0
2009-10-19,XLF,0.33333333333333331
2009-10-19,XLI,0.33333333333333331
2009-10-19,XLK,0
2009-10-19,XLP,0
2009-10-19,XLU,0
2009-10-19,XLV,0
2009-10-19,XLY,0.33333333333333331
2009-10-20,GLD,0
2009-10-20,XLB,0
2009-10-20,XLE,0
2009-10-20,XLF,0.33333333333333331
2009-10-20,XLI,0.33333333333333331
2009-10-20,XLK,0
2009-10-20,XLP,0
2009-10-20,XLU,0
2009-10-20,XLV,0
2009-10-20,XLY,0.33333333333333331
2009-10-21,GLD,0
2009-10-21,XLB,0
2009-10-21,XLE,0
2009-10-21,XLF,0.33333333333333331
2009-10-21,XLI,0.33333333333333331
2009-10-21,XLK,0
2009-10-21,XLP,0
2009-10-21,XLU,0
2009-10-21,XLV,0
2009-10-21,XLY,0.33333333333333331
2009-10-22,GLD,0
2009-10-22,XLB,0
2009-10-22,XLE,0
2009-10-22,XLF,0.33333333333333331
2009-10-22,XLI,0.33333333333333331
2009-10-22,XLK,0
2009-10-22,XLP,0
2009-10-22,XLU,0
2009-10-22,XLV,0
2009-10-22,XLY,0.33333333333333331
2009-10-23,GLD,0
2009-10-23,XLB,0
2009-10-23,XLE,0
2009-10-23,XLF,0.33333333333333331
2009-10-23,XLI,0.33333333333333331
2009-10-23,XLK,0
2009-10-23,XLP,0
2009-10-23,XLU,0
2009-10-23,XLV,0
2009-10-23,XLY,0.33333333333333331
2009-10-26,GLD,0
2009-10-26,XLB,0
2009-10-26,XLE,0
2009-10-26,XLF,0.33333333333333331
2009-10-26,XLI,0.33333333333333331
2009-10-26,XLK,0
2009-10-26,XLP,0
2009-10-26,XLU,0
2009-10-26,XLV,0
2009-10-26,XLY,0.33333333333333331
2009-10-27,GLD,0
2009-10-27,XLB,0
2009-10-27,XLE,0.33333333333333331
2009-10-27,XLF,0.33333333333333331
2009-10-27,XLI,0
2009-10-27,XLK,0.33333333333333331
2009-10-27,XLP,0
2009-10-27,XLU,0
2009-10-27,XLV,0
2009-10-27,XLY,0
2009-10-28,GLD,0
2009-10-28,XLB,0
2009-10-28,XLE,0.33333333333333331
2009-10-28,XLF,0.33333333333333331
2009-10-28,XLI,0
2009-10-28,XLK,0.33333333333333331
2009-10-28,XLP,0
2009-10-28,XLU,0
2009-10-28,XLV,0
2009-10-28,XLY,0
2009-10-29,GLD,0
2009-10-29,XLB,0
2009-10-29,XLE,0.33333333333333331
2009-10-29,XLF,0.33333333333333331
2009-10-29,XLI,0
2009-10-29,XLK,0.33333333333333331
2009-10-29,XLP,0
2009-10-29,XLU,0
2009-10-29,XLV,0
2009-10-29,XLY,0
2009-10-30,GLD,0
2009-10-30,XLB,0
2009-10-30,XLE,0.33333333333333331
2009-10-30,XLF,0.33333333333333331
2009-10-30,XLI,0
2009-10-30,XLK,0.33333333333333331
2009-10-30,XLP,0
2009-10-30,XLU,0
2009-10-30,XLV,0
2009-10-30,XLY,0
2009-11-02,GLD,0
2009-11-02,XLB,0
2009-11-02,XLE,0.33333333333333331
2009-11-02,XLF,0.33333333333333331
2009-11-02,XLI,0
2009-11-02,XLK,0.33333333333333331
2009-11-02,XLP,0
2009-11-02,XLU,0
2009-11-02,XLV,0
2009-11-02,XLY,0
2009-11-03,GLD,0
2009-11-03,XLB,0
2009-11-03,XLE,0.33333333333333331
2009-11-03,XLF,0.33333333333333331
2009-11-03,XLI,0
2009-11-03,XLK,0.33333333333333331
2009-11-03,XLP,0
2009-11-03,XLU,0
2009-11-03,XLV,0
2009-11-03,XLY,0
2009-11-04,GLD,0
2009-11-04,XLB,0
2009-11-04,XLE,0.33333333333333331
2009-11-04,XLF,0.33333333333333331
2009-11-04,XLI,0
2009-11-04,XLK,0.33333333333333331
2009-11-04,XLP,0
2009-11-04,XLU,0
2009-11-04,XLV,0
2009-11-04,XLY,0
2009-11-05,GLD,0
2009-11-05,XLB,0
2009-11-05,XLE,0.33333333333333331
2009-11-05,XLF,0.33333333333333331
2009-11-05,XLI,0
2009-11-05,XLK,0.33333333333333331
2009-11-05,XLP,0
2009-11-05,XLU,0
2009-11-05,XLV,0
2009-11-05,XLY,0
2009-11-06,GLD,0
2009-11-06,XLB,0
2009-11-06,XLE,0.33333333333333331
2009-11-06,XLF,0.33333333333333331
2009-11-06,XLI,0
2009-11-06,XLK,0.33333333333333331
2009-11-06,XLP,0
2009-11-06,XLU,0
2009-11-06,XLV,0
2009-11-06,XLY,0
2009-11-09,GLD,0
2009-11-09,XLB,0
2009-11-09,XLE,0.33333333333333331
2009-11-09,XLF,0.33333333333333331
2009-11-09,XLI,0
2009-11-09,XLK,0.33333333333333331
2009-11-09,XLP,0
2009-11-09,XLU,0
2009-11-09,XLV,0
2009-11-09,XLY,0
2009-11-10,GLD,0
2009-11-10,XLB,0
2009-11-10,XLE,0.33333333333333331
2009-11-10,XLF,0.33333333333333331
2009-11-10,XLI,0
2009-11-10,XLK,0.33333333333333331
2009-11-10,XLP,0
2009-11-10,XLU,0
2009-11-10,XLV,0
2009-11-10,XLY,0
2009-11-11,GLD,0
2009-11-11,XLB,0
2009-11-11,XLE,0.33333333333333331
2009-11-11,XLF,0.33333333333333331
2009-11-11,XLI,0
2009-11-11,XLK,0.33333333333333331
2009-11-11,XLP,0
2009-11-11,XLU,0
2009-11-11,XLV,0
2009-11-11,XLY,0
2009-11-12,GLD,0
2009-11-12,XLB,0
2009-11-12,XLE,0.33333333333333331
2009-11-12,XLF,0.33333333333333331
2009-11-12,XLI,0
2009-11-12,XLK,0.33333333333333331
2009-11-12,XLP,0
2009-11-12,XLU,0
2009-11-12,XLV,0
2009-11-12,XLY,0
2009-11-13,GLD,0
2009-11-13,XLB,0
2009-11-13,XLE,0.33333333333333331
2009-11-13,XLF,0.33333333333333331
2009-11-13,XLI,0
2009-11-13,XLK,0.33333333333333331
2009-11-13,XLP,0
2009-11-13,XLU,0
2009-11-13,XLV,0
2009-11-13,XLY,0
2009-11-16,GLD,0
2009-11-16,XLB,0
2009-11-16,XLE,0.33333333333333331
2009-11-16,XLF,0.33333333333333331
2009-11-16,XLI,0
2009-11-16,XLK,0.33333333333333331
2009-11-16,XLP,0
2009-11-16,XLU,0
2009-11-16,XLV,0
2009-11-16,XLY,0
2009-11-17,GLD,0
2009-11-17,XLB,0
2009-11-17,XLE,0.33333333333333331
2009-11-17,XLF,0.33333333333333331
2009-11-17,XLI,0
2009-11-17,XLK,0.33333333333333331
2009-11-17,XLP,0
2009-11-17,XLU,0
2009-11-17,XLV,0
2009-11-17,XLY,0
2009-11-18,GLD,0
2009-11-18,XLB,0
2009-11-18,XLE,0.33333333333333331
2009-11-18,XLF,0.33333333333333331
2009-11-18,XLI,0
2009-11-18,XLK,0.33333333333333331
2009-11-18,XLP,0
2009-11-18,XLU,0
2009-11-18,XLV,0
2009-11-18,XLY,0
2009-11-19,GLD,0
2009-11-19,XLB,0
2009-11-19,XLE,0.33333333333333331
2009-11-19,XLF,0.33333333333333331
2009-11-19,XLI,0
2009-11-19,XLK,0.33333333333333331
2009-11-19,XLP,0
2009-11-19,XLU,0
2009-11-19,XLV,0
2009-11-19,XLY,0
2009-11-20,GLD,0
2009-11-20,XLB,0
2009-11-20,XLE,0.33333333333333331
2009-11-20,XLF,0.33333333333333331
2009-11-20,XLI,0
2009-11-20,XLK,0.33333333333333331
2009-11-20,XLP,0
2009-11-20,XLU,0
2009-11-20,XLV,0
2009-11-20,XLY,0
2009-11-23,GLD,0
2009-11-23,XLB,0
2009-11-23,XLE,0.33333333333333331
2009-11-23,XLF,0.33333333333333331
2009-11-23,XLI,0
2009-11-23,XLK,0.33333333333333331
2009-11-23,XLP,0
2009-11-23,XLU,0
2009-11-23,XLV,0
2009-11-23,XLY,0
2009-11-24,GLD,0
2009-11-24,XLB,0
2009-11-24,XLE,0.33333333333333331
2009-11-24,XLF,0.33333333333333331
2009-11-24,XLI,0
2009-11-24,XLK,0.33333333333333331
2009-11-24,XLP,0
2009-11-24,XLU,0
2009-11-24,XLV,0
2009-11-24,XLY,0
2009-11-25,GLD,0
2009-11-25,XLB,0
2009-11-25,XLE,0
2009-11-25,XLF,0
2009-11-25,XLI,0.33333333333333331
2009-11-25,XLK,0.33333333333333331
2009-11-25,XLP,0
2009-11-25,XLU,0
2009-11-25,XLV,0
2009-11-25,XLY,0.33333333333333331
2009-11-27,GLD,0
2009-11-27,XLB,0
2009-11-27,XLE,0
2009-11-27,XLF,0
2009-11-27,XLI,0.33333333333333331
2009-11-27,XLK,0.33333333333333331
2009-11-27,XLP,0
2009-11-27,XLU,0
2009-11-27,XLV,0
2009-11-27,XLY,0.33333333333333331
2009-11-30,GLD,0
2009-11-30,XLB,0
2009-11-30,XLE,0
2009-11-30,XLF,0
2009-11-30,XLI,0.33333333333333331
2009-11-30,XLK,0.33333333333333331
2009-11-30,XLP,0
2009-11-30,XLU,0
2009-11-30,XLV,0
2009-11-30,XLY,0.33333333333333331
2009-12-01,GLD,0
2009-12-01,XLB,0
2009-12-01,XLE,0
2009-12-01,XLF,0
2009-12-01,XLI,0.33333333333333331
2009-12-01,XLK,0.33333333333333331
2009-12-01,XLP,0
2009-12-01,XLU,0
2009-12-01,XLV,0
2009-12-01,XLY,0.33333333333333331
2009-12-02,GLD,0
2009-12-02,XLB,0
2009-12-02,XLE,0
2009-12-02,XLF,0
2009-12-02,XLI,0.33333333333333331
2009-12-02,XLK,0.33333333333333331
2009-12-02,XLP,0
2009-12-02,XLU,0
2009-12-02,XLV,0
2009-12-02,XLY,0.33333333333333331
2009-12-03,GLD,0
2009-12-03,XLB,0
2009-12-03,XLE,0
2009-12-03,XLF,0
2009-12-03,XLI,0.33333333333333331
2009-12-03,XLK,0.33333333333333331
2009-12-03,XLP,0
2009-12-03,XLU,0
2009-12-03,XLV,0
2009-12-03,XLY,0.33333333333333331
2009-12-04,GLD,0
2009-12-04,XLB,0
2009-12-04,XLE,0
2009-12-04,XLF,0
2009-12-04,XLI,0.33333333333333331
2009-12-04,XLK,0.33333333333333331
2009-12-04,XLP,0
2009-12-04,XLU,0
2009-12-04,XLV,0
2009-12-04,XLY,0.33333333333333331
2009-12-07,GLD,0
2009-12-07,XLB,0
2009-12-07,XLE,0
2009-12-07,XLF,0
2009-12-07,XLI,0.33333333333333331
2009-12-07,XLK,0.33333333333333331
2009-12-07,XLP,0
2009-12-07,XLU,0
2009-12-07,XLV,0
2009-12-07,XLY,0.33333333333333331
2009-12-08,GLD,0
2009-12-08,XLB,0
2009-12-08,XLE,0
2009-12-08,XLF,0
2009-12-08,XLI,0.33333333333333331
2009-12-08,XLK,0.33333333333333331
2009-12-08,XLP,0
2009-12-08,XLU,0
2009-12-08,XLV,0
2009-12-08,XLY,0.33333333333333331
2009-12-09,GLD,0
2009-12-09,XLB,0
2009-12-09,XLE,0
2009-12-09,XLF,0
2009-12-09,XLI,0.33333333333333331
2009-12-09,XLK,0.33333333333333331
2009-12-09,XLP,0
2009-12-09,XLU,0
2009-12-09,XLV,0
2009-12-09,XLY,0.33333333333333331
2009-12-10,GLD,0
2009-12-10,XLB,0
2009-12-10,XLE,0
2009-12-10,XLF,0
2009-12-10,XLI,0.33333333333333331
2009-12-10,XLK,0.33333333333333331
2009-12-10,XLP,0
2009-12-10,XLU,0
2009-12-10,XLV,0
2009-12-10,XLY,0.33333333333333331
2009-12-11,GLD,0
2009-12-11,XLB,0
2009-12-11,XLE,0
2009-12-11,XLF,0
2009-12-11,XLI,0.33333333333333331
2009-12-11,XLK,0.33333333333333331
2009-12-11,XLP,0
2009-12-11,XLU,0
2009-12-11,XLV,0
2009-12-11,XLY,0.33333333333333331
2009-12-14,GLD,0
2009-12-14,XLB,0
2009-12-14,XLE,0
2009-12-14,XLF,0
2009-12-14,XLI,0.33333333333333331
2009-12-14,XLK,0.33333333333333331
2009-12-14,XLP,0
2009-12-14,XLU,0
2009-12-14,XLV,0
2009-12-14,XLY,0.33333333333333331
2009-12-15,GLD,0
2009-12-15,XLB,0
2009-12-15,XLE,0
2009-12-15,XLF,0
2009-12-15,XLI,0.33333333333333331
2009-12-15,XLK,0.33333333333333331
2009-12-15,XLP,0
2009-12-15,XLU,0
2009-12-15,XLV,0
2009-12-15,XLY,0.33333333333333331
2009-12-16,GLD,0
2009-12-16,XLB,0
2009-12-16,XLE,0
2009-12-16,XLF,0
2009-12-16,XLI,0.33333333333333331
2009-12-16,XLK,0.33333333333333331
2009-12-16,XLP,0
2009-12-16,XLU,0
2009-12-16,XLV,0
2009-12-16,XLY,0.33333333333333331
2009-12-17,GLD,0
2009-12-17,XLB,0
2009-12-17,XLE,0
2009-12-17,XLF,0
2009-12-17,XLI,0.33333333333333331
2009-12-17,XLK,0.33333333333333331
2009-12-17,XLP,0
2009-12-17,XLU,0
2009-12-17,XLV,0
2009-12-17,XLY,0.33333333333333331
2009-12-18,GLD,0
2009-12-18,XLB,0
2009-12-18,XLE,0
2009-12-18,XLF,0
2009-12-18,XLI,0.33333333333333331
2009-12-18,XLK,0.33333333333333331
2009-12-18,XLP,0
2009-12-18,XLU,0
2009-12-18,XLV,0
2009-12-18,XLY,0.33333333333333331
2009-12-21,GLD,0
2009-12-21,XLB,0
2009-12-21,XLE,0
2009-12-21,XLF,0
2009-12-21,XLI,0.33333333333333331
2009-12-21,XLK,0.33333333333333331
2009-12-21,XLP,0
2009-12-21,XLU,0
2009-12-21,XLV,0
2009-12-21,XLY,0.33333333333333331
2009-12-22,GLD,0
2009-12-22,XLB,0
2009-12-22,XLE,0
2009-12-22,XLF,0
2009-12-22,XLI,0.33333333333333331
2009-12-22,XLK,0.33333333333333331
2009-12-22,XLP,0
2009-12-22,XLU,0
2009-12-22,XLV,0
2009-12-22,XLY,0.33333333333333331
2009-12-23,GLD,0
2009-12-23,XLB,0
2009-12-23,XLE,0
2009-12-23,XLF,0
2009-12-23,XLI,0.33333333333333331
2009-12-23,XLK,0.33333333333333331
2009-12-23,XLP,0
2009-12-23,XLU,0
2009-12-23,XLV,0
2009-12-23,XLY,0.33333333333333331
2009-12-24,GLD,0
2009-12-24,XLB,0
2009-12-24,XLE,0
2009-12-24,XLF,0
2009-12-24,XLI,0.33333333333333331
2009-12-24,XLK,0.33333333333333331
2009-12-24,XLP,0
2009-12-24,XLU,0
2009-12-24,XLV,0
2009-12-24,XLY,0.33333333333333331
2009-12-28,GLD,0
2009-12-28,XLB,0.33333333333333331
2009-12-28,XLE,0
2009-12-28,XLF,0
2009-12-28,XLI,0.33333333333333331
2009-12-28,XLK,0
2009-12-28,XLP,0
2009-12-28,XLU,0
2009-12-28,XLV,0
2009-12-28,XLY,0.33333333333333331
2009-12-29,GLD,0
2009-12-29,XLB,0.33333333333333331
2009-12-29,XLE,0
2009-12-29,XLF,0
2009-12-29,XLI,0.33333333333333331
2009-12-29,XLK,0
2009-12-29,XLP,0
2009-12-29,XLU,0
2009-12-29,XLV,0
2009-12-29,XLY,0.33333333333333331
2009-12-30,GLD,0
2009-12-30,XLB,0.33333333333333331
2009-12-30,XLE,0
2009-12-30,XLF,0
2009-12-30,XLI,0.33333333333333331
2009-12-30,XLK,0
2009-12-30,XLP,0
2009-12-30,XLU,0
2009-12-30,XLV,0
2009-12-30,XLY,0.33333333333333331
2009-12-31,GLD,0
2009-12-31,XLB,0.33333333333333331
2009-12-31,XLE,0
2009-12-31,XLF,0
2009-12-31,XLI,0.33333333333333331
2009-12-31,XLK,0
2009-12-31,XLP,0
2009-12-31,XLU,0
2009-12-31,XLV,0
2009-12-31,XLY,0.33333333333333331
2010-01-04,GLD,0
2010-01-04,XLB,0.33333333333333331
2010-01-04,XLE,0
2010-01-04,XLF,0
2010-01-04,XLI,0.33333333333333331
2010-01-04,XLK,0
2010-01-04,XLP,0
2010-01-04,XLU,0
2010-01-04,XLV,0
2010-01-04,XLY,0.33333333333333331
2010-01-05,GLD,0
2010-01-05,XLB,0.33333333333333331
2010-01-05,XLE,0
2010-01-05,XLF,0
2010-01-05,XLI,0.33333333333333331
2010-01-05,XLK,0
2010-01-05,XLP,0
2010-01-05,XLU,0
2010-01-05,XLV,0
2010-01-05,XLY,0.33333333333333331
2010-01-06,GLD,0
2010-01-06,XLB,0.33333333333333331
2010-01-06,XLE,0
2010-01-06,XLF,0
2010-01-06,XLI,0.33333333333333331
2010-01-06,XLK,0
2010-01-06,XLP,0
2010-01-06,XLU,0
2010-01-06,XLV,0
2010-01-06,XLY,0.33333333333333331
2010-01-07,GLD,0
2010-01-07,XLB,0.33333333333333331
2010-01-07,XLE,0
2010-01-07,XLF,0
2010-01-07,XLI,0.33333333333333331
2010-01-07,XLK,0
2010-01-07,XLP,0
2010-01-07,XLU,0
2010-01-07,XLV,0
2010-01-07,XLY,0.33333333333333331
2010-01-08,GLD,0
2010-01-08,XLB,0.33333333333333331
2010-01-08,XLE,0
2010-01-08,XLF,0
2010-01-08,XLI,0.33333333333333331
2010-01-08,XLK,0
2010-01-08,XLP,0
2010-01-08,XLU,0
2010-01-08,XLV,0
2010-01-08,XLY,0.33333333333333331
2010-01-11,GLD,0
2010-01-11,XLB,0.33333333333333331
2010-01-11,XLE,0
2010-01-11,XLF,0
2010-01-11,XLI,0.33333333333333331
2010-01-11,XLK,0
2010-01-11,XLP,0
2010-01-11,XLU,0
2010-01-11,XLV,0
2010-01-11,XLY,0.33333333333333331
2010-01-12,GLD,0
2010-01-12,XLB,0.33333333333333331
2010-01-12,XLE,0
2010-01-12,XLF,0
2010-01-12,XLI,0.33333333333333331
2010-01-12,XLK,0
2010-01-12,XLP,0
2010-01-12,XLU,0
2010-01-12,XLV,0
2010-01-12,XLY,0.33333333333333331
2010-01-13,GLD,0
2010-01-13,XLB,0.33333333333333331
2010-01-13,XLE,0
2010-01-13,XLF,0
2010-01-13,XLI,0.33333333333333331
2010-01-13,XLK,0
2010-01-13,XLP,0
2010-01-13,XLU,0
2010-01-13,XLV,0
2010-01-13,XLY,0.33333333333333331
2010-01-14,GLD,0
2010-01-14,XLB,0.33333333333333331
2010-01-14,XLE,0
2010-01-14,XLF,0
2010-01-14,XLI,0.33333333333333331
2010-01-14,XLK,0
2010-01-14,XLP,0
2010-01-14,XLU,0
2010-01-14,XLV,0
2010-01-14,XLY,0.33333333333333331
2010-01-15,GLD,0
2010-01-15,XLB,0.33333333333333331
2010-01-15,XLE,0
2010-01-15,XLF,0
2010-01-15,XLI,0.33333333333333331
2010-01-15,XLK,0
2010-01-15,XLP,0
2010-01-15,XLU,0
2010-01-15,XLV,0
2010-01-15,XLY,0.33333333333333331
2010-01-19,GLD,0
2010-01-19,XLB,0.33333333333333331
2010-01-19,XLE,0
2010-01-19,XLF,0
2010-01-19,XLI,0.33333333333333331
2010-01-19,XLK,0
2010-01-19,XLP,0
2010-01-19,XLU,0
2010-01-19,XLV,0
2010-01-19,XLY,0.33333333333333331
2010-01-20,GLD,0
2010-01-20,XLB,0.33333333333333331
2010-01-20,XLE,0
2010-01-20,XLF,0
2010-01-20,XLI,0.33333333333333331
2010-01-20,XLK,0
2010-01-20,XLP,0
2010-01-20,XLU,0
2010-01-20,XLV,0
2010-01-20,XLY,0.33333333333333331
2010-01-21,GLD,0
2010-01-21,XLB,0.33333333333333331
2010-01-21,XLE,0
2010-01-21,XLF,0
2010-01-21,XLI,0.33333333333333331
2010-01-21,XLK,0
2010-01-21,XLP,0
2010-01-21,XLU,0
2010-01-21,XLV,0
2010-01-21,XLY,0.33333333333333331
2010-01-22,GLD,0
2010-01-22,XLB,0.33333333333333331
2010-01-22,XLE,0
2010-01-22,XLF,0
2010-01-22,XLI,0.33333333333333331
2010-01-22,XLK,0
2010-01-22,XLP,0
2010-01-22,XLU,0
2010-01-22,XLV,0
2010-01-22,XLY,0.33333333333333331
2010-01-25,GLD,0
2010-01-25,XLB,0.33333333333333331
2010-01-25,XLE,0
2010-01-25,XLF,0
2010-01-25,XLI,0.33333333333333331
2010-01-25,XLK,0
2010-01-25,XLP,0
2010-01-25,XLU,0
2010-01-25,XLV,0
2010-01-25,XLY,0.33333333333333331
2010-01-26,GLD,0
2010-01-26,XLB,0.33333333333333331
2010-01-26,XLE,0
2010-01-26,XLF,0
2010-01-26,XLI,0.33333333333333331
2010-01-26,XLK,0
2010-01-26,XLP,0
2010-01-26,XLU,0
2010-01-26,XLV,0
2010-01-26,XLY,0.33333333333333331
2010-01-27,GLD,0
2010-01-27,XLB,0.33333333333333331
2010-01-27,XLE,0
2010-01-27,XLF,0
2010-01-27,XLI,0.33333333333333331
2010-01-27,XLK,0
2010-01-27,XLP,0
2010-01-27,XLU,0
2010-01-27,XLV,0
2010-01-27,XLY,0.33333333333333331
2010-01-28,GLD,0.33333333333333331
2010-01-28,XLB,0
2010-01-28,XLE,0
2010-01-28,XLF,0
2010-01-28,XLI,0.33333333333333331
2010-01-28,XLK,0
2010-01-28,XLP,0
2010-01-28,XLU,0
2010-01-28,XLV,0
2010-01-28,XLY,0.33333333333333331
2010-01-29,GLD,0.33333333333333331
2010-01-29,XLB,0
2010-01-29,XLE,0
2010-01-29,XLF,0
2010-01-29,XLI,0.33333333333333331
2010-01-29,XLK,0
2010-01-29,XLP,0
2010-01-29,XLU,0
2010-01-29,XLV,0
2010-01-29,XLY,0.33333333333333331
2010-02-01,GLD,0.33333333333333331
2010-02-01,XLB,0
2010-02-01,XLE,0
2010-02-01,XLF,0
2010-02-01,XLI,0.33333333333333331
2010-02-01,XLK,0
2010-02-01,XLP,0
2010-02-01,XLU,0
2010-02-01,XLV,0
2010-02-01,XLY,0.33333333333333331
2010-02-02,GLD,0.33333333333333331
2010-02-02,XLB,0
2010-02-02,XLE,0
2010-02-02,XLF,0
2010-02-02,XLI,0.33333333333333331
2010-02-02,XLK,0
2010-02-02,XLP,0
2010-02-02,XLU,0
2010-02-02,XLV,0
2010-02-02,XLY,0.33333333333333331
2010-02-03,GLD,0.33333333333333331
2010-02-03,XLB,0
2010-02-03,XLE,0
2010-02-03,XLF,0
2010-02-03,XLI,0.33333333333333331
2010-02-03,XLK,0
2010-02-03,XLP,0
2010-02-03,XLU,0
2010-02-03,XLV,0
2010-02-03,XLY,0.33333333333333331
2010-02-04,GLD,0.33333333333333331
2010-02-04,XLB,0
2010-02-04,XLE,0
2010-02-04,XLF,0
2010-02-04,XLI,0.33333333333333331
2010-02-04,XLK,0
2010-02-04,XLP,0
2010-02-04,XLU,0
2010-02-04,XLV,0
2010-02-04,XLY,0.33333333333333331
2010-02-05,GLD,0.33333333333333331
2010-02-05,XLB,0
2010-02-05,XLE,0
2010-02-05,XLF,0
2010-02-05,XLI,0.33333333333333331
2010-02-05,XLK,0
2010-02-05,XLP,0
2010-02-05,XLU,0
2010-02-05,XLV,0
2010-02-05,XLY,0.33333333333333331
2010-02-08,GLD,0.33333333333333331
2010-02-08,XLB,0
2010-02-08,XLE,0
2010-02-08,XLF,0
2010-02-08,XLI,0.33333333333333331
2010-02-08,XLK,0
2010-02-08,XLP,0
2010-02-08,XLU,0
2010-02-08,XLV,0
2010-02-08,XLY,0.33333333333333331
2010-02-09,GLD,0.33333333333333331
2010-02-09,XLB,0
2010-02-09,XLE,0
2010-02-09,XLF,0
2010-02-09,XLI,0.33333333333333331
2010-02-09,XLK,0
2010-02-09,XLP,0
2010-02-09,XLU,0
2010-02-09,XLV,0
2010-02-09,XLY,0.33333333333333331
2010-02-10,GLD,0.33333333333333331
2010-02-10,XLB,0
2010-02-10,XLE,0
2010-02-10,XLF,0
2010-02-10,XLI,0.33333333333333331
2010-02-10,XLK,0
2010-02-10,XLP,0
2010-02-10,XLU,0
2010-02-10,XLV,0
2010-02-10,XLY,0.33333333333333331
2010-02-11,GLD,0.33333333333333331
2010-02-11,XLB,0
2010-02-11,XLE,0
2010-02-11,XLF,0
2010-02-11,XLI,0.33333333333333331
2010-02-11,XLK,0
2010-02-11,XLP,0
2010-02-11,XLU,0
2010-02-11,XLV,0
2010-02-11,XLY,0.33333333333333331
2010-02-12,GLD,0.33333333333333331
2010-02-12,XLB,0
2010-02-12,XLE,0
2010-02-12,XLF,0
2010-02-12,XLI,0.33333333333333331
2010-02-12,XLK,0
2010-02-12,XLP,0
2010-02-12,XLU,0
2010-02-12,XLV,0
2010-02-12,XLY,0.33333333333333331
2010-02-16,GLD,0.33333333333333331
2010-02-16,XLB,0
2010-02-16,XLE,0
2010-02-16,XLF,0
2010-02-16,XLI,0.33333333333333331
2010-02-16,XLK,0
2010-02-16,XLP,0
2010-02-16,XLU,0
2010-02-16,XLV,0
2010-02-16,XLY,0.33333333333333331
2010-02-17,GLD,0.33333333333333331
2010-02-17,XLB,0
2010-02-17,XLE,0
2010-02-17,XLF,0
2010-02-17,XLI,0.33333333333333331
2010-02-17,XLK,0
2010-02-17,XLP,0
2010-02-17,XLU,0
2010-02-17,XLV,0
2010-02-17,XLY,0.33333333333333331
2010-02-18,GLD,0.33333333333333331
2010-02-18,XLB,0
2010-02-18,XLE,0
2010-02-18,XLF,0
2010-02-18,XLI,0.33333333333333331
2010-02-18,XLK,0
2010-02-18,XLP,0
2010-02-18,XLU,0
2010-02-18,XLV,0
2010-02-18,XLY,0.33333333333333331
2010-02-19,GLD,0.33333333333333331
2010-02-19,XLB,0
2010-02-19,XLE,0
2010-02-19,XLF,0
2010-02-19,XLI,0.33333333333333331
2010-02-19,XLK,0
2010-02-19,XLP,0
2010-02-19,XLU,0
2010-02-19,XLV,0
2010-02-19,XLY,0.33333333333333331
2010-02-22,GLD,0.33333333333333331
2010-02-22,XLB,0
2010-02-22,XLE,0
2010-02-22,XLF,0
2010-02-22,XLI,0.33333333333333331
2010-02-22,XLK,0
2010-02-22,XLP,0
2010-02-22,XLU,0
2010-02-22,XLV,0
2010-02-22,XLY,0.33333333333333331
2010-02-23,GLD,0.33333333333333331
2010-02-23,XLB,0
2010-02-23,XLE,0
2010-02-23,XLF,0
2010-02-23,XLI,0.33333333333333331
2010-02-23,XLK,0
2010-02-23,XLP,0
2010-02-23,XLU,0
2010-02-23,XLV,0
2010-02-23,XLY,0.33333333333333331
2010-02-24,GLD,0.33333333333333331
2010-02-24,XLB,0
2010-02-24,XLE,0
2010-02-24,XLF,0
2010-02-24,XLI,0.33333333333333331
2010-02-24,XLK,0
2010-02-24,XLP,0
2010-02-24,XLU,0
2010-02-24,XLV,0
2010-02-24,XLY,0.33333333333333331
2010-02-25,GLD,0.33333333333333331
2010-02-25,XLB,0
2010-02-25,XLE,0
2010-02-25,XLF,0
2010-02-25,XLI,0.33333333333333331
2010-02-25,XLK,0
2010-02-25,XLP,0
2010-02-25,XLU,0
2010-02-25,XLV,0
2010-02-25,XLY,0.33333333333333331
2010-02-26,GLD,0.33333333333333331
2010-02-26,XLB,0
2010-02-26,XLE,0
2010-02-26,XLF,0
2010-02-26,XLI,0.33333333333333331
2010-02-26,XLK,0
2010-02-26,XLP,0
2010-02-26,XLU,0
2010-02-26,XLV,0
2010-02-26,XLY,0.33333333333333331
2010-03-01,GLD,1
2010-03-01,XLB,0
2010-03-01,XLE,0
2010-03-01,XLF,0
2010-03-01,XLI,0
2010-03-01,XLK,0
2010-03-01,XLP,0
2010-03-01,XLU,0
2010-03-01,XLV,0
2010-03-01,XLY,0
2010-03-02,GLD,1
2010-03-02,XLB,0
2010-03-02,XLE,0
2010-03-02,XLF,0
2010-03-02,XLI,0
2010-03-02,XLK,0
2010-03-02,XLP,0
2010-03-02,XLU,0
2010-03-02,XLV,0
2010-03-02,XLY,0
2010-03-03,GLD,1
2010-03-03,XLB,0
2010-03-03,XLE,0
2010-03-03,XLF,0
2010-03-03,XLI,0
2010-03-03,XLK,0
2010-03-03,XLP,0
2010-03-03,XLU,0
2010-03-03,XLV,0
2010-03-03,XLY,0
2010-03-04,GLD,1
2010-03-04,XLB,0
2010-03-04,XLE,0
2010-03-04,XLF,0
2010-03-04,XLI,0
2010-03-04,XLK,0
2010-03-04,XLP,0
2010-03-04,XLU,0
2010-03-04,XLV,0
2010-03-04,XLY,0
2010-03-05,GLD,1
2010-03-05,XLB,0
2010-03-05,XLE,0
2010-03-05,XLF,0
2010-03-05,XLI,0
2010-03-05,XLK,0
2010-03-05,XLP,0
2010-03-05,XLU,0
2010-03-05,XLV,0
2010-03-05,XLY,0
2010-03-08,GLD,1
2010-03-08,XLB,0
2010-03-08,XLE,0
2010-03-08,XLF,0
2010-03-08,XLI,0
2010-03-08,XLK,0
2010-03-08,XLP,0
2010-03-08,XLU,0
2010-03-08,XLV,0
2010-03-08,XLY,0
2010-03-09,GLD,1
2010-03-09,XLB,0
2010-03-09,XLE,0
2010-03-09,XLF,0
2010-03-09,XLI,0
2010-03-09,XLK,0
2010-03-09,XLP,0
2010-03-09,XLU,0
2010-03-09,XLV,0
2010-03-09,XLY,0
2010-03-10,GLD,1
2010-03-10,XLB,0
2010-03-10,XLE,0
2010-03-10,XLF,0
2010-03-10,XLI,0
2010-03-10,XLK,0
2010-03-10,XLP,0
2010-03-10,XLU,0
2010-03-10,XLV,0
2010-03-10,XLY,0
2010-03-11,GLD,1
2010-03-11,XLB,0
2010-03-11,XLE,0
2010-03-11,XLF,0
2010-03-11,XLI,0
2010-03-11,XLK,0
2010-03-11,XLP,0
2010-03-11,XLU,0
2010-03-11,XLV,0
2010-03-11,XLY,0
2010-03-12,GLD,1
2010-03-12,XLB,0
2010-03-12,XLE,0
2010-03-12,XLF,0
2010-03-12,XLI,0
2010-03-12,XLK,0
2010-03-12,XLP,0
2010-03-12,XLU,0
2010-03-12,XLV,0
2010-03-12,XLY,0
2010-03-15,GLD,1
2010-03-15,XLB,0
2010-03-15,XLE,0
2010-03-15,XLF,0
2010-03-15,XLI,0
2010-03-15,XLK,0
2010-03-15,XLP,0
2010-03-15,XLU,0
2010-03-15,XLV,0
2010-03-15,XLY,0
2010-03-16,GLD,1
2010-03-16,XLB,0
2010-03-16,XLE,0
2010-03-16,XLF,0
2010-03-16,XLI,0
2010-03-16,XLK,0
2010-03-16,XLP,0
2010-03-16,XLU,0
2010-03-16,XLV,0
2010-03-16,XLY,0
2010-03-17,GLD,1
2010-03-17,XLB,0
2010-03-17,XLE,0
2010-03-17,XLF,0
2010-03-17,XLI,0
2010-03-17,XLK,0
2010-03-17,XLP,0
2010-03-17,XLU,0
2010-03-17,XLV,0
2010-03-17,XLY,0
2010-03-18,GLD,1
2010-03-18,XLB,0
2010-03-18,XLE,0
2010-03-18,XLF,0
2010-03-18,XLI,0
2010-03-18,XLK,0
2010-03-18,XLP,0
2010-03-18,XLU,0
2010-03-18,XLV,0
2010-03-18,XLY,0
2010-03-19,GLD,1
2010-03-19,XLB,0
2010-03-19,XLE,0
2010-03-19,XLF,0
2010-03-19,XLI,0
2010-03-19,XLK,0
2010-03-19,XLP,0
2010-03-19,XLU,0
2010-03-19,XLV,0
2010-03-19,XLY,0
2010-03-22,GLD,1
2010-03-22,XLB,0
2010-03-22,XLE,0
2010-03-22,XLF,0
2010-03-22,XLI,0
2010-03-22,XLK,0
2010-03-22,XLP,0
2010-03-22,XLU,0
2010-03-22,XLV,0
2010-03-22,XLY,0
2010-03-23,GLD,1
2010-03-23,XLB,0
2010-03-23,XLE,0
2010-03-23,XLF,0
2010-03-23,XLI,0
2010-03-23,XLK,0
2010-03-23,XLP,0
2010-03-23,XLU,0
2010-03-23,XLV,0
2010-03-23,XLY,0
2010-03-24,GLD,1
2010-03-24,XLB,0
2010-03-24,XLE,0
2010-03-24,XLF,0
2010-03-24,XLI,0
2010-03-24,XLK,0
2010-03-24,XLP,0
2010-03-24,XLU,0
2010-03-24,XLV,0
2010-03-24,XLY,0
2010-03-25,GLD,1
2010-03-25,XLB,0
2010-03-25,XLE,0
2010-03-25,XLF,0
2010-03-25,XLI,0
2010-03-25,XLK,0
2010-03-25,XLP,0
2010-03-25,XLU,0
2010-03-25,XLV,0
2010-03-25,XLY,0
2010-03-26,GLD,1
2010-03-26,XLB,0
2010-03-26,XLE,0
2010-03-26,XLF,0
2010-03-26,XLI,0
2010-03-26,XLK,0
2010-03-26,XLP,0
2010-03-26,XLU,0
2010-03-26,XLV,0
2010-03-26,XLY,0
2010-03-29,GLD,1
2010-03-29,XLB,0
2010-03-29,XLE,0
2010-03-29,XLF,0
2010-03-29,XLI,0
2010-03-29,XLK,0
2010-03-29,XLP,0
2010-03-29,XLU,0
2010-03-29,XLV,0
2010-03-29,XLY,0
2010-03-30,GLD,0
2010-03-30,XLB,0
2010-03-30,XLE,0
2010-03-30,XLF,0
2010-03-30,XLI,0.33333333333333331
2010-03-30,XLK,0
2010-03-30,XLP,0
2010-03-30,XLU,0
2010-03-30,XLV,0.33333333333333331
2010-03-30,XLY,0.33333333333333331
2010-03-31,GLD,0
2010-03-31,XLB,0
2010-03-31,XLE,0
2010-03-31,XLF,0
2010-03-31,XLI,0.33333333333333331
2010-03-31,XLK,0
2010-03-31,XLP,0
2010-03-31,XLU,0
2010-03-31,XLV,0.33333333333333331
2010-03-31,XLY,0.33333333333333331
2010-04-01,GLD,0
2010-04-01,XLB,0
2010-04-01,XLE,0
2010-04-01,XLF,0
2010-04-01,XLI,0.33333333333333331
2010-04-01,XLK,0
2010-04-01,XLP,0
2010-04-01,XLU,0
2010-04-01,XLV,0.33333333333333331
2010-04-01,XLY,0.33333333333333331
2010-04-05,GLD,0
2010-04-05,XLB,0
2010-04-05,XLE,0
2010-04-05,XLF,0
2010-04-05,XLI,0.33333333333333331
2010-04-05,XLK,0
2010-04-05,XLP,0
2010-04-05,XLU,0
2010-04-05,XLV,0.33333333333333331
2010-04-05,XLY,0.33333333333333331
2010-04-06,GLD,0
2010-04-06,XLB,0
2010-04-06,XLE,0
2010-04-06,XLF,0
2010-04-06,XLI,0.33333333333333331
2010-04-06,XLK,0
2010-04-06,XLP,0
2010-04-06,XLU,0
2010-04-06,XLV,0.33333333333333331
2010-04-06,XLY,0.33333333333333331
2010-04-07,GLD,0
2010-04-07,XLB,0
2010-04-07,XLE,0
2010-04-07,XLF,0
2010-04-07,XLI,0.33333333333333331
2010-04-07,XLK,0
2010-04-07,XLP,0
2010-04-07,XLU,0
2010-04-07,XLV,0.33333333333333331
2010-04-07,XLY,0.33333333333333331
2010-04-08,GLD,0
2010-04-08,XLB,0
2010-04-08,XLE,0
2010-04-08,XLF,0
2010-04-08,XLI,0.33333333333333331
2010-04-08,XLK,0
2010-04-08,XLP,0
2010-04-08,XLU,0
2010-04-08,XLV,0.33333333333333331
2010-04-08,XLY,0.33333333333333331
2010-04-09,GLD,0
2010-04-09,XLB,0
2010-04-09,XLE,0
2010-04-09,XLF,0
2010-04-09,XLI,0.33333333333333331
2010-04-09,XLK,0
2010-04-09,XLP,0
2010-04-09,XLU,0
2010-04-09,XLV,0.33333333333333331
2010-04-09,XLY,0.33333333333333331
2010-04-12,GLD,0
2010-04-12,XLB,0
2010-04-12,XLE,0
2010-04-12,XLF,0
2010-04-12,XLI,0.33333333333333331
2010-04-12,XLK,0
2010-04-12,XLP,0
2010-04-12,XLU,0
2010-04-12,XLV,0.33333333333333331
2010-04-12,XLY,0.33333333333333331
2010-04-13,GLD,0
2010-04-13,XLB,0
2010-04-13,XLE,0
2010-04-13,XLF,0
2010-04-13,XLI,0.33333333333333331
2010-04-13,XLK,0
2010-04-13,XLP,0
2010-04-13,XLU,0
2010-04-13,XLV,0.33333333333333331
2010-04-13,XLY,0.33333333333333331
2010-04-14,GLD,0
2010-04-14,XLB,0
2010-04-14,XLE,0
2010-04-14,XLF,0
2010-04-14,XLI,0.33333333333333331
2010-04-14,XLK,0
2010-04-14,XLP,0
2010-04-14,XLU,0
2010-04-14,XLV,0.33333333333333331
2010-04-14,XLY,0.33333333333333331
2010-04-15,GLD,0
2010-04-15,XLB,0
2010-04-15,XLE,0
2010-04-15,XLF,0
2010-04-15,XLI,0.33333333333333331
2010-04-15,XLK,0
2010-04-15,XLP,0
2010-04-15,XLU,0
2010-04-15,XLV,0.33333333333333331
2010-04-15,XLY,0.33333333333333331
2010-04-16,GLD,0
2010-04-16,XLB,0
2010-04-16,XLE,0
2010-04-16,XLF,0
2010-04-16,XLI,0.33333333333333331
2010-04-16,XLK,0
2010-04-16,XLP,0
2010-04-16,XLU,0
2010-04-16,XLV,0.33333333333333331
2010-04-16,XLY,0.33333333333333331
2010-04-19,GLD,0
2010-04-19,XLB,0
2010-04-19,XLE,0
2010-04-19,XLF,0
2010-04-19,XLI,0.33333333333333331
2010-04-19,XLK,0
2010-04-19,XLP,0
2010-04-19,XLU,0
2010-04-19,XLV,0.33333333333333331
2010-04-19,XLY,0.33333333333333331
2010-04-20,GLD,0
2010-04-20,XLB,0
2010-04-20,XLE,0
2010-04-20,XLF,0
2010-04-20,XLI,0.33333333333333331
2010-04-20,XLK,0
2010-04-20,XLP,0
2010-04-20,XLU,0
2010-04-20,XLV,0.33333333333333331
2010-04-20,XLY,0.33333333333333331
2010-04-21,GLD,0
2010-04-21,XLB,0
2010-04-21,XLE,0
2010-04-21,XLF,0
2010-04-21,XLI,0.33333333333333331
2010-04-21,XLK,0
2010-04-21,XLP,0
2010-04-21,XLU,0
2010-04-21,XLV,0.33333333333333331
2010-04-21,XLY,0.33333333333333331
2010-04-22,GLD,0
2010-04-22,XLB,0
2010-04-22,XLE,0
2010-04-22,XLF,0
2010-04-22,XLI,0.33333333333333331
2010-04-22,XLK,0
2010-04-22,XLP,0
2010-04-22,XLU,0
2010-04-22,XLV,0.33333333333333331
2010-04-22,XLY,0.33333333333333331
2010-04-23,GLD,0
2010-04-23,XLB,0
2010-04-23,XLE,0
2010-04-23,XLF,0
2010-04-23,XLI,0.33333333333333331
2010-04-23,XLK,0
2010-04-23,XLP,0
2010-04-23,XLU,0
2010-04-23,XLV,0.33333333333333331
2010-04-23,XLY,0.33333333333333331
2010-04-26,GLD,0
2010-04-26,XLB,0
2010-04-26,XLE,0
2010-04-26,XLF,0
2010-04-26,XLI,0.33333333333333331
2010-04-26,XLK,0
2010-04-26,XLP,0
2010-04-26,XLU,0
2010-04-26,XLV,0.33333333333333331
2010-04-26,XLY,0.33333333333333331
2010-04-27,GLD,0
2010-04-27,XLB,0
2010-04-27,XLE,0
2010-04-27,XLF,0
2010-04-27,XLI,0.33333333333333331
2010-04-27,XLK,0
2010-04-27,XLP,0
2010-04-27,XLU,0
2010-04-27,XLV,0.33333333333333331
2010-04-27,XLY,0.33333333333333331
2010-04-28,GLD,0
2010-04-28,XLB,0
2010-04-28,XLE,0
2010-04-28,XLF,0
2010-04-28,XLI,0.33333333333333331
2010-04-28,XLK,0
2010-04-28,XLP,0
2010-04-28,XLU,0
2010-04-28,XLV,0.33333333333333331
2010-04-28,XLY,0.33333333333333331
2010-04-29,GLD,0
2010-04-29,XLB,0.33333333333333331
2010-04-29,XLE,0
2010-04-29,XLF,0
2010-04-29,XLI,0.33333333333333331
2010-04-29,XLK,0
2010-04-29,XLP,0
2010-04-29,XLU,0
2010-04-29,XLV,0
2010-04-29,XLY,0.33333333333333331
2010-04-30,GLD,0
2010-04-30,XLB,0.33333333333333331
2010-04-30,XLE,0
2010-04-30,XLF,0
2010-04-30,XLI,0.33333333333333331
2010-04-30,XLK,0
2010-04-30,XLP,0
2010-04-30,XLU,0
2010-04-30,XLV,0
2010-04-30,XLY,0.33333333333333331
2010-05-03,GLD,0
2010-05-03,XLB,0.33333333333333331
2010-05-03,XLE,0
2010-05-03,XLF,0
2010-05-03,XLI,0.33333333333333331
2010-05-03,XLK,0
2010-05-03,XLP,0
2010-05-03,XLU,0
2010-05-03,XLV,0
2010-05-03,XLY,0.33333333333333331
2010-05-04,GLD,0
2010-05-04,XLB,0.33333333333333331
2010-05-04,XLE,0
2010-05-04,XLF,0
2010-05-04,XLI,0.33333333333333331
2010-05-04,XLK,0
2010-05-04,XLP,0
2010-05-04,XLU,0
2010-05-04,XLV,0
2010-05-04,XLY,0.33333333333333331
2010-05-05,GLD,0
2010-05-05,XLB,0.33333333333333331
2010-05-05,XLE,0
2010-05-05,XLF,0
2010-05-05,XLI,0.33333333333333331
2010-05-05,XLK,0
2010-05-05,XLP,0
2010-05-05,XLU,0
2010-05-05,XLV,0
2010-05-05,XLY,0.33333333333333331
2010-05-06,GLD,0
2010-05-06,XLB,0.33333333333333331
2010-05-06,XLE,0
2010-05-06,XLF,0
2010-05-06,XLI,0.33333333333333331
2010-05-06,XLK,0
2010-05-06,XLP,0
2010-05-06,XLU,0
2010-05-06,XLV,0
2010-05-06,XLY,0.33333333333333331
2010-05-07,GLD,0
2010-05-07,XLB,0.33333333333333331
2010-05-07,XLE,0
2010-05-07,XLF,0
2010-05-07,XLI,0.33333333333333331
2010-05-07,XLK,0
2010-05-07,XLP,0
2010-05-07,XLU,0
2010-05-07,XLV,0
2010-05-07,XLY,0.33333333333333331
2010-05-10,GLD,0
2010-05-10,XLB,0.33333333333333331
2010-05-10,XLE,0
2010-05-10,XLF,0
2010-05-10,XLI,0.33333333333333331
2010-05-10,XLK,0
2010-05-10,XLP,0
2010-05-10,XLU,0
2010-05-10,XLV,0
2010-05-10,XLY,0.33333333333333331
2010-05-11,GLD,0
2010-05-11,XLB,0.33333333333333331
2010-05-11,XLE,0
2010-05-11,XLF,0
2010-05-11,XLI,0.33333333333333331
2010-05-11,XLK,0
2010-05-11,XLP,0
2010-05-11,XLU,0
2010-05-11,XLV,0
2010-05-11,XLY,0.33333333333333331
2010-05-12,GLD,0
2010-05-12,XLB,0.33333333333333331
2010-05-12,XLE,0
2010-05-12,XLF,0
2010-05-12,XLI,0.33333333333333331
2010-05-12,XLK,0
2010-05-12,XLP,0
2010-05-12,XLU,0
2010-05-12,XLV,0
2010-05-12,XLY,0.33333333333333331
2010-05-13,GLD,0
2010-05-13,XLB,0.33333333333333331
2010-05-13,XLE,0
2010-05-13,XLF,0
2010-05-13,XLI,0.33333333333333331
2010-05-13,XLK,0
2010-05-13,XLP,0
2010-05-13,XLU,0
2010-05-13,XLV,0
2010-05-13,XLY,0.33333333333333331
2010-05-14,GLD,0
2010-05-14,XLB,0.33333333333333331
2010-05-14,XLE,0
2010-05-14,XLF,0
2010-05-14,XLI,0.33333333333333331
2010-05-14,XLK,0
2010-05-14,XLP,0
2010-05-14,XLU,0
2010-05-14,XLV,0
2010-05-14,XLY,0.33333333333333331
2010-05-17,GLD,0
2010-05-17,XLB,0.33333333333333331
2010-05-17,XLE,0
2010-05-17,XLF,0
2010-05-17,XLI,0.33333333333333331
2010-05-17,XLK,0
2010-05-17,XLP,0
2010-05-17,XLU,0
2010-05-17,XLV,0
2010-05-17,XLY,0.33333333333333331
2010-05-18,GLD,0
2010-05-18,XLB,0.33333333333333331
2010-05-18,XLE,0
2010-05-18,XLF,0
2010-05-18,XLI,0.33333333333333331
2010-05-18,XLK,0
2010-05-18,XLP,0
2010-05-18,XLU,0
2010-05-18,XLV,0
2010-05-18,XLY,0.33333333333333331
2010-05-19,GLD,0
2010-05-19,XLB,0.33333333333333331
2010-05-19,XLE,0
2010-05-19,XLF,0
2010-05-19,XLI,0.33333333333333331
2010-05-19,XLK,0
2010-05-19,XLP,0
2010-05-19,XLU,0
2010-05-19,XLV,0
2010-05-19,XLY,0.33333333333333331
2010-05-20,GLD,0
2010-05-20,XLB,0.33333333333333331
2010-05-20,XLE,0
2010-05-20,XLF,0
2010-05-20,XLI,0.33333333333333331
2010-05-20,XLK,0
2010-05-20,XLP,0
2010-05-20,XLU,0
2010-05-20,XLV,0
2010-05-20,XLY,0.33333333333333331
2010-05-21,GLD,0
2010-05-21,XLB,0.33333333333333331
2010-05-21,XLE,0
2010-05-21,XLF,0
2010-05-21,XLI,0.33333333333333331
2010-05-21,XLK,0
2010-05-21,XLP,0
2010-05-21,XLU,0
2010-05-21,XLV,0
2010-05-21,XLY,0.33333333333333331
2010-05-24,GLD,0
2010-05-24,XLB,0.33333333333333331
2010-05-24,XLE,0
2010-05-24,XLF,0
2010-05-24,XLI,0.33333333333333331
2010-05-24,XLK,0
2010-05-24,XLP,0
2010-05-24,XLU,0
2010-05-24,XLV,0
2010-05-24,XLY,0.33333333333333331
2010-05-25,GLD,0
2010-05-25,XLB,0.33333333333333331
2010-05-25,XLE,0
2010-05-25,XLF,0
2010-05-25,XLI,0.33333333333333331
2010-05-25,XLK,0
2010-05-25,XLP,0
2010-05-25,XLU,0
2010-05-25,XLV,0
2010-05-25,XLY,0.33333333333333331
2010-05-26,GLD,0
2010-05-26,XLB,0.33333333333333331
2010-05-26,XLE,0
2010-05-26,XLF,0
2010-05-26,XLI,0.33333333333333331
2010-05-26,XLK,0
2010-05-26,XLP,0
2010-05-26,XLU,0
2010-05-26,XLV,0
2010-05-26,XLY,0.33333333333333331
2010-05-27,GLD,0
2010-05-27,XLB,0.33333333333333331
2010-05-27,XLE,0
2010-05-27,XLF,0
2010-05-27,XLI,0.33333333333333331
2010-05-27,XLK,0
2010-05-27,XLP,0
2010-05-27,XLU,0
2010-05-27,XLV,0
2010-05-27,XLY,0.33333333333333331
2010-05-28,GLD,0.33333333333333331
2010-05-28,XLB,0
2010-05-28,XLE,0
2010-05-28,XLF,0
2010-05-28,XLI,0.33333333333333331
2010-05-28,XLK,0
2010-05-28,XLP,0
2010-05-28,XLU,0
2010-05-28,XLV,0
2010-05-28,XLY,0.33333333333333331
2010-06-01,GLD,0.33333333333333331
2010-06-01,XLB,0
2010-06-01,XLE,0
2010-06-01,XLF,0
2010-06-01,XLI,0.33333333333333331
2010-06-01,XLK,0
2010-06-01,XLP,0
2010-06-01,XLU,0
2010-06-01,XLV,0
2010-06-01,XLY,0.33333333333333331
2010-06-02,GLD,0.33333333333333331
2010-06-02,XLB,0
2010-06-02,XLE,0
2010-06-02,XLF,0
2010-06-02,XLI,0.33333333333333331
2010-06-02,XLK,0
2010-06-02,XLP,0
2010-06-02,XLU,0
2010-06-02,XLV,0
2010-06-02,XLY,0.33333333333333331
2010-06-03,GLD,0.33333333333333331
2010-06-03,XLB,0
2010-06-03,XLE,0
2010-06-03,XLF,0
2010-06-03,XLI,0.33333333333333331
2010-06-03,XLK,0
2010-06-03,XLP,0
2010-06-03,XLU,0
2010-06-03,XLV,0
2010-06-03,XLY,0.33333333333333331
2010-06-04,GLD,0.33333333333333331
2010-06-04,XLB,0
2010-06-04,XLE,0
2010-06-04,XLF,0
2010-06-04,XLI,0.33333333333333331
2010-06-04,XLK,0
2010-06-04,XLP,0
2010-06-04,XLU,0
2010-06-04,XLV,0
2010-06-04,XLY,0.33333333333333331
2010-06-07,GLD,0.33333333333333331
2010-06-07,XLB,0
2010-06-07,XLE,0
2010-06-07,XLF,0
2010-06-07,XLI,0.33333333333333331
2010-06-07,XLK,0
2010-06-07,XLP,0
2010-06-07,XLU,0
2010-06-07,XLV,0
2010-06-07,XLY,0.33333333333333331
2010-06-08,GLD,0.33333333333333331
2010-06-08,XLB,0
2010-06-08,XLE,0
2010-06-08,XLF,0
2010-06-08,XLI,0.33333333333333331
2010-06-08,XLK,0
2010-06-08,XLP,0
2010-06-08,XLU,0
2010-06-08,XLV,0
2010-06-08,XLY,0.33333333333333331
2010-06-09,GLD,0.33333333333333331
2010-06-09,XLB,0
2010-06-09,XLE,0
2010-06-09,XLF,0
2010-06-09,XLI,0.33333333333333331
2010-06-09,XLK,0
2010-06-09,XLP,0
2010-06-09,XLU,0
2010-06-09,XLV,0
2010-06-09,XLY,0.33333333333333331
2010-06-10,GLD,0.33333333333333331
2010-06-10,XLB,0
2010-06-10,XLE,0
2010-06-10,XLF,0
2010-06-10,XLI,0.33333333333333331
2010-06-10,XLK,0
2010-06-10,XLP,0
2010-06-10,XLU,0
2010-06-10,XLV,0
2010-06-10,XLY,0.33333333333333331
2010-06-11,GLD,0.33333333333333331
2010-06-11,XLB,0
2010-06-11,XLE,0
2010-06-11,XLF,0
2010-06-11,XLI,0.33333333333333331
2010-06-11,XLK,0
2010-06-11,XLP,0
2010-06-11,XLU,0
2010-06-11,XLV,0
2010-06-11,XLY,0.33333333333333331
2010-06-14,GLD,0.33333333333333331
2010-06-14,XLB,0
2010-06-14,XLE,0
2010-06-14,XLF,0
2010-06-14,XLI,0.33333333333333331
2010-06-14,XLK,0
2010-06-14,XLP,0
2010-06-14,XLU,0
2010-06-14,XLV,0
2010-06-14,XLY,0.33333333333333331
2010-06-15,GLD,0.33333333333333331
2010-06-15,XLB,0
2010-06-15,XLE,0
2010-06-15,XLF,0
2010-06-15,XLI,0.33333333333333331
2010-06-15,XLK,0
2010-06-15,XLP,0
2010-06-15,XLU,0
2010-06-15,XLV,0
2010-06-15,XLY,0.33333333333333331
2010-06-16,GLD,0.33333333333333331
2010-06-16,XLB,0
2010-06-16,XLE,0
2010-06-16,XLF,0
2010-06-16,XLI,0.33333333333333331
2010-06-16,XLK,0
2010-06-16,XLP,0
2010-06-16,XLU,0
2010-06-16,XLV,0
2010-06-16,XLY,0.33333333333333331
2010-06-17,GLD,0.33333333333333331
2010-06-17,XLB,0
2010-06-17,XLE,0
2010-06-17,XLF,0
2010-06-17,XLI,0.33333333333333331
2010-06-17,XLK,0
2010-06-17,XLP,0
2010-06-17,XLU,0
2010-06-17,XLV,0
2010-06-17,XLY,0.33333333333333331
2010-06-18,GLD,0.33333333333333331
2010-06-18,XLB,0
2010-06-18,XLE,0
2010-06-18,XLF,0
2010-06-18,XLI,0.33333333333333331
2010-06-18,XLK,0
2010-06-18,XLP,0
2010-06-18,XLU,0
2010-06-18,XLV,0
2010-06-18,XLY,0.33333333333333331
2010-06-21,GLD,0.33333333333333331
2010-06-21,XLB,0
2010-06-21,XLE,0
2010-06-21,XLF,0
2010-06-21,XLI,0.33333333333333331
2010-06-21,XLK,0
2010-06-21,XLP,0
2010-06-21,XLU,0
2010-06-21,XLV,0
2010-06-21,XLY,0.33333333333333331
2010-06-22,GLD,0.33333333333333331
2010-06-22,XLB,0
2010-06-22,XLE,0
2010-06-22,XLF,0
2010-06-22,XLI,0.33333333333333331
2010-06-22,XLK,0
2010-06-22,XLP,0
2010-06-22,XLU,0
2010-06-22,XLV,0
2010-06-22,XLY,0.33333333333333331
2010-06-23,GLD,0.33333333333333331
2010-06-23,XLB,0
2010-06-23,XLE,0
2010-06-23,XLF,0
2010-06-23,XLI,0.33333333333333331
2010-06-23,XLK,0
2010-06-23,XLP,0
2010-06-23,XLU,0
2010-06-23,XLV,0
2010-06-23,XLY,0.33333333333333331
2010-06-24,GLD,0.33333333333333331
2010-06-24,XLB,0
2010-06-24,XLE,0
2010-06-24,XLF,0
2010-06-24,XLI,0.33333333333333331
2010-06-24,XLK,0
2010-06-24,XLP,0
2010-06-24,XLU,0
2010-06-24,XLV,0
2010-06-24,XLY,0.33333333333333331
2010-06-25,GLD,0.33333333333333331
2010-06-25,XLB,0
2010-06-25,XLE,0
2010-06-25,XLF,0
2010-06-25,XLI,0.33333333333333331
2010-06-25,XLK,0
2010-06-25,XLP,0
2010-06-25,XLU,0
2010-06-25,XLV,0
2010-06-25,XLY,0.33333333333333331
2010-06-28,GLD,0.33333333333333331
2010-06-28,XLB,0
2010-06-28,XLE,0
2010-06-28,XLF,0
2010-06-28,XLI,0.33333333333333331
2010-06-28,XLK,0
2010-06-28,XLP,0
2010-06-28,XLU,0
2010-06-28,XLV,0
2010-06-28,XLY,0.33333333333333331
2010-06-29,GLD,1
2010-06-29,XLB,0
2010-06-29,XLE,0
2010-06-29,XLF,0
2010-06-29,XLI,0
2010-06-29,XLK,0
2010-06-29,XLP,0
2010-06-29,XLU,0
2010-06-29,XLV,0
2010-06-29,XLY,0
2010-06-30,GLD,1
2010-06-30,XLB,0
2010-06-30,XLE,0
2010-06-30,XLF,0
2010-06-30,XLI,0
2010-06-30,XLK,0
2010-06-30,XLP,0
2010-06-30,XLU,0
2010-06-30,XLV,0
2010-06-30,XLY,0
2010-07-01,GLD,1
2010-07-01,XLB,0
2010-07-01,XLE,0
2010-07-01,XLF,0
2010-07-01,XLI,0
2010-07-01,XLK,0
2010-07-01,XLP,0
2010-07-01,XLU,0
2010-07-01,XLV,0
2010-07-01,XLY,0
2010-07-02,GLD,1
2010-07-02,XLB,0
2010-07-02,XLE,0
2010-07-02,XLF,0
2010-07-02,XLI,0
2010-07-02,XLK,0
2010-07-02,XLP,0
2010-07-02,XLU,0
2010-07-02,XLV,0
2010-07-02,XLY,0
2010-07-06,GLD,1
2010-07-06,XLB,0
2010-07-06,XLE,0
2010-07-06,XLF,0
2010-07-06,XLI,0
2010-07-06,XLK,0
2010-07-06,XLP,0
2010-07-06,XLU,0
2010-07-06,XLV,0
2010-07-06,XLY,0
2010-07-07,GLD,1
2010-07-07,XLB,0
2010-07-07,XLE,0
2010-07-07,XLF,0
2010-07-07,XLI,0
2010-07-07,XLK,0
2010-07-07,XLP,0
2010-07-07,XLU,0
2010-07-07,XLV,0
2010-07-07,XLY,0
2010-07-08,GLD,1
2010-07-08,XLB,0
2010-07-08,XLE,0
2010-07-08,XLF,0
2010-07-08,XLI,0
2010-07-08,XLK,0
2010-07-08,XLP,0
2010-07-08,XLU,0
2010-07-08,XLV,0
2010-07-08,XLY,0
2010-07-09,GLD,1
2010-07-09,XLB,0
2010-07-09,XLE,0
2010-07-09,XLF,0
2010-07-09,XLI,0
2010-07-09,XLK,0
2010-07-09,XLP,0
2010-07-09,XLU,0
2010-07-09,XLV,0
2010-07-09,XLY,0
2010-07-12,GLD,1
2010-07-12,XLB,0
2010-07-12,XLE,0
2010-07-12,XLF,0
2010-07-12,XLI,0
2010-07-12,XLK,0
2010-07-12,XLP,0
2010-07-12,XLU,0
2010-07-12,XLV,0
2010-07-12,XLY,0
2010-07-13,GLD,1
2010-07-13,XLB,0
2010-07-13,XLE,0
2010-07-13,XLF,0
2010-07-13,XLI,0
2010-07-13,XLK,0
2010-07-13,XLP,0
2010-07-13,XLU,0
2010-07-13,XLV,0
2010-07-13,XLY,0
2010-07-14,GLD,1
2010-07-14,XLB,0
2010-07-14,XLE,0
2010-07-14,XLF,0
2010-07-14,XLI,0
2010-07-14,XLK,0
2010-07-14,XLP,0
2010-07-14,XLU,0
2010-07-14,XLV,0
2010-07-14,XLY,0
2010-07-15,GLD,1
2010-07-15,XLB,0
2010-07-15,XLE,0
2010-07-15,XLF,0
2010-07-15,XLI,0
2010-07-15,XLK,0
2010-07-15,XLP,0
2010-07-15,XLU,0
2010-07-15,XLV,0
2010-07-15,XLY,0
2010-07-16,GLD,1
2010-07-16,XLB,0
2010-07-16,XLE,0
2010-07-16,XLF,0
2010-07-16,XLI,0
2010-07-16,XLK,0
2010-07-16,XLP,0
2010-07-16,XLU,0
2010-07-16,XLV,0
2010-07-16,XLY,0
2010-07-19,GLD,1
2010-07-19,XLB,0
2010-07-19,XLE,0
2010-07-19,XLF,0
2010-07-19,XLI,0
2010-07-19,XLK,0
2010-07-19,XLP,0
2010-07-19,XLU,0
2010-07-19,XLV,0
2010-07-19,XLY,0
2010-07-20,GLD,1
2010-07-20,XLB,0
2010-07-20,XLE,0
2010-07-20,XLF,0
2010-07-20,XLI,0
2010-07-20,XLK,0
2010-07-20,XLP,0
2010-07-20,XLU,0
2010-07-20,XLV,0
2010-07-20,XLY,0
2010-07-21,GLD,1
2010-07-21,XLB,0
2010-07-21,XLE,0
2010-07-21,XLF,0
2010-07-21,XLI,0
2010-07-21,XLK,0
2010-07-21,XLP,0
2010-07-21,XLU,0
2010-07-21,XLV,0
2010-07-21,XLY,0
2010-07-22,GLD,1
2010-07-22,XLB,0
2010-07-22,XLE,0
2010-07-22,XLF,0
2010-07-22,XLI,0
2010-07-22,XLK,0
2010-07-22,XLP,0
2010-07-22,XLU,0
2010-07-22,XLV,0
2010-07-22,XLY,0
2010-07-23,GLD,1
2010-07-23,XLB,0
2010-07-23,XLE,0
2010-07-23,XLF,0
2010-07-23,XLI,0
2010-07-23,XLK,0
2010-07-23,XLP,0
2010-07-23,XLU,0
2010-07-23,XLV,0
2010-07-23,XLY,0
2010-07-26,GLD,1
2010-07-26,XLB,0
2010-07-26,XLE,0
2010-07-26,XLF,0
2010-07-26,XLI,0
2010-07-26,XLK,0
2010-07-26,XLP,0
2010-07-26,XLU,0
2010-07-26,XLV,0
2010-07-26,XLY,0
2010-07-27,GLD,1
2010-07-27,XLB,0
2010-07-27,XLE,0
2010-07-27,XLF,0
2010-07-27,XLI,0
2010-07-27,XLK,0
2010-07-27,XLP,0
2010-07-27,XLU,0
2010-07-27,XLV,0
2010-07-27,XLY,0
2010-07-28,GLD,1
2010-07-28,XLB,0
2010-07-28,XLE,0
2010-07-28,XLF,0
2010-07-28,XLI,0
2010-07-28,XLK,0
2010-07-28,XLP,0
2010-07-28,XLU,0
2010-07-28,XLV,0
2010-07-28,XLY,0
2010-07-29,GLD,0.33333333333333331
2010-07-29,XLB,0
2010-07-29,XLE,0
2010-07-29,XLF,0
2010-07-29,XLI,0.33333333333333331
2010-07-29,XLK,0
2010-07-29,XLP,0
2010-07-29,XLU,0
2010-07-29,XLV,0
2010-07-29,XLY,0.33333333333333331
2010-07-30,GLD,0.33333333333333331
2010-07-30,XLB,0
2010-07-30,XLE,0
2010-07-30,XLF,0
2010-07-30,XLI,0.33333333333333331
2010-07-30,XLK,0
2010-07-30,XLP,0
2010-07-30,XLU,0
2010-07-30,XLV,0
2010-07-30,XLY,0.33333333333333331
2010-08-02,GLD,0.33333333333333331
2010-08-02,XLB,0
2010-08-02,XLE,0
2010-08-02,XLF,0
2010-08-02,XLI,0.33333333333333331
2010-08-02,XLK,0
2010-08-02,XLP,0
2010-08-02,XLU,0
2010-08-02,XLV,0
2010-08-02,XLY,0.33333333333333331
2010-08-03,GLD,0.33333333333333331
2010-08-03,XLB,0
2010-08-03,XLE,0
2010-08-03,XLF,0
2010-08-03,XLI,0.33333333333333331
2010-08-03,XLK,0
2010-08-03,XLP,0
2010-08-03,XLU,0
2010-08-03,XLV,0
2010-08-03,XLY,0.33333333333333331
2010-08-04,GLD,0.33333333333333331
2010-08-04,XLB,0
2010-08-04,XLE,0
2010-08-04,XLF,0
2010-08-04,XLI,0.33333333333333331
2010-08-04,XLK,0
2010-08-04,XLP,0
2010-08-04,XLU,0
2010-08-04,XLV,0
2010-08-04,XLY,0.33333333333333331
2010-08-05,GLD,0.33333333333333331
2010-08-05,XLB,0
2010-08-05,XLE,0
2010-08-05,XLF,0
2010-08-05,XLI,0.33333333333333331
2010-08-05,XLK,0
2010-08-05,XLP,0
2010-08-05,XLU,0
2010-08-05,XLV,0
2010-08-05,XLY,0.33333333333333331
2010-08-06,GLD,0.33333333333333331
2010-08-06,XLB,0
2010-08-06,XLE,0
2010-08-06,XLF,0
2010-08-06,XLI,0.33333333333333331
2010-08-06,XLK,0
2010-08-06,XLP,0
2010-08-06,XLU,0
2010-08-06,XLV,0
2010-08-06,XLY,0.33333333333333331
2010-08-09,GLD,0.33333333333333331
2010-08-09,XLB,0
2010-08-09,XLE,0
2010-08-09,XLF,0
2010-08-09,XLI,0.33333333333333331
2010-08-09,XLK,0
2010-08-09,XLP,0
2010-08-09,XLU,0
2010-08-09,XLV,0
2010-08-09,XLY,0.33333333333333331
2010-08-10,GLD,0.33333333333333331
2010-08-10,XLB,0
2010-08-10,XLE,0
2010-08-10,XLF,0
2010-08-10,XLI,0.33333333333333331
2010-08-10,XLK,0
2010-08-10,XLP,0
2010-08-10,XLU,0
2010-08-10,XLV,0
2010-08-10,XLY,0.33333333333333331
2010-08-11,GLD,0.33333333333333331
2010-08-11,XLB,0
2010-08-11,XLE,0
2010-08-11,XLF,0
2010-08-11,XLI,0.33333333333333331
2010-08-11,XLK,0
2010-08-11,XLP,0
2010-08-11,XLU,0
2010-08-11,XLV,0
2010-08-11,XLY,0.33333333333333331
2010-08-12,GLD,0.33333333333333331
2010-08-12,XLB,0
2010-08-12,XLE,0
2010-08-12,XLF,0
2010-08-12,XLI,0.33333333333333331
2010-08-12,XLK,0
2010-08-12,XLP,0
2010-08-12,XLU,0
2010-08-12,XLV,0
2010-08-12,XLY,0.33333333333333331
2010-08-13,GLD,0.33333333333333331
2010-08-13,XLB,0
2010-08-13,XLE,0
2010-08-13,XLF,0
2010-08-13,XLI,0.33333333333333331
2010-08-13,XLK,0
2010-08-13,XLP,0
2010-08-13,XLU,0
2010-08-13,XLV,0
2010-08-13,XLY,0.33333333333333331
2010-08-16,GLD,0.33333333333333331
2010-08-16,XLB,0
2010-08-16,XLE,0
2010-08-16,XLF,0
2010-08-16,XLI,0.33333333333333331
2010-08-16,XLK,0
2010-08-16,XLP,0
2010-08-16,XLU,0
2010-08-16,XLV,0
2010-08-16,XLY,0.33333333333333331
2010-08-17,GLD,0.33333333333333331
2010-08-17,XLB,0
2010-08-17,XLE,0
2010-08-17,XLF,0
2010-08-17,XLI,0.33333333333333331
2010-08-17,XLK,0
2010-08-17,XLP,0
2010-08-17,XLU,0
2010-08-17,XLV,0
2010-08-17,XLY,0.33333333333333331
2010-08-18,GLD,0.33333333333333331
2010-08-18,XLB,0
2010-08-18,XLE,0
2010-08-18,XLF,0
2010-08-18,XLI,0.33333333333333331
2010-08-18,XLK,0
2010-08-18,XLP,0
2010-08-18,XLU,0
2010-08-18,XLV,0
2010-08-18,XLY,0.33333333333333331
2010-08-19,GLD,0.33333333333333331
2010-08-19,XLB,0
2010-08-19,XLE,0
2010-08-19,XLF,0
2010-08-19,XLI,0.33333333333333331
2010-08-19,XLK,0
2010-08-19,XLP,0
2010-08-19,XLU,0
2010-08-19,XLV,0
2010-08-19,XLY,0.33333333333333331
2010-08-20,GLD,0.33333333333333331
2010-08-20,XLB,0
2010-08-20,XLE,0
2010-08-20,XLF,0
2010-08-20,XLI,0.33333333333333331
2010-08-20,XLK,0
2010-08-20,XLP,0
2010-08-20,XLU,0
2010-08-20,XLV,0
2010-08-20,XLY,0.33333333333333331
2010-08-23,GLD,0.33333333333333331
2010-08-23,XLB,0
2010-08-23,XLE,0
2010-08-23,XLF,0
2010-08-23,XLI,0.33333333333333331
2010-08-23,XLK,0
2010-08-23,XLP,0
2010-08-23,XLU,0
2010-08-23,XLV,0
2010-08-23,XLY,0.33333333333333331
2010-08-24,GLD,0.33333333333333331
2010-08-24,XLB,0
2010-08-24,XLE,0
2010-08-24,XLF,0
2010-08-24,XLI,0.33333333333333331
2010-08-24,XLK,0
2010-08-24,XLP,0
2010-08-24,XLU,0
2010-08-24,XLV,0
2010-08-24,XLY,0.33333333333333331
2010-08-25,GLD,0.33333333333333331
2010-08-25,XLB,0
2010-08-25,XLE,0
2010-08-25,XLF,0
2010-08-25,XLI,0.33333333333333331
2010-08-25,XLK,0
2010-08-25,XLP,0
2010-08-25,XLU,0
2010-08-25,XLV,0
2010-08-25,XLY,0.33333333333333331
2010-08-26,GLD,0.33333333333333331
2010-08-26,XLB,0
2010-08-26,XLE,0
2010-08-26,XLF,0
2010-08-26,XLI,0.33333333333333331
2010-08-26,XLK,0
2010-08-26,XLP,0
2010-08-26,XLU,0
2010-08-26,XLV,0
2010-08-26,XLY,0.33333333333333331
2010-08-27,GLD,1
2010-08-27,XLB,0
2010-08-27,XLE,0
2010-08-27,XLF,0
2010-08-27,XLI,0
2010-08-27,XLK,0
2010-08-27,XLP,0
2010-08-27,XLU,0
2010-08-27,XLV,0
2010-08-27,XLY,0
2010-08-30,GLD,1
2010-08-30,XLB,0
2010-08-30,XLE,0
2010-08-30,XLF,0
2010-08-30,XLI,0
2010-08-30,XLK,0
2010-08-30,XLP,0
2010-08-30,XLU,0
2010-08-30,XLV,0
2010-08-30,XLY,0
2010-08-31,GLD,1
2010-08-31,XLB,0
2010-08-31,XLE,0
2010-08-31,XLF,0
2010-08-31,XLI,0
2010-08-31,XLK,0
2010-08-31,XLP,0
2010-08-31,XLU,0
2010-08-31,XLV,0
2010-08-31,XLY,0
2010-09-01,GLD,1
2010-09-01,XLB,0
2010-09-01,XLE,0
2010-09-01,XLF,0
2010-09-01,XLI,0
2010-09-01,XLK,0
2010-09-01,XLP,0
2010-09-01,XLU,0
2010-09-01,XLV,0
2010-09-01,XLY,0
2010-09-02,GLD,1
2010-09-02,XLB,0
2010-09-02,XLE,0
2010-09-02,XLF,0
2010-09-02,XLI,0
2010-09-02,XLK,0
2010-09-02,XLP,0
2010-09-02,XLU,0
2010-09-02,XLV,0
2010-09-02,XLY,0
2010-09-03,GLD,1
2010-09-03,XLB,0
2010-09-03,XLE,0
2010-09-03,XLF,0
2010-09-03,XLI,0
2010-09-03,XLK,0
2010-09-03,XLP,0
2010-09-03,XLU,0
2010-09-03,XLV,0
2010-09-03,XLY,0
2010-09-07,GLD,1
2010-09-07,XLB,0
2010-09-07,XLE,0
2010-09-07,XLF,0
2010-09-07,XLI,0
2010-09-07,XLK,0
2010-09-07,XLP,0
2010-09-07,XLU,0
2010-09-07,XLV,0
2010-09-07,XLY,0
2010-09-08,GLD,1
2010-09-08,XLB,0
2010-09-08,XLE,0
2010-09-08,XLF,0
2010-09-08,XLI,0
2010-09-08,XLK,0
2010-09-08,XLP,0
2010-09-08,XLU,0
2010-09-08,XLV,0
2010-09-08,XLY,0
2010-09-09,GLD,1
2010-09-09,XLB,0
2010-09-09,XLE,0
2010-09-09,XLF,0
2010-09-09,XLI,0
2010-09-09,XLK,0
2010-09-09,XLP,0
2010-09-09,XLU,0
2010-09-09,XLV,0
2010-09-09,XLY,0
2010-09-10,GLD,1
2010-09-10,XLB,0
2010-09-10,XLE,0
2010-09-10,XLF,0
2010-09-10,XLI,0
2010-09-10,XLK,0
2010-09-10,XLP,0
2010-09-10,XLU,0
2010-09-10,XLV,0
2010-09-10,XLY,0
2010-09-13,GLD,1
2010-09-13,XLB,0
2010-09-13,XLE,0
2010-09-13,XLF,0
2010-09-13,XLI,0
2010-09-13,XLK,0
2010-09-13,XLP,0
2010-09-13,XLU,0
2010-09-13,XLV,0
2010-09-13,XLY,0
2010-09-14,GLD,1
2010-09-14,XLB,0
2010-09-14,XLE,0
2010-09-14,XLF,0
2010-09-14,XLI,0
2010-09-14,XLK,0
2010-09-14,XLP,0
2010-09-14,XLU,0
2010-09-14,XLV,0
2010-09-14,XLY,0
2010-09-15,GLD,1
2010-09-15,XLB,0
2010-09-15,XLE,0
2010-09-15,XLF,0
2010-09-15,XLI,0
2010-09-15,XLK,0
2010-09-15,XLP,0
2010-09-15,XLU,0
2010-09-15,XLV,0
2010-09-15,XLY,0
2010-09-16,GLD,1
2010-09-16,XLB,0
2010-09-16,XLE,0
2010-09-16,XLF,0
2010-09-16,XLI,0
2010-09-16,XLK,0
2010-09-16,XLP,0
2010-09-16,XLU,0
2010-09-16,XLV,0
2010-09-16,XLY,0
2010-09-17,GLD,1
2010-09-17,XLB,0
2010-09-17,XLE,0
2010-09-17,XLF,0
2010-09-17,XLI,0
2010-09-17,XLK,0
2010-09-17,XLP,0
2010-09-17,XLU,0
2010-09-17,XLV,0
2010-09-17,XLY,0
2010-09-20,GLD,1
2010-09-20,XLB,0
2010-09-20,XLE,0
2010-09-20,XLF,0
2010-09-20,XLI,0
2010-09-20,XLK,0
2010-09-20,XLP,0
2010-09-20,XLU,0
2010-09-20,XLV,0
2010-09-20,XLY,0
2010-09-21,GLD,1
2010-09-21,XLB,0
2010-09-21,XLE,0
2010-09-21,XLF,0
2010-09-21,XLI,0
2010-09-21,XLK,0
2010-09-21,XLP,0
2010-09-21,XLU,0
2010-09-21,XLV,0
2010-09-21,XLY,0
2010-09-22,GLD,1
2010-09-22,XLB,0
2010-09-22,XLE,0
2010-09-22,XLF,0
2010-09-22,XLI,0
2010-09-22,XLK,0
2010-09-22,XLP,0
2010-09-22,XLU,0
2010-09-22,XLV,0
2010-09-22,XLY,0
2010-09-23,GLD,1
2010-09-23,XLB,0
2010-09-23,XLE,0
2010-09-23,XLF,0
2010-09-23,XLI,0
2010-09-23,XLK,0
2010-09-23,XLP,0
2010-09-23,XLU,0
2010-09-23,XLV,0
2010-09-23,XLY,0
2010-09-24,GLD,1
2010-09-24,XLB,0
2010-09-24,XLE,0
2010-09-24,XLF,0
2010-09-24,XLI,0
2010-09-24,XLK,0
2010-09-24,XLP,0
2010-09-24,XLU,0
2010-09-24,XLV,0
2010-09-24,XLY,0
2010-09-27,GLD,1
2010-09-27,XLB,0
2010-09-27,XLE,0
2010-09-27,XLF,0
2010-09-27,XLI,0
2010-09-27,XLK,0
2010-09-27,XLP,0
2010-09-27,XLU,0
2010-09-27,XLV,0
2010-09-27,XLY,0
2010-09-28,GLD,1
2010-09-28,XLB,0
2010-09-28,XLE,0
2010-09-28,XLF,0
2010-09-28,XLI,0
2010-09-28,XLK,0
2010-09-28,XLP,0
2010-09-28,XLU,0
2010-09-28,XLV,0
2010-09-28,XLY,0
2010-09-29,GLD,1
2010-09-29,XLB,0
2010-09-29,XLE,0
2010-09-29,XLF,0
2010-09-29,XLI,0
2010-09-29,XLK,0
2010-09-29,XLP,0
2010-09-29,XLU,0
2010-09-29,XLV,0
2010-09-29,XLY,0
2010-09-30,GLD,1
2010-09-30,XLB,0
2010-09-30,XLE,0
2010-09-30,XLF,0
2010-09-30,XLI,0
2010-09-30,XLK,0
2010-09-30,XLP,0
2010-09-30,XLU,0
2010-09-30,XLV,0
2010-09-30,XLY,0
2010-10-01,GLD,1
2010-10-01,XLB,0
2010-10-01,XLE,0
2010-10-01,XLF,0
2010-10-01,XLI,0
2010-10-01,XLK,0
2010-10-01,XLP,0
2010-10-01,XLU,0
2010-10-01,XLV,0
2010-10-01,XLY,0
2010-10-04,GLD,1
2010-10-04,XLB,0
2010-10-04,XLE,0
2010-10-04,XLF,0
2010-10-04,XLI,0
2010-10-04,XLK,0
2010-10-04,XLP,0
2010-10-04,XLU,0
2010-10-04,XLV,0
2010-10-04,XLY,0
2010-10-05,GLD,1
2010-10-05,XLB,0
2010-10-05,XLE,0
2010-10-05,XLF,0
2010-10-05,XLI,0
2010-10-05,XLK,0
2010-10-05,XLP,0
2010-10-05,XLU,0
2010-10-05,XLV,0
2010-10-05,XLY,0
2010-10-06,GLD,1
2010-10-06,XLB,0
2010-10-06,XLE,0
2010-10-06,XLF,0
2010-10-06,XLI,0
2010-10-06,XLK,0
2010-10-06,XLP,0
2010-10-06,XLU,0
2010-10-06,XLV,0
2010-10-06,XLY,0
2010-10-07,GLD,1
2010-10-07,XLB,0
2010-10-07,XLE,0
2010-10-07,XLF,0
2010-10-07,XLI,0
2010-10-07,XLK,0
2010-10-07,XLP,0
2010-10-07,XLU,0
2010-10-07,XLV,0
2010-10-07,XLY,0
2010-10-08,GLD,1
2010-10-08,XLB,0
2010-10-08,XLE,0
2010-10-08,XLF,0
2010-10-08,XLI,0
2010-10-08,XLK,0
2010-10-08,XLP,0
2010-10-08,XLU,0
2010-10-08,XLV,0
2010-10-08,XLY,0
2010-10-11,GLD,1
2010-10-11,XLB,0
2010-10-11,XLE,0
2010-10-11,XLF,0
2010-10-11,XLI,0
2010-10-11,XLK,0
2010-10-11,XLP,0
2010-10-11,XLU,0
2010-10-11,XLV,0
2010-10-11,XLY,0
2010-10-12,GLD,1
2010-10-12,XLB,0
2010-10-12,XLE,0
2010-10-12,XLF,0
2010-10-12,XLI,0
2010-10-12,XLK,0
2010-10-12,XLP,0
2010-10-12,XLU,0
2010-10-12,XLV,0
2010-10-12,XLY,0
2010-10-13,GLD,1
2010-10-13,XLB,0
2010-10-13,XLE,0
2010-10-13,XLF,0
2010-10-13,XLI,0
2010-10-13,XLK,0
2010-10-13,XLP,0
2010-10-13,XLU,0
2010-10-13,XLV,0
2010-10-13,XLY,0
2010-10-14,GLD,1
2010-10-14,XLB,0
2010-10-14,XLE,0
2010-10-14,XLF,0
2010-10-14,XLI,0
2010-10-14,XLK,0
2010-10-14,XLP,0
2010-10-14,XLU,0
2010-10-14,XLV,0
2010-10-14,XLY,0
2010-10-15,GLD,1
2010-10-15,XLB,0
2010-10-15,XLE,0
2010-10-15,XLF,0
2010-10-15,XLI,0
2010-10-15,XLK,0
2010-10-15,XLP,0
2010-10-15,XLU,0
2010-10-15,XLV,0
2010-10-15,XLY,0
2010-10-18,GLD,1
2010-10-18,XLB,0
2010-10-18,XLE,0
2010-10-18,XLF,0
2010-10-18,XLI,0
2010-10-18,XLK,0
2010-10-18,XLP,0
2010-10-18,XLU,0
2010-10-18,XLV,0
2010-10-18,XLY,0
2010-10-19,GLD,1
2010-10-19,XLB,0
2010-10-19,XLE,0
2010-10-19,XLF,0
2010-10-19,XLI,0
2010-10-19,XLK,0
2010-10-19,XLP,0
2010-10-19,XLU,0
2010-10-19,XLV,0
2010-10-19,XLY,0
2010-10-20,GLD,1
2010-10-20,XLB,0
2010-10-20,XLE,0
2010-10-20,XLF,0
2010-10-20,XLI,0
2010-10-20,XLK,0
2010-10-20,XLP,0
2010-10-20,XLU,0
2010-10-20,XLV,0
2010-10-20,XLY,0
2010-10-21,GLD,1
2010-10-21,XLB,0
2010-10-21,XLE,0
2010-10-21,XLF,0
2010-10-21,XLI,0
2010-10-21,XLK,0
2010-10-21,XLP,0
2010-10-21,XLU,0
2010-10-21,XLV,0
2010-10-21,XLY,0
2010-10-22,GLD,1
2010-10-22,XLB,0
2010-10-22,XLE,0
2010-10-22,XLF,0
2010-10-22,XLI,0
2010-10-22,XLK,0
2010-10-22,XLP,0
2010-10-22,XLU,0
2010-10-22,XLV,0
2010-10-22,XLY,0
2010-10-25,GLD,1
2010-10-25,XLB,0
2010-10-25,XLE,0
2010-10-25,XLF,0
2010-10-25,XLI,0
2010-10-25,XLK,0
2010-10-25,XLP,0
2010-10-25,XLU,0
2010-10-25,XLV,0
2010-10-25,XLY,0
2010-10-26,GLD,1
2010-10-26,XLB,0
2010-10-26,XLE,0
2010-10-26,XLF,0
2010-10-26,XLI,0
2010-10-26,XLK,0
2010-10-26,XLP,0
2010-10-26,XLU,0
2010-10-26,XLV,0
2010-10-26,XLY,0
2010-10-27,GLD,1
2010-10-27,XLB,0
2010-10-27,XLE,0
2010-10-27,XLF,0
2010-10-27,XLI,0
2010-10-27,XLK,0
2010-10-27,XLP,0
2010-10-27,XLU,0
2010-10-27,XLV,0
2010-10-27,XLY,0
2010-10-28,GLD,1
2010-10-28,XLB,0
2010-10-28,XLE,0
2010-10-28,XLF,0
2010-10-28,XLI,0
2010-10-28,XLK,0
2010-10-28,XLP,0
2010-10-28,XLU,0
2010-10-28,XLV,0
2010-10-28,XLY,0
2010-10-29,GLD,1
2010-10-29,XLB,0
2010-10-29,XLE,0
2010-10-29,XLF,0
2010-10-29,XLI,0
2010-10-29,XLK,0
2010-10-29,XLP,0
2010-10-29,XLU,0
2010-10-29,XLV,0
2010-10-29,XLY,0
2010-11-01,GLD,1
2010-11-01,XLB,0
2010-11-01,XLE,0
2010-11-01,XLF,0
2010-11-01,XLI,0
2010-11-01,XLK,0
2010-11-01,XLP,0
2010-11-01,XLU,0
2010-11-01,XLV,0
2010-11-01,XLY,0
2010-11-02,GLD,1
2010-11-02,XLB,0
2010-11-02,XLE,0
2010-11-02,XLF,0
2010-11-02,XLI,0
2010-11-02,XLK,0
2010-11-02,XLP,0
2010-11-02,XLU,0
2010-11-02,XLV,0
2010-11-02,XLY,0
2010-11-03,GLD,1
2010-11-03,XLB,0
2010-11-03,XLE,0
2010-11-03,XLF,0
2010-11-03,XLI,0
2010-11-03,XLK,0
2010-11-03,XLP,0
2010-11-03,XLU,0
2010-11-03,XLV,0
2010-11-03,XLY,0
2010-11-04,GLD,1
2010-11-04,XLB,0
2010-11-04,XLE,0
2010-11-04,XLF,0
2010-11-04,XLI,0
2010-11-04,XLK,0
2010-11-04,XLP,0
2010-11-04,XLU,0
2010-11-04,XLV,0
2010-11-04,XLY,0
2010-11-05,GLD,1
2010-11-05,XLB,0
2010-11-05,XLE,0
2010-11-05,XLF,0
2010-11-05,XLI,0
2010-11-05,XLK,0
2010-11-05,XLP,0
2010-11-05,XLU,0
2010-11-05,XLV,0
2010-11-05,XLY,0
2010-11-08,GLD,1
2010-11-08,XLB,0
2010-11-08,XLE,0
2010-11-08,XLF,0
2010-11-08,XLI,0
2010-11-08,XLK,0
2010-11-08,XLP,0
2010-11-08,XLU,0
2010-11-08,XLV,0
2010-11-08,XLY,0
2010-11-09,GLD,1
2010-11-09,XLB,0
2010-11-09,XLE,0
2010-11-09,XLF,0
2010-11-09,XLI,0
2010-11-09,XLK,0
2010-11-09,XLP,0
2010-11-09,XLU,0
2010-11-09,XLV,0
2010-11-09,XLY,0
2010-11-10,GLD,1
2010-11-10,XLB,0
2010-11-10,XLE,0
2010-11-10,XLF,0
2010-11-10,XLI,0
2010-11-10,XLK,0
2010-11-10,XLP,0
2010-11-10,XLU,0
2010-11-10,XLV,0
2010-11-10,XLY,0
2010-11-11,GLD,1
2010-11-11,XLB,0
2010-11-11,XLE,0
2010-11-11,XLF,0
2010-11-11,XLI,0
2010-11-11,XLK,0
2010-11-11,XLP,0
2010-11-11,XLU,0
2010-11-11,XLV,0
2010-11-11,XLY,0
2010-11-12,GLD,1
2010-11-12,XLB,0
2010-11-12,XLE,0
2010-11-12,XLF,0
2010-11-12,XLI,0
2010-11-12,XLK,0
2010-11-12,XLP,0
2010-11-12,XLU,0
2010-11-12,XLV,0
2010-11-12,XLY,0
2010-11-15,GLD,1
2010-11-15,XLB,0
2010-11-15,XLE,0
2010-11-15,XLF,0
2010-11-15,XLI,0
2010-11-15,XLK,0
2010-11-15,XLP,0
2010-11-15,XLU,0
2010-11-15,XLV,0
2010-11-15,XLY,0
2010-11-16,GLD,1
2010-11-16,XLB,0
2010-11-16,XLE,0
2010-11-16,XLF,0
2010-11-16,XLI,0
2010-11-16,XLK,0
2010-11-16,XLP,0
2010-11-16,XLU,0
2010-11-16,XLV,0
2010-11-16,XLY,0
2010-11-17,GLD,1
2010-11-17,XLB,0
2010-11-17,XLE,0
2010-11-17,XLF,0
2010-11-17,XLI,0
2010-11-17,XLK,0
2010-11-17,XLP,0
2010-11-17,XLU,0
2010-11-17,XLV,0
2010-11-17,XLY,0
2010-11-18,GLD,1
2010-11-18,XLB,0
2010-11-18,XLE,0
2010-11-18,XLF,0
2010-11-18,XLI,0
2010-11-18,XLK,0
2010-11-18,XLP,0
2010-11-18,XLU,0
2010-11-18,XLV,0
2010-11-18,XLY,0
2010-11-19,GLD,1
2010-11-19,XLB,0
2010-11-19,XLE,0
2010-11-19,XLF,0
2010-11-19,XLI,0
2010-11-19,XLK,0
2010-11-19,XLP,0
2010-11-19,XLU,0
2010-11-19,XLV,0
2010-11-19,XLY,0
2010-11-22,GLD,1
2010-11-22,XLB,0
2010-11-22,XLE,0
2010-11-22,XLF,0
2010-11-22,XLI,0
2010-11-22,XLK,0
2010-11-22,XLP,0
2010-11-22,XLU,0
2010-11-22,XLV,0
2010-11-22,XLY,0
2010-11-23,GLD,1
2010-11-23,XLB,0
2010-11-23,XLE,0
2010-11-23,XLF,0
2010-11-23,XLI,0
2010-11-23,XLK,0
2010-11-23,XLP,0
2010-11-23,XLU,0
2010-11-23,XLV,0
2010-11-23,XLY,0
2010-11-24,GLD,1
2010-11-24,XLB,0
2010-11-24,XLE,0
2010-11-24,XLF,0
2010-11-24,XLI,0
2010-11-24,XLK,0
2010-11-24,XLP,0
2010-11-24,XLU,0
2010-11-24,XLV,0
2010-11-24,XLY,0
2010-11-26,GLD,0
2010-11-26,XLB,0.33333333333333331
2010-11-26,XLE,0.33333333333333331
2010-11-26,XLF,0
2010-11-26,XLI,0
2010-11-26,XLK,0
2010-11-26,XLP,0
2010-11-26,XLU,0
2010-11-26,XLV,0
2010-11-26,XLY,0.33333333333333331
2010-11-29,GLD,0
2010-11-29,XLB,0.33333333333333331
2010-11-29,XLE,0.33333333333333331
2010-11-29,XLF,0
2010-11-29,XLI,0
2010-11-29,XLK,0
2010-11-29,XLP,0
2010-11-29,XLU,0
2010-11-29,XLV,0
2010-11-29,XLY,0.33333333333333331
2010-11-30,GLD,0
2010-11-30,XLB,0.33333333333333331
2010-11-30,XLE,0.33333333333333331
2010-11-30,XLF,0
2010-11-30,XLI,0
2010-11-30,XLK,0
2010-11-30,XLP,0
2010-11-30,XLU,0
2010-11-30,XLV,0
2010-11-30,XLY,0.33333333333333331
2010-12-01,GLD,0
2010-12-01,XLB,0.33333333333333331
2010-12-01,XLE,0.33333333333333331
2010-12-01,XLF,0
2010-12-01,XLI,0
2010-12-01,XLK,0
2010-12-01,XLP,0
2010-12-01,XLU,0
2010-12-01,XLV,0
2010-12-01,XLY,0.33333333333333331
2010-12-02,GLD,0
2010-12-02,XLB,0.33333333333333331
2010-12-02,XLE,0.33333333333333331
2010-12-02,XLF,0
2010-12-02,XLI,0
2010-12-02,XLK,0
2010-12-02,XLP,0
2010-12-02,XLU,0
2010-12-02,XLV,0
2010-12-02,XLY,0.33333333333333331
2010-12-03,GLD,0
2010-12-03,XLB,0.33333333333333331
2010-12-03,XLE,0.33333333333333331
2010-12-03,XLF,0
2010-12-03,XLI,0
2010-12-03,XLK,0
2010-12-03,XLP,0
2010-12-03,XLU,0
2010-12-03,XLV,0
2010-12-03,XLY,0.33333333333333331
2010-12-06,GLD,0
2010-12-06,XLB,0.33333333333333331
2010-12-06,XLE,0.33333333333333331
2010-12-06,XLF,0
2010-12-06,XLI,0
2010-12-06,XLK,0
2010-12-06,XLP,0
2010-12-06,XLU,0
2010-12-06,XLV,0
2010-12-06,XLY,0.33333333333333331
2010-12-07,GLD,0
2010-12-07,XLB,0.33333333333333331
2010-12-07,XLE,0.33333333333333331
2010-12-07,XLF,0
2010-12-07,XLI,0
2010-12-07,XLK,0
2010-12-07,XLP,0
2010-12-07,XLU,0
2010-12-07,XLV,0
2010-12-07,XLY,0.33333333333333331
2010-12-08,GLD,0
2010-12-08,XLB,0.33333333333333331
2010-12-08,XLE,0.33333333333333331
2010-12-08,XLF,0
2010-12-08,XLI,0
2010-12-08,XLK,0
2010-12-08,XLP,0
2010-12-08,XLU,0
2010-12-08,XLV,0
2010-12-08,XLY,0.33333333333333331
2010-12-09,GLD,0
2010-12-09,XLB,0.33333333333333331
2010-12-09,XLE,0.33333333333333331
2010-12-09,XLF,0
2010-12-09,XLI,0
2010-12-09,XLK,0
2010-12-09,XLP,0
2010-12-09,XLU,0
2010-12-09,XLV,0
2010-12-09,XLY,0.33333333333333331
2010-12-10,GLD,0
2010-12-10,XLB,0.33333333333333331
2010-12-10,XLE,0.33333333333333331
2010-12-10,XLF,0
2010-12-10,XLI,0
2010-12-10,XLK,0
2010-12-10,XLP,0
2010-12-10,XLU,0
2010-12-10,XLV,0
2010-12-10,XLY,0.33333333333333331
2010-12-13,GLD,0
2010-12-13,XLB,0.33333333333333331
2010-12-13,XLE,0.33333333333333331
2010-12-13,XLF,0
2010-12-13,XLI,0
2010-12-13,XLK,0
2010-12-13,XLP,0
2010-12-13,XLU,0
2010-12-13,XLV,0
2010-12-13,XLY,0.33333333333333331
2010-12-14,GLD,0
2010-12-14,XLB,0.33333333333333331
2010-12-14,XLE,0.33333333333333331
2010-12-14,XLF,0
2010-12-14,XLI,0
2010-12-14,XLK,0
2010-12-14,XLP,0
2010-12-14,XLU,0
2010-12-14,XLV,0
2010-12-14,XLY,0.33333333333333331
2010-12-15,GLD,0
2010-12-15,XLB,0.33333333333333331
2010-12-15,XLE,0.33333333333333331
2010-12-15,XLF,0
2010-12-15,XLI,0
2010-12-15,XLK,0
2010-12-15,XLP,0
2010-12-15,XLU,0
2010-12-15,XLV,0
2010-12-15,XLY,0.33333333333333331
2010-12-16,GLD,0
2010-12-16,XLB,0.33333333333333331
2010-12-16,XLE,0.33333333333333331
2010-12-16,XLF,0
2010-12-16,XLI,0
2010-12-16,XLK,0
2010-12-16,XLP,0
2010-12-16,XLU,0
2010-12-16,XLV,0
2010-12-16,XLY,0.33333333333333331
2010-12-17,GLD,0
2010-12-17,XLB,0.33333333333333331
2010-12-17,XLE,0.33333333333333331
2010-12-17,XLF,0
2010-12-17,XLI,0
2010-12-17,XLK,0
2010-12-17,XLP,0
2010-12-17,XLU,0
2010-12-17,XLV,0
2010-12-17,XLY,0.33333333333333331
2010-12-20,GLD,0
2010-12-20,XLB,0.33333333333333331
2010-12-20,XLE,0.33333333333333331
2010-12-20,XLF,0
2010-12-20,XLI,0
2010-12-20,XLK,0
2010-12-20,XLP,0
2010-12-20,XLU,0
2010-12-20,XLV,0
2010-12-20,XLY,0.33333333333333331
2010-12-21,GLD,0
2010-12-21,XLB,0.33333333333333331
2010-12-21,XLE,0.33333333333333331
2010-12-21,XLF,0
2010-12-21,XLI,0
2010-12-21,XLK,0
2010-12-21,XLP,0
2010-12-21,XLU,0
2010-12-21,XLV,0
2010-12-21,XLY,0.33333333333333331
2010-12-22,GLD,0
2010-12-22,XLB,0.33333333333333331
2010-12-22,XLE,0.33333333333333331
2010-12-22,XLF,0
2010-12-22,XLI,0
2010-12-22,XLK,0
2010-12-22,XLP,0
2010-12-22,XLU,0
2010-12-22,XLV,0
2010-12-22,XLY,0.33333333333333331
2010-12-23,GLD,0
2010-12-23,XLB,0.33333333333333331
2010-12-23,XLE,0.33333333333333331
2010-12-23,XLF,0
2010-12-23,XLI,0
2010-12-23,XLK,0
2010-12-23,XLP,0
2010-12-23,XLU,0
2010-12-23,XLV,0
2010-12-23,XLY,0.33333333333333331
2010-12-27,GLD,0
2010-12-27,XLB,0.33333333333333331
2010-12-27,XLE,0.33333333333333331
2010-12-27,XLF,0
2010-12-27,XLI,0
2010-12-27,XLK,0
2010-12-27,XLP,0
2010-12-27,XLU,0
2010-12-27,XLV,0
2010-12-27,XLY,0.33333333333333331
2010-12-28,GLD,0
2010-12-28,XLB,0.33333333333333331
2010-12-28,XLE,0.33333333333333331
2010-12-28,XLF,0
2010-12-28,XLI,0
2010-12-28,XLK,0
2010-12-28,XLP,0
2010-12-28,XLU,0
2010-12-28,XLV,0
2010-12-28,XLY,0.33333333333333331
2010-12-29,GLD,0
2010-12-29,XLB,0.33333333333333331
2010-12-29,XLE,0.33333333333333331
2010-12-29,XLF,0
2010-12-29,XLI,0
2010-12-29,XLK,0
2010-12-29,XLP,0
2010-12-29,XLU,0
2010-12-29,XLV,0
2010-12-29,XLY,0.33333333333333331
2010-12-30,GLD,0
2010-12-30,XLB,0.33333333333333331
2010-12-30,XLE,0.33333333333333331
2010-12-30,XLF,0
2010-12-30,XLI,0
2010-12-30,XLK,0
2010-12-30,XLP,0
2010-12-30,XLU,0
2010-12-30,XLV,0
2010-12-30,XLY,0.33333333333333331
2010-12-31,GLD,0
2010-12-31,XLB,0.33333333333333331
2010-12-31,XLE,0.33333333333333331
2010-12-31,XLF,0
2010-12-31,XLI,0
2010-12-31,XLK,0
2010-12-31,XLP,0
2010-12-31,XLU,0
2010-12-31,XLV,0
2010-12-31,XLY,0.33333333333333331
2011-01-03,GLD,0
2011-01-03,XLB,0.33333333333333331
2011-01-03,XLE,0.33333333333333331
2011-01-03,XLF,0
2011-01-03,XLI,0
2011-01-03,XLK,0
2011-01-03,XLP,0
2011-01-03,XLU,0
2011-01-03,XLV,0
2011-01-03,XLY,0.33333333333333331
2011-01-04,GLD,0
2011-01-04,XLB,0.33333333333333331
2011-01-04,XLE,0.33333333333333331
2011-01-04,XLF,0
2011-01-04,XLI,0
2011-01-04,XLK,0
2011-01-04,XLP,0
2011-01-04,XLU,0
2011-01-04,XLV,0
2011-01-04,XLY,0.33333333333333331
2011-01-05,GLD,0
2011-01-05,XLB,0.33333333333333331
2011-01-05,XLE,0.33333333333333331
2011-01-05,XLF,0
2011-01-05,XLI,0
2011-01-05,XLK,0
2011-01-05,XLP,0
2011-01-05,XLU,0
2011-01-05,XLV,0
2011-01-05,XLY,0.33333333333333331
2011-01-06,GLD,0
2011-01-06,XLB,0.33333333333333331
2011-01-06,XLE,0.33333333333333331
2011-01-06,XLF,0
2011-01-06,XLI,0
2011-01-06,XLK,0
2011-01-06,XLP,0
2011-01-06,XLU,0
2011-01-06,XLV,0
2011-01-06,XLY,0.33333333333333331
2011-01-07,GLD,0
2011-01-07,XLB,0.33333333333333331
2011-01-07,XLE,0.33333333333333331
2011-01-07,XLF,0
2011-01-07,XLI,0
2011-01-07,XLK,0
2011-01-07,XLP,0
2011-01-07,XLU,0
2011-01-07,XLV,0
2011-01-07,XLY,0.33333333333333331
2011-01-10,GLD,0
2011-01-10,XLB,0.33333333333333331
2011-01-10,XLE,0.33333333333333331
2011-01-10,XLF,0
2011-01-10,XLI,0
2011-01-10,XLK,0
2011-01-10,XLP,0
2011-01-10,XLU,0
2011-01-10,XLV,0
2011-01-10,XLY,0.33333333333333331
2011-01-11,GLD,0
2011-01-11,XLB,0.33333333333333331
2011-01-11,XLE,0.33333333333333331
2011-01-11,XLF,0
2011-01-11,XLI,0
2011-01-11,XLK,0
2011-01-11,XLP,0
2011-01-11,XLU,0
2011-01-11,XLV,0
2011-01-11,XLY,0.33333333333333331
2011-01-12,GLD,0
2011-01-12,XLB,0.33333333333333331
2011-01-12,XLE,0.33333333333333331
2011-01-12,XLF,0
2011-01-12,XLI,0
2011-01-12,XLK,0
2011-01-12,XLP,0
2011-01-12,XLU,0
2011-01-12,XLV,0
2011-01-12,XLY,0.33333333333333331
2011-01-13,GLD,0
2011-01-13,XLB,0.33333333333333331
2011-01-13,XLE,0.33333333333333331
2011-01-13,XLF,0
2011-01-13,XLI,0
2011-01-13,XLK,0
2011-01-13,XLP,0
2011-01-13,XLU,0
2011-01-13,XLV,0
2011-01-13,XLY,0.33333333333333331
2011-01-14,GLD,0
2011-01-14,XLB,0.33333333333333331
2011-01-14,XLE,0.33333333333333331
2011-01-14,XLF,0
2011-01-14,XLI,0
2011-01-14,XLK,0
2011-01-14,XLP,0
2011-01-14,XLU,0
2011-01-14,XLV,0
2011-01-14,XLY,0.33333333333333331
2011-01-18,GLD,0
2011-01-18,XLB,0.33333333333333331
2011-01-18,XLE,0.33333333333333331
2011-01-18,XLF,0
2011-01-18,XLI,0
2011-01-18,XLK,0
2011-01-18,XLP,0
2011-01-18,XLU,0
2011-01-18,XLV,0
2011-01-18,XLY,0.33333333333333331
2011-01-19,GLD,0
2011-01-19,XLB,0.33333333333333331
2011-01-19,XLE,0.33333333333333331
2011-01-19,XLF,0
2011-01-19,XLI,0
2011-01-19,XLK,0
2011-01-19,XLP,0
2011-01-19,XLU,0
2011-01-19,XLV,0
2011-01-19,XLY,0.33333333333333331
2011-01-20,GLD,0
2011-01-20,XLB,0.33333333333333331
2011-01-20,XLE,0.33333333333333331
2011-01-20,XLF,0
2011-01-20,XLI,0
2011-01-20,XLK,0
2011-01-20,XLP,0
2011-01-20,XLU,0
2011-01-20,XLV,0
2011-01-20,XLY,0.33333333333333331
2011-01-21,GLD,0
2011-01-21,XLB,0.33333333333333331
2011-01-21,XLE,0.33333333333333331
2011-01-21,XLF,0
2011-01-21,XLI,0
2011-01-21,XLK,0
2011-01-21,XLP,0
2011-01-21,XLU,0
2011-01-21,XLV,0
2011-01-21,XLY,0.33333333333333331
2011-01-24,GLD,0
2011-01-24,XLB,0.33333333333333331
2011-01-24,XLE,0.33333333333333331
2011-01-24,XLF,0
2011-01-24,XLI,0
2011-01-24,XLK,0
2011-01-24,XLP,0
2011-01-24,XLU,0
2011-01-24,XLV,0
2011-01-24,XLY,0.33333333333333331
2011-01-25,GLD,0
2011-01-25,XLB,0.33333333333333331
2011-01-25,XLE,0.33333333333333331
2011-01-25,XLF,0
2011-01-25,XLI,0
2011-01-25,XLK,0
2011-01-25,XLP,0
2011-01-25,XLU,0
2011-01-25,XLV,0
2011-01-25,XLY,0.33333333333333331
2011-01-26,GLD,0
2011-01-26,XLB,0.33333333333333331
2011-01-26,XLE,0.33333333333333331
2011-01-26,XLF,0
2011-01-26,XLI,0
2011-01-26,XLK,0
2011-01-26,XLP,0
2011-01-26,XLU,0
2011-01-26,XLV,0
2011-01-26,XLY,0.33333333333333331
2011-01-27,GLD,0
2011-01-27,XLB,0
2011-01-27,XLE,0.33333333333333331
2011-01-27,XLF,0
2011-01-27,XLI,0.33333333333333331
2011-01-27,XLK,0
2011-01-27,XLP,0
2011-01-27,XLU,0
2011-01-27,XLV,0
2011-01-27,XLY,0.33333333333333331
2011-01-28,GLD,0
2011-01-28,XLB,0
2011-01-28,XLE,0.33333333333333331
2011-01-28,XLF,0
2011-01-28,XLI,0.33333333333333331
2011-01-28,XLK,0
2011-01-28,XLP,0
2011-01-28,XLU,0
2011-01-28,XLV,0
2011-01-28,XLY,0.33333333333333331
2011-01-31,GLD,0
2011-01-31,XLB,0
2011-01-31,XLE,0.33333333333333331
2011-01-31,XLF,0
2011-01-31,XLI,0.33333333333333331
2011-01-31,XLK,0
2011-01-31,XLP,0
2011-01-31,XLU,0
2011-01-31,XLV,0
2011-01-31,XLY,0.33333333333333331
2011-02-01,GLD,0
2011-02-01,XLB,0
2011-02-01,XLE,0.33333333333333331
2011-02-01,XLF,0
2011-02-01,XLI,0.33333333333333331
2011-02-01,XLK,0
2011-02-01,XLP,0
2011-02-01,XLU,0
2011-02-01,XLV,0
2011-02-01,XLY,0.33333333333333331
2011-02-02,GLD,0
2011-02-02,XLB,0
2011-02-02,XLE,0.33333333333333331
2011-02-02,XLF,0
2011-02-02,XLI,0.33333333333333331
2011-02-02,XLK,0
2011-02-02,XLP,0
2011-02-02,XLU,0
2011-02-02,XLV,0
2011-02-02,XLY,0.33333333333333331
2011-02-03,GLD,0
2011-02-03,XLB,0
2011-02-03,XLE,0.33333333333333331
2011-02-03,XLF,0
2011-02-03,XLI,0.33333333333333331
2011-02-03,XLK,0
2011-02-03,XLP,0
2011-02-03,XLU,0
2011-02-03,XLV,0
2011-02-03,XLY,0.33333333333333331
2011-02-04,GLD,0
2011-02-04,XLB,0
2011-02-04,XLE,0.33333333333333331
2011-02-04,XLF,0
2011-02-04,XLI,0.33333333333333331
2011-02-04,XLK,0
2011-02-04,XLP,0
2011-02-04,XLU,0
2011-02-04,XLV,0
2011-02-04,XLY,0.33333333333333331
2011-02-07,GLD,0
2011-02-07,XLB,0
2011-02-07,XLE,0.33333333333333331
2011-02-07,XLF,0
2011-02-07,XLI,0.33333333333333331
2011-02-07,XLK,0
2011-02-07,XLP,0
2011-02-07,XLU,0
2011-02-07,XLV,0
2011-02-07,XLY,0.33333333333333331
2011-02-08,GLD,0
2011-02-08,XLB,0
2011-02-08,XLE,0.33333333333333331
2011-02-08,XLF,0
2011-02-08,XLI,0.33333333333333331
2011-02-08,XLK,0
2011-02-08,XLP,0
2011-02-08,XLU,0
2011-02-08,XLV,0
2011-02-08,XLY,0.33333333333333331
2011-02-09,GLD,0
2011-02-09,XLB,0
2011-02-09,XLE,0.33333333333333331
2011-02-09,XLF,0
2011-02-09,XLI,0.33333333333333331
2011-02-09,XLK,0
2011-02-09,XLP,0
2011-02-09,XLU,0
2011-02-09,XLV,0
2011-02-09,XLY,0.33333333333333331
2011-02-10,GLD,0
2011-02-10,XLB,0
2011-02-10,XLE,0.33333333333333331
2011-02-10,XLF,0
2011-02-10,XLI,0.33333333333333331
2011-02-10,XLK,0
2011-02-10,XLP,0
2011-02-10,XLU,0
2011-02-10,XLV,0
2011-02-10,XLY,0.33333333333333331
2011-02-11,GLD,0
2011-02-11,XLB,0
2011-02-11,XLE,0.33333333333333331
2011-02-11,XLF,0
2011-02-11,XLI,0.33333333333333331
2011-02-11,XLK,0
2011-02-11,XLP,0
2011-02-11,XLU,0
2011-02-11,XLV,0
2011-02-11,XLY,0.33333333333333331
2011-02-14,GLD,0
2011-02-14,XLB,0
2011-02-14,XLE,0.33333333333333331
2011-02-14,XLF,0
2011-02-14,XLI,0.33333333333333331
2011-02-14,XLK,0
2011-02-14,XLP,0
2011-02-14,XLU,0
2011-02-14,XLV,0
2011-02-14,XLY,0.33333333333333331
2011-02-15,GLD,0
2011-02-15,XLB,0
2011-02-15,XLE,0.33333333333333331
2011-02-15,XLF,0
2011-02-15,XLI,0.33333333333333331
2011-02-15,XLK,0
2011-02-15,XLP,0
2011-02-15,XLU,0
2011-02-15,XLV,0
2011-02-15,XLY,0.33333333333333331
2011-02-16,GLD,0
2011-02-16,XLB,0
2011-02-16,XLE,0.33333333333333331
2011-02-16,XLF,0
2011-02-16,XLI,0.33333333333333331
2011-02-16,XLK,0
2011-02-16,XLP,0
2011-02-16,XLU,0
2011-02-16,XLV,0
2011-02-16,XLY,0.33333333333333331
2011-02-18,GLD,0
2011-02-18,XLB,0
2011-02-18,XLE,0.33333333333333331
2011-02-18,XLF,0
2011-02-18,XLI,0.33333333333333331
2011-02-18,XLK,0
2011-02-18,XLP,0
2011-02-18,XLU,0
2011-02-18,XLV,0
2011-02-18,XLY,0.33333333333333331
2011-02-22,GLD,0
2011-02-22,XLB,0
2011-02-22,XLE,0.33333333333333331
2011-02-22,XLF,0
2011-02-22,XLI,0.33333333333333331
2011-02-22,XLK,0
2011-02-22,XLP,0
2011-02-22,XLU,0
2011-02-22,XLV,0
2011-02-22,XLY,0.33333333333333331
2011-02-23,GLD,0
2011-02-23,XLB,0
2011-02-23,XLE,0.33333333333333331
2011-02-23,XLF,0
2011-02-23,XLI,0.33333333333333331
2011-02-23,XLK,0
2011-02-23,XLP,0
2011-02-23,XLU,0
2011-02-23,XLV,0
2011-02-23,XLY,0.33333333333333331
2011-02-24,GLD,0
2011-02-24,XLB,0
2011-02-24,XLE,0.33333333333333331
2011-02-24,XLF,0
2011-02-24,XLI,0.33333333333333331
2011-02-24,XLK,0
2011-02-24,XLP,0
2011-02-24,XLU,0
2011-02-24,XLV,0
2011-02-24,XLY,0.33333333333333331
2011-02-25,GLD,0
2011-02-25,XLB,0
2011-02-25,XLE,0.33333333333333331
2011-02-25,XLF,0
2011-02-25,XLI,0.33333333333333331
2011-02-25,XLK,0
2011-02-25,XLP,0
2011-02-25,XLU,0
2011-02-25,XLV,0
2011-02-25,XLY,0.33333333333333331
2011-02-28,GLD,0
2011-02-28,XLB,0
2011-02-28,XLE,0.33333333333333331
2011-02-28,XLF,0
2011-02-28,XLI,0.33333333333333331
2011-02-28,XLK,0
2011-02-28,XLP,0
2011-02-28,XLU,0
2011-02-28,XLV,0
2011-02-28,XLY,0.33333333333333331
2011-03-01,GLD,0
2011-03-01,XLB,0
2011-03-01,XLE,0.33333333333333331
2011-03-01,XLF,0
2011-03-01,XLI,0.33333333333333331
2011-03-01,XLK,0
2011-03-01,XLP,0
2011-03-01,XLU,0
2011-03-01,XLV,0
2011-03-01,XLY,0.33333333333333331
2011-03-02,GLD,0
2011-03-02,XLB,0
2011-03-02,XLE,0.33333333333333331
2011-03-02,XLF,0
2011-03-02,XLI,0.33333333333333331
2011-03-02,XLK,0
2011-03-02,XLP,0
2011-03-02,XLU,0
2011-03-02,XLV,0
2011-03-02,XLY,0.33333333333333331
2011-03-03,GLD,0
2011-03-03,XLB,0
2011-03-03,XLE,0.33333333333333331
2011-03-03,XLF,0
2011-03-03,XLI,0.33333333333333331
2011-03-03,XLK,0
2011-03-03,XLP,0
2011-03-03,XLU,0
2011-03-03,XLV,0
2011-03-03,XLY,0.33333333333333331
2011-03-04,GLD,0
2011-03-04,XLB,0
2011-03-04,XLE,0.33333333333333331
2011-03-04,XLF,0
2011-03-04,XLI,0.33333333333333331
2011-03-04,XLK,0
2011-03-04,XLP,0
2011-03-04,XLU,0
2011-03-04,XLV,0
2011-03-04,XLY,0.33333333333333331
2011-03-07,GLD,0
2011-03-07,XLB,0
2011-03-07,XLE,0.33333333333333331
2011-03-07,XLF,0
2011-03-07,XLI,0.33333333333333331
2011-03-07,XLK,0
2011-03-07,XLP,0
2011-03-07,XLU,0
2011-03-07,XLV,0
2011-03-07,XLY,0.33333333333333331
2011-03-08,GLD,0
2011-03-08,XLB,0
2011-03-08,XLE,0.33333333333333331
2011-03-08,XLF,0
2011-03-08,XLI,0.33333333333333331
2011-03-08,XLK,0
2011-03-08,XLP,0
2011-03-08,XLU,0
2011-03-08,XLV,0
2011-03-08,XLY,0.33333333333333331
2011-03-09,GLD,0
2011-03-09,XLB,0
2011-03-09,XLE,0.33333333333333331
2011-03-09,XLF,0
2011-03-09,XLI,0.33333333333333331
2011-03-09,XLK,0
2011-03-09,XLP,0
2011-03-09,XLU,0
2011-03-09,XLV,0
2011-03-09,XLY,0.33333333333333331
2011-03-10,GLD,0
2011-03-10,XLB,0
2011-03-10,XLE,0.33333333333333331
2011-03-10,XLF,0
2011-03-10,XLI,0.33333333333333331
2011-03-10,XLK,0
2011-03-10,XLP,0
2011-03-10,XLU,0
2011-03-10,XLV,0
2011-03-10,XLY,0.33333333333333331
2011-03-11,GLD,0
2011-03-11,XLB,0
2011-03-11,XLE,0.33333333333333331
2011-03-11,XLF,0
2011-03-11,XLI,0.33333333333333331
2011-03-11,XLK,0
2011-03-11,XLP,0
2011-03-11,XLU,0
2011-03-11,XLV,0
2011-03-11,XLY,0.33333333333333331
2011-03-14,GLD,0
2011-03-14,XLB,0
2011-03-14,XLE,0.33333333333333331
2011-03-14,XLF,0
2011-03-14,XLI,0.33333333333333331
2011-03-14,XLK,0
2011-03-14,XLP,0
2011-03-14,XLU,0
2011-03-14,XLV,0
2011-03-14,XLY,0.33333333333333331
2011-03-15,GLD,0
2011-03-15,XLB,0
2011-03-15,XLE,0.33333333333333331
2011-03-15,XLF,0
2011-03-15,XLI,0.33333333333333331
2011-03-15,XLK,0
2011-03-15,XLP,0
2011-03-15,XLU,0
2011-03-15,XLV,0
2011-03-15,XLY,0.33333333333333331
2011-03-16,GLD,0
2011-03-16,XLB,0
2011-03-16,XLE,0.33333333333333331
2011-03-16,XLF,0
2011-03-16,XLI,0.33333333333333331
2011-03-16,XLK,0
2011-03-16,XLP,0
2011-03-16,XLU,0
2011-03-16,XLV,0
2011-03-16,XLY,0.33333333333333331
2011-03-17,GLD,0
2011-03-17,XLB,0
2011-03-17,XLE,0.33333333333333331
2011-03-17,XLF,0
2011-03-17,XLI,0.33333333333333331
2011-03-17,XLK,0
2011-03-17,XLP,0
2011-03-17,XLU,0
2011-03-17,XLV,0
2011-03-17,XLY,0.33333333333333331
2011-03-18,GLD,0
2011-03-18,XLB,0
2011-03-18,XLE,0.33333333333333331
2011-03-18,XLF,0
2011-03-18,XLI,0.33333333333333331
2011-03-18,XLK,0
2011-03-18,XLP,0
2011-03-18,XLU,0
2011-03-18,XLV,0
2011-03-18,XLY,0.33333333333333331
2011-03-21,GLD,0
2011-03-21,XLB,0
2011-03-21,XLE,0.33333333333333331
2011-03-21,XLF,0
2011-03-21,XLI,0.33333333333333331
2011-03-21,XLK,0
2011-03-21,XLP,0
2011-03-21,XLU,0
2011-03-21,XLV,0
2011-03-21,XLY,0.33333333333333331
2011-03-22,GLD,0
2011-03-22,XLB,0
2011-03-22,XLE,0.33333333333333331
2011-03-22,XLF,0
2011-03-22,XLI,0.33333333333333331
2011-03-22,XLK,0
2011-03-22,XLP,0
2011-03-22,XLU,0
2011-03-22,XLV,0
2011-03-22,XLY,0.33333333333333331
2011-03-23,GLD,0
2011-03-23,XLB,0
2011-03-23,XLE,0.33333333333333331
2011-03-23,XLF,0
2011-03-23,XLI,0.33333333333333331
2011-03-23,XLK,0
2011-03-23,XLP,0
2011-03-23,XLU,0
2011-03-23,XLV,0
2011-03-23,XLY,0.33333333333333331
2011-03-24,GLD,0
2011-03-24,XLB,0
2011-03-24,XLE,0.33333333333333331
2011-03-24,XLF,0
2011-03-24,XLI,0.33333333333333331
2011-03-24,XLK,0
2011-03-24,XLP,0
2011-03-24,XLU,0
2011-03-24,XLV,0
2011-03-24,XLY,0.33333333333333331
2011-03-25,GLD,0
2011-03-25,XLB,0
2011-03-25,XLE,0.33333333333333331
2011-03-25,XLF,0
2011-03-25,XLI,0.33333333333333331
2011-03-25,XLK,0
2011-03-25,XLP,0
2011-03-25,XLU,0
2011-03-25,XLV,0
2011-03-25,XLY,0.33333333333333331
2011-03-28,GLD,0
2011-03-28,XLB,0
2011-03-28,XLE,0.33333333333333331
2011-03-28,XLF,0
2011-03-28,XLI,0.33333333333333331
2011-03-28,XLK,0
2011-03-28,XLP,0
2011-03-28,XLU,0
2011-03-28,XLV,0
2011-03-28,XLY,0.33333333333333331
2011-03-29,GLD,0
2011-03-29,XLB,0
2011-03-29,XLE,0.33333333333333331
2011-03-29,XLF,0
2011-03-29,XLI,0.33333333333333331
2011-03-29,XLK,0
2011-03-29,XLP,0
2011-03-29,XLU,0
2011-03-29,XLV,0
2011-03-29,XLY,0.33333333333333331
2011-03-30,GLD,0
2011-03-30,XLB,0.33333333333333331
2011-03-30,XLE,0.33333333333333331
2011-03-30,XLF,0
2011-03-30,XLI,0.33333333333333331
2011-03-30,XLK,0
2011-03-30,XLP,0
2011-03-30,XLU,0
2011-03-30,XLV,0
2011-03-30,XLY,0
2011-03-31,GLD,0
2011-03-31,XLB,0.33333333333333331
2011-03-31,XLE,0.33333333333333331
2011-03-31,XLF,0
2011-03-31,XLI,0.33333333333333331
2011-03-31,XLK,0
2011-03-31,XLP,0
2011-03-31,XLU,0
2011-03-31,XLV,0
2011-03-31,XLY,0
2011-04-01,GLD,0
2011-04-01,XLB,0.33333333333333331
2011-04-01,XLE,0.33333333333333331
2011-04-01,XLF,0
2011-04-01,XLI,0.33333333333333331
2011-04-01,XLK,0
2011-04-01,XLP,0
2011-04-01,XLU,0
2011-04-01,XLV,0
2011-04-01,XLY,0
2011-04-04,GLD,0
2011-04-04,XLB,0.33333333333333331
2011-04-04,XLE,0.33333333333333331
2011-04-04,XLF,0
2011-04-04,XLI,0.33333333333333331
2011-04-04,XLK,0
2011-04-04,XLP,0
2011-04-04,XLU,0
2011-04-04,XLV,0
2011-04-04,XLY,0
2011-04-05,GLD,0
2011-04-05,XLB,0.33333333333333331
2011-04-05,XLE,0.33333333333333331
2011-04-05,XLF,0
2011-04-05,XLI,0.33333333333333331
2011-04-05,XLK,0
2011-04-05,XLP,0
2011-04-05,XLU,0
2011-04-05,XLV,0
2011-04-05,XLY,0
2011-04-06,GLD,0
2011-04-06,XLB,0.33333333333333331
2011-04-06,XLE,0.33333333333333331
2011-04-06,XLF,0
2011-04-06,XLI,0.33333333333333331
2011-04-06,XLK,0
2011-04-06,XLP,0
2011-04-06,XLU,0
2011-04-06,XLV,0
2011-04-06,XLY,0
2011-04-07,GLD,0
2011-04-07,XLB,0.33333333333333331
2011-04-07,XLE,0.33333333333333331
2011-04-07,XLF,0
2011-04-07,XLI,0.33333333333333331
2011-04-07,XLK,0
2011-04-07,XLP,0
2011-04-07,XLU,0
2011-04-07,XLV,0
2011-04-07,XLY,0
2011-04-08,GLD,0
2011-04-08,XLB,0.33333333333333331
2011-04-08,XLE,0.33333333333333331
2011-04-08,XLF,0
2011-04-08,XLI,0.33333333333333331
2011-04-08,XLK,0
2011-04-08,XLP,0
2011-04-08,XLU,0
2011-04-08,XLV,0
2011-04-08,XLY,0
2011-04-11,GLD,0
2011-04-11,XLB,0.33333333333333331
2011-04-11,XLE,0.33333333333333331
2011-04-11,XLF,0
2011-04-11,XLI,0.33333333333333331
2011-04-11,XLK,0
2011-04-11,XLP,0
2011-04-11,XLU,0
2011-04-11,XLV,0
2011-04-11,XLY,0
2011-04-12,GLD,0
2011-04-12,XLB,0.33333333333333331
2011-04-12,XLE,0.33333333333333331
2011-04-12,XLF,0
2011-04-12,XLI,0.33333333333333331
2011-04-12,XLK,0
2011-04-12,XLP,0
2011-04-12,XLU,0
2011-04-12,XLV,0
2011-04-12,XLY,0
2011-04-13,GLD,0
2011-04-13,XLB,0.33333333333333331
2011-04-13,XLE,0.33333333333333331
2011-04-13,XLF,0
2011-04-13,XLI,0.33333333333333331
2011-04-13,XLK,0
2011-04-13,XLP,0
2011-04-13,XLU,0
2011-04-13,XLV,0
2011-04-13,XLY,0
2011-04-14,GLD,0
2011-04-14,XLB,0.33333333333333331
2011-04-14,XLE,0.33333333333333331
2011-04-14,XLF,0
2011-04-14,XLI,0.33333333333333331
2011-04-14,XLK,0
2011-04-14,XLP,0
2011-04-14,XLU,0
2011-04-14,XLV,0
2011-04-14,XLY,0
2011-04-15,GLD,0
2011-04-15,XLB,0.33333333333333331
2011-04-15,XLE,0.33333333333333331
2011-04-15,XLF,0
2011-04-15,XLI,0.33333333333333331
2011-04-15,XLK,0
2011-04-15,XLP,0
2011-04-15,XLU,0
2011-04-15,XLV,0
2011-04-15,XLY,0
2011-04-18,GLD,0
2011-04-18,XLB,0.33333333333333331
2011-04-18,XLE,0.33333333333333331
2011-04-18,XLF,0
2011-04-18,XLI,0.33333333333333331
2011-04-18,XLK,0
2011-04-18,XLP,0
2011-04-18,XLU,0
2011-04-18,XLV,0
2011-04-18,XLY,0
2011-04-19,GLD,0
2011-04-19,XLB,0.33333333333333331
2011-04-19,XLE,0.33333333333333331
2011-04-19,XLF,0
2011-04-19,XLI,0.33333333333333331
2011-04-19,XLK,0
2011-04-19,XLP,0
2011-04-19,XLU,0
2011-04-19,XLV,0
2011-04-19,XLY,0
2011-04-20,GLD,0
2011-04-20,XLB,0.33333333333333331
2011-04-20,XLE,0.33333333333333331
2011-04-20,XLF,0
2011-04-20,XLI,0.33333333333333331
2011-04-20,XLK,0
2011-04-20,XLP,0
2011-04-20,XLU,0
2011-04-20,XLV,0
2011-04-20,XLY,0
2011-04-21,GLD,0
2011-04-21,XLB,0.33333333333333331
2011-04-21,XLE,0.33333333333333331
2011-04-21,XLF,0
2011-04-21,XLI,0.33333333333333331
2011-04-21,XLK,0
2011-04-21,XLP,0
2011-04-21,XLU,0
2011-04-21,XLV,0
2011-04-21,XLY,0
2011-04-25,GLD,0
2011-04-25,XLB,0.33333333333333331
2011-04-25,XLE,0.33333333333333331
2011-04-25,XLF,0
2011-04-25,XLI,0.33333333333333331
2011-04-25,XLK,0
2011-04-25,XLP,0
2011-04-25,XLU,0
2011-04-25,XLV,0
2011-04-25,XLY,0
2011-04-26,GLD,0
2011-04-26,XLB,0.33333333333333331
2011-04-26,XLE,0.33333333333333331
2011-04-26,XLF,0
2011-04-26,XLI,0.33333333333333331
2011-04-26,XLK,0
2011-04-26,XLP,0
2011-04-26,XLU,0
2011-04-26,XLV,0
2011-04-26,XLY,0
2011-04-27,GLD,0
2011-04-27,XLB,0.33333333333333331
2011-04-27,XLE,0.33333333333333331
2011-04-27,XLF,0
2011-04-27,XLI,0.33333333333333331
2011-04-27,XLK,0
2011-04-27,XLP,0
2011-04-27,XLU,0
2011-04-27,XLV,0
2011-04-27,XLY,0
2011-04-28,GLD,0
2011-04-28,XLB,0.33333333333333331
2011-04-28,XLE,0.33333333333333331
2011-04-28,XLF,0
2011-04-28,XLI,0.33333333333333331
2011-04-28,XLK,0
2011-04-28,XLP,0
2011-04-28,XLU,0
2011-04-28,XLV,0
2011-04-28,XLY,0
2011-04-29,GLD,0
2011-04-29,XLB,0.33333333333333331
2011-04-29,XLE,0.33333333333333331
2011-04-29,XLF,0
2011-04-29,XLI,0.33333333333333331
2011-04-29,XLK,0
2011-04-29,XLP,0
2011-04-29,XLU,0
2011-04-29,XLV,0
2011-04-29,XLY,0
2011-05-02,GLD,0
2011-05-02,XLB,0.33333333333333331
2011-05-02,XLE,0.33333333333333331
2011-05-02,XLF,0
2011-05-02,XLI,0.33333333333333331
2011-05-02,XLK,0
2011-05-02,XLP,0
2011-05-02,XLU,0
2011-05-02,XLV,0
2011-05-02,XLY,0
2011-05-03,GLD,0
2011-05-03,XLB,0.33333333333333331
2011-05-03,XLE,0.33333333333333331
2011-05-03,XLF,0
2011-05-03,XLI,0.33333333333333331
2011-05-03,XLK,0
2011-05-03,XLP,0
2011-05-03,XLU,0
2011-05-03,XLV,0
2011-05-03,XLY,0
2011-05-04,GLD,0
2011-05-04,XLB,0.33333333333333331
2011-05-04,XLE,0.33333333333333331
2011-05-04,XLF,0
2011-05-04,XLI,0.33333333333333331
2011-05-04,XLK,0
2011-05-04,XLP,0
2011-05-04,XLU,0
2011-05-04,XLV,0
2011-05-04,XLY,0
2011-05-05,GLD,0
2011-05-05,XLB,0.33333333333333331
2011-05-05,XLE,0.33333333333333331
2011-05-05,XLF,0
2011-05-05,XLI,0.33333333333333331
2011-05-05,XLK,0
2011-05-05,XLP,0
2011-05-05,XLU,0
2011-05-05,XLV,0
2011-05-05,XLY,0
2011-05-06,GLD,0
2011-05-06,XLB,0.33333333333333331
2011-05-06,XLE,0.33333333333333331
2011-05-06,XLF,0
2011-05-06,XLI,0.33333333333333331
2011-05-06,XLK,0
2011-05-06,XLP,0
2011-05-06,XLU,0
2011-05-06,XLV,0
2011-05-06,XLY,0
2011-05-09,GLD,0
2011-05-09,XLB,0.33333333333333331
2011-05-09,XLE,0.33333333333333331
2011-05-09,XLF,0
2011-05-09,XLI,0.33333333333333331
2011-05-09,XLK,0
2011-05-09,XLP,0
2011-05-09,XLU,0
2011-05-09,XLV,0
2011-05-09,XLY,0
2011-05-10,GLD,0
2011-05-10,XLB,0.33333333333333331
2011-05-10,XLE,0.33333333333333331
2011-05-10,XLF,0
2011-05-10,XLI,0.33333333333333331
2011-05-10,XLK,0
2011-05-10,XLP,0
2011-05-10,XLU,0
2011-05-10,XLV,0
2011-05-10,XLY,0
2011-05-11,GLD,0
2011-05-11,XLB,0.33333333333333331
2011-05-11,XLE,0.33333333333333331
2011-05-11,XLF,0
2011-05-11,XLI,0.33333333333333331
2011-05-11,XLK,0
2011-05-11,XLP,0
2011-05-11,XLU,0
2011-05-11,XLV,0
2011-05-11,XLY,0
2011-05-12,GLD,0
2011-05-12,XLB,0.33333333333333331
2011-05-12,XLE,0.33333333333333331
2011-05-12,XLF,0
2011-05-12,XLI,0.33333333333333331
2011-05-12,XLK,0
2011-05-12,XLP,0
2011-05-12,XLU,0
2011-05-12,XLV,0
2011-05-12,XLY,0
2011-05-13,GLD,0
2011-05-13,XLB,0.33333333333333331
2011-05-13,XLE,0.33333333333333331
2011-05-13,XLF,0
2011-05-13,XLI,0.33333333333333331
2011-05-13,XLK,0
2011-05-13,XLP,0
2011-05-13,XLU,0
2011-05-13,XLV,0
2011-05-13,XLY,0
2011-05-16,GLD,0
2011-05-16,XLB,0.33333333333333331
2011-05-16,XLE,0.33333333333333331
2011-05-16,XLF,0
2011-05-16,XLI,0.33333333333333331
2011-05-16,XLK,0
2011-05-16,XLP,0
2011-05-16,XLU,0
2011-05-16,XLV,0
2011-05-16,XLY,0
2011-05-17,GLD,0
2011-05-17,XLB,0.33333333333333331
2011-05-17,XLE,0.33333333333333331
2011-05-17,XLF,0
2011-05-17,XLI,0.33333333333333331
2011-05-17,XLK,0
2011-05-17,XLP,0
2011-05-17,XLU,0
2011-05-17,XLV,0
2011-05-17,XLY,0
2011-05-18,GLD,0
2011-05-18,XLB,0.33333333333333331
2011-05-18,XLE,0.33333333333333331
2011-05-18,XLF,0
2011-05-18,XLI,0.33333333333333331
2011-05-18,XLK,0
2011-05-18,XLP,0
2011-05-18,XLU,0
2011-05-18,XLV,0
2011-05-18,XLY,0
2011-05-19,GLD,0
2011-05-19,XLB,0.33333333333333331
2011-05-19,XLE,0.33333333333333331
2011-05-19,XLF,0
2011-05-19,XLI,0.33333333333333331
2011-05-19,XLK,0
2011-05-19,XLP,0
2011-05-19,XLU,0
2011-05-19,XLV,0
2011-05-19,XLY,0
2011-05-20,GLD,0
2011-05-20,XLB,0.33333333333333331
2011-05-20,XLE,0.33333333333333331
2011-05-20,XLF,0
2011-05-20,XLI,0.33333333333333331
2011-05-20,XLK,0
2011-05-20,XLP,0
2011-05-20,XLU,0
2011-05-20,XLV,0
2011-05-20,XLY,0
2011-05-23,GLD,0
2011-05-23,XLB,0.33333333333333331
2011-05-23,XLE,0.33333333333333331
2011-05-23,XLF,0
2011-05-23,XLI,0.33333333333333331
2011-05-23,XLK,0
2011-05-23,XLP,0
2011-05-23,XLU,0
2011-05-23,XLV,0
2011-05-23,XLY,0
2011-05-24,GLD,0
2011-05-24,XLB,0.33333333333333331
2011-05-24,XLE,0.33333333333333331
2011-05-24,XLF,0
2011-05-24,XLI,0.33333333333333331
2011-05-24,XLK,0
2011-05-24,XLP,0
2011-05-24,XLU,0
2011-05-24,XLV,0
2011-05-24,XLY,0
2011-05-25,GLD,0
2011-05-25,XLB,0.33333333333333331
2011-05-25,XLE,0.33333333333333331
2011-05-25,XLF,0
2011-05-25,XLI,0.33333333333333331
2011-05-25,XLK,0
2011-05-25,XLP,0
2011-05-25,XLU,0
2011-05-25,XLV,0
2011-05-25,XLY,0
2011-05-26,GLD,0
2011-05-26,XLB,0.33333333333333331
2011-05-26,XLE,0.33333333333333331
2011-05-26,XLF,0
2011-05-26,XLI,0.33333333333333331
2011-05-26,XLK,0
2011-05-26,XLP,0
2011-05-26,XLU,0
2011-05-26,XLV,0
2011-05-26,XLY,0
2011-05-27,GLD,0
2011-05-27,XLB,0.33333333333333331
2011-05-27,XLE,0.33333333333333331
2011-05-27,XLF,0
2011-05-27,XLI,0.33333333333333331
2011-05-27,XLK,0
2011-05-27,XLP,0
2011-05-27,XLU,0
2011-05-27,XLV,0
2011-05-27,XLY,0
2011-05-31,GLD,0
2011-05-31,XLB,0
2011-05-31,XLE,0.33333333333333331
2011-05-31,XLF,0
2011-05-31,XLI,0.33333333333333331
2011-05-31,XLK,0
2011-05-31,XLP,0
2011-05-31,XLU,0
2011-05-31,XLV,0.33333333333333331
2011-05-31,XLY,0
2011-06-01,GLD,0
2011-06-01,XLB,0
2011-06-01,XLE,0.33333333333333331
2011-06-01,XLF,0
2011-06-01,XLI,0.33333333333333331
2011-06-01,XLK,0
2011-06-01,XLP,0
2011-06-01,XLU,0
2011-06-01,XLV,0.33333333333333331
2011-06-01,XLY,0
2011-06-02,GLD,0
2011-06-02,XLB,0
2011-06-02,XLE,0.33333333333333331
2011-06-02,XLF,0
2011-06-02,XLI,0.33333333333333331
2011-06-02,XLK,0
2011-06-02,XLP,0
2011-06-02,XLU,0
2011-06-02,XLV,0.33333333333333331
2011-06-02,XLY,0
2011-06-03,GLD,0
2011-06-03,XLB,0
2011-06-03,XLE,0.33333333333333331
2011-06-03,XLF,0
2011-06-03,XLI,0.33333333333333331
2011-06-03,XLK,0
2011-06-03,XLP,0
2011-06-03,XLU,0
2011-06-03,XLV,0.33333333333333331
2011-06-03,XLY,0
2011-06-06,GLD,0
2011-06-06,XLB,0
2011-06-06,XLE,0.33333333333333331
2011-06-06,XLF,0
2011-06-06,XLI,0.33333333333333331
2011-06-06,XLK,0
2011-06-06,XLP,0
2011-06-06,XLU,0
2011-06-06,XLV,0.33333333333333331
2011-06-06,XLY,0
2011-06-07,GLD,0
2011-06-07,XLB,0
2011-06-07,XLE,0.33333333333333331
2011-06-07,XLF,0
2011-06-07,XLI,0.33333333333333331
2011-06-07,XLK,0
2011-06-07,XLP,0
2011-06-07,XLU,0
2011-06-07,XLV,0.33333333333333331
2011-06-07,XLY,0
2011-06-08,GLD,0
2011-06-08,XLB,0
2011-06-08,XLE,0.33333333333333331
2011-06-08,XLF,0
2011-06-08,XLI,0.33333333333333331
2011-06-08,XLK,0
2011-06-08,XLP,0
2011-06-08,XLU,0
2011-06-08,XLV,0.33333333333333331
2011-06-08,XLY,0
2011-06-09,GLD,0
2011-06-09,XLB,0
2011-06-09,XLE,0.33333333333333331
2011-06-09,XLF,0
2011-06-09,XLI,0.33333333333333331
2011-06-09,XLK,0
2011-06-09,XLP,0
2011-06-09,XLU,0
2011-06-09,XLV,0.33333333333333331
2011-06-09,XLY,0
2011-06-10,GLD,0
2011-06-10,XLB,0
2011-06-10,XLE,0.33333333333333331
2011-06-10,XLF,0
2011-06-10,XLI,0.33333333333333331
2011-06-10,XLK,0
2011-06-10,XLP,0
2011-06-10,XLU,0
2011-06-10,XLV,0.33333333333333331
2011-06-10,XLY,0
2011-06-13,GLD,0
2011-06-13,XLB,0
2011-06-13,XLE,0.33333333333333331
2011-06-13,XLF,0
2011-06-13,XLI,0.33333333333333331
2011-06-13,XLK,0
2011-06-13,XLP,0
2011-06-13,XLU,0
2011-06-13,XLV,0.33333333333333331
2011-06-13,XLY,0
2011-06-14,GLD,0
2011-06-14,XLB,0
2011-06-14,XLE,0.33333333333333331
2011-06-14,XLF,0
2011-06-14,XLI,0.33333333333333331
2011-06-14,XLK,0
2011-06-14,XLP,0
2011-06-14,XLU,0
2011-06-14,XLV,0.33333333333333331
2011-06-14,XLY,0
2011-06-15,GLD,0
2011-06-15,XLB,0
2011-06-15,XLE,0.33333333333333331
2011-06-15,XLF,0
2011-06-15,XLI,0.33333333333333331
2011-06-15,XLK,0
2011-06-15,XLP,0
2011-06-15,XLU,0
2011-06-15,XLV,0.33333333333333331
2011-06-15,XLY,0
2011-06-16,GLD,0
2011-06-16,XLB,0
2011-06-16,XLE,0.33333333333333331
2011-06-16,XLF,0
2011-06-16,XLI,0.33333333333333331
2011-06-16,XLK,0
2011-06-16,XLP,0
2011-06-16,XLU,0
2011-06-16,XLV,0.33333333333333331
2011-06-16,XLY,0
2011-06-17,GLD,0
2011-06-17,XLB,0
2011-06-17,XLE,0.33333333333333331
2011-06-17,XLF,0
2011-06-17,XLI,0.33333333333333331
2011-06-17,XLK,0
2011-06-17,XLP,0
2011-06-17,XLU,0
2011-06-17,XLV,0.33333333333333331
2011-06-17,XLY,0
2011-06-20,GLD,0
2011-06-20,XLB,0
2011-06-20,XLE,0.33333333333333331
2011-06-20,XLF,0
2011-06-20,XLI,0.33333333333333331
2011-06-20,XLK,0
2011-06-20,XLP,0
2011-06-20,XLU,0
2011-06-20,XLV,0.33333333333333331
2011-06-20,XLY,0
2011-06-21,GLD,0
2011-06-21,XLB,0
2011-06-21,XLE,0.33333333333333331
2011-06-21,XLF,0
2011-06-21,XLI,0.33333333333333331
2011-06-21,XLK,0
2011-06-21,XLP,0
2011-06-21,XLU,0
2011-06-21,XLV,0.33333333333333331
2011-06-21,XLY,0
2011-06-22,GLD,0
2011-06-22,XLB,0
2011-06-22,XLE,0.33333333333333331
2011-06-22,XLF,0
2011-06-22,XLI,0.33333333333333331
2011-06-22,XLK,0
2011-06-22,XLP,0
2011-06-22,XLU,0
2011-06-22,XLV,0.33333333333333331
2011-06-22,XLY,0
2011-06-23,GLD,0
2011-06-23,XLB,0
2011-06-23,XLE,0.33333333333333331
2011-06-23,XLF,0
2011-06-23,XLI,0.33333333333333331
2011-06-23,XLK,0
2011-06-23,XLP,0
2011-06-23,XLU,0
2011-06-23,XLV,0.33333333333333331
2011-06-23,XLY,0
2011-06-24,GLD,0
2011-06-24,XLB,0
2011-06-24,XLE,0.33333333333333331
2011-06-24,XLF,0
2011-06-24,XLI,0.33333333333333331
2011-06-24,XLK,0
2011-06-24,XLP,0
2011-06-24,XLU,0
2011-06-24,XLV,0.33333333333333331
2011-06-24,XLY,0
2011-06-27,GLD,0
2011-06-27,XLB,0
2011-06-27,XLE,0.33333333333333331
2011-06-27,XLF,0
2011-06-27,XLI,0.33333333333333331
2011-06-27,XLK,0
2011-06-27,XLP,0
2011-06-27,XLU,0
2011-06-27,XLV,0.33333333333333331
2011-06-27,XLY,0
2011-06-28,GLD,0
2011-06-28,XLB,0
2011-06-28,XLE,0.33333333333333331
2011-06-28,XLF,0
2011-06-28,XLI,0.33333333333333331
2011-06-28,XLK,0
2011-06-28,XLP,0
2011-06-28,XLU,0
2011-06-28,XLV,0.33333333333333331
2011-06-28,XLY,0
2011-06-29,GLD,0
2011-06-29,XLB,0
2011-06-29,XLE,0.33333333333333331
2011-06-29,XLF,0
2011-06-29,XLI,0
2011-06-29,XLK,0
2011-06-29,XLP,0
2011-06-29,XLU,0.33333333333333331
2011-06-29,XLV,0.33333333333333331
2011-06-29,XLY,0
2011-06-30,GLD,0
2011-06-30,XLB,0
2011-06-30,XLE,0.33333333333333331
2011-06-30,XLF,0
2011-06-30,XLI,0
2011-06-30,XLK,0
2011-06-30,XLP,0
2011-06-30,XLU,0.33333333333333331
2011-06-30,XLV,0.33333333333333331
2011-06-30,XLY,0
2011-07-01,GLD,0
2011-07-01,XLB,0
2011-07-01,XLE,0.33333333333333331
2011-07-01,XLF,0
2011-07-01,XLI,0
2011-07-01,XLK,0
2011-07-01,XLP,0
2011-07-01,XLU,0.33333333333333331
2011-07-01,XLV,0.33333333333333331
2011-07-01,XLY,0
2011-07-05,GLD,0
2011-07-05,XLB,0
2011-07-05,XLE,0.33333333333333331
2011-07-05,XLF,0
2011-07-05,XLI,0
2011-07-05,XLK,0
2011-07-05,XLP,0
2011-07-05,XLU,0.33333333333333331
2011-07-05,XLV,0.33333333333333331
2011-07-05,XLY,0
2011-07-06,GLD,0
2011-07-06,XLB,0
2011-07-06,XLE,0.33333333333333331
2011-07-06,XLF,0
2011-07-06,XLI,0
2011-07-06,XLK,0
2011-07-06,XLP,0
2011-07-06,XLU,0.33333333333333331
2011-07-06,XLV,0.33333333333333331
2011-07-06,XLY,0
2011-07-07,GLD,0
2011-07-07,XLB,0
2011-07-07,XLE,0.33333333333333331
2011-07-07,XLF,0
2011-07-07,XLI,0
2011-07-07,XLK,0
2011-07-07,XLP,0
2011-07-07,XLU,0.33333333333333331
2011-07-07,XLV,0.33333333333333331
2011-07-07,XLY,0
2011-07-08,GLD,0
2011-07-08,XLB,0
2011-07-08,XLE,0.33333333333333331
2011-07-08,XLF,0
2011-07-08,XLI,0
2011-07-08,XLK,0
2011-07-08,XLP,0
2011-07-08,XLU,0.33333333333333331
2011-07-08,XLV,0.33333333333333331
2011-07-08,XLY,0
2011-07-11,GLD,0
2011-07-11,XLB,0
2011-07-11,XLE,0.33333333333333331
2011-07-11,XLF,0
2011-07-11,XLI,0
2011-07-11,XLK,0
2011-07-11,XLP,0
2011-07-11,XLU,0.33333333333333331
2011-07-11,XLV,0.33333333333333331
2011-07-11,XLY,0
2011-07-12,GLD,0
2011-07-12,XLB,0
2011-07-12,XLE,0.33333333333333331
2011-07-12,XLF,0
2011-07-12,XLI,0
2011-07-12,XLK,0
2011-07-12,XLP,0
2011-07-12,XLU,0.33333333333333331
2011-07-12,XLV,0.33333333333333331
2011-07-12,XLY,0
2011-07-13,GLD,0
2011-07-13,XLB,0
2011-07-13,XLE,0.33333333333333331
2011-07-13,XLF,0
2011-07-13,XLI,0
2011-07-13,XLK,0
2011-07-13,XLP,0
2011-07-13,XLU,0.33333333333333331
2011-07-13,XLV,0.33333333333333331
2011-07-13,XLY,0
2011-07-14,GLD,0
2011-07-14,XLB,0
2011-07-14,XLE,0.33333333333333331
2011-07-14,XLF,0
2011-07-14,XLI,0
2011-07-14,XLK,0
2011-07-14,XLP,0
2011-07-14,XLU,0.33333333333333331
2011-07-14,XLV,0.33333333333333331
2011-07-14,XLY,0
2011-07-15,GLD,0
2011-07-15,XLB,0
2011-07-15,XLE,0.33333333333333331
2011-07-15,XLF,0
2011-07-15,XLI,0
2011-07-15,XLK,0
2011-07-15,XLP,0
2011-07-15,XLU,0.33333333333333331
2011-07-15,XLV,0.33333333333333331
2011-07-15,XLY,0
2011-07-18,GLD,0
2011-07-18,XLB,0
2011-07-18,XLE,0.33333333333333331
2011-07-18,XLF,0
2011-07-18,XLI,0
2011-07-18,XLK,0
2011-07-18,XLP,0
2011-07-18,XLU,0.33333333333333331
2011-07-18,XLV,0.33333333333333331
2011-07-18,XLY,0
2011-07-19,GLD,0
2011-07-19,XLB,0
2011-07-19,XLE,0.33333333333333331
2011-07-19,XLF,0
2011-07-19,XLI,0
2011-07-19,XLK,0
2011-07-19,XLP,0
2011-07-19,XLU,0.33333333333333331
2011-07-19,XLV,0.33333333333333331
2011-07-19,XLY,0
2011-07-20,GLD,0
2011-07-20,XLB,0
2011-07-20,XLE,0.33333333333333331
2011-07-20,XLF,0
2011-07-20,XLI,0
2011-07-20,XLK,0
2011-07-20,XLP,0
2011-07-20,XLU,0.33333333333333331
2011-07-20,XLV,0.33333333333333331
2011-07-20,XLY,0
2011-07-21,GLD,0
2011-07-21,XLB,0
2011-07-21,XLE,0.33333333333333331
2011-07-21,XLF,0
2011-07-21,XLI,0
2011-07-21,XLK,0
2011-07-21,XLP,0
2011-07-21,XLU,0.33333333333333331
2011-07-21,XLV,0.33333333333333331
2011-07-21,XLY,0
2011-07-22,GLD,0
2011-07-22,XLB,0
2011-07-22,XLE,0.33333333333333331
2011-07-22,XLF,0
2011-07-22,XLI,0
2011-07-22,XLK,0
2011-07-22,XLP,0
2011-07-22,XLU,0.33333333333333331
2011-07-22,XLV,0.33333333333333331
2011-07-22,XLY,0
2011-07-25,GLD,0
2011-07-25,XLB,0
2011-07-25,XLE,0.33333333333333331
2011-07-25,XLF,0
2011-07-25,XLI,0
2011-07-25,XLK,0
2011-07-25,XLP,0
2011-07-25,XLU,0.33333333333333331
2011-07-25,XLV,0.33333333333333331
2011-07-25,XLY,0
2011-07-26,GLD,0
2011-07-26,XLB,0
2011-07-26,XLE,0.33333333333333331
2011-07-26,XLF,0
2011-07-26,XLI,0
2011-07-26,XLK,0
2011-07-26,XLP,0
2011-07-26,XLU,0.33333333333333331
2011-07-26,XLV,0.33333333333333331
2011-07-26,XLY,0
2011-07-27,GLD,0
2011-07-27,XLB,0
2011-07-27,XLE,0.33333333333333331
2011-07-27,XLF,0
2011-07-27,XLI,0
2011-07-27,XLK,0
2011-07-27,XLP,0
2011-07-27,XLU,0.33333333333333331
2011-07-27,XLV,0.33333333333333331
2011-07-27,XLY,0
2011-07-28,GLD,0
2011-07-28,XLB,0
2011-07-28,XLE,0.33333333333333331
2011-07-28,XLF,0
2011-07-28,XLI,0
2011-07-28,XLK,0
2011-07-28,XLP,0
2011-07-28,XLU,0.33333333333333331
2011-07-28,XLV,0.33333333333333331
2011-07-28,XLY,0
2011-07-29,GLD,1
2011-07-29,XLB,0
2011-07-29,XLE,0
2011-07-29,XLF,0
2011-07-29,XLI,0
2011-07-29,XLK,0
2011-07-29,XLP,0
2011-07-29,XLU,0
2011-07-29,XLV,0
2011-07-29,XLY,0
2011-08-01,GLD,1
2011-08-01,XLB,0
2011-08-01,XLE,0
2011-08-01,XLF,0
2011-08-01,XLI,0
2011-08-01,XLK,0
2011-08-01,XLP,0
2011-08-01,XLU,0
2011-08-01,XLV,0
2011-08-01,XLY,0
2011-08-02,GLD,1
2011-08-02,XLB,0
2011-08-02,XLE,0
2011-08-02,XLF,0
2011-08-02,XLI,0
2011-08-02,XLK,0
2011-08-02,XLP,0
2011-08-02,XLU,0
2011-08-02,XLV,0
2011-08-02,XLY,0
2011-08-03,GLD,1
2011-08-03,XLB,0
2011-08-03,XLE,0
2011-08-03,XLF,0
2011-08-03,XLI,0
2011-08-03,XLK,0
2011-08-03,XLP,0
2011-08-03,XLU,0
2011-08-03,XLV,0
2011-08-03,XLY,0
2011-08-04,GLD,1
2011-08-04,XLB,0
2011-08-04,XLE,0
2011-08-04,XLF,0
2011-08-04,XLI,0
2011-08-04,XLK,0
2011-08-04,XLP,0
2011-08-04,XLU,0
2011-08-04,XLV,0
2011-08-04,XLY,0
2011-08-05,GLD,1
2011-08-05,XLB,0
2011-08-05,XLE,0
2011-08-05,XLF,0
2011-08-05,XLI,0
2011-08-05,XLK,0
2011-08-05,XLP,0
2011-08-05,XLU,0
2011-08-05,XLV,0
2011-08-05,XLY,0
2011-08-08,GLD,1
2011-08-08,XLB,0
2011-08-08,XLE,0
2011-08-08,XLF,0
2011-08-08,XLI,0
2011-08-08,XLK,0
2011-08-08,XLP,0
2011-08-08,XLU,0
2011-08-08,XLV,0
2011-08-08,XLY,0
2011-08-09,GLD,1
2011-08-09,XLB,0
2011-08-09,XLE,0
2011-08-09,XLF,0
2011-08-09,XLI,0
2011-08-09,XLK,0
2011-08-09,XLP,0
2011-08-09,XLU,0
2011-08-09,XLV,0
2011-08-09,XLY,0
2011-08-10,GLD,1
2011-08-10,XLB,0
2011-08-10,XLE,0
2011-08-10,XLF,0
2011-08-10,XLI,0
2011-08-10,XLK,0
2011-08-10,XLP,0
2011-08-10,XLU,0
2011-08-10,XLV,0
2011-08-10,XLY,0
2011-08-11,GLD,1
2011-08-11,XLB,0
2011-08-11,XLE,0
2011-08-11,XLF,0
2011-08-11,XLI,0
2011-08-11,XLK,0
2011-08-11,XLP,0
2011-08-11,XLU,0
2011-08-11,XLV,0
2011-08-11,XLY,0
2011-08-12,GLD,1
2011-08-12,XLB,0
2011-08-12,XLE,0
2011-08-12,XLF,0
2011-08-12,XLI,0
2011-08-12,XLK,0
2011-08-12,XLP,0
2011-08-12,XLU,0
2011-08-12,XLV,0
2011-08-12,XLY,0
2011-08-15,GLD,1
2011-08-15,XLB,0
2011-08-15,XLE,0
2011-08-15,XLF,0
2011-08-15,XLI,0
2011-08-15,XLK,0
2011-08-15,XLP,0
2011-08-15,XLU,0
2011-08-15,XLV,0
2011-08-15,XLY,0
2011-08-16,GLD,1
2011-08-16,XLB,0
2011-08-16,XLE,0
2011-08-16,XLF,0
2011-08-16,XLI,0
2011-08-16,XLK,0
2011-08-16,XLP,0
2011-08-16,XLU,0
2011-08-16,XLV,0
2011-08-16,XLY,0
2011-08-17,GLD,1
2011-08-17,XLB,0
2011-08-17,XLE,0
2011-08-17,XLF,0
2011-08-17,XLI,0
2011-08-17,XLK,0
2011-08-17,XLP,0
2011-08-17,XLU,0
2011-08-17,XLV,0
2011-08-17,XLY,0
2011-08-18,GLD,1
2011-08-18,XLB,0
2011-08-18,XLE,0
2011-08-18,XLF,0
2011-08-18,XLI,0
2011-08-18,XLK,0
2011-08-18,XLP,0
2011-08-18,XLU,0
2011-08-18,XLV,0
2011-08-18,XLY,0
2011-08-19,GLD,1
2011-08-19,XLB,0
2011-08-19,XLE,0
2011-08-19,XLF,0
2011-08-19,XLI,0
2011-08-19,XLK,0
2011-08-19,XLP,0
2011-08-19,XLU,0
2011-08-19,XLV,0
2011-08-19,XLY,0
2011-08-22,GLD,1
2011-08-22,XLB,0
2011-08-22,XLE,0
2011-08-22,XLF,0
2011-08-22,XLI,0
2011-08-22,XLK,0
2011-08-22,XLP,0
2011-08-22,XLU,0
2011-08-22,XLV,0
2011-08-22,XLY,0
2011-08-23,GLD,1
2011-08-23,XLB,0
2011-08-23,XLE,0
2011-08-23,XLF,0
2011-08-23,XLI,0
2011-08-23,XLK,0
2011-08-23,XLP,0
2011-08-23,XLU,0
2011-08-23,XLV,0
2011-08-23,XLY,0
2011-08-24,GLD,1
2011-08-24,XLB,0
2011-08-24,XLE,0
2011-08-24,XLF,0
2011-08-24,XLI,0
2011-08-24,XLK,0
2011-08-24,XLP,0
2011-08-24,XLU,0
2011-08-24,XLV,0
2011-08-24,XLY,0
2011-08-25,GLD,1
2011-08-25,XLB,0
2011-08-25,XLE,0
2011-08-25,XLF,0
2011-08-25,XLI,0
2011-08-25,XLK,0
2011-08-25,XLP,0
2011-08-25,XLU,0
2011-08-25,XLV,0
2011-08-25,XLY,0
2011-08-26,GLD,1
2011-08-26,XLB,0
2011-08-26,XLE,0
2011-08-26,XLF,0
2011-08-26,XLI,0
2011-08-26,XLK,0
2011-08-26,XLP,0
2011-08-26,XLU,0
2011-08-26,XLV,0
2011-08-26,XLY,0
2011-08-29,GLD,1
2011-08-29,XLB,0
2011-08-29,XLE,0
2011-08-29,XLF,0
2011-08-29,XLI,0
2011-08-29,XLK,0
2011-08-29,XLP,0
2011-08-29,XLU,0
2011-08-29,XLV,0
2011-08-29,XLY,0
2011-08-30,GLD,1
2011-08-30,XLB,0
2011-08-30,XLE,0
2011-08-30,XLF,0
2011-08-30,XLI,0
2011-08-30,XLK,0
2011-08-30,XLP,0
2011-08-30,XLU,0
2011-08-30,XLV,0
2011-08-30,XLY,0
2011-08-31,GLD,1
2011-08-31,XLB,0
2011-08-31,XLE,0
2011-08-31,XLF,0
2011-08-31,XLI,0
2011-08-31,XLK,0
2011-08-31,XLP,0
2011-08-31,XLU,0
2011-08-31,XLV,0
2011-08-31,XLY,0
2011-09-01,GLD,1
2011-09-01,XLB,0
2011-09-01,XLE,0
2011-09-01,XLF,0
2011-09-01,XLI,0
2011-09-01,XLK,0
2011-09-01,XLP,0
2011-09-01,XLU,0
2011-09-01,XLV,0
2011-09-01,XLY,0
2011-09-02,GLD,1
2011-09-02,XLB,0
2011-09-02,XLE,0
2011-09-02,XLF,0
2011-09-02,XLI,0
2011-09-02,XLK,0
2011-09-02,XLP,0
2011-09-02,XLU,0
2011-09-02,XLV,0
2011-09-02,XLY,0
2011-09-06,GLD,1
2011-09-06,XLB,0
2011-09-06,XLE,0
2011-09-06,XLF,0
2011-09-06,XLI,0
2011-09-06,XLK,0
2011-09-06,XLP,0
2011-09-06,XLU,0
2011-09-06,XLV,0
2011-09-06,XLY,0
2011-09-07,GLD,1
2011-09-07,XLB,0
2011-09-07,XLE,0
2011-09-07,XLF,0
2011-09-07,XLI,0
2011-09-07,XLK,0
2011-09-07,XLP,0
2011-09-07,XLU,0
2011-09-07,XLV,0
2011-09-07,XLY,0
2011-09-08,GLD,1
2011-09-08,XLB,0
2011-09-08,XLE,0
2011-09-08,XLF,0
2011-09-08,XLI,0
2011-09-08,XLK,0
2011-09-08,XLP,0
2011-09-08,XLU,0
2011-09-08,XLV,0
2011-09-08,XLY,0
2011-09-09,GLD,1
2011-09-09,XLB,0
2011-09-09,XLE,0
2011-09-09,XLF,0
2011-09-09,XLI,0
2011-09-09,XLK,0
2011-09-09,XLP,0
2011-09-09,XLU,0
2011-09-09,XLV,0
2011-09-09,XLY,0
2011-09-12,GLD,1
2011-09-12,XLB,0
2011-09-12,XLE,0
2011-09-12,XLF,0
2011-09-12,XLI,0
2011-09-12,XLK,0
2011-09-12,XLP,0
2011-09-12,XLU,0
2011-09-12,XLV,0
2011-09-12,XLY,0
2011-09-13,GLD,1
2011-09-13,XLB,0
2011-09-13,XLE,0
2011-09-13,XLF,0
2011-09-13,XLI,0
2011-09-13,XLK,0
2011-09-13,XLP,0
2011-09-13,XLU,0
2011-09-13,XLV,0
2011-09-13,XLY,0
2011-09-14,GLD,1
2011-09-14,XLB,0
2011-09-14,XLE,0
2011-09-14,XLF,0
2011-09-14,XLI,0
2011-09-14,XLK,0
2011-09-14,XLP,0
2011-09-14,XLU,0
2011-09-14,XLV,0
2011-09-14,XLY,0
2011-09-15,GLD,1
2011-09-15,XLB,0
2011-09-15,XLE,0
2011-09-15,XLF,0
2011-09-15,XLI,0
2011-09-15,XLK,0
2011-09-15,XLP,0
2011-09-15,XLU,0
2011-09-15,XLV,0
2011-09-15,XLY,0
2011-09-16,GLD,1
2011-09-16,XLB,0
2011-09-16,XLE,0
2011-09-16,XLF,0
2011-09-16,XLI,0
2011-09-16,XLK,0
2011-09-16,XLP,0
2011-09-16,XLU,0
2011-09-16,XLV,0
2011-09-16,XLY,0
2011-09-19,GLD,1
2011-09-19,XLB,0
2011-09-19,XLE,0
2011-09-19,XLF,0
2011-09-19,XLI,0
2011-09-19,XLK,0
2011-09-19,XLP,0
2011-09-19,XLU,0
2011-09-19,XLV,0
2011-09-19,XLY,0
2011-09-20,GLD,1
2011-09-20,XLB,0
2011-09-20,XLE,0
2011-09-20,XLF,0
2011-09-20,XLI,0
2011-09-20,XLK,0
2011-09-20,XLP,0
2011-09-20,XLU,0
2011-09-20,XLV,0
2011-09-20,XLY,0
2011-09-21,GLD,1
2011-09-21,XLB,0
2011-09-21,XLE,0
2011-09-21,XLF,0
2011-09-21,XLI,0
2011-09-21,XLK,0
2011-09-21,XLP,0
2011-09-21,XLU,0
2011-09-21,XLV,0
2011-09-21,XLY,0
2011-09-22,GLD,1
2011-09-22,XLB,0
2011-09-22,XLE,0
2011-09-22,XLF,0
2011-09-22,XLI,0
2011-09-22,XLK,0
2011-09-22,XLP,0
2011-09-22,XLU,0
2011-09-22,XLV,0
2011-09-22,XLY,0
2011-09-23,GLD,1
2011-09-23,XLB,0
2011-09-23,XLE,0
2011-09-23,XLF,0
2011-09-23,XLI,0
2011-09-23,XLK,0
2011-09-23,XLP,0
2011-09-23,XLU,0
2011-09-23,XLV,0
2011-09-23,XLY,0
2011-09-26,GLD,1
2011-09-26,XLB,0
2011-09-26,XLE,0
2011-09-26,XLF,0
2011-09-26,XLI,0
2011-09-26,XLK,0
2011-09-26,XLP,0
2011-09-26,XLU,0
2011-09-26,XLV,0
2011-09-26,XLY,0
2011-09-27,GLD,1
2011-09-27,XLB,0
2011-09-27,XLE,0
2011-09-27,XLF,0
2011-09-27,XLI,0
2011-09-27,XLK,0
2011-09-27,XLP,0
2011-09-27,XLU,0
2011-09-27,XLV,0
2011-09-27,XLY,0
2011-09-28,GLD,1
2011-09-28,XLB,0
2011-09-28,XLE,0
2011-09-28,XLF,0
2011-09-28,XLI,0
2011-09-28,XLK,0
2011-09-28,XLP,0
2011-09-28,XLU,0
2011-09-28,XLV,0
2011-09-28,XLY,0
2011-09-29,GLD,1
2011-09-29,XLB,0
2011-09-29,XLE,0
2011-09-29,XLF,0
2011-09-29,XLI,0
2011-09-29,XLK,0
2011-09-29,XLP,0
2011-09-29,XLU,0
2011-09-29,XLV,0
2011-09-29,XLY,0
2011-09-30,GLD,1
2011-09-30,XLB,0
2011-09-30,XLE,0
2011-09-30,XLF,0
2011-09-30,XLI,0
2011-09-30,XLK,0
2011-09-30,XLP,0
2011-09-30,XLU,0
2011-09-30,XLV,0
2011-09-30,XLY,0
2011-10-03,GLD,1
2011-10-03,XLB,0
2011-10-03,XLE,0
2011-10-03,XLF,0
2011-10-03,XLI,0
2011-10-03,XLK,0
2011-10-03,XLP,0
2011-10-03,XLU,0
2011-10-03,XLV,0
2011-10-03,XLY,0
2011-10-04,GLD,1
2011-10-04,XLB,0
2011-10-04,XLE,0
2011-10-04,XLF,0
2011-10-04,XLI,0
2011-10-04,XLK,0
2011-10-04,XLP,0
2011-10-04,XLU,0
2011-10-04,XLV,0
2011-10-04,XLY,0
2011-10-05,GLD,1
2011-10-05,XLB,0
2011-10-05,XLE,0
2011-10-05,XLF,0
2011-10-05,XLI,0
2011-10-05,XLK,0
2011-10-05,XLP,0
2011-10-05,XLU,0
2011-10-05,XLV,0
2011-10-05,XLY,0
2011-10-06,GLD,1
2011-10-06,XLB,0
2011-10-06,XLE,0
2011-10-06,XLF,0
2011-10-06,XLI,0
2011-10-06,XLK,0
2011-10-06,XLP,0
2011-10-06,XLU,0
2011-10-06,XLV,0
2011-10-06,XLY,0
2011-10-07,GLD,1
2011-10-07,XLB,0
2011-10-07,XLE,0
2011-10-07,XLF,0
2011-10-07,XLI,0
2011-10-07,XLK,0
2011-10-07,XLP,0
2011-10-07,XLU,0
2011-10-07,XLV,0
2011-10-07,XLY,0
2011-10-10,GLD,1
2011-10-10,XLB,0
2011-10-10,XLE,0
2011-10-10,XLF,0
2011-10-10,XLI,0
2011-10-10,XLK,0
2011-10-10,XLP,0
2011-10-10,XLU,0
2011-10-10,XLV,0
2011-10-10,XLY,0
2011-10-11,GLD,1
2011-10-11,XLB,0
2011-10-11,XLE,0
2011-10-11,XLF,0
2011-10-11,XLI,0
2011-10-11,XLK,0
2011-10-11,XLP,0
2011-10-11,XLU,0
2011-10-11,XLV,0
2011-10-11,XLY,0
2011-10-12,GLD,1
2011-10-12,XLB,0
2011-10-12,XLE,0
2011-10-12,XLF,0
2011-10-12,XLI,0
2011-10-12,XLK,0
2011-10-12,XLP,0
2011-10-12,XLU,0
2011-10-12,XLV,0
2011-10-12,XLY,0
2011-10-13,GLD,1
2011-10-13,XLB,0
2011-10-13,XLE,0
2011-10-13,XLF,0
2011-10-13,XLI,0
2011-10-13,XLK,0
2011-10-13,XLP,0
2011-10-13,XLU,0
2011-10-13,XLV,0
2011-10-13,XLY,0
2011-10-14,GLD,1
2011-10-14,XLB,0
2011-10-14,XLE,0
2011-10-14,XLF,0
2011-10-14,XLI,0
2011-10-14,XLK,0
2011-10-14,XLP,0
2011-10-14,XLU,0
2011-10-14,XLV,0
2011-10-14,XLY,0
2011-10-17,GLD,1
2011-10-17,XLB,0
2011-10-17,XLE,0
2011-10-17,XLF,0
2011-10-17,XLI,0
2011-10-17,XLK,0
2011-10-17,XLP,0
2011-10-17,XLU,0
2011-10-17,XLV,0
2011-10-17,XLY,0
2011-10-18,GLD,1
2011-10-18,XLB,0
2011-10-18,XLE,0
2011-10-18,XLF,0
2011-10-18,XLI,0
2011-10-18,XLK,0
2011-10-18,XLP,0
2011-10-18,XLU,0
2011-10-18,XLV,0
2011-10-18,XLY,0
2011-10-19,GLD,1
2011-10-19,XLB,0
2011-10-19,XLE,0
2011-10-19,XLF,0
2011-10-19,XLI,0
2011-10-19,XLK,0
2011-10-19,XLP,0
2011-10-19,XLU,0
2011-10-19,XLV,0
2011-10-19,XLY,0
2011-10-20,GLD,1
2011-10-20,XLB,0
2011-10-20,XLE,0
2011-10-20,XLF,0
2011-10-20,XLI,0
2011-10-20,XLK,0
2011-10-20,XLP,0
2011-10-20,XLU,0
2011-10-20,XLV,0
2011-10-20,XLY,0
2011-10-21,GLD,1
2011-10-21,XLB,0
2011-10-21,XLE,0
2011-10-21,XLF,0
2011-10-21,XLI,0
2011-10-21,XLK,0
2011-10-21,XLP,0
2011-10-21,XLU,0
2011-10-21,XLV,0
2011-10-21,XLY,0
2011-10-24,GLD,1
2011-10-24,XLB,0
2011-10-24,XLE,0
2011-10-24,XLF,0
2011-10-24,XLI,0
2011-10-24,XLK,0
2011-10-24,XLP,0
2011-10-24,XLU,0
2011-10-24,XLV,0
2011-10-24,XLY,0
2011-10-25,GLD,1
2011-10-25,XLB,0
2011-10-25,XLE,0
2011-10-25,XLF,0
2011-10-25,XLI,0
2011-10-25,XLK,0
2011-10-25,XLP,0
2011-10-25,XLU,0
2011-10-25,XLV,0
2011-10-25,XLY,0
2011-10-26,GLD,1
2011-10-26,XLB,0
2011-10-26,XLE,0
2011-10-26,XLF,0
2011-10-26,XLI,0
2011-10-26,XLK,0
2011-10-26,XLP,0
2011-10-26,XLU,0
2011-10-26,XLV,0
2011-10-26,XLY,0
2011-10-27,GLD,1
2011-10-27,XLB,0
2011-10-27,XLE,0
2011-10-27,XLF,0
2011-10-27,XLI,0
2011-10-27,XLK,0
2011-10-27,XLP,0
2011-10-27,XLU,0
2011-10-27,XLV,0
2011-10-27,XLY,0
2011-10-28,GLD,1
2011-10-28,XLB,0
2011-10-28,XLE,0
2011-10-28,XLF,0
2011-10-28,XLI,0
2011-10-28,XLK,0
2011-10-28,XLP,0
2011-10-28,XLU,0
2011-10-28,XLV,0
2011-10-28,XLY,0
2011-10-31,GLD,1
2011-10-31,XLB,0
2011-10-31,XLE,0
2011-10-31,XLF,0
2011-10-31,XLI,0
2011-10-31,XLK,0
2011-10-31,XLP,0
2011-10-31,XLU,0
2011-10-31,XLV,0
2011-10-31,XLY,0
2011-11-01,GLD,1
2011-11-01,XLB,0
2011-11-01,XLE,0
2011-11-01,XLF,0
2011-11-01,XLI,0
2011-11-01,XLK,0
2011-11-01,XLP,0
2011-11-01,XLU,0
2011-11-01,XLV,0
2011-11-01,XLY,0
2011-11-02,GLD,1
2011-11-02,XLB,0
2011-11-02,XLE,0
2011-11-02,XLF,0
2011-11-02,XLI,0
2011-11-02,XLK,0
2011-11-02,XLP,0
2011-11-02,XLU,0
2011-11-02,XLV,0
2011-11-02,XLY,0
2011-11-03,GLD,1
2011-11-03,XLB,0
2011-11-03,XLE,0
2011-11-03,XLF,0
2011-11-03,XLI,0
2011-11-03,XLK,0
2011-11-03,XLP,0
2011-11-03,XLU,0
2011-11-03,XLV,0
2011-11-03,XLY,0
2011-11-04,GLD,1
2011-11-04,XLB,0
2011-11-04,XLE,0
2011-11-04,XLF,0
2011-11-04,XLI,0
2011-11-04,XLK,0
2011-11-04,XLP,0
2011-11-04,XLU,0
2011-11-04,XLV,0
2011-11-04,XLY,0
2011-11-07,GLD,1
2011-11-07,XLB,0
2011-11-07,XLE,0
2011-11-07,XLF,0
2011-11-07,XLI,0
2011-11-07,XLK,0
2011-11-07,XLP,0
2011-11-07,XLU,0
2011-11-07,XLV,0
2011-11-07,XLY,0
2011-11-08,GLD,1
2011-11-08,XLB,0
2011-11-08,XLE,0
2011-11-08,XLF,0
2011-11-08,XLI,0
2011-11-08,XLK,0
2011-11-08,XLP,0
2011-11-08,XLU,0
2011-11-08,XLV,0
2011-11-08,XLY,0
2011-11-09,GLD,1
2011-11-09,XLB,0
2011-11-09,XLE,0
2011-11-09,XLF,0
2011-11-09,XLI,0
2011-11-09,XLK,0
2011-11-09,XLP,0
2011-11-09,XLU,0
2011-11-09,XLV,0
2011-11-09,XLY,0
2011-11-10,GLD,1
2011-11-10,XLB,0
2011-11-10,XLE,0
2011-11-10,XLF,0
2011-11-10,XLI,0
2011-11-10,XLK,0
2011-11-10,XLP,0
2011-11-10,XLU,0
2011-11-10,XLV,0
2011-11-10,XLY,0
2011-11-11,GLD,1
2011-11-11,XLB,0
2011-11-11,XLE,0
2011-11-11,XLF,0
2011-11-11,XLI,0
2011-11-11,XLK,0
2011-11-11,XLP,0
2011-11-11,XLU,0
2011-11-11,XLV,0
2011-11-11,XLY,0
2011-11-14,GLD,1
2011-11-14,XLB,0
2011-11-14,XLE,0
2011-11-14,XLF,0
2011-11-14,XLI,0
2011-11-14,XLK,0
2011-11-14,XLP,0
2011-11-14,XLU,0
2011-11-14,XLV,0
2011-11-14,XLY,0
2011-11-15,GLD,1
2011-11-15,XLB,0
2011-11-15,XLE,0
2011-11-15,XLF,0
2011-11-15,XLI,0
2011-11-15,XLK,0
2011-11-15,XLP,0
2011-11-15,XLU,0
2011-11-15,XLV,0
2011-11-15,XLY,0
2011-11-16,GLD,1
2011-11-16,XLB,0
2011-11-16,XLE,0
2011-11-16,XLF,0
2011-11-16,XLI,0
2011-11-16,XLK,0
2011-11-16,XLP,0
2011-11-16,XLU,0
2011-11-16,XLV,0
2011-11-16,XLY,0
2011-11-17,GLD,1
2011-11-17,XLB,0
2011-11-17,XLE,0
2011-11-17,XLF,0
2011-11-17,XLI,0
2011-11-17,XLK,0
2011-11-17,XLP,0
2011-11-17,XLU,0
2011-11-17,XLV,0
2011-11-17,XLY,0
2011-11-18,GLD,1
2011-11-18,XLB,0
2011-11-18,XLE,0
2011-11-18,XLF,0
2011-11-18,XLI,0
2011-11-18,XLK,0
2011-11-18,XLP,0
2011-11-18,XLU,0
2011-11-18,XLV,0
2011-11-18,XLY,0
2011-11-21,GLD,1
2011-11-21,XLB,0
2011-11-21,XLE,0
2011-11-21,XLF,0
2011-11-21,XLI,0
2011-11-21,XLK,0
2011-11-21,XLP,0
2011-11-21,XLU,0
2011-11-21,XLV,0
2011-11-21,XLY,0
2011-11-22,GLD,1
2011-11-22,XLB,0
2011-11-22,XLE,0
2011-11-22,XLF,0
2011-11-22,XLI,0
2011-11-22,XLK,0
2011-11-22,XLP,0
2011-11-22,XLU,0
2011-11-22,XLV,0
2011-11-22,XLY,0
2011-11-23,GLD,1
2011-11-23,XLB,0
2011-11-23,XLE,0
2011-11-23,XLF,0
2011-11-23,XLI,0
2011-11-23,XLK,0
2011-11-23,XLP,0
2011-11-23,XLU,0
2011-11-23,XLV,0
2011-11-23,XLY,0
2011-11-25,GLD,1
2011-11-25,XLB,0
2011-11-25,XLE,0
2011-11-25,XLF,0
2011-11-25,XLI,0
2011-11-25,XLK,0
2011-11-25,XLP,0
2011-11-25,XLU,0
2011-11-25,XLV,0
2011-11-25,XLY,0
2011-11-28,GLD,1
2011-11-28,XLB,0
2011-11-28,XLE,0
2011-11-28,XLF,0
2011-11-28,XLI,0
2011-11-28,XLK,0
2011-11-28,XLP,0
2011-11-28,XLU,0
2011-11-28,XLV,0
2011-11-28,XLY,0
2011-11-29,GLD,1
2011-11-29,XLB,0
2011-11-29,XLE,0
2011-11-29,XLF,0
2011-11-29,XLI,0
2011-11-29,XLK,0
2011-11-29,XLP,0
2011-11-29,XLU,0
2011-11-29,XLV,0
2011-11-29,XLY,0
2011-11-30,GLD,1
2011-11-30,XLB,0
2011-11-30,XLE,0
2011-11-30,XLF,0
2011-11-30,XLI,0
2011-11-30,XLK,0
2011-11-30,XLP,0
2011-11-30,XLU,0
2011-11-30,XLV,0
2011-11-30,XLY,0
2011-12-01,GLD,1
2011-12-01,XLB,0
2011-12-01,XLE,0
2011-12-01,XLF,0
2011-12-01,XLI,0
2011-12-01,XLK,0
2011-12-01,XLP,0
2011-12-01,XLU,0
2011-12-01,XLV,0
2011-12-01,XLY,0
2011-12-02,GLD,1
2011-12-02,XLB,0
2011-12-02,XLE,0
2011-12-02,XLF,0
2011-12-02,XLI,0
2011-12-02,XLK,0
2011-12-02,XLP,0
2011-12-02,XLU,0
2011-12-02,XLV,0
2011-12-02,XLY,0
2011-12-05,GLD,1
2011-12-05,XLB,0
2011-12-05,XLE,0
2011-12-05,XLF,0
2011-12-05,XLI,0
2011-12-05,XLK,0
2011-12-05,XLP,0
2011-12-05,XLU,0
2011-12-05,XLV,0
2011-12-05,XLY,0
2011-12-06,GLD,1
2011-12-06,XLB,0
2011-12-06,XLE,0
2011-12-06,XLF,0
2011-12-06,XLI,0
2011-12-06,XLK,0
2011-12-06,XLP,0
2011-12-06,XLU,0
2011-12-06,XLV,0
2011-12-06,XLY,0
2011-12-07,GLD,1
2011-12-07,XLB,0
2011-12-07,XLE,0
2011-12-07,XLF,0
2011-12-07,XLI,0
2011-12-07,XLK,0
2011-12-07,XLP,0
2011-12-07,XLU,0
2011-12-07,XLV,0
2011-12-07,XLY,0
2011-12-08,GLD,1
2011-12-08,XLB,0
2011-12-08,XLE,0
2011-12-08,XLF,0
2011-12-08,XLI,0
2011-12-08,XLK,0
2011-12-08,XLP,0
2011-12-08,XLU,0
2011-12-08,XLV,0
2011-12-08,XLY,0
2011-12-09,GLD,1
2011-12-09,XLB,0
2011-12-09,XLE,0
2011-12-09,XLF,0
2011-12-09,XLI,0
2011-12-09,XLK,0
2011-12-09,XLP,0
2011-12-09,XLU,0
2011-12-09,XLV,0
2011-12-09,XLY,0
2011-12-12,GLD,1
2011-12-12,XLB,0
2011-12-12,XLE,0
2011-12-12,XLF,0
2011-12-12,XLI,0
2011-12-12,XLK,0
2011-12-12,XLP,0
2011-12-12,XLU,0
2011-12-12,XLV,0
2011-12-12,XLY,0
2011-12-13,GLD,1
2011-12-13,XLB,0
2011-12-13,XLE,0
2011-12-13,XLF,0
2011-12-13,XLI,0
2011-12-13,XLK,0
2011-12-13,XLP,0
2011-12-13,XLU,0
2011-12-13,XLV,0
2011-12-13,XLY,0
2011-12-14,GLD,1
2011-12-14,XLB,0
2011-12-14,XLE,0
2011-12-14,XLF,0
2011-12-14,XLI,0
2011-12-14,XLK,0
2011-12-14,XLP,0
2011-12-14,XLU,0
2011-12-14,XLV,0
2011-12-14,XLY,0
2011-12-15,GLD,1
2011-12-15,XLB,0
2011-12-15,XLE,0
2011-12-15,XLF,0
2011-12-15,XLI,0
2011-12-15,XLK,0
2011-12-15,XLP,0
2011-12-15,XLU,0
2011-12-15,XLV,0
2011-12-15,XLY,0
2011-12-16,GLD,1
2011-12-16,XLB,0
2011-12-16,XLE,0
2011-12-16,XLF,0
2011-12-16,XLI,0
2011-12-16,XLK,0
2011-12-16,XLP,0
2011-12-16,XLU,0
2011-12-16,XLV,0
2011-12-16,XLY,0
2011-12-19,GLD,1
2011-12-19,XLB,0
2011-12-19,XLE,0
2011-12-19,XLF,0
2011-12-19,XLI,0
2011-12-19,XLK,0
2011-12-19,XLP,0
2011-12-19,XLU,0
2011-12-19,XLV,0
2011-12-19,XLY,0
2011-12-20,GLD,1
2011-12-20,XLB,0
2011-12-20,XLE,0
2011-12-20,XLF,0
2011-12-20,XLI,0
2011-12-20,XLK,0
2011-12-20,XLP,0
2011-12-20,XLU,0
2011-12-20,XLV,0
2011-12-20,XLY,0
2011-12-21,GLD,1
2011-12-21,XLB,0
2011-12-21,XLE,0
2011-12-21,XLF,0
2011-12-21,XLI,0
2011-12-21,XLK,0
2011-12-21,XLP,0
2011-12-21,XLU,0
2011-12-21,XLV,0
2011-12-21,XLY,0
2011-12-22,GLD,1
2011-12-22,XLB,0
2011-12-22,XLE,0
2011-12-22,XLF,0
2011-12-22,XLI,0
2011-12-22,XLK,0
2011-12-22,XLP,0
2011-12-22,XLU,0
2011-12-22,XLV,0
2011-12-22,XLY,0
2011-12-23,GLD,1
2011-12-23,XLB,0
2011-12-23,XLE,0
2011-12-23,XLF,0
2011-12-23,XLI,0
2011-12-23,XLK,0
2011-12-23,XLP,0
2011-12-23,XLU,0
2011-12-23,XLV,0
2011-12-23,XLY,0
2011-12-27,GLD,1
2011-12-27,XLB,0
2011-12-27,XLE,0
2011-12-27,XLF,0
2011-12-27,XLI,0
2011-12-27,XLK,0
2011-12-27,XLP,0
2011-12-27,XLU,0
2011-12-27,XLV,0
2011-12-27,XLY,0
2011-12-28,GLD,0.33333333333333331
2011-12-28,XLB,0
2011-12-28,XLE,0
2011-12-28,XLF,0
2011-12-28,XLI,0
2011-12-28,XLK,0
2011-12-28,XLP,0.33333333333333331
2011-12-28,XLU,0.33333333333333331
2011-12-28,XLV,0
2011-12-28,XLY,0
2011-12-29,GLD,0.33333333333333331
2011-12-29,XLB,0
2011-12-29,XLE,0
2011-12-29,XLF,0
2011-12-29,XLI,0
2011-12-29,XLK,0
2011-12-29,XLP,0.33333333333333331
2011-12-29,XLU,0.33333333333333331
2011-12-29,XLV,0
2011-12-29,XLY,0
2011-12-30,GLD,0.33333333333333331
2011-12-30,XLB,0
2011-12-30,XLE,0
2011-12-30,XLF,0
2011-12-30,XLI,0
2011-12-30,XLK,0
2011-12-30,XLP,0.33333333333333331
2011-12-30,XLU,0.33333333333333331
2011-12-30,XLV,0
2011-12-30,XLY,0
2012-01-03,GLD,0.33333333333333331
2012-01-03,XLB,0
2012-01-03,XLE,0
2012-01-03,XLF,0
2012-01-03,XLI,0
2012-01-03,XLK,0
2012-01-03,XLP,0.33333333333333331
2012-01-03,XLU,0.33333333333333331
2012-01-03,XLV,0
2012-01-03,XLY,0
2012-01-04,GLD,0.33333333333333331
2012-01-04,XLB,0
2012-01-04,XLE,0
2012-01-04,XLF,0
2012-01-04,XLI,0
2012-01-04,XLK,0
2012-01-04,XLP,0.33333333333333331
2012-01-04,XLU,0.33333333333333331
2012-01-04,XLV,0
2012-01-04,XLY,0
2012-01-05,GLD,0.33333333333333331
2012-01-05,XLB,0
2012-01-05,XLE,0
2012-01-05,XLF,0
2012-01-05,XLI,0
2012-01-05,XLK,0
2012-01-05,XLP,0.33333333333333331
2012-01-05,XLU,0.33333333333333331
2012-01-05,XLV,0
2012-01-05,XLY,0
2012-01-06,GLD,0.33333333333333331
2012-01-06,XLB,0
2012-01-06,XLE,0
2012-01-06,XLF,0
2012-01-06,XLI,0
2012-01-06,XLK,0
2012-01-06,XLP,0.33333333333333331
2012-01-06,XLU,0.33333333333333331
2012-01-06,XLV,0
2012-01-06,XLY,0
2012-01-09,GLD,0.33333333333333331
2012-01-09,XLB,0
2012-01-09,XLE,0
2012-01-09,XLF,0
2012-01-09,XLI,0
2012-01-09,XLK,0
2012-01-09,XLP,0.33333333333333331
2012-01-09,XLU,0.33333333333333331
2012-01-09,XLV,0
2012-01-09,XLY,0
2012-01-10,GLD,0.33333333333333331
2012-01-10,XLB,0
2012-01-10,XLE,0
2012-01-10,XLF,0
2012-01-10,XLI,0
2012-01-10,XLK,0
2012-01-10,XLP,0.33333333333333331
2012-01-10,XLU,0.33333333333333331
2012-01-10,XLV,0
2012-01-10,XLY,0
2012-01-11,GLD,0.33333333333333331
2012-01-11,XLB,0
2012-01-11,XLE,0
2012-01-11,XLF,0
2012-01-11,XLI,0
2012-01-11,XLK,0
2012-01-11,XLP,0.33333333333333331
2012-01-11,XLU,0.33333333333333331
2012-01-11,XLV,0
2012-01-11,XLY,0
2012-01-12,GLD,0.33333333333333331
2012-01-12,XLB,0
2012-01-12,XLE,0
2012-01-12,XLF,0
2012-01-12,XLI,0
2012-01-12,XLK,0
2012-01-12,XLP,0.33333333333333331
2012-01-12,XLU,0.33333333333333331
2012-01-12,XLV,0
2012-01-12,XLY,0
2012-01-13,GLD,0.33333333333333331
2012-01-13,XLB,0
2012-01-13,XLE,0
2012-01-13,XLF,0
2012-01-13,XLI,0
2012-01-13,XLK,0
2012-01-13,XLP,0.33333333333333331
2012-01-13,XLU,0.33333333333333331
2012-01-13,XLV,0
2012-01-13,XLY,0
2012-01-17,GLD,0.33333333333333331
2012-01-17,XLB,0
2012-01-17,XLE,0
2012-01-17,XLF,0
2012-01-17,XLI,0
2012-01-17,XLK,0
2012-01-17,XLP,0.33333333333333331
2012-01-17,XLU,0.33333333333333331
2012-01-17,XLV,0
2012-01-17,XLY,0
2012-01-18,GLD,0.33333333333333331
2012-01-18,XLB,0
2012-01-18,XLE,0
2012-01-18,XLF,0
2012-01-18,XLI,0
2012-01-18,XLK,0
2012-01-18,XLP,0.33333333333333331
2012-01-18,XLU,0.33333333333333331
2012-01-18,XLV,0
2012-01-18,XLY,0
2012-01-19,GLD,0.33333333333333331
2012-01-19,XLB,0
2012-01-19,XLE,0
2012-01-19,XLF,0
2012-01-19,XLI,0
2012-01-19,XLK,0
2012-01-19,XLP,0.33333333333333331
2012-01-19,XLU,0.33333333333333331
2012-01-19,XLV,0
2012-01-19,XLY,0
2012-01-20,GLD,0.33333333333333331
2012-01-20,XLB,0
2012-01-20,XLE,0
2012-01-20,XLF,0
2012-01-20,XLI,0
2012-01-20,XLK,0
2012-01-20,XLP,0.33333333333333331
2012-01-20,XLU,0.33333333333333331
2012-01-20,XLV,0
2012-01-20,XLY,0
2012-01-23,GLD,0.33333333333333331
2012-01-23,XLB,0
2012-01-23,XLE,0
2012-01-23,XLF,0
2012-01-23,XLI,0
2012-01-23,XLK,0
2012-01-23,XLP,0.33333333333333331
2012-01-23,XLU,0.33333333333333331
2012-01-23,XLV,0
2012-01-23,XLY,0
2012-01-24,GLD,0.33333333333333331
2012-01-24,XLB,0
2012-01-24,XLE,0
2012-01-24,XLF,0
2012-01-24,XLI,0
2012-01-24,XLK,0
2012-01-24,XLP,0.33333333333333331
2012-01-24,XLU,0.33333333333333331
2012-01-24,XLV,0
2012-01-24,XLY,0
2012-01-25,GLD,0.33333333333333331
2012-01-25,XLB,0
2012-01-25,XLE,0
2012-01-25,XLF,0
2012-01-25,XLI,0
2012-01-25,XLK,0
2012-01-25,XLP,0.33333333333333331
2012-01-25,XLU,0.33333333333333331
2012-01-25,XLV,0
2012-01-25,XLY,0
2012-01-26,GLD,0.33333333333333331
2012-01-26,XLB,0
2012-01-26,XLE,0
2012-01-26,XLF,0
2012-01-26,XLI,0
2012-01-26,XLK,0
2012-01-26,XLP,0.33333333333333331
2012-01-26,XLU,0.33333333333333331
2012-01-26,XLV,0
2012-01-26,XLY,0
2012-01-27,GLD,0.33333333333333331
2012-01-27,XLB,0
2012-01-27,XLE,0
2012-01-27,XLF,0
2012-01-27,XLI,0
2012-01-27,XLK,0
2012-01-27,XLP,0.33333333333333331
2012-01-27,XLU,0.33333333333333331
2012-01-27,XLV,0
2012-01-27,XLY,0
2012-01-30,GLD,0.66666666666666663
2012-01-30,XLB,0
2012-01-30,XLE,0
2012-01-30,XLF,0
2012-01-30,XLI,0
2012-01-30,XLK,0
2012-01-30,XLP,0
2012-01-30,XLU,0.33333333333333331
2012-01-30,XLV,0
2012-01-30,XLY,0
2012-01-31,GLD,0.66666666666666663
2012-01-31,XLB,0
2012-01-31,XLE,0
2012-01-31,XLF,0
2012-01-31,XLI,0
2012-01-31,XLK,0
2012-01-31,XLP,0
2012-01-31,XLU,0.33333333333333331
2012-01-31,XLV,0
2012-01-31,XLY,0
2012-02-01,GLD,0.66666666666666663
2012-02-01,XLB,0
2012-02-01,XLE,0
2012-02-01,XLF,0
2012-02-01,XLI,0
2012-02-01,XLK,0
2012-02-01,XLP,0
2012-02-01,XLU,0.33333333333333331
2012-02-01,XLV,0
2012-02-01,XLY,0
2012-02-02,GLD,0.66666666666666663
2012-02-02,XLB,0
2012-02-02,XLE,0
2012-02-02,XLF,0
2012-02-02,XLI,0
2012-02-02,XLK,0
2012-02-02,XLP,0
2012-02-02,XLU,0.33333333333333331
2012-02-02,XLV,0
2012-02-02,XLY,0
2012-02-03,GLD,0.66666666666666663
2012-02-03,XLB,0
2012-02-03,XLE,0
2012-02-03,XLF,0
2012-02-03,XLI,0
2012-02-03,XLK,0
2012-02-03,XLP,0
2012-02-03,XLU,0.33333333333333331
2012-02-03,XLV,0
2012-02-03,XLY,0
2012-02-06,GLD,0.66666666666666663
2012-02-06,XLB,0
2012-02-06,XLE,0
2012-02-06,XLF,0
2012-02-06,XLI,0
2012-02-06,XLK,0
2012-02-06,XLP,0
2012-02-06,XLU,0.33333333333333331
2012-02-06,XLV,0
2012-02-06,XLY,0
2012-02-07,GLD,0.66666666666666663
2012-02-07,XLB,0
2012-02-07,XLE,0
2012-02-07,XLF,0
2012-02-07,XLI,0
2012-02-07,XLK,0
2012-02-07,XLP,0
2012-02-07,XLU,0.33333333333333331
2012-02-07,XLV,0
2012-02-07,XLY,0
2012-02-08,GLD,0.66666666666666663
2012-02-08,XLB,0
2012-02-08,XLE,0
2012-02-08,XLF,0
2012-02-08,XLI,0
2012-02-08,XLK,0
2012-02-08,XLP,0
2012-02-08,XLU,0.33333333333333331
2012-02-08,XLV,0
2012-02-08,XLY,0
2012-02-09,GLD,0.66666666666666663
2012-02-09,XLB,0
2012-02-09,XLE,0
2012-02-09,XLF,0
2012-02-09,XLI,0
2012-02-09,XLK,0
2012-02-09,XLP,0
2012-02-09,XLU,0.33333333333333331
2012-02-09,XLV,0
2012-02-09,XLY,0
2012-02-10,GLD,0.66666666666666663
2012-02-10,XLB,0
2012-02-10,XLE,0
2012-02-10,XLF,0
2012-02-10,XLI,0
2012-02-10,XLK,0
2012-02-10,XLP,0
2012-02-10,XLU,0.33333333333333331
2012-02-10,XLV,0
2012-02-10,XLY,0
2012-02-13,GLD,0.66666666666666663
2012-02-13,XLB,0
2012-02-13,XLE,0
2012-02-13,XLF,0
2012-02-13,XLI,0
2012-02-13,XLK,0
2012-02-13,XLP,0
2012-02-13,XLU,0.33333333333333331
2012-02-13,XLV,0
2012-02-13,XLY,0
2012-02-14,GLD,0.66666666666666663
2012-02-14,XLB,0
2012-02-14,XLE,0
2012-02-14,XLF,0
2012-02-14,XLI,0
2012-02-14,XLK,0
2012-02-14,XLP,0
2012-02-14,XLU,0.33333333333333331
2012-02-14,XLV,0
2012-02-14,XLY,0
2012-02-15,GLD,0.66666666666666663
2012-02-15,XLB,0
2012-02-15,XLE,0
2012-02-15,XLF,0
2012-02-15,XLI,0
2012-02-15,XLK,0
2012-02-15,XLP,0
2012-02-15,XLU,0.33333333333333331
2012-02-15,XLV,0
2012-02-15,XLY,0
2012-02-16,GLD,0.66666666666666663
2012-02-16,XLB,0
2012-02-16,XLE,0
2012-02-16,XLF,0
2012-02-16,XLI,0
2012-02-16,XLK,0
2012-02-16,XLP,0
2012-02-16,XLU,0.33333333333333331
2012-02-16,XLV,0
2012-02-16,XLY,0
2012-02-17,GLD,0.66666666666666663
2012-02-17,XLB,0
2012-02-17,XLE,0
2012-02-17,XLF,0
2012-02-17,XLI,0
2012-02-17,XLK,0
2012-02-17,XLP,0
2012-02-17,XLU,0.33333333333333331
2012-02-17,XLV,0
2012-02-17,XLY,0
2012-02-21,GLD,0.66666666666666663
2012-02-21,XLB,0
2012-02-21,XLE,0
2012-02-21,XLF,0
2012-02-21,XLI,0
2012-02-21,XLK,0
2012-02-21,XLP,0
2012-02-21,XLU,0.33333333333333331
2012-02-21,XLV,0
2012-02-21,XLY,0
2012-02-22,GLD,0.66666666666666663
2012-02-22,XLB,0
2012-02-22,XLE,0
2012-02-22,XLF,0
2012-02-22,XLI,0
2012-02-22,XLK,0
2012-02-22,XLP,0
2012-02-22,XLU,0.33333333333333331
2012-02-22,XLV,0
2012-02-22,XLY,0
2012-02-23,GLD,0.66666666666666663
2012-02-23,XLB,0
2012-02-23,XLE,0
2012-02-23,XLF,0
2012-02-23,XLI,0
2012-02-23,XLK,0
2012-02-23,XLP,0
2012-02-23,XLU,0.33333333333333331
2012-02-23,XLV,0
2012-02-23,XLY,0
2012-02-24,GLD,0.66666666666666663
2012-02-24,XLB,0
2012-02-24,XLE,0
2012-02-24,XLF,0
2012-02-24,XLI,0
2012-02-24,XLK,0
2012-02-24,XLP,0
2012-02-24,XLU,0.33333333333333331
2012-02-24,XLV,0
2012-02-24,XLY,0
2012-02-27,GLD,0.66666666666666663
2012-02-27,XLB,0
2012-02-27,XLE,0
2012-02-27,XLF,0
2012-02-27,XLI,0
2012-02-27,XLK,0
2012-02-27,XLP,0
2012-02-27,XLU,0.33333333333333331
2012-02-27,XLV,0
2012-02-27,XLY,0
2012-02-28,GLD,0.66666666666666663
2012-02-28,XLB,0
2012-02-28,XLE,0
2012-02-28,XLF,0
2012-02-28,XLI,0
2012-02-28,XLK,0
2012-02-28,XLP,0
2012-02-28,XLU,0.33333333333333331
2012-02-28,XLV,0
2012-02-28,XLY,0
2012-02-29,GLD,0
2012-02-29,XLB,0
2012-02-29,XLE,0
2012-02-29,XLF,0
2012-02-29,XLI,0.33333333333333331
2012-02-29,XLK,0.33333333333333331
2012-02-29,XLP,0
2012-02-29,XLU,0
2012-02-29,XLV,0
2012-02-29,XLY,0.33333333333333331
2012-03-01,GLD,0
2012-03-01,XLB,0
2012-03-01,XLE,0
2012-03-01,XLF,0
2012-03-01,XLI,0.33333333333333331
2012-03-01,XLK,0.33333333333333331
2012-03-01,XLP,0
2012-03-01,XLU,0
2012-03-01,XLV,0
2012-03-01,XLY,0.33333333333333331
2012-03-02,GLD,0
2012-03-02,XLB,0
2012-03-02,XLE,0
2012-03-02,XLF,0
2012-03-02,XLI,0.33333333333333331
2012-03-02,XLK,0.33333333333333331
2012-03-02,XLP,0
2012-03-02,XLU,0
2012-03-02,XLV,0
2012-03-02,XLY,0.33333333333333331
2012-03-05,GLD,0
2012-03-05,XLB,0
2012-03-05,XLE,0
2012-03-05,XLF,0
2012-03-05,XLI,0.33333333333333331
2012-03-05,XLK,0.33333333333333331
2012-03-05,XLP,0
2012-03-05,XLU,0
2012-03-05,XLV,0
2012-03-05,XLY,0.33333333333333331
2012-03-06,GLD,0
2012-03-06,XLB,0
2012-03-06,XLE,0
2012-03-06,XLF,0
2012-03-06,XLI,0.33333333333333331
2012-03-06,XLK,0.33333333333333331
2012-03-06,XLP,0
2012-03-06,XLU,0
2012-03-06,XLV,0
2012-03-06,XLY,0.33333333333333331
2012-03-07,GLD,0
2012-03-07,XLB,0
2012-03-07,XLE,0
2012-03-07,XLF,0
2012-03-07,XLI,0.33333333333333331
2012-03-07,XLK,0.33333333333333331
2012-03-07,XLP,0
2012-03-07,XLU,0
2012-03-07,XLV,0
2012-03-07,XLY,0.33333333333333331
2012-03-08,GLD,0
2012-03-08,XLB,0
2012-03-08,XLE,0
2012-03-08,XLF,0
2012-03-08,XLI,0.33333333333333331
2012-03-08,XLK,0.33333333333333331
2012-03-08,XLP,0
2012-03-08,XLU,0
2012-03-08,XLV,0
2012-03-08,XLY,0.33333333333333331
2012-03-09,GLD,0
2012-03-09,XLB,0
2012-03-09,XLE,0
2012-03-09,XLF,0
2012-03-09,XLI,0.33333333333333331
2012-03-09,XLK,0.33333333333333331
2012-03-09,XLP,0
2012-03-09,XLU,0
2012-03-09,XLV,0
2012-03-09,XLY,0.33333333333333331
2012-03-12,GLD,0
2012-03-12,XLB,0
2012-03-12,XLE,0
2012-03-12,XLF,0
2012-03-12,XLI,0.33333333333333331
2012-03-12,XLK,0.33333333333333331
2012-03-12,XLP,0
2012-03-12,XLU,0
2012-03-12,XLV,0
2012-03-12,XLY,0.33333333333333331
2012-03-13,GLD,0
2012-03-13,XLB,0
2012-03-13,XLE,0
2012-03-13,XLF,0
2012-03-13,XLI,0.33333333333333331
2012-03-13,XLK,0.33333333333333331
2012-03-13,XLP,0
2012-03-13,XLU,0
2012-03-13,XLV,0
2012-03-13,XLY,0.33333333333333331
2012-03-14,GLD,0
2012-03-14,XLB,0
2012-03-14,XLE,0
2012-03-14,XLF,0
2012-03-14,XLI,0.33333333333333331
2012-03-14,XLK,0.33333333333333331
2012-03-14,XLP,0
2012-03-14,XLU,0
2012-03-14,XLV,0
2012-03-14,XLY,0.33333333333333331
2012-03-15,GLD,0
2012-03-15,XLB,0
2012-03-15,XLE,0
2012-03-15,XLF,0
2012-03-15,XLI,0.33333333333333331
2012-03-15,XLK,0.33333333333333331
2012-03-15,XLP,0
2012-03-15,XLU,0
2012-03-15,XLV,0
2012-03-15,XLY,0.33333333333333331
2012-03-16,GLD,0
2012-03-16,XLB,0
2012-03-16,XLE,0
2012-03-16,XLF,0
2012-03-16,XLI,0.33333333333333331
2012-03-16,XLK,0.33333333333333331
2012-03-16,XLP,0
2012-03-16,XLU,0
2012-03-16,XLV,0
2012-03-16,XLY,0.33333333333333331
2012-03-19,GLD,0
2012-03-19,XLB,0
2012-03-19,XLE,0
2012-03-19,XLF,0
2012-03-19,XLI,0.33333333333333331
2012-03-19,XLK,0.33333333333333331
2012-03-19,XLP,0
2012-03-19,XLU,0
2012-03-19,XLV,0
2012-03-19,XLY,0.33333333333333331
2012-03-20,GLD,0
2012-03-20,XLB,0
2012-03-20,XLE,0
2012-03-20,XLF,0
2012-03-20,XLI,0.33333333333333331
2012-03-20,XLK,0.33333333333333331
2012-03-20,XLP,0
2012-03-20,XLU,0
2012-03-20,XLV,0
2012-03-20,XLY,0.33333333333333331
2012-03-21,GLD,0
2012-03-21,XLB,0
2012-03-21,XLE,0
2012-03-21,XLF,0
2012-03-21,XLI,0.33333333333333331
2012-03-21,XLK,0.33333333333333331
2012-03-21,XLP,0
2012-03-21,XLU,0
2012-03-21,XLV,0
2012-03-21,XLY,0.33333333333333331
2012-03-22,GLD,0
2012-03-22,XLB,0
2012-03-22,XLE,0
2012-03-22,XLF,0
2012-03-22,XLI,0.33333333333333331
2012-03-22,XLK,0.33333333333333331
2012-03-22,XLP,0
2012-03-22,XLU,0
2012-03-22,XLV,0
2012-03-22,XLY,0.33333333333333331
2012-03-23,GLD,0
2012-03-23,XLB,0
2012-03-23,XLE,0
2012-03-23,XLF,0
2012-03-23,XLI,0.33333333333333331
2012-03-23,XLK,0.33333333333333331
2012-03-23,XLP,0
2012-03-23,XLU,0
2012-03-23,XLV,0
2012-03-23,XLY,0.33333333333333331
2012-03-26,GLD,0
2012-03-26,XLB,0
2012-03-26,XLE,0
2012-03-26,XLF,0
2012-03-26,XLI,0.33333333333333331
2012-03-26,XLK,0.33333333333333331
2012-03-26,XLP,0
2012-03-26,XLU,0
2012-03-26,XLV,0
2012-03-26,XLY,0.33333333333333331
2012-03-27,GLD,0
2012-03-27,XLB,0
2012-03-27,XLE,0
2012-03-27,XLF,0
2012-03-27,XLI,0.33333333333333331
2012-03-27,XLK,0.33333333333333331
2012-03-27,XLP,0
2012-03-27,XLU,0
2012-03-27,XLV,0
2012-03-27,XLY,0.33333333333333331
2012-03-28,GLD,0
2012-03-28,XLB,0
2012-03-28,XLE,0
2012-03-28,XLF,0
2012-03-28,XLI,0.33333333333333331
2012-03-28,XLK,0.33333333333333331
2012-03-28,XLP,0
2012-03-28,XLU,0
2012-03-28,XLV,0
2012-03-28,XLY,0.33333333333333331
2012-03-29,GLD,0
2012-03-29,XLB,0
2012-03-29,XLE,0
2012-03-29,XLF,0.33333333333333331
2012-03-29,XLI,0.33333333333333331
2012-03-29,XLK,0.33333333333333331
2012-03-29,XLP,0
2012-03-29,XLU,0
2012-03-29,XLV,0
2012-03-29,XLY,0
2012-03-30,GLD,0
2012-03-30,XLB,0
2012-03-30,XLE,0
2012-03-30,XLF,0.33333333333333331
2012-03-30,XLI,0.33333333333333331
2012-03-30,XLK,0.33333333333333331
2012-03-30,XLP,0
2012-03-30,XLU,0
2012-03-30,XLV,0
2012-03-30,XLY,0
2012-04-02,GLD,0
2012-04-02,XLB,0
2012-04-02,XLE,0
2012-04-02,XLF,0.33333333333333331
2012-04-02,XLI,0.33333333333333331
2012-04-02,XLK,0.33333333333333331
2012-04-02,XLP,0
2012-04-02,XLU,0
2012-04-02,XLV,0
2012-04-02,XLY,0
2012-04-03,GLD,0
2012-04-03,XLB,0
2012-04-03,XLE,0
2012-04-03,XLF,0.33333333333333331
2012-04-03,XLI,0.33333333333333331
2012-04-03,XLK,0.33333333333333331
2012-04-03,XLP,0
2012-04-03,XLU,0
2012-04-03,XLV,0
2012-04-03,XLY,0
2012-04-04,GLD,0
2012-04-04,XLB,0
2012-04-04,XLE,0
2012-04-04,XLF,0.33333333333333331
2012-04-04,XLI,0.33333333333333331
2012-04-04,XLK,0.33333333333333331
2012-04-04,XLP,0
2012-04-04,XLU,0
2012-04-04,XLV,0
2012-04-04,XLY,0
2012-04-05,GLD,0
2012-04-05,XLB,0
2012-04-05,XLE,0
2012-04-05,XLF,0.33333333333333331
2012-04-05,XLI,0.33333333333333331
2012-04-05,XLK,0.33333333333333331
2012-04-05,XLP,0
2012-04-05,XLU,0
2012-04-05,XLV,0
2012-04-05,XLY,0
2012-04-09,GLD,0
2012-04-09,XLB,0
2012-04-09,XLE,0
2012-04-09,XLF,0.33333333333333331
2012-04-09,XLI,0.33333333333333331
2012-04-09,XLK,0.33333333333333331
2012-04-09,XLP,0
2012-04-09,XLU,0
2012-04-09,XLV,0
2012-04-09,XLY,0
2012-04-10,GLD,0
2012-04-10,XLB,0
2012-04-10,XLE,0
2012-04-10,XLF,0.33333333333333331
2012-04-10,XLI,0.33333333333333331
2012-04-10,XLK,0.33333333333333331
2012-04-10,XLP,0
2012-04-10,XLU,0
2012-04-10,XLV,0
2012-04-10,XLY,0
2012-04-11,GLD,0
2012-04-11,XLB,0
2012-04-11,XLE,0
2012-04-11,XLF,0.33333333333333331
2012-04-11,XLI,0.33333333333333331
2012-04-11,XLK,0.33333333333333331
2012-04-11,XLP,0
2012-04-11,XLU,0
2012-04-11,XLV,0
2012-04-11,XLY,0
2012-04-12,GLD,0
2012-04-12,XLB,0
2012-04-12,XLE,0
2012-04-12,XLF,0.33333333333333331
2012-04-12,XLI,0.33333333333333331
2012-04-12,XLK,0.33333333333333331
2012-04-12,XLP,0
2012-04-12,XLU,0
2012-04-12,XLV,0
2012-04-12,XLY,0
2012-04-13,GLD,0
2012-04-13,XLB,0
2012-04-13,XLE,0
2012-04-13,XLF,0.33333333333333331
2012-04-13,XLI,0.33333333333333331
2012-04-13,XLK,0.33333333333333331
2012-04-13,XLP,0
2012-04-13,XLU,0
2012-04-13,XLV,0
2012-04-13,XLY,0
2012-04-16,GLD,0
2012-04-16,XLB,0
2012-04-16,XLE,0
2012-04-16,XLF,0.33333333333333331
2012-04-16,XLI,0.33333333333333331
2012-04-16,XLK,0.33333333333333331
2012-04-16,XLP,0
2012-04-16,XLU,0
2012-04-16,XLV,0
2012-04-16,XLY,0
2012-04-17,GLD,0
2012-04-17,XLB,0
2012-04-17,XLE,0
2012-04-17,XLF,0.33333333333333331
2012-04-17,XLI,0.33333333333333331
2012-04-17,XLK,0.33333333333333331
2012-04-17,XLP,0
2012-04-17,XLU,0
2012-04-17,XLV,0
2012-04-17,XLY,0
2012-04-18,GLD,0
2012-04-18,XLB,0
2012-04-18,XLE,0
2012-04-18,XLF,0.33333333333333331
2012-04-18,XLI,0.33333333333333331
2012-04-18,XLK,0.33333333333333331
2012-04-18,XLP,0
2012-04-18,XLU,0
2012-04-18,XLV,0
2012-04-18,XLY,0
2012-04-19,GLD,0
2012-04-19,XLB,0
2012-04-19,XLE,0
2012-04-19,XLF,0.33333333333333331
2012-04-19,XLI,0.33333333333333331
2012-04-19,XLK,0.33333333333333331
2012-04-19,XLP,0
2012-04-19,XLU,0
2012-04-19,XLV,0
2012-04-19,XLY,0
2012-04-20,GLD,0
2012-04-20,XLB,0
2012-04-20,XLE,0
2012-04-20,XLF,0.33333333333333331
2012-04-20,XLI,0.33333333333333331
2012-04-20,XLK,0.33333333333333331
2012-04-20,XLP,0
2012-04-20,XLU,0
2012-04-20,XLV,0
2012-04-20,XLY,0
2012-04-23,GLD,0
2012-04-23,XLB,0
2012-04-23,XLE,0
2012-04-23,XLF,0.33333333333333331
2012-04-23,XLI,0.33333333333333331
2012-04-23,XLK,0.33333333333333331
2012-04-23,XLP,0
2012-04-23,XLU,0
2012-04-23,XLV,0
2012-04-23,XLY,0
2012-04-24,GLD,0
2012-04-24,XLB,0
2012-04-24,XLE,0
2012-04-24,XLF,0.33333333333333331
2012-04-24,XLI,0.33333333333333331
2012-04-24,XLK,0.33333333333333331
2012-04-24,XLP,0
2012-04-24,XLU,0
2012-04-24,XLV,0
2012-04-24,XLY,0
2012-04-25,GLD,0
2012-04-25,XLB,0
2012-04-25,XLE,0
2012-04-25,XLF,0.33333333333333331
2012-04-25,XLI,0.33333333333333331
2012-04-25,XLK,0.33333333333333331
2012-04-25,XLP,0
2012-04-25,XLU,0
2012-04-25,XLV,0
2012-04-25,XLY,0
2012-04-26,GLD,0
2012-04-26,XLB,0
2012-04-26,XLE,0
2012-04-26,XLF,0.33333333333333331
2012-04-26,XLI,0.33333333333333331
2012-04-26,XLK,0.33333333333333331
2012-04-26,XLP,0
2012-04-26,XLU,0
2012-04-26,XLV,0
2012-04-26,XLY,0
2012-04-27,GLD,0
2012-04-27,XLB,0
2012-04-27,XLE,0
2012-04-27,XLF,0.33333333333333331
2012-04-27,XLI,0.33333333333333331
2012-04-27,XLK,0.33333333333333331
2012-04-27,XLP,0
2012-04-27,XLU,0
2012-04-27,XLV,0
2012-04-27,XLY,0
2012-04-30,GLD,0
2012-04-30,XLB,0
2012-04-30,XLE,0
2012-04-30,XLF,0.33333333333333331
2012-04-30,XLI,0
2012-04-30,XLK,0.33333333333333331
2012-04-30,XLP,0
2012-04-30,XLU,0
2012-04-30,XLV,0
2012-04-30,XLY,0.33333333333333331
2012-05-01,GLD,0
2012-05-01,XLB,0
2012-05-01,XLE,0
2012-05-01,XLF,0.33333333333333331
2012-05-01,XLI,0
2012-05-01,XLK,0.33333333333333331
2012-05-01,XLP,0
2012-05-01,XLU,0
2012-05-01,XLV,0
2012-05-01,XLY,0.33333333333333331
2012-05-02,GLD,0
2012-05-02,XLB,0
2012-05-02,XLE,0
2012-05-02,XLF,0.33333333333333331
2012-05-02,XLI,0
2012-05-02,XLK,0.33333333333333331
2012-05-02,XLP,0
2012-05-02,XLU,0
2012-05-02,XLV,0
2012-05-02,XLY,0.33333333333333331
2012-05-03,GLD,0
2012-05-03,XLB,0
2012-05-03,XLE,0
2012-05-03,XLF,0.33333333333333331
2012-05-03,XLI,0
2012-05-03,XLK,0.33333333333333331
2012-05-03,XLP,0
2012-05-03,XLU,0
2012-05-03,XLV,0
2012-05-03,XLY,0.33333333333333331
2012-05-04,GLD,0
2012-05-04,XLB,0
2012-05-04,XLE,0
2012-05-04,XLF,0.33333333333333331
2012-05-04,XLI,0
2012-05-04,XLK,0.33333333333333331
2012-05-04,XLP,0
2012-05-04,XLU,0
2012-05-04,XLV,0
2012-05-04,XLY,0.33333333333333331
2012-05-07,GLD,0
2012-05-07,XLB,0
2012-05-07,XLE,0
2012-05-07,XLF,0.33333333333333331
2012-05-07,XLI,0
2012-05-07,XLK,0.33333333333333331
2012-05-07,XLP,0
2012-05-07,XLU,0
2012-05-07,XLV,0
2012-05-07,XLY,0.33333333333333331
2012-05-08,GLD,0
2012-05-08,XLB,0
2012-05-08,XLE,0
2012-05-08,XLF,0.33333333333333331
2012-05-08,XLI,0
2012-05-08,XLK,0.33333333333333331
2012-05-08,XLP,0
2012-05-08,XLU,0
2012-05-08,XLV,0
2012-05-08,XLY,0.33333333333333331
2012-05-09,GLD,0
2012-05-09,XLB,0
2012-05-09,XLE,0
2012-05-09,XLF,0.33333333333333331
2012-05-09,XLI,0
2012-05-09,XLK,0.33333333333333331
2012-05-09,XLP,0
2012-05-09,XLU,0
2012-05-09,XLV,0
2012-05-09,XLY,0.33333333333333331
2012-05-10,GLD,0
2012-05-10,XLB,0
2012-05-10,XLE,0
2012-05-10,XLF,0.33333333333333331
2012-05-10,XLI,0
2012-05-10,XLK,0.33333333333333331
2012-05-10,XLP,0
2012-05-10,XLU,0
2012-05-10,XLV,0
2012-05-10,XLY,0.33333333333333331
2012-05-11,GLD,0
2012-05-11,XLB,0
2012-05-11,XLE,0
2012-05-11,XLF,0.33333333333333331
2012-05-11,XLI,0
2012-05-11,XLK,0.33333333333333331
2012-05-11,XLP,0
2012-05-11,XLU,0
2012-05-11,XLV,0
2012-05-11,XLY,0.33333333333333331
2012-05-14,GLD,0
2012-05-14,XLB,0
2012-05-14,XLE,0
2012-05-14,XLF,0.33333333333333331
2012-05-14,XLI,0
2012-05-14,XLK,0.33333333333333331
2012-05-14,XLP,0
2012-05-14,XLU,0
2012-05-14,XLV,0
2012-05-14,XLY,0.33333333333333331
2012-05-15,GLD,0
2012-05-15,XLB,0
2012-05-15,XLE,0
2012-05-15,XLF,0.33333333333333331
2012-05-15,XLI,0
2012-05-15,XLK,0.33333333333333331
2012-05-15,XLP,0
2012-05-15,XLU,0
2012-05-15,XLV,0
2012-05-15,XLY,0.33333333333333331
2012-05-16,GLD,0
2012-05-16,XLB,0
2012-05-16,XLE,0
2012-05-16,XLF,0.33333333333333331
2012-05-16,XLI,0
2012-05-16,XLK,0.33333333333333331
2012-05-16,XLP,0
2012-05-16,XLU,0
2012-05-16,XLV,0
2012-05-16,XLY,0.33333333333333331
2012-05-17,GLD,0
2012-05-17,XLB,0
2012-05-17,XLE,0
2012-05-17,XLF,0.33333333333333331
2012-05-17,XLI,0
2012-05-17,XLK,0.33333333333333331
2012-05-17,XLP,0
2012-05-17,XLU,0
2012-05-17,XLV,0
2012-05-17,XLY,0.33333333333333331
2012-05-18,GLD,0
2012-05-18,XLB,0
2012-05-18,XLE,0
2012-05-18,XLF,0.33333333333333331
2012-05-18,XLI,0
2012-05-18,XLK,0.33333333333333331
2012-05-18,XLP,0
2012-05-18,XLU,0
2012-05-18,XLV,0
2012-05-18,XLY,0.33333333333333331
2012-05-21,GLD,0
2012-05-21,XLB,0
2012-05-21,XLE,0
2012-05-21,XLF,0.33333333333333331
2012-05-21,XLI,0
2012-05-21,XLK,0.33333333333333331
2012-05-21,XLP,0
2012-05-21,XLU,0
2012-05-21,XLV,0
2012-05-21,XLY,0.33333333333333331
2012-05-22,GLD,0
2012-05-22,XLB,0
2012-05-22,XLE,0
2012-05-22,XLF,0.33333333333333331
2012-05-22,XLI,0
2012-05-22,XLK,0.33333333333333331
2012-05-22,XLP,0
2012-05-22,XLU,0
2012-05-22,XLV,0
2012-05-22,XLY,0.33333333333333331
2012-05-23,GLD,0
2012-05-23,XLB,0
2012-05-23,XLE,0
2012-05-23,XLF,0.33333333333333331
2012-05-23,XLI,0
2012-05-23,XLK,0.33333333333333331
2012-05-23,XLP,0
2012-05-23,XLU,0
2012-05-23,XLV,0
2012-05-23,XLY,0.33333333333333331
2012-05-24,GLD,0
2012-05-24,XLB,0
2012-05-24,XLE,0
2012-05-24,XLF,0.33333333333333331
2012-05-24,XLI,0
2012-05-24,XLK,0.33333333333333331
2012-05-24,XLP,0
2012-05-24,XLU,0
2012-05-24,XLV,0
2012-05-24,XLY,0.33333333333333331
2012-05-25,GLD,0
2012-05-25,XLB,0
2012-05-25,XLE,0
2012-05-25,XLF,0.33333333333333331
2012-05-25,XLI,0
2012-05-25,XLK,0.33333333333333331
2012-05-25,XLP,0
2012-05-25,XLU,0
2012-05-25,XLV,0
2012-05-25,XLY,0.33333333333333331
2012-05-29,GLD,0
2012-05-29,XLB,0
2012-05-29,XLE,0
2012-05-29,XLF,0.33333333333333331
2012-05-29,XLI,0
2012-05-29,XLK,0.33333333333333331
2012-05-29,XLP,0
2012-05-29,XLU,0
2012-05-29,XLV,0
2012-05-29,XLY,0.33333333333333331
2012-05-30,GLD,0
2012-05-30,XLB,0
2012-05-30,XLE,0
2012-05-30,XLF,0.33333333333333331
2012-05-30,XLI,0
2012-05-30,XLK,0.33333333333333331
2012-05-30,XLP,0
2012-05-30,XLU,0
2012-05-30,XLV,0
2012-05-30,XLY,0.33333333333333331
2012-05-31,GLD,0
2012-05-31,XLB,0
2012-05-31,XLE,0
2012-05-31,XLF,0.33333333333333331
2012-05-31,XLI,0
2012-05-31,XLK,0.33333333333333331
2012-05-31,XLP,0
2012-05-31,XLU,0
2012-05-31,XLV,0
2012-05-31,XLY,0.33333333333333331
2012-06-01,GLD,0
2012-06-01,XLB,0
2012-06-01,XLE,0
2012-06-01,XLF,0.33333333333333331
2012-06-01,XLI,0
2012-06-01,XLK,0.33333333333333331
2012-06-01,XLP,0
2012-06-01,XLU,0
2012-06-01,XLV,0
2012-06-01,XLY,0.33333333333333331
2012-06-04,GLD,0
2012-06-04,XLB,0
2012-06-04,XLE,0
2012-06-04,XLF,0.33333333333333331
2012-06-04,XLI,0
2012-06-04,XLK,0.33333333333333331
2012-06-04,XLP,0
2012-06-04,XLU,0
2012-06-04,XLV,0
2012-06-04,XLY,0.33333333333333331
2012-06-05,GLD,0
2012-06-05,XLB,0
2012-06-05,XLE,0
2012-06-05,XLF,0.33333333333333331
2012-06-05,XLI,0
2012-06-05,XLK,0.33333333333333331
2012-06-05,XLP,0
2012-06-05,XLU,0
2012-06-05,XLV,0
2012-06-05,XLY,0.33333333333333331
2012-06-06,GLD,0
2012-06-06,XLB,0
2012-06-06,XLE,0
2012-06-06,XLF,0.33333333333333331
2012-06-06,XLI,0
2012-06-06,XLK,0.33333333333333331
2012-06-06,XLP,0
2012-06-06,XLU,0
2012-06-06,XLV,0
2012-06-06,XLY,0.33333333333333331
2012-06-07,GLD,0
2012-06-07,XLB,0
2012-06-07,XLE,0
2012-06-07,XLF,0.33333333333333331
2012-06-07,XLI,0
2012-06-07,XLK,0.33333333333333331
2012-06-07,XLP,0
2012-06-07,XLU,0
2012-06-07,XLV,0
2012-06-07,XLY,0.33333333333333331
2012-06-08,GLD,0
2012-06-08,XLB,0
2012-06-08,XLE,0
2012-06-08,XLF,0.33333333333333331
2012-06-08,XLI,0
2012-06-08,XLK,0.33333333333333331
2012-06-08,XLP,0
2012-06-08,XLU,0
2012-06-08,XLV,0
2012-06-08,XLY,0.33333333333333331
2012-06-11,GLD,0
2012-06-11,XLB,0
2012-06-11,XLE,0
2012-06-11,XLF,0.33333333333333331
2012-06-11,XLI,0
2012-06-11,XLK,0.33333333333333331
2012-06-11,XLP,0
2012-06-11,XLU,0
2012-06-11,XLV,0
2012-06-11,XLY,0.33333333333333331
2012-06-12,GLD,0
2012-06-12,XLB,0
2012-06-12,XLE,0
2012-06-12,XLF,0.33333333333333331
2012-06-12,XLI,0
2012-06-12,XLK,0.33333333333333331
2012-06-12,XLP,0
2012-06-12,XLU,0
2012-06-12,XLV,0
2012-06-12,XLY,0.33333333333333331
2012-06-13,GLD,0
2012-06-13,XLB,0
2012-06-13,XLE,0
2012-06-13,XLF,0.33333333333333331
2012-06-13,XLI,0
2012-06-13,XLK,0.33333333333333331
2012-06-13,XLP,0
2012-06-13,XLU,0
2012-06-13,XLV,0
2012-06-13,XLY,0.33333333333333331
2012-06-14,GLD,0
2012-06-14,XLB,0
2012-06-14,XLE,0
2012-06-14,XLF,0.33333333333333331
2012-06-14,XLI,0
2012-06-14,XLK,0.33333333333333331
2012-06-14,XLP,0
2012-06-14,XLU,0
2012-06-14,XLV,0
2012-06-14,XLY,0.33333333333333331
2012-06-15,GLD,0
2012-06-15,XLB,0
2012-06-15,XLE,0
2012-06-15,XLF,0.33333333333333331
2012-06-15,XLI,0
2012-06-15,XLK,0.33333333333333331
2012-06-15,XLP,0
2012-06-15,XLU,0
2012-06-15,XLV,0
2012-06-15,XLY,0.33333333333333331
2012-06-18,GLD,0
2012-06-18,XLB,0
2012-06-18,XLE,0
2012-06-18,XLF,0.33333333333333331
2012-06-18,XLI,0
2012-06-18,XLK,0.33333333333333331
2012-06-18,XLP,0
2012-06-18,XLU,0
2012-06-18,XLV,0
2012-06-18,XLY,0.33333333333333331
2012-06-19,GLD,0
2012-06-19,XLB,0
2012-06-19,XLE,0
2012-06-19,XLF,0.33333333333333331
2012-06-19,XLI,0
2012-06-19,XLK,0.33333333333333331
2012-06-19,XLP,0
2012-06-19,XLU,0
2012-06-19,XLV,0
2012-06-19,XLY,0.33333333333333331
2012-06-20,GLD,0
2012-06-20,XLB,0
2012-06-20,XLE,0
2012-06-20,XLF,0.33333333333333331
2012-06-20,XLI,0
2012-06-20,XLK,0.33333333333333331
2012-06-20,XLP,0
2012-06-20,XLU,0
2012-06-20,XLV,0
2012-06-20,XLY,0.33333333333333331
2012-06-21,GLD,0
2012-06-21,XLB,0
2012-06-21,XLE,0
2012-06-21,XLF,0.33333333333333331
2012-06-21,XLI,0
2012-06-21,XLK,0.33333333333333331
2012-06-21,XLP,0
2012-06-21,XLU,0
2012-06-21,XLV,0
2012-06-21,XLY,0.33333333333333331
2012-06-22,GLD,0
2012-06-22,XLB,0
2012-06-22,XLE,0
2012-06-22,XLF,0.33333333333333331
2012-06-22,XLI,0
2012-06-22,XLK,0.33333333333333331
2012-06-22,XLP,0
2012-06-22,XLU,0
2012-06-22,XLV,0
2012-06-22,XLY,0.33333333333333331
2012-06-25,GLD,0
2012-06-25,XLB,0
2012-06-25,XLE,0
2012-06-25,XLF,0.33333333333333331
2012-06-25,XLI,0
2012-06-25,XLK,0.33333333333333331
2012-06-25,XLP,0
2012-06-25,XLU,0
2012-06-25,XLV,0
2012-06-25,XLY,0.33333333333333331
2012-06-26,GLD,0
2012-06-26,XLB,0
2012-06-26,XLE,0
2012-06-26,XLF,0.33333333333333331
2012-06-26,XLI,0
2012-06-26,XLK,0.33333333333333331
2012-06-26,XLP,0
2012-06-26,XLU,0
2012-06-26,XLV,0
2012-06-26,XLY,0.33333333333333331
2012-06-27,GLD,0
2012-06-27,XLB,0
2012-06-27,XLE,0
2012-06-27,XLF,0.33333333333333331
2012-06-27,XLI,0
2012-06-27,XLK,0.33333333333333331
2012-06-27,XLP,0
2012-06-27,XLU,0
2012-06-27,XLV,0
2012-06-27,XLY,0.33333333333333331
2012-06-28,GLD,0
2012-06-28,XLB,0
2012-06-28,XLE,0
2012-06-28,XLF,0.33333333333333331
2012-06-28,XLI,0
2012-06-28,XLK,0.33333333333333331
2012-06-28,XLP,0
2012-06-28,XLU,0
2012-06-28,XLV,0
2012-06-28,XLY,0.33333333333333331
2012-06-29,GLD,0
2012-06-29,XLB,0
2012-06-29,XLE,0
2012-06-29,XLF,0.33333333333333331
2012-06-29,XLI,0
2012-06-29,XLK,0.33333333333333331
2012-06-29,XLP,0
2012-06-29,XLU,0
2012-06-29,XLV,0
2012-06-29,XLY,0.33333333333333331
2012-07-02,GLD,0
2012-07-02,XLB,0
2012-07-02,XLE,0
2012-07-02,XLF,0.33333333333333331
2012-07-02,XLI,0
2012-07-02,XLK,0.33333333333333331
2012-07-02,XLP,0
2012-07-02,XLU,0
2012-07-02,XLV,0
2012-07-02,XLY,0.33333333333333331
2012-07-03,GLD,0
2012-07-03,XLB,0
2012-07-03,XLE,0
2012-07-03,XLF,0.33333333333333331
2012-07-03,XLI,0
2012-07-03,XLK,0.33333333333333331
2012-07-03,XLP,0
2012-07-03,XLU,0
2012-07-03,XLV,0
2012-07-03,XLY,0.33333333333333331
2012-07-05,GLD,0
2012-07-05,XLB,0
2012-07-05,XLE,0
2012-07-05,XLF,0.33333333333333331
2012-07-05,XLI,0
2012-07-05,XLK,0.33333333333333331
2012-07-05,XLP,0
2012-07-05,XLU,0
2012-07-05,XLV,0
2012-07-05,XLY,0.33333333333333331
2012-07-06,GLD,0
2012-07-06,XLB,0
2012-07-06,XLE,0
2012-07-06,XLF,0.33333333333333331
2012-07-06,XLI,0
2012-07-06,XLK,0.33333333333333331
2012-07-06,XLP,0
2012-07-06,XLU,0
2012-07-06,XLV,0
2012-07-06,XLY,0.33333333333333331
2012-07-09,GLD,0
2012-07-09,XLB,0
2012-07-09,XLE,0
2012-07-09,XLF,0.33333333333333331
2012-07-09,XLI,0
2012-07-09,XLK,0.33333333333333331
2012-07-09,XLP,0
2012-07-09,XLU,0
2012-07-09,XLV,0
2012-07-09,XLY,0.33333333333333331
2012-07-10,GLD,0
2012-07-10,XLB,0
2012-07-10,XLE,0
2012-07-10,XLF,0.33333333333333331
2012-07-10,XLI,0
2012-07-10,XLK,0.33333333333333331
2012-07-10,XLP,0
2012-07-10,XLU,0
2012-07-10,XLV,0
2012-07-10,XLY,0.33333333333333331
2012-07-11,GLD,0
2012-07-11,XLB,0
2012-07-11,XLE,0
2012-07-11,XLF,0.33333333333333331
2012-07-11,XLI,0
2012-07-11,XLK,0.33333333333333331
2012-07-11,XLP,0
2012-07-11,XLU,0
2012-07-11,XLV,0
2012-07-11,XLY,0.33333333333333331
2012-07-12,GLD,0
2012-07-12,XLB,0
2012-07-12,XLE,0
2012-07-12,XLF,0.33333333333333331
2012-07-12,XLI,0
2012-07-12,XLK,0.33333333333333331
2012-07-12,XLP,0
2012-07-12,XLU,0
2012-07-12,XLV,0
2012-07-12,XLY,0.33333333333333331
2012-07-13,GLD,0
2012-07-13,XLB,0
2012-07-13,XLE,0
2012-07-13,XLF,0.33333333333333331
2012-07-13,XLI,0
2012-07-13,XLK,0.33333333333333331
2012-07-13,XLP,0
2012-07-13,XLU,0
2012-07-13,XLV,0
2012-07-13,XLY,0.33333333333333331
2012-07-16,GLD,0
2012-07-16,XLB,0
2012-07-16,XLE,0
2012-07-16,XLF,0.33333333333333331
2012-07-16,XLI,0
2012-07-16,XLK,0.33333333333333331
2012-07-16,XLP,0
2012-07-16,XLU,0
2012-07-16,XLV,0
2012-07-16,XLY,0.33333333333333331
2012-07-17,GLD,0
2012-07-17,XLB,0
2012-07-17,XLE,0
2012-07-17,XLF,0.33333333333333331
2012-07-17,XLI,0
2012-07-17,XLK,0.33333333333333331
2012-07-17,XLP,0
2012-07-17,XLU,0
2012-07-17,XLV,0
2012-07-17,XLY,0.33333333333333331
2012-07-18,GLD,0
2012-07-18,XLB,0
2012-07-18,XLE,0
2012-07-18,XLF,0.33333333333333331
2012-07-18,XLI,0
2012-07-18,XLK,0.33333333333333331
2012-07-18,XLP,0
2012-07-18,XLU,0
2012-07-18,XLV,0
2012-07-18,XLY,0.33333333333333331
2012-07-19,GLD,0
2012-07-19,XLB,0
2012-07-19,XLE,0
2012-07-19,XLF,0.33333333333333331
2012-07-19,XLI,0
2012-07-19,XLK,0.33333333333333331
2012-07-19,XLP,0
2012-07-19,XLU,0
2012-07-19,XLV,0
2012-07-19,XLY,0.33333333333333331
2012-07-20,GLD,0
2012-07-20,XLB,0
2012-07-20,XLE,0
2012-07-20,XLF,0.33333333333333331
2012-07-20,XLI,0
2012-07-20,XLK,0.33333333333333331
2012-07-20,XLP,0
2012-07-20,XLU,0
2012-07-20,XLV,0
2012-07-20,XLY,0.33333333333333331
2012-07-23,GLD,0
2012-07-23,XLB,0
2012-07-23,XLE,0
2012-07-23,XLF,0.33333333333333331
2012-07-23,XLI,0
2012-07-23,XLK,0.33333333333333331
2012-07-23,XLP,0
2012-07-23,XLU,0
2012-07-23,XLV,0
2012-07-23,XLY,0.33333333333333331
2012-07-24,GLD,0
2012-07-24,XLB,0
2012-07-24,XLE,0
2012-07-24,XLF,0.33333333333333331
2012-07-24,XLI,0
2012-07-24,XLK,0.33333333333333331
2012-07-24,XLP,0
2012-07-24,XLU,0
2012-07-24,XLV,0
2012-07-24,XLY,0.33333333333333331
2012-07-25,GLD,0
2012-07-25,XLB,0
2012-07-25,XLE,0
2012-07-25,XLF,0.33333333333333331
2012-07-25,XLI,0
2012-07-25,XLK,0.33333333333333331
2012-07-25,XLP,0
2012-07-25,XLU,0
2012-07-25,XLV,0
2012-07-25,XLY,0.33333333333333331
2012-07-26,GLD,0
2012-07-26,XLB,0
2012-07-26,XLE,0
2012-07-26,XLF,0.33333333333333331
2012-07-26,XLI,0
2012-07-26,XLK,0.33333333333333331
2012-07-26,XLP,0
2012-07-26,XLU,0
2012-07-26,XLV,0
2012-07-26,XLY,0.33333333333333331
2012-07-27,GLD,0
2012-07-27,XLB,0
2012-07-27,XLE,0
2012-07-27,XLF,0.33333333333333331
2012-07-27,XLI,0
2012-07-27,XLK,0.33333333333333331
2012-07-27,XLP,0
2012-07-27,XLU,0
2012-07-27,XLV,0
2012-07-27,XLY,0.33333333333333331
2012-07-30,GLD,0
2012-07-30,XLB,0
2012-07-30,XLE,0
2012-07-30,XLF,0
2012-07-30,XLI,0
2012-07-30,XLK,0
2012-07-30,XLP,0.33333333333333331
2012-07-30,XLU,0.33333333333333331
2012-07-30,XLV,0.33333333333333331
2012-07-30,XLY,0
2012-07-31,GLD,0
2012-07-31,XLB,0
2012-07-31,XLE,0
2012-07-31,XLF,0
2012-07-31,XLI,0
2012-07-31,XLK,0
2012-07-31,XLP,0.33333333333333331
2012-07-31,XLU,0.33333333333333331
2012-07-31,XLV,0.33333333333333331
2012-07-31,XLY,0
2012-08-01,GLD,0
2012-08-01,XLB,0
2012-08-01,XLE,0
2012-08-01,XLF,0
2012-08-01,XLI,0
2012-08-01,XLK,0
2012-08-01,XLP,0.33333333333333331
2012-08-01,XLU,0.33333333333333331
2012-08-01,XLV,0.33333333333333331
2012-08-01,XLY,0
2012-08-02,GLD,0
2012-08-02,XLB,0
2012-08-02,XLE,0
2012-08-02,XLF,0
2012-08-02,XLI,0
2012-08-02,XLK,0
2012-08-02,XLP,0.33333333333333331
2012-08-02,XLU,0.33333333333333331
2012-08-02,XLV,0.33333333333333331
2012-08-02,XLY,0
2012-08-03,GLD,0
2012-08-03,XLB,0
2012-08-03,XLE,0
2012-08-03,XLF,0
2012-08-03,XLI,0
2012-08-03,XLK,0
2012-08-03,XLP,0.33333333333333331
2012-08-03,XLU,0.33333333333333331
2012-08-03,XLV,0.33333333333333331
2012-08-03,XLY,0
2012-08-06,GLD,0
2012-08-06,XLB,0
2012-08-06,XLE,0
2012-08-06,XLF,0
2012-08-06,XLI,0
2012-08-06,XLK,0
2012-08-06,XLP,0.33333333333333331
2012-08-06,XLU,0.33333333333333331
2012-08-06,XLV,0.33333333333333331
2012-08-06,XLY,0
2012-08-07,GLD,0
2012-08-07,XLB,0
2012-08-07,XLE,0
2012-08-07,XLF,0
2012-08-07,XLI,0
2012-08-07,XLK,0
2012-08-07,XLP,0.33333333333333331
2012-08-07,XLU,0.33333333333333331
2012-08-07,XLV,0.33333333333333331
2012-08-07,XLY,0
2012-08-08,GLD,0
2012-08-08,XLB,0
2012-08-08,XLE,0
2012-08-08,XLF,0
2012-08-08,XLI,0
2012-08-08,XLK,0
2012-08-08,XLP,0.33333333333333331
2012-08-08,XLU,0.33333333333333331
2012-08-08,XLV,0.33333333333333331
2012-08-08,XLY,0
2012-08-09,GLD,0
2012-08-09,XLB,0
2012-08-09,XLE,0
2012-08-09,XLF,0
2012-08-09,XLI,0
2012-08-09,XLK,0
2012-08-09,XLP,0.33333333333333331
2012-08-09,XLU,0.33333333333333331
2012-08-09,XLV,0.33333333333333331
2012-08-09,XLY,0
2012-08-10,GLD,0
2012-08-10,XLB,0
2012-08-10,XLE,0
2012-08-10,XLF,0
2012-08-10,XLI,0
2012-08-10,XLK,0
2012-08-10,XLP,0.33333333333333331
2012-08-10,XLU,0.33333333333333331
2012-08-10,XLV,0.33333333333333331
2012-08-10,XLY,0
2012-08-13,GLD,0
2012-08-13,XLB,0
2012-08-13,XLE,0
2012-08-13,XLF,0
2012-08-13,XLI,0
2012-08-13,XLK,0
2012-08-13,XLP,0.33333333333333331
2012-08-13,XLU,0.33333333333333331
2012-08-13,XLV,0.33333333333333331
2012-08-13,XLY,0
2012-08-14,GLD,0
2012-08-14,XLB,0
2012-08-14,XLE,0
2012-08-14,XLF,0
2012-08-14,XLI,0
2012-08-14,XLK,0
2012-08-14,XLP,0.33333333333333331
2012-08-14,XLU,0.33333333333333331
2012-08-14,XLV,0.33333333333333331
2012-08-14,XLY,0
2012-08-15,GLD,0
2012-08-15,XLB,0
2012-08-15,XLE,0
2012-08-15,XLF,0
2012-08-15,XLI,0
2012-08-15,XLK,0
2012-08-15,XLP,0.33333333333333331
2012-08-15,XLU,0.33333333333333331
2012-08-15,XLV,0.33333333333333331
2012-08-15,XLY,0
2012-08-16,GLD,0
2012-08-16,XLB,0
2012-08-16,XLE,0
2012-08-16,XLF,0
2012-08-16,XLI,0
2012-08-16,XLK,0
2012-08-16,XLP,0.33333333333333331
2012-08-16,XLU,0.33333333333333331
2012-08-16,XLV,0.33333333333333331
2012-08-16,XLY,0
2012-08-17,GLD,0
2012-08-17,XLB,0
2012-08-17,XLE,0
2012-08-17,XLF,0
2012-08-17,XLI,0
2012-08-17,XLK,0
2012-08-17,XLP,0.33333333333333331
2012-08-17,XLU,0.33333333333333331
2012-08-17,XLV,0.33333333333333331
2012-08-17,XLY,0
2012-08-20,GLD,0
2012-08-20,XLB,0
2012-08-20,XLE,0
2012-08-20,XLF,0
2012-08-20,XLI,0
2012-08-20,XLK,0
2012-08-20,XLP,0.33333333333333331
2012-08-20,XLU,0.33333333333333331
2012-08-20,XLV,0.33333333333333331
2012-08-20,XLY,0
2012-08-21,GLD,0
2012-08-21,XLB,0
2012-08-21,XLE,0
2012-08-21,XLF,0
2012-08-21,XLI,0
2012-08-21,XLK,0
2012-08-21,XLP,0.33333333333333331
2012-08-21,XLU,0.33333333333333331
2012-08-21,XLV,0.33333333333333331
2012-08-21,XLY,0
2012-08-22,GLD,0
2012-08-22,XLB,0
2012-08-22,XLE,0
2012-08-22,XLF,0
2012-08-22,XLI,0
2012-08-22,XLK,0
2012-08-22,XLP,0.33333333333333331
2012-08-22,XLU,0.33333333333333331
2012-08-22,XLV,0.33333333333333331
2012-08-22,XLY,0
2012-08-23,GLD,0
2012-08-23,XLB,0
2012-08-23,XLE,0
2012-08-23,XLF,0
2012-08-23,XLI,0
2012-08-23,XLK,0
2012-08-23,XLP,0.33333333333333331
2012-08-23,XLU,0.33333333333333331
2012-08-23,XLV,0.33333333333333331
2012-08-23,XLY,0
2012-08-24,GLD,0
2012-08-24,XLB,0
2012-08-24,XLE,0
2012-08-24,XLF,0
2012-08-24,XLI,0
2012-08-24,XLK,0
2012-08-24,XLP,0.33333333333333331
2012-08-24,XLU,0.33333333333333331
2012-08-24,XLV,0.33333333333333331
2012-08-24,XLY,0
2012-08-27,GLD,0
2012-08-27,XLB,0
2012-08-27,XLE,0
2012-08-27,XLF,0
2012-08-27,XLI,0
2012-08-27,XLK,0
2012-08-27,XLP,0.33333333333333331
2012-08-27,XLU,0.33333333333333331
2012-08-27,XLV,0.33333333333333331
2012-08-27,XLY,0
2012-08-28,GLD,0
2012-08-28,XLB,0
2012-08-28,XLE,0
2012-08-28,XLF,0
2012-08-28,XLI,0
2012-08-28,XLK,0
2012-08-28,XLP,0.33333333333333331
2012-08-28,XLU,0.33333333333333331
2012-08-28,XLV,0.33333333333333331
2012-08-28,XLY,0
2012-08-29,GLD,0
2012-08-29,XLB,0
2012-08-29,XLE,0
2012-08-29,XLF,0
2012-08-29,XLI,0
2012-08-29,XLK,0
2012-08-29,XLP,0.33333333333333331
2012-08-29,XLU,0.33333333333333331
2012-08-29,XLV,0.33333333333333331
2012-08-29,XLY,0
2012-08-30,GLD,0
2012-08-30,XLB,0
2012-08-30,XLE,0
2012-08-30,XLF,0
2012-08-30,XLI,0
2012-08-30,XLK,0
2012-08-30,XLP,0.33333333333333331
2012-08-30,XLU,0.33333333333333331
2012-08-30,XLV,0.33333333333333331
2012-08-30,XLY,0
2012-08-31,GLD,0
2012-08-31,XLB,0
2012-08-31,XLE,0
2012-08-31,XLF,0
2012-08-31,XLI,0
2012-08-31,XLK,0
2012-08-31,XLP,0.33333333333333331
2012-08-31,XLU,0.33333333333333331
2012-08-31,XLV,0.33333333333333331
2012-08-31,XLY,0
2012-09-04,GLD,0
2012-09-04,XLB,0
2012-09-04,XLE,0
2012-09-04,XLF,0
2012-09-04,XLI,0
2012-09-04,XLK,0
2012-09-04,XLP,0.33333333333333331
2012-09-04,XLU,0.33333333333333331
2012-09-04,XLV,0.33333333333333331
2012-09-04,XLY,0
2012-09-05,GLD,0
2012-09-05,XLB,0
2012-09-05,XLE,0
2012-09-05,XLF,0
2012-09-05,XLI,0
2012-09-05,XLK,0
2012-09-05,XLP,0.33333333333333331
2012-09-05,XLU,0.33333333333333331
2012-09-05,XLV,0.33333333333333331
2012-09-05,XLY,0
2012-09-06,GLD,0
2012-09-06,XLB,0
2012-09-06,XLE,0
2012-09-06,XLF,0
2012-09-06,XLI,0
2012-09-06,XLK,0
2012-09-06,XLP,0.33333333333333331
2012-09-06,XLU,0.33333333333333331
2012-09-06,XLV,0.33333333333333331
2012-09-06,XLY,0
2012-09-07,GLD,0
2012-09-07,XLB,0
2012-09-07,XLE,0
2012-09-07,XLF,0
2012-09-07,XLI,0
2012-09-07,XLK,0
2012-09-07,XLP,0.33333333333333331
2012-09-07,XLU,0.33333333333333331
2012-09-07,XLV,0.33333333333333331
2012-09-07,XLY,0
2012-09-10,GLD,0
2012-09-10,XLB,0
2012-09-10,XLE,0
2012-09-10,XLF,0
2012-09-10,XLI,0
2012-09-10,XLK,0
2012-09-10,XLP,0.33333333333333331
2012-09-10,XLU,0.33333333333333331
2012-09-10,XLV,0.33333333333333331
2012-09-10,XLY,0
2012-09-11,GLD,0
2012-09-11,XLB,0
2012-09-11,XLE,0
2012-09-11,XLF,0
2012-09-11,XLI,0
2012-09-11,XLK,0
2012-09-11,XLP,0.33333333333333331
2012-09-11,XLU,0.33333333333333331
2012-09-11,XLV,0.33333333333333331
2012-09-11,XLY,0
2012-09-12,GLD,0
2012-09-12,XLB,0
2012-09-12,XLE,0
2012-09-12,XLF,0
2012-09-12,XLI,0
2012-09-12,XLK,0
2012-09-12,XLP,0.33333333333333331
2012-09-12,XLU,0.33333333333333331
2012-09-12,XLV,0.33333333333333331
2012-09-12,XLY,0
2012-09-13,GLD,0
2012-09-13,XLB,0
2012-09-13,XLE,0
2012-09-13,XLF,0
2012-09-13,XLI,0
2012-09-13,XLK,0
2012-09-13,XLP,0.33333333333333331
2012-09-13,XLU,0.33333333333333331
2012-09-13,XLV,0.33333333333333331
2012-09-13,XLY,0
2012-09-14,GLD,0
2012-09-14,XLB,0
2012-09-14,XLE,0
2012-09-14,XLF,0
2012-09-14,XLI,0
2012-09-14,XLK,0
2012-09-14,XLP,0.33333333333333331
2012-09-14,XLU,0.33333333333333331
2012-09-14,XLV,0.33333333333333331
2012-09-14,XLY,0
2012-09-17,GLD,0
2012-09-17,XLB,0
2012-09-17,XLE,0
2012-09-17,XLF,0
2012-09-17,XLI,0
2012-09-17,XLK,0
2012-09-17,XLP,0.33333333333333331
2012-09-17,XLU,0.33333333333333331
2012-09-17,XLV,0.33333333333333331
2012-09-17,XLY,0
2012-09-18,GLD,0
2012-09-18,XLB,0
2012-09-18,XLE,0
2012-09-18,XLF,0
2012-09-18,XLI,0
2012-09-18,XLK,0
2012-09-18,XLP,0.33333333333333331
2012-09-18,XLU,0.33333333333333331
2012-09-18,XLV,0.33333333333333331
2012-09-18,XLY,0
2012-09-19,GLD,0
2012-09-19,XLB,0
2012-09-19,XLE,0
2012-09-19,XLF,0
2012-09-19,XLI,0
2012-09-19,XLK,0
2012-09-19,XLP,0.33333333333333331
2012-09-19,XLU,0.33333333333333331
2012-09-19,XLV,0.33333333333333331
2012-09-19,XLY,0
2012-09-20,GLD,0
2012-09-20,XLB,0
2012-09-20,XLE,0
2012-09-20,XLF,0
2012-09-20,XLI,0
2012-09-20,XLK,0
2012-09-20,XLP,0.33333333333333331
2012-09-20,XLU,0.33333333333333331
2012-09-20,XLV,0.33333333333333331
2012-09-20,XLY,0
2012-09-21,GLD,0
2012-09-21,XLB,0
2012-09-21,XLE,0
2012-09-21,XLF,0
2012-09-21,XLI,0
2012-09-21,XLK,0
2012-09-21,XLP,0.33333333333333331
2012-09-21,XLU,0.33333333333333331
2012-09-21,XLV,0.33333333333333331
2012-09-21,XLY,0
2012-09-24,GLD,0
2012-09-24,XLB,0
2012-09-24,XLE,0
2012-09-24,XLF,0
2012-09-24,XLI,0
2012-09-24,XLK,0
2012-09-24,XLP,0.33333333333333331
2012-09-24,XLU,0.33333333333333331
2012-09-24,XLV,0.33333333333333331
2012-09-24,XLY,0
2012-09-25,GLD,0
2012-09-25,XLB,0
2012-09-25,XLE,0
2012-09-25,XLF,0
2012-09-25,XLI,0
2012-09-25,XLK,0
2012-09-25,XLP,0.33333333333333331
2012-09-25,XLU,0.33333333333333331
2012-09-25,XLV,0.33333333333333331
2012-09-25,XLY,0
2012-09-26,GLD,0
2012-09-26,XLB,0
2012-09-26,XLE,0
2012-09-26,XLF,0
2012-09-26,XLI,0
2012-09-26,XLK,0
2012-09-26,XLP,0.33333333333333331
2012-09-26,XLU,0.33333333333333331
2012-09-26,XLV,0.33333333333333331
2012-09-26,XLY,0
2012-09-27,GLD,0.33333333333333331
2012-09-27,XLB,0
2012-09-27,XLE,0
2012-09-27,XLF,0
2012-09-27,XLI,0
2012-09-27,XLK,0
2012-09-27,XLP,0.33333333333333331
2012-09-27,XLU,0
2012-09-27,XLV,0.33333333333333331
2012-09-27,XLY,0
2012-09-28,GLD,0.33333333333333331
2012-09-28,XLB,0
2012-09-28,XLE,0
2012-09-28,XLF,0
2012-09-28,XLI,0
2012-09-28,XLK,0
2012-09-28,XLP,0.33333333333333331
2012-09-28,XLU,0
2012-09-28,XLV,0.33333333333333331
2012-09-28,XLY,0
2012-10-01,GLD,0.33333333333333331
2012-10-01,XLB,0
2012-10-01,XLE,0
2012-10-01,XLF,0
2012-10-01,XLI,0
2012-10-01,XLK,0
2012-10-01,XLP,0.33333333333333331
2012-10-01,XLU,0
2012-10-01,XLV,0.33333333333333331
2012-10-01,XLY,0
2012-10-02,GLD,0.33333333333333331
2012-10-02,XLB,0
2012-10-02,XLE,0
2012-10-02,XLF,0
2012-10-02,XLI,0
2012-10-02,XLK,0
2012-10-02,XLP,0.33333333333333331
2012-10-02,XLU,0
2012-10-02,XLV,0.33333333333333331
2012-10-02,XLY,0
2012-10-03,GLD,0.33333333333333331
2012-10-03,XLB,0
2012-10-03,XLE,0
2012-10-03,XLF,0
2012-10-03,XLI,0
2012-10-03,XLK,0
2012-10-03,XLP,0.33333333333333331
2012-10-03,XLU,0
2012-10-03,XLV,0.33333333333333331
2012-10-03,XLY,0
2012-10-04,GLD,0.33333333333333331
2012-10-04,XLB,0
2012-10-04,XLE,0
2012-10-04,XLF,0
2012-10-04,XLI,0
2012-10-04,XLK,0
2012-10-04,XLP,0.33333333333333331
2012-10-04,XLU,0
2012-10-04,XLV,0.33333333333333331
2012-10-04,XLY,0
2012-10-05,GLD,0.33333333333333331
2012-10-05,XLB,0
2012-10-05,XLE,0
2012-10-05,XLF,0
2012-10-05,XLI,0
2012-10-05,XLK,0
2012-10-05,XLP,0.33333333333333331
2012-10-05,XLU,0
2012-10-05,XLV,0.33333333333333331
2012-10-05,XLY,0
2012-10-08,GLD,0.33333333333333331
2012-10-08,XLB,0
2012-10-08,XLE,0
2012-10-08,XLF,0
2012-10-08,XLI,0
2012-10-08,XLK,0
2012-10-08,XLP,0.33333333333333331
2012-10-08,XLU,0
2012-10-08,XLV,0.33333333333333331
2012-10-08,XLY,0
2012-10-09,GLD,0.33333333333333331
2012-10-09,XLB,0
2012-10-09,XLE,0
2012-10-09,XLF,0
2012-10-09,XLI,0
2012-10-09,XLK,0
2012-10-09,XLP,0.33333333333333331
2012-10-09,XLU,0
2012-10-09,XLV,0.33333333333333331
2012-10-09,XLY,0
2012-10-10,GLD,0.33333333333333331
2012-10-10,XLB,0
2012-10-10,XLE,0
2012-10-10,XLF,0
2012-10-10,XLI,0
2012-10-10,XLK,0
2012-10-10,XLP,0.33333333333333331
2012-10-10,XLU,0
2012-10-10,XLV,0.33333333333333331
2012-10-10,XLY,0
2012-10-11,GLD,0.33333333333333331
2012-10-11,XLB,0
2012-10-11,XLE,0
2012-10-11,XLF,0
2012-10-11,XLI,0
2012-10-11,XLK,0
2012-10-11,XLP,0.33333333333333331
2012-10-11,XLU,0
2012-10-11,XLV,0.33333333333333331
2012-10-11,XLY,0
2012-10-12,GLD,0.33333333333333331
2012-10-12,XLB,0
2012-10-12,XLE,0
2012-10-12,XLF,0
2012-10-12,XLI,0
2012-10-12,XLK,0
2012-10-12,XLP,0.33333333333333331
2012-10-12,XLU,0
2012-10-12,XLV,0.33333333333333331
2012-10-12,XLY,0
2012-10-15,GLD,0.33333333333333331
2012-10-15,XLB,0
2012-10-15,XLE,0
2012-10-15,XLF,0
2012-10-15,XLI,0
2012-10-15,XLK,0
2012-10-15,XLP,0.33333333333333331
2012-10-15,XLU,0
2012-10-15,XLV,0.33333333333333331
2012-10-15,XLY,0
2012-10-16,GLD,0.33333333333333331
2012-10-16,XLB,0
2012-10-16,XLE,0
2012-10-16,XLF,0
2012-10-16,XLI,0
2012-10-16,XLK,0
2012-10-16,XLP,0.33333333333333331
2012-10-16,XLU,0
2012-10-16,XLV,0.33333333333333331
2012-10-16,XLY,0
2012-10-17,GLD,0.33333333333333331
2012-10-17,XLB,0
2012-10-17,XLE,0
2012-10-17,XLF,0
2012-10-17,XLI,0
2012-10-17,XLK,0
2012-10-17,XLP,0.33333333333333331
2012-10-17,XLU,0
2012-10-17,XLV,0.33333333333333331
2012-10-17,XLY,0
2012-10-18,GLD,0.33333333333333331
2012-10-18,XLB,0
2012-10-18,XLE,0
2012-10-18,XLF,0
2012-10-18,XLI,0
2012-10-18,XLK,0
2012-10-18,XLP,0.33333333333333331
2012-10-18,XLU,0
2012-10-18,XLV,0.33333333333333331
2012-10-18,XLY,0
2012-10-19,GLD,0.33333333333333331
2012-10-19,XLB,0
2012-10-19,XLE,0
2012-10-19,XLF,0
2012-10-19,XLI,0
2012-10-19,XLK,0
2012-10-19,XLP,0.33333333333333331
2012-10-19,XLU,0
2012-10-19,XLV,0.33333333333333331
2012-10-19,XLY,0
2012-10-22,GLD,0.33333333333333331
2012-10-22,XLB,0
2012-10-22,XLE,0
2012-10-22,XLF,0
2012-10-22,XLI,0
2012-10-22,XLK,0
2012-10-22,XLP,0.33333333333333331
2012-10-22,XLU,0
2012-10-22,XLV,0.33333333333333331
2012-10-22,XLY,0
2012-10-23,GLD,0.33333333333333331
2012-10-23,XLB,0
2012-10-23,XLE,0
2012-10-23,XLF,0
2012-10-23,XLI,0
2012-10-23,XLK,0
2012-10-23,XLP,0.33333333333333331
2012-10-23,XLU,0
2012-10-23,XLV,0.33333333333333331
2012-10-23,XLY,0
2012-10-24,GLD,0.33333333333333331
2012-10-24,XLB,0
2012-10-24,XLE,0
2012-10-24,XLF,0
2012-10-24,XLI,0
2012-10-24,XLK,0
2012-10-24,XLP,0.33333333333333331
2012-10-24,XLU,0
2012-10-24,XLV,0.33333333333333331
2012-10-24,XLY,0
2012-10-25,GLD,0.33333333333333331
2012-10-25,XLB,0
2012-10-25,XLE,0
2012-10-25,XLF,0
2012-10-25,XLI,0
2012-10-25,XLK,0
2012-10-25,XLP,0.33333333333333331
2012-10-25,XLU,0
2012-10-25,XLV,0.33333333333333331
2012-10-25,XLY,0
2012-10-26,GLD,0
2012-10-26,XLB,0
2012-10-26,XLE,0
2012-10-26,XLF,0
2012-10-26,XLI,0
2012-10-26,XLK,0
2012-10-26,XLP,0.33333333333333331
2012-10-26,XLU,0.33333333333333331
2012-10-26,XLV,0.33333333333333331
2012-10-26,XLY,0
2012-10-31,GLD,0
2012-10-31,XLB,0
2012-10-31,XLE,0
2012-10-31,XLF,0
2012-10-31,XLI,0
2012-10-31,XLK,0
2012-10-31,XLP,0.33333333333333331
2012-10-31,XLU,0.33333333333333331
2012-10-31,XLV,0.33333333333333331
2012-10-31,XLY,0
2012-11-01,GLD,0
2012-11-01,XLB,0
2012-11-01,XLE,0
2012-11-01,XLF,0
2012-11-01,XLI,0
2012-11-01,XLK,0
2012-11-01,XLP,0.33333333333333331
2012-11-01,XLU,0.33333333333333331
2012-11-01,XLV,0.33333333333333331
2012-11-01,XLY,0
2012-11-02,GLD,0
2012-11-02,XLB,0
2012-11-02,XLE,0
2012-11-02,XLF,0
2012-11-02,XLI,0
2012-11-02,XLK,0
2012-11-02,XLP,0.33333333333333331
2012-11-02,XLU,0.33333333333333331
2012-11-02,XLV,0.33333333333333331
2012-11-02,XLY,0
2012-11-05,GLD,0
2012-11-05,XLB,0
2012-11-05,XLE,0
2012-11-05,XLF,0
2012-11-05,XLI,0
2012-11-05,XLK,0
2012-11-05,XLP,0.33333333333333331
2012-11-05,XLU,0.33333333333333331
2012-11-05,XLV,0.33333333333333331
2012-11-05,XLY,0
2012-11-06,GLD,0
2012-11-06,XLB,0
2012-11-06,XLE,0
2012-11-06,XLF,0
2012-11-06,XLI,0
2012-11-06,XLK,0
2012-11-06,XLP,0.33333333333333331
2012-11-06,XLU,0.33333333333333331
2012-11-06,XLV,0.33333333333333331
2012-11-06,XLY,0
2012-11-07,GLD,0
2012-11-07,XLB,0
2012-11-07,XLE,0
2012-11-07,XLF,0
2012-11-07,XLI,0
2012-11-07,XLK,0
2012-11-07,XLP,0.33333333333333331
2012-11-07,XLU,0.33333333333333331
2012-11-07,XLV,0.33333333333333331
2012-11-07,XLY,0
2012-11-08,GLD,0
2012-11-08,XLB,0
2012-11-08,XLE,0
2012-11-08,XLF,0
2012-11-08,XLI,0
2012-11-08,XLK,0
2012-11-08,XLP,0.33333333333333331
2012-11-08,XLU,0.33333333333333331
2012-11-08,XLV,0.33333333333333331
2012-11-08,XLY,0
2012-11-09,GLD,0
2012-11-09,XLB,0
2012-11-09,XLE,0
2012-11-09,XLF,0
2012-11-09,XLI,0
2012-11-09,XLK,0
2012-11-09,XLP,0.33333333333333331
2012-11-09,XLU,0.33333333333333331
2012-11-09,XLV,0.33333333333333331
2012-11-09,XLY,0
2012-11-12,GLD,0
2012-11-12,XLB,0
2012-11-12,XLE,0
2012-11-12,XLF,0
2012-11-12,XLI,0
2012-11-12,XLK,0
2012-11-12,XLP,0.33333333333333331
2012-11-12,XLU,0.33333333333333331
2012-11-12,XLV,0.33333333333333331
2012-11-12,XLY,0
2012-11-13,GLD,0
2012-11-13,XLB,0
2012-11-13,XLE,0
2012-11-13,XLF,0
2012-11-13,XLI,0
2012-11-13,XLK,0
2012-11-13,XLP,0.33333333333333331
2012-11-13,XLU,0.33333333333333331
2012-11-13,XLV,0.33333333333333331
2012-11-13,XLY,0
2012-11-14,GLD,0
2012-11-14,XLB,0
2012-11-14,XLE,0
2012-11-14,XLF,0
2012-11-14,XLI,0
2012-11-14,XLK,0
2012-11-14,XLP,0.33333333333333331
2012-11-14,XLU,0.33333333333333331
2012-11-14,XLV,0.33333333333333331
2012-11-14,XLY,0
2012-11-15,GLD,0
2012-11-15,XLB,0
2012-11-15,XLE,0
2012-11-15,XLF,0
2012-11-15,XLI,0
2012-11-15,XLK,0
2012-11-15,XLP,0.33333333333333331
2012-11-15,XLU,0.33333333333333331
2012-11-15,XLV,0.33333333333333331
2012-11-15,XLY,0
2012-11-16,GLD,0
2012-11-16,XLB,0
2012-11-16,XLE,0
2012-11-16,XLF,0
2012-11-16,XLI,0
2012-11-16,XLK,0
2012-11-16,XLP,0.33333333333333331
2012-11-16,XLU,0.33333333333333331
2012-11-16,XLV,0.33333333333333331
2012-11-16,XLY,0
2012-11-19,GLD,0
2012-11-19,XLB,0
2012-11-19,XLE,0
2012-11-19,XLF,0
2012-11-19,XLI,0
2012-11-19,XLK,0
2012-11-19,XLP,0.33333333333333331
2012-11-19,XLU,0.33333333333333331
2012-11-19,XLV,0.33333333333333331
2012-11-19,XLY,0
2012-11-20,GLD,0
2012-11-20,XLB,0
2012-11-20,XLE,0
2012-11-20,XLF,0
2012-11-20,XLI,0
2012-11-20,XLK,0
2012-11-20,XLP,0.33333333333333331
2012-11-20,XLU,0.33333333333333331
2012-11-20,XLV,0.33333333333333331
2012-11-20,XLY,0
2012-11-21,GLD,0
2012-11-21,XLB,0
2012-11-21,XLE,0
2012-11-21,XLF,0
2012-11-21,XLI,0
2012-11-21,XLK,0
2012-11-21,XLP,0.33333333333333331
2012-11-21,XLU,0.33333333333333331
2012-11-21,XLV,0.33333333333333331
2012-11-21,XLY,0
2012-11-23,GLD,0
2012-11-23,XLB,0
2012-11-23,XLE,0
2012-11-23,XLF,0
2012-11-23,XLI,0
2012-11-23,XLK,0
2012-11-23,XLP,0.33333333333333331
2012-11-23,XLU,0.33333333333333331
2012-11-23,XLV,0.33333333333333331
2012-11-23,XLY,0
2012-11-26,GLD,0
2012-11-26,XLB,0
2012-11-26,XLE,0
2012-11-26,XLF,0
2012-11-26,XLI,0
2012-11-26,XLK,0
2012-11-26,XLP,0.33333333333333331
2012-11-26,XLU,0.33333333333333331
2012-11-26,XLV,0.33333333333333331
2012-11-26,XLY,0
2012-11-27,GLD,0
2012-11-27,XLB,0
2012-11-27,XLE,0
2012-11-27,XLF,0
2012-11-27,XLI,0
2012-11-27,XLK,0
2012-11-27,XLP,0.33333333333333331
2012-11-27,XLU,0.33333333333333331
2012-11-27,XLV,0.33333333333333331
2012-11-27,XLY,0
2012-11-28,GLD,0
2012-11-28,XLB,0
2012-11-28,XLE,0
2012-11-28,XLF,0
2012-11-28,XLI,0
2012-11-28,XLK,0
2012-11-28,XLP,0.33333333333333331
2012-11-28,XLU,0.33333333333333331
2012-11-28,XLV,0.33333333333333331
2012-11-28,XLY,0
2012-11-29,GLD,0
2012-11-29,XLB,0
2012-11-29,XLE,0.33333333333333331
2012-11-29,XLF,0.33333333333333331
2012-11-29,XLI,0
2012-11-29,XLK,0
2012-11-29,XLP,0
2012-11-29,XLU,0
2012-11-29,XLV,0.33333333333333331
2012-11-29,XLY,0
2012-11-30,GLD,0
2012-11-30,XLB,0
2012-11-30,XLE,0.33333333333333331
2012-11-30,XLF,0.33333333333333331
2012-11-30,XLI,0
2012-11-30,XLK,0
2012-11-30,XLP,0
2012-11-30,XLU,0
2012-11-30,XLV,0.33333333333333331
2012-11-30,XLY,0
2012-12-03,GLD,0
2012-12-03,XLB,0
2012-12-03,XLE,0.33333333333333331
2012-12-03,XLF,0.33333333333333331
2012-12-03,XLI,0
2012-12-03,XLK,0
2012-12-03,XLP,0
2012-12-03,XLU,0
2012-12-03,XLV,0.33333333333333331
2012-12-03,XLY,0
2012-12-04,GLD,0
2012-12-04,XLB,0
2012-12-04,XLE,0.33333333333333331
2012-12-04,XLF,0.33333333333333331
2012-12-04,XLI,0
2012-12-04,XLK,0
2012-12-04,XLP,0
2012-12-04,XLU,0
2012-12-04,XLV,0.33333333333333331
2012-12-04,XLY,0
2012-12-05,GLD,0
2012-12-05,XLB,0
2012-12-05,XLE,0.33333333333333331
2012-12-05,XLF,0.33333333333333331
2012-12-05,XLI,0
2012-12-05,XLK,0
2012-12-05,XLP,0
2012-12-05,XLU,0
2012-12-05,XLV,0.33333333333333331
2012-12-05,XLY,0
2012-12-06,GLD,0
2012-12-06,XLB,0
2012-12-06,XLE,0.33333333333333331
2012-12-06,XLF,0.33333333333333331
2012-12-06,XLI,0
2012-12-06,XLK,0
2012-12-06,XLP,0
2012-12-06,XLU,0
2012-12-06,XLV,0.33333333333333331
2012-12-06,XLY,0
2012-12-07,GLD,0
2012-12-07,XLB,0
2012-12-07,XLE,0.33333333333333331
2012-12-07,XLF,0.33333333333333331
2012-12-07,XLI,0
2012-12-07,XLK,0
2012-12-07,XLP,0
2012-12-07,XLU,0
2012-12-07,XLV,0.33333333333333331
2012-12-07,XLY,0
2012-12-10,GLD,0
2012-12-10,XLB,0
2012-12-10,XLE,0.33333333333333331
2012-12-10,XLF,0.33333333333333331
2012-12-10,XLI,0
2012-12-10,XLK,0
2012-12-10,XLP,0
2012-12-10,XLU,0
2012-12-10,XLV,0.33333333333333331
2012-12-10,XLY,0
2012-12-11,GLD,0
2012-12-11,XLB,0
2012-12-11,XLE,0.33333333333333331
2012-12-11,XLF,0.33333333333333331
2012-12-11,XLI,0
2012-12-11,XLK,0
2012-12-11,XLP,0
2012-12-11,XLU,0
2012-12-11,XLV,0.33333333333333331
2012-12-11,XLY,0
2012-12-12,GLD,0
2012-12-12,XLB,0
2012-12-12,XLE,0.33333333333333331
2012-12-12,XLF,0.33333333333333331
2012-12-12,XLI,0
2012-12-12,XLK,0
2012-12-12,XLP,0
2012-12-12,XLU,0
2012-12-12,XLV,0.33333333333333331
2012-12-12,XLY,0
2012-12-13,GLD,0
2012-12-13,XLB,0
2012-12-13,XLE,0.33333333333333331
2012-12-13,XLF,0.33333333333333331
2012-12-13,XLI,0
2012-12-13,XLK,0
2012-12-13,XLP,0
2012-12-13,XLU,0
2012-12-13,XLV,0.33333333333333331
2012-12-13,XLY,0
2012-12-14,GLD,0
2012-12-14,XLB,0
2012-12-14,XLE,0.33333333333333331
2012-12-14,XLF,0.33333333333333331
2012-12-14,XLI,0
2012-12-14,XLK,0
2012-12-14,XLP,0
2012-12-14,XLU,0
2012-12-14,XLV,0.33333333333333331
2012-12-14,XLY,0
2012-12-17,GLD,0
2012-12-17,XLB,0
2012-12-17,XLE,0.33333333333333331
2012-12-17,XLF,0.33333333333333331
2012-12-17,XLI,0
2012-12-17,XLK,0
2012-12-17,XLP,0
2012-12-17,XLU,0
2012-12-17,XLV,0.33333333333333331
2012-12-17,XLY,0
2012-12-18,GLD,0
2012-12-18,XLB,0
2012-12-18,XLE,0.33333333333333331
2012-12-18,XLF,0.33333333333333331
2012-12-18,XLI,0
2012-12-18,XLK,0
2012-12-18,XLP,0
2012-12-18,XLU,0
2012-12-18,XLV,0.33333333333333331
2012-12-18,XLY,0
2012-12-19,GLD,0
2012-12-19,XLB,0
2012-12-19,XLE,0.33333333333333331
2012-12-19,XLF,0.33333333333333331
2012-12-19,XLI,0
2012-12-19,XLK,0
2012-12-19,XLP,0
2012-12-19,XLU,0
2012-12-19,XLV,0.33333333333333331
2012-12-19,XLY,0
2012-12-20,GLD,0
2012-12-20,XLB,0
2012-12-20,XLE,0.33333333333333331
2012-12-20,XLF,0.33333333333333331
2012-12-20,XLI,0
2012-12-20,XLK,0
2012-12-20,XLP,0
2012-12-20,XLU,0
2012-12-20,XLV,0.33333333333333331
2012-12-20,XLY,0
2012-12-21,GLD,0
2012-12-21,XLB,0
2012-12-21,XLE,0.33333333333333331
2012-12-21,XLF,0.33333333333333331
2012-12-21,XLI,0
2012-12-21,XLK,0
2012-12-21,XLP,0
2012-12-21,XLU,0
2012-12-21,XLV,0.33333333333333331
2012-12-21,XLY,0
2012-12-24,GLD,0
2012-12-24,XLB,0
2012-12-24,XLE,0.33333333333333331
2012-12-24,XLF,0.33333333333333331
2012-12-24,XLI,0
2012-12-24,XLK,0
2012-12-24,XLP,0
2012-12-24,XLU,0
2012-12-24,XLV,0.33333333333333331
2012-12-24,XLY,0
2012-12-26,GLD,0
2012-12-26,XLB,0
2012-12-26,XLE,0.33333333333333331
2012-12-26,XLF,0.33333333333333331
2012-12-26,XLI,0
2012-12-26,XLK,0
2012-12-26,XLP,0
2012-12-26,XLU,0
2012-12-26,XLV,0.33333333333333331
2012-12-26,XLY,0
2012-12-27,GLD,0
2012-12-27,XLB,0
2012-12-27,XLE,0.33333333333333331
2012-12-27,XLF,0.33333333333333331
2012-12-27,XLI,0
2012-12-27,XLK,0
2012-12-27,XLP,0
2012-12-27,XLU,0
2012-12-27,XLV,0.33333333333333331
2012-12-27,XLY,0
2012-12-28,GLD,0
2012-12-28,XLB,0
2012-12-28,XLE,0.33333333333333331
2012-12-28,XLF,0.33333333333333331
2012-12-28,XLI,0
2012-12-28,XLK,0
2012-12-28,XLP,0
2012-12-28,XLU,0
2012-12-28,XLV,0.33333333333333331
2012-12-28,XLY,0
2012-12-31,GLD,0
2012-12-31,XLB,0
2012-12-31,XLE,0.33333333333333331
2012-12-31,XLF,0.33333333333333331
2012-12-31,XLI,0
2012-12-31,XLK,0
2012-12-31,XLP,0
2012-12-31,XLU,0
2012-12-31,XLV,0
2012-12-31,XLY,0.33333333333333331
2013-01-02,GLD,0
2013-01-02,XLB,0
2013-01-02,XLE,0.33333333333333331
2013-01-02,XLF,0.33333333333333331
2013-01-02,XLI,0
2013-01-02,XLK,0
2013-01-02,XLP,0
2013-01-02,XLU,0
2013-01-02,XLV,0
2013-01-02,XLY,0.33333333333333331
2013-01-03,GLD,0
2013-01-03,XLB,0
2013-01-03,XLE,0.33333333333333331
2013-01-03,XLF,0.33333333333333331
2013-01-03,XLI,0
2013-01-03,XLK,0
2013-01-03,XLP,0
2013-01-03,XLU,0
2013-01-03,XLV,0
2013-01-03,XLY,0.33333333333333331
2013-01-04,GLD,0
2013-01-04,XLB,0
2013-01-04,XLE,0.33333333333333331
2013-01-04,XLF,0.33333333333333331
2013-01-04,XLI,0
2013-01-04,XLK,0
2013-01-04,XLP,0
2013-01-04,XLU,0
2013-01-04,XLV,0
2013-01-04,XLY,0.33333333333333331
2013-01-07,GLD,0
2013-01-07,XLB,0
2013-01-07,XLE,0.33333333333333331
2013-01-07,XLF,0.33333333333333331
2013-01-07,XLI,0
2013-01-07,XLK,0
2013-01-07,XLP,0
2013-01-07,XLU,0
2013-01-07,XLV,0
2013-01-07,XLY,0.33333333333333331
2013-01-08,GLD,0
2013-01-08,XLB,0
2013-01-08,XLE,0.33333333333333331
2013-01-08,XLF,0.33333333333333331
2013-01-08,XLI,0
2013-01-08,XLK,0
2013-01-08,XLP,0
2013-01-08,XLU,0
2013-01-08,XLV,0
2013-01-08,XLY,0.33333333333333331
2013-01-09,GLD,0
2013-01-09,XLB,0
2013-01-09,XLE,0.33333333333333331
2013-01-09,XLF,0.33333333333333331
2013-01-09,XLI,0
2013-01-09,XLK,0
2013-01-09,XLP,0
2013-01-09,XLU,0
2013-01-09,XLV,0
2013-01-09,XLY,0.33333333333333331
2013-01-10,GLD,0
2013-01-10,XLB,0
2013-01-10,XLE,0.33333333333333331
2013-01-10,XLF,0.33333333333333331
2013-01-10,XLI,0
2013-01-10,XLK,0
2013-01-10,XLP,0
2013-01-10,XLU,0
2013-01-10,XLV,0
2013-01-10,XLY,0.33333333333333331
2013-01-11,GLD,0
2013-01-11,XLB,0
2013-01-11,XLE,0.33333333333333331
2013-01-11,XLF,0.33333333333333331
2013-01-11,XLI,0
2013-01-11,XLK,0
2013-01-11,XLP,0
2013-01-11,XLU,0
2013-01-11,XLV,0
2013-01-11,XLY,0.33333333333333331
2013-01-14,GLD,0
2013-01-14,XLB,0
2013-01-14,XLE,0.33333333333333331
2013-01-14,XLF,0.33333333333333331
2013-01-14,XLI,0
2013-01-14,XLK,0
2013-01-14,XLP,0
2013-01-14,XLU,0
2013-01-14,XLV,0
2013-01-14,XLY,0.33333333333333331
2013-01-15,GLD,0
2013-01-15,XLB,0
2013-01-15,XLE,0.33333333333333331
2013-01-15,XLF,0.33333333333333331
2013-01-15,XLI,0
2013-01-15,XLK,0
2013-01-15,XLP,0
2013-01-15,XLU,0
2013-01-15,XLV,0
2013-01-15,XLY,0.33333333333333331
2013-01-16,GLD,0
2013-01-16,XLB,0
2013-01-16,XLE,0.33333333333333331
2013-01-16,XLF,0.33333333333333331
2013-01-16,XLI,0
2013-01-16,XLK,0
2013-01-16,XLP,0
2013-01-16,XLU,0
2013-01-16,XLV,0
2013-01-16,XLY,0.33333333333333331
2013-01-17,GLD,0
2013-01-17,XLB,0
2013-01-17,XLE,0.33333333333333331
2013-01-17,XLF,0.33333333333333331
2013-01-17,XLI,0
2013-01-17,XLK,0
2013-01-17,XLP,0
2013-01-17,XLU,0
2013-01-17,XLV,0
2013-01-17,XLY,0.33333333333333331
2013-01-18,GLD,0
2013-01-18,XLB,0
2013-01-18,XLE,0.33333333333333331
2013-01-18,XLF,0.33333333333333331
2013-01-18,XLI,0
2013-01-18,XLK,0
2013-01-18,XLP,0
2013-01-18,XLU,0
2013-01-18,XLV,0
2013-01-18,XLY,0.33333333333333331
2013-01-22,GLD,0
2013-01-22,XLB,0
2013-01-22,XLE,0.33333333333333331
2013-01-22,XLF,0.33333333333333331
2013-01-22,XLI,0
2013-01-22,XLK,0
2013-01-22,XLP,0
2013-01-22,XLU,0
2013-01-22,XLV,0
2013-01-22,XLY,0.33333333333333331
2013-01-23,GLD,0
2013-01-23,XLB,0
2013-01-23,XLE,0.33333333333333331
2013-01-23,XLF,0.33333333333333331
2013-01-23,XLI,0
2013-01-23,XLK,0
2013-01-23,XLP,0
2013-01-23,XLU,0
2013-01-23,XLV,0
2013-01-23,XLY,0.33333333333333331
2013-01-24,GLD,0
2013-01-24,XLB,0
2013-01-24,XLE,0.33333333333333331
2013-01-24,XLF,0.33333333333333331
2013-01-24,XLI,0
2013-01-24,XLK,0
2013-01-24,XLP,0
2013-01-24,XLU,0
2013-01-24,XLV,0
2013-01-24,XLY,0.33333333333333331
2013-01-25,GLD,0
2013-01-25,XLB,0
2013-01-25,XLE,0.33333333333333331
2013-01-25,XLF,0.33333333333333331
2013-01-25,XLI,0
2013-01-25,XLK,0
2013-01-25,XLP,0
2013-01-25,XLU,0
2013-01-25,XLV,0
2013-01-25,XLY,0.33333333333333331
2013-01-28,GLD,0
2013-01-28,XLB,0
2013-01-28,XLE,0.33333333333333331
2013-01-28,XLF,0.33333333333333331
2013-01-28,XLI,0
2013-01-28,XLK,0
2013-01-28,XLP,0
2013-01-28,XLU,0
2013-01-28,XLV,0
2013-01-28,XLY,0.33333333333333331
2013-01-29,GLD,0
2013-01-29,XLB,0
2013-01-29,XLE,0.33333333333333331
2013-01-29,XLF,0.33333333333333331
2013-01-29,XLI,0
2013-01-29,XLK,0
2013-01-29,XLP,0
2013-01-29,XLU,0
2013-01-29,XLV,0
2013-01-29,XLY,0.33333333333333331
2013-01-30,GLD,0
2013-01-30,XLB,0
2013-01-30,XLE,0.33333333333333331
2013-01-30,XLF,0.33333333333333331
2013-01-30,XLI,0
2013-01-30,XLK,0
2013-01-30,XLP,0
2013-01-30,XLU,0
2013-01-30,XLV,0
2013-01-30,XLY,0.33333333333333331
2013-01-31,GLD,0
2013-01-31,XLB,0
2013-01-31,XLE,0
2013-01-31,XLF,0.33333333333333331
2013-01-31,XLI,0.33333333333333331
2013-01-31,XLK,0
2013-01-31,XLP,0
2013-01-31,XLU,0
2013-01-31,XLV,0
2013-01-31,XLY,0.33333333333333331
2013-02-01,GLD,0
2013-02-01,XLB,0
2013-02-01,XLE,0
2013-02-01,XLF,0.33333333333333331
2013-02-01,XLI,0.33333333333333331
2013-02-01,XLK,0
2013-02-01,XLP,0
2013-02-01,XLU,0
2013-02-01,XLV,0
2013-02-01,XLY,0.33333333333333331
2013-02-04,GLD,0
2013-02-04,XLB,0
2013-02-04,XLE,0
2013-02-04,XLF,0.33333333333333331
2013-02-04,XLI,0.33333333333333331
2013-02-04,XLK,0
2013-02-04,XLP,0
2013-02-04,XLU,0
2013-02-04,XLV,0
2013-02-04,XLY,0.33333333333333331
2013-02-05,GLD,0
2013-02-05,XLB,0
2013-02-05,XLE,0
2013-02-05,XLF,0.33333333333333331
2013-02-05,XLI,0.33333333333333331
2013-02-05,XLK,0
2013-02-05,XLP,0
2013-02-05,XLU,0
2013-02-05,XLV,0
2013-02-05,XLY,0.33333333333333331
2013-02-06,GLD,0
2013-02-06,XLB,0
2013-02-06,XLE,0
2013-02-06,XLF,0.33333333333333331
2013-02-06,XLI,0.33333333333333331
2013-02-06,XLK,0
2013-02-06,XLP,0
2013-02-06,XLU,0
2013-02-06,XLV,0
2013-02-06,XLY,0.33333333333333331
2013-02-07,GLD,0
2013-02-07,XLB,0
2013-02-07,XLE,0
2013-02-07,XLF,0.33333333333333331
2013-02-07,XLI,0.33333333333333331
2013-02-07,XLK,0
2013-02-07,XLP,0
2013-02-07,XLU,0
2013-02-07,XLV,0
2013-02-07,XLY,0.33333333333333331
2013-02-08,GLD,0
2013-02-08,XLB,0
2013-02-08,XLE,0
2013-02-08,XLF,0.33333333333333331
2013-02-08,XLI,0.33333333333333331
2013-02-08,XLK,0
2013-02-08,XLP,0
2013-02-08,XLU,0
2013-02-08,XLV,0
2013-02-08,XLY,0.33333333333333331
2013-02-11,GLD,0
2013-02-11,XLB,0
2013-02-11,XLE,0
2013-02-11,XLF,0.33333333333333331
2013-02-11,XLI,0.33333333333333331
2013-02-11,XLK,0
2013-02-11,XLP,0
2013-02-11,XLU,0
2013-02-11,XLV,0
2013-02-11,XLY,0.33333333333333331
2013-02-12,GLD,0
2013-02-12,XLB,0
2013-02-12,XLE,0
2013-02-12,XLF,0.33333333333333331
2013-02-12,XLI,0.33333333333333331
2013-02-12,XLK,0
2013-02-12,XLP,0
2013-02-12,XLU,0
2013-02-12,XLV,0
2013-02-12,XLY,0.33333333333333331
2013-02-13,GLD,0
2013-02-13,XLB,0
2013-02-13,XLE,0
2013-02-13,XLF,0.33333333333333331
2013-02-13,XLI,0.33333333333333331
2013-02-13,XLK,0
2013-02-13,XLP,0
2013-02-13,XLU,0
2013-02-13,XLV,0
2013-02-13,XLY,0.33333333333333331
2013-02-14,GLD,0
2013-02-14,XLB,0
2013-02-14,XLE,0
2013-02-14,XLF,0.33333333333333331
2013-02-14,XLI,0.33333333333333331
2013-02-14,XLK,0
2013-02-14,XLP,0
2013-02-14,XLU,0
2013-02-14,XLV,0
2013-02-14,XLY,0.33333333333333331
2013-02-15,GLD,0
2013-02-15,XLB,0
2013-02-15,XLE,0
2013-02-15,XLF,0.33333333333333331
2013-02-15,XLI,0.33333333333333331
2013-02-15,XLK,0
2013-02-15,XLP,0
2013-02-15,XLU,0
2013-02-15,XLV,0
2013-02-15,XLY,0.33333333333333331
2013-02-19,GLD,0
2013-02-19,XLB,0
2013-02-19,XLE,0
2013-02-19,XLF,0.33333333333333331
2013-02-19,XLI,0.33333333333333331
2013-02-19,XLK,0
2013-02-19,XLP,0
2013-02-19,XLU,0
2013-02-19,XLV,0
2013-02-19,XLY,0.33333333333333331
2013-02-20,GLD,0
2013-02-20,XLB,0
2013-02-20,XLE,0
2013-02-20,XLF,0.33333333333333331
2013-02-20,XLI,0.33333333333333331
2013-02-20,XLK,0
2013-02-20,XLP,0
2013-02-20,XLU,0
2013-02-20,XLV,0
2013-02-20,XLY,0.33333333333333331
2013-02-21,GLD,0
2013-02-21,XLB,0
2013-02-21,XLE,0
2013-02-21,XLF,0.33333333333333331
2013-02-21,XLI,0.33333333333333331
2013-02-21,XLK,0
2013-02-21,XLP,0
2013-02-21,XLU,0
2013-02-21,XLV,0
2013-02-21,XLY,0.33333333333333331
2013-02-22,GLD,0
2013-02-22,XLB,0
2013-02-22,XLE,0
2013-02-22,XLF,0.33333333333333331
2013-02-22,XLI,0.33333333333333331
2013-02-22,XLK,0
2013-02-22,XLP,0
2013-02-22,XLU,0
2013-02-22,XLV,0
2013-02-22,XLY,0.33333333333333331
2013-02-25,GLD,0
2013-02-25,XLB,0
2013-02-25,XLE,0
2013-02-25,XLF,0.33333333333333331
2013-02-25,XLI,0.33333333333333331
2013-02-25,XLK,0
2013-02-25,XLP,0
2013-02-25,XLU,0
2013-02-25,XLV,0
2013-02-25,XLY,0.33333333333333331
2013-02-26,GLD,0
2013-02-26,XLB,0
2013-02-26,XLE,0
2013-02-26,XLF,0.33333333333333331
2013-02-26,XLI,0.33333333333333331
2013-02-26,XLK,0
2013-02-26,XLP,0
2013-02-26,XLU,0
2013-02-26,XLV,0
2013-02-26,XLY,0.33333333333333331
2013-02-27,GLD,0
2013-02-27,XLB,0
2013-02-27,XLE,0
2013-02-27,XLF,0.33333333333333331
2013-02-27,XLI,0.33333333333333331
2013-02-27,XLK,0
2013-02-27,XLP,0
2013-02-27,XLU,0
2013-02-27,XLV,0
2013-02-27,XLY,0.33333333333333331
2013-02-28,GLD,0
2013-02-28,XLB,0
2013-02-28,XLE,0
2013-02-28,XLF,0.33333333333333331
2013-02-28,XLI,0.33333333333333331
2013-02-28,XLK,0
2013-02-28,XLP,0
2013-02-28,XLU,0
2013-02-28,XLV,0
2013-02-28,XLY,0.33333333333333331
2013-03-01,GLD,0
2013-03-01,XLB,0
2013-03-01,XLE,0
2013-03-01,XLF,0.33333333333333331
2013-03-01,XLI,0.33333333333333331
2013-03-01,XLK,0
2013-03-01,XLP,0
2013-03-01,XLU,0
2013-03-01,XLV,0
2013-03-01,XLY,0.33333333333333331
2013-03-04,GLD,0
2013-03-04,XLB,0
2013-03-04,XLE,0
2013-03-04,XLF,0.33333333333333331
2013-03-04,XLI,0
2013-03-04,XLK,0
2013-03-04,XLP,0
2013-03-04,XLU,0
2013-03-04,XLV,0.33333333333333331
2013-03-04,XLY,0.33333333333333331
2013-03-05,GLD,0
2013-03-05,XLB,0
2013-03-05,XLE,0
2013-03-05,XLF,0.33333333333333331
2013-03-05,XLI,0
2013-03-05,XLK,0
2013-03-05,XLP,0
2013-03-05,XLU,0
2013-03-05,XLV,0.33333333333333331
2013-03-05,XLY,0.33333333333333331
2013-03-06,GLD,0
2013-03-06,XLB,0
2013-03-06,XLE,0
2013-03-06,XLF,0.33333333333333331
2013-03-06,XLI,0
2013-03-06,XLK,0
2013-03-06,XLP,0
2013-03-06,XLU,0
2013-03-06,XLV,0.33333333333333331
2013-03-06,XLY,0.33333333333333331
2013-03-07,GLD,0
2013-03-07,XLB,0
2013-03-07,XLE,0
2013-03-07,XLF,0.33333333333333331
2013-03-07,XLI,0
2013-03-07,XLK,0
2013-03-07,XLP,0
2013-03-07,XLU,0
2013-03-07,XLV,0.33333333333333331
2013-03-07,XLY,0.33333333333333331
2013-03-08,GLD,0
2013-03-08,XLB,0
2013-03-08,XLE,0
2013-03-08,XLF,0.33333333333333331
2013-03-08,XLI,0
2013-03-08,XLK,0
2013-03-08,XLP,0
2013-03-08,XLU,0
2013-03-08,XLV,0.33333333333333331
2013-03-08,XLY,0.33333333333333331
2013-03-11,GLD,0
2013-03-11,XLB,0
2013-03-11,XLE,0
2013-03-11,XLF,0.33333333333333331
2013-03-11,XLI,0
2013-03-11,XLK,0
2013-03-11,XLP,0
2013-03-11,XLU,0
2013-03-11,XLV,0.33333333333333331
2013-03-11,XLY,0.33333333333333331
2013-03-12,GLD,0
2013-03-12,XLB,0
2013-03-12,XLE,0
2013-03-12,XLF,0.33333333333333331
2013-03-12,XLI,0
2013-03-12,XLK,0
2013-03-12,XLP,0
2013-03-12,XLU,0
2013-03-12,XLV,0.33333333333333331
2013-03-12,XLY,0.33333333333333331
2013-03-13,GLD,0
2013-03-13,XLB,0
2013-03-13,XLE,0
2013-03-13,XLF,0.33333333333333331
2013-03-13,XLI,0
2013-03-13,XLK,0
2013-03-13,XLP,0
2013-03-13,XLU,0
2013-03-13,XLV,0.33333333333333331
2013-03-13,XLY,0.33333333333333331
2013-03-14,GLD,0
2013-03-14,XLB,0
2013-03-14,XLE,0
2013-03-14,XLF,0.33333333333333331
2013-03-14,XLI,0
2013-03-14,XLK,0
2013-03-14,XLP,0
2013-03-14,XLU,0
2013-03-14,XLV,0.33333333333333331
2013-03-14,XLY,0.33333333333333331
2013-03-15,GLD,0
2013-03-15,XLB,0
2013-03-15,XLE,0
2013-03-15,XLF,0.33333333333333331
2013-03-15,XLI,0
2013-03-15,XLK,0
2013-03-15,XLP,0
2013-03-15,XLU,0
2013-03-15,XLV,0.33333333333333331
2013-03-15,XLY,0.33333333333333331
2013-03-18,GLD,0
2013-03-18,XLB,0
2013-03-18,XLE,0
2013-03-18,XLF,0.33333333333333331
2013-03-18,XLI,0
2013-03-18,XLK,0
2013-03-18,XLP,0
2013-03-18,XLU,0
2013-03-18,XLV,0.33333333333333331
2013-03-18,XLY,0.33333333333333331
2013-03-19,GLD,0
2013-03-19,XLB,0
2013-03-19,XLE,0
2013-03-19,XLF,0.33333333333333331
2013-03-19,XLI,0
2013-03-19,XLK,0
2013-03-19,XLP,0
2013-03-19,XLU,0
2013-03-19,XLV,0.33333333333333331
2013-03-19,XLY,0.33333333333333331
2013-03-20,GLD,0
2013-03-20,XLB,0
2013-03-20,XLE,0
2013-03-20,XLF,0.33333333333333331
2013-03-20,XLI,0
2013-03-20,XLK,0
2013-03-20,XLP,0
2013-03-20,XLU,0
2013-03-20,XLV,0.33333333333333331
2013-03-20,XLY,0.33333333333333331
2013-03-21,GLD,0
2013-03-21,XLB,0
2013-03-21,XLE,0
2013-03-21,XLF,0.33333333333333331
2013-03-21,XLI,0
2013-03-21,XLK,0
2013-03-21,XLP,0
2013-03-21,XLU,0
2013-03-21,XLV,0.33333333333333331
2013-03-21,XLY,0.33333333333333331
2013-03-22,GLD,0
2013-03-22,XLB,0
2013-03-22,XLE,0
2013-03-22,XLF,0.33333333333333331
2013-03-22,XLI,0
2013-03-22,XLK,0
2013-03-22,XLP,0
2013-03-22,XLU,0
2013-03-22,XLV,0.33333333333333331
2013-03-22,XLY,0.33333333333333331
2013-03-25,GLD,0
2013-03-25,XLB,0
2013-03-25,XLE,0
2013-03-25,XLF,0.33333333333333331
2013-03-25,XLI,0
2013-03-25,XLK,0
2013-03-25,XLP,0
2013-03-25,XLU,0
2013-03-25,XLV,0.33333333333333331
2013-03-25,XLY,0.33333333333333331
2013-03-26,GLD,0
2013-03-26,XLB,0
2013-03-26,XLE,0
2013-03-26,XLF,0.33333333333333331
2013-03-26,XLI,0
2013-03-26,XLK,0
2013-03-26,XLP,0
2013-03-26,XLU,0
2013-03-26,XLV,0.33333333333333331
2013-03-26,XLY,0.33333333333333331
2013-03-27,GLD,0
2013-03-27,XLB,0
2013-03-27,XLE,0
2013-03-27,XLF,0.33333333333333331
2013-03-27,XLI,0
2013-03-27,XLK,0
2013-03-27,XLP,0
2013-03-27,XLU,0
2013-03-27,XLV,0.33333333333333331
2013-03-27,XLY,0.33333333333333331
2013-03-28,GLD,0
2013-03-28,XLB,0
2013-03-28,XLE,0
2013-03-28,XLF,0.33333333333333331
2013-03-28,XLI,0
2013-03-28,XLK,0
2013-03-28,XLP,0
2013-03-28,XLU,0
2013-03-28,XLV,0.33333333333333331
2013-03-28,XLY,0.33333333333333331
2013-04-01,GLD,0
2013-04-01,XLB,0
2013-04-01,XLE,0
2013-04-01,XLF,0.33333333333333331
2013-04-01,XLI,0
2013-04-01,XLK,0
2013-04-01,XLP,0
2013-04-01,XLU,0
2013-04-01,XLV,0.33333333333333331
2013-04-01,XLY,0.33333333333333331
2013-04-02,GLD,0
2013-04-02,XLB,0
2013-04-02,XLE,0
2013-04-02,XLF,0.33333333333333331
2013-04-02,XLI,0
2013-04-02,XLK,0
2013-04-02,XLP,0
2013-04-02,XLU,0
2013-04-02,XLV,0.33333333333333331
2013-04-02,XLY,0.33333333333333331
2013-04-03,GLD,0
2013-04-03,XLB,0
2013-04-03,XLE,0
2013-04-03,XLF,0.33333333333333331
2013-04-03,XLI,0
2013-04-03,XLK,0
2013-04-03,XLP,0
2013-04-03,XLU,0
2013-04-03,XLV,0.33333333333333331
2013-04-03,XLY,0.33333333333333331
2013-04-04,GLD,0
2013-04-04,XLB,0
2013-04-04,XLE,0
2013-04-04,XLF,0.33333333333333331
2013-04-04,XLI,0
2013-04-04,XLK,0
2013-04-04,XLP,0
2013-04-04,XLU,0
2013-04-04,XLV,0.33333333333333331
2013-04-04,XLY,0.33333333333333331
2013-04-05,GLD,0
2013-04-05,XLB,0
2013-04-05,XLE,0
2013-04-05,XLF,0.33333333333333331
2013-04-05,XLI,0
2013-04-05,XLK,0
2013-04-05,XLP,0
2013-04-05,XLU,0
2013-04-05,XLV,0.33333333333333331
2013-04-05,XLY,0.33333333333333331
2013-04-08,GLD,0
2013-04-08,XLB,0
2013-04-08,XLE,0
2013-04-08,XLF,0.33333333333333331
2013-04-08,XLI,0
2013-04-08,XLK,0
2013-04-08,XLP,0
2013-04-08,XLU,0
2013-04-08,XLV,0.33333333333333331
2013-04-08,XLY,0.33333333333333331
2013-04-09,GLD,0
2013-04-09,XLB,0
2013-04-09,XLE,0
2013-04-09,XLF,0.33333333333333331
2013-04-09,XLI,0
2013-04-09,XLK,0
2013-04-09,XLP,0
2013-04-09,XLU,0
2013-04-09,XLV,0.33333333333333331
2013-04-09,XLY,0.33333333333333331
2013-04-10,GLD,0
2013-04-10,XLB,0
2013-04-10,XLE,0
2013-04-10,XLF,0.33333333333333331
2013-04-10,XLI,0
2013-04-10,XLK,0
2013-04-10,XLP,0
2013-04-10,XLU,0
2013-04-10,XLV,0.33333333333333331
2013-04-10,XLY,0.33333333333333331
2013-04-11,GLD,0
2013-04-11,XLB,0
2013-04-11,XLE,0
2013-04-11,XLF,0.33333333333333331
2013-04-11,XLI,0
2013-04-11,XLK,0
2013-04-11,XLP,0
2013-04-11,XLU,0
2013-04-11,XLV,0.33333333333333331
2013-04-11,XLY,0.33333333333333331
2013-04-12,GLD,0
2013-04-12,XLB,0
2013-04-12,XLE,0
2013-04-12,XLF,0.33333333333333331
2013-04-12,XLI,0
2013-04-12,XLK,0
2013-04-12,XLP,0
2013-04-12,XLU,0
2013-04-12,XLV,0.33333333333333331
2013-04-12,XLY,0.33333333333333331
2013-04-15,GLD,0
2013-04-15,XLB,0
2013-04-15,XLE,0
2013-04-15,XLF,0.33333333333333331
2013-04-15,XLI,0
2013-04-15,XLK,0
2013-04-15,XLP,0
2013-04-15,XLU,0
2013-04-15,XLV,0.33333333333333331
2013-04-15,XLY,0.33333333333333331
2013-04-16,GLD,0
2013-04-16,XLB,0
2013-04-16,XLE,0
2013-04-16,XLF,0.33333333333333331
2013-04-16,XLI,0
2013-04-16,XLK,0
2013-04-16,XLP,0
2013-04-16,XLU,0
2013-04-16,XLV,0.33333333333333331
2013-04-16,XLY,0.33333333333333331
2013-04-17,GLD,0
2013-04-17,XLB,0
2013-04-17,XLE,0
2013-04-17,XLF,0.33333333333333331
2013-04-17,XLI,0
2013-04-17,XLK,0
2013-04-17,XLP,0
2013-04-17,XLU,0
2013-04-17,XLV,0.33333333333333331
2013-04-17,XLY,0.33333333333333331
2013-04-18,GLD,0
2013-04-18,XLB,0
2013-04-18,XLE,0
2013-04-18,XLF,0.33333333333333331
2013-04-18,XLI,0
2013-04-18,XLK,0
2013-04-18,XLP,0
2013-04-18,XLU,0
2013-04-18,XLV,0.33333333333333331
2013-04-18,XLY,0.33333333333333331
2013-04-19,GLD,0
2013-04-19,XLB,0
2013-04-19,XLE,0
2013-04-19,XLF,0.33333333333333331
2013-04-19,XLI,0
2013-04-19,XLK,0
2013-04-19,XLP,0
2013-04-19,XLU,0
2013-04-19,XLV,0.33333333333333331
2013-04-19,XLY,0.33333333333333331
2013-04-22,GLD,0
2013-04-22,XLB,0
2013-04-22,XLE,0
2013-04-22,XLF,0.33333333333333331
2013-04-22,XLI,0
2013-04-22,XLK,0
2013-04-22,XLP,0
2013-04-22,XLU,0
2013-04-22,XLV,0.33333333333333331
2013-04-22,XLY,0.33333333333333331
2013-04-23,GLD,0
2013-04-23,XLB,0
2013-04-23,XLE,0
2013-04-23,XLF,0.33333333333333331
2013-04-23,XLI,0
2013-04-23,XLK,0
2013-04-23,XLP,0
2013-04-23,XLU,0
2013-04-23,XLV,0.33333333333333331
2013-04-23,XLY,0.33333333333333331
2013-04-24,GLD,0
2013-04-24,XLB,0
2013-04-24,XLE,0
2013-04-24,XLF,0.33333333333333331
2013-04-24,XLI,0
2013-04-24,XLK,0
2013-04-24,XLP,0
2013-04-24,XLU,0
2013-04-24,XLV,0.33333333333333331
2013-04-24,XLY,0.33333333333333331
2013-04-25,GLD,0
2013-04-25,XLB,0
2013-04-25,XLE,0
2013-04-25,XLF,0.33333333333333331
2013-04-25,XLI,0
2013-04-25,XLK,0
2013-04-25,XLP,0
2013-04-25,XLU,0
2013-04-25,XLV,0.33333333333333331
2013-04-25,XLY,0.33333333333333331
2013-04-26,GLD,0
2013-04-26,XLB,0
2013-04-26,XLE,0
2013-04-26,XLF,0.33333333333333331
2013-04-26,XLI,0
2013-04-26,XLK,0
2013-04-26,XLP,0
2013-04-26,XLU,0
2013-04-26,XLV,0.33333333333333331
2013-04-26,XLY,0.33333333333333331
2013-04-29,GLD,0
2013-04-29,XLB,0
2013-04-29,XLE,0
2013-04-29,XLF,0.33333333333333331
2013-04-29,XLI,0
2013-04-29,XLK,0
2013-04-29,XLP,0
2013-04-29,XLU,0
2013-04-29,XLV,0.33333333333333331
2013-04-29,XLY,0.33333333333333331
2013-04-30,GLD,0
2013-04-30,XLB,0
2013-04-30,XLE,0
2013-04-30,XLF,0.33333333333333331
2013-04-30,XLI,0
2013-04-30,XLK,0
2013-04-30,XLP,0
2013-04-30,XLU,0
2013-04-30,XLV,0.33333333333333331
2013-04-30,XLY,0.33333333333333331
2013-05-01,GLD,0
2013-05-01,XLB,0
2013-05-01,XLE,0
2013-05-01,XLF,0.33333333333333331
2013-05-01,XLI,0
2013-05-01,XLK,0
2013-05-01,XLP,0
2013-05-01,XLU,0
2013-05-01,XLV,0.33333333333333331
2013-05-01,XLY,0.33333333333333331
2013-05-02,GLD,0
2013-05-02,XLB,0
2013-05-02,XLE,0
2013-05-02,XLF,0.33333333333333331
2013-05-02,XLI,0
2013-05-02,XLK,0
2013-05-02,XLP,0
2013-05-02,XLU,0
2013-05-02,XLV,0.33333333333333331
2013-05-02,XLY,0.33333333333333331
2013-05-03,GLD,0
2013-05-03,XLB,0
2013-05-03,XLE,0
2013-05-03,XLF,0.33333333333333331
2013-05-03,XLI,0
2013-05-03,XLK,0
2013-05-03,XLP,0
2013-05-03,XLU,0
2013-05-03,XLV,0.33333333333333331
2013-05-03,XLY,0.33333333333333331
2013-05-06,GLD,0
2013-05-06,XLB,0
2013-05-06,XLE,0
2013-05-06,XLF,0.33333333333333331
2013-05-06,XLI,0
2013-05-06,XLK,0
2013-05-06,XLP,0
2013-05-06,XLU,0
2013-05-06,XLV,0.33333333333333331
2013-05-06,XLY,0.33333333333333331
2013-05-07,GLD,0
2013-05-07,XLB,0
2013-05-07,XLE,0
2013-05-07,XLF,0.33333333333333331
2013-05-07,XLI,0
2013-05-07,XLK,0
2013-05-07,XLP,0
2013-05-07,XLU,0
2013-05-07,XLV,0.33333333333333331
2013-05-07,XLY,0.33333333333333331
2013-05-08,GLD,0
2013-05-08,XLB,0
2013-05-08,XLE,0
2013-05-08,XLF,0.33333333333333331
2013-05-08,XLI,0
2013-05-08,XLK,0
2013-05-08,XLP,0
2013-05-08,XLU,0
2013-05-08,XLV,0.33333333333333331
2013-05-08,XLY,0.33333333333333331
2013-05-09,GLD,0
2013-05-09,XLB,0
2013-05-09,XLE,0
2013-05-09,XLF,0.33333333333333331
2013-05-09,XLI,0
2013-05-09,XLK,0
2013-05-09,XLP,0
2013-05-09,XLU,0
2013-05-09,XLV,0.33333333333333331
2013-05-09,XLY,0.33333333333333331
2013-05-10,GLD,0
2013-05-10,XLB,0
2013-05-10,XLE,0
2013-05-10,XLF,0.33333333333333331
2013-05-10,XLI,0
2013-05-10,XLK,0
2013-05-10,XLP,0
2013-05-10,XLU,0
2013-05-10,XLV,0.33333333333333331
2013-05-10,XLY,0.33333333333333331
2013-05-13,GLD,0
2013-05-13,XLB,0
2013-05-13,XLE,0
2013-05-13,XLF,0.33333333333333331
2013-05-13,XLI,0
2013-05-13,XLK,0
2013-05-13,XLP,0
2013-05-13,XLU,0
2013-05-13,XLV,0.33333333333333331
2013-05-13,XLY,0.33333333333333331
2013-05-14,GLD,0
2013-05-14,XLB,0
2013-05-14,XLE,0
2013-05-14,XLF,0.33333333333333331
2013-05-14,XLI,0
2013-05-14,XLK,0
2013-05-14,XLP,0
2013-05-14,XLU,0
2013-05-14,XLV,0.33333333333333331
2013-05-14,XLY,0.33333333333333331
2013-05-15,GLD,0
2013-05-15,XLB,0
2013-05-15,XLE,0
2013-05-15,XLF,0.33333333333333331
2013-05-15,XLI,0
2013-05-15,XLK,0
2013-05-15,XLP,0
2013-05-15,XLU,0
2013-05-15,XLV,0.33333333333333331
2013-05-15,XLY,0.33333333333333331
2013-05-16,GLD,0
2013-05-16,XLB,0
2013-05-16,XLE,0
2013-05-16,XLF,0.33333333333333331
2013-05-16,XLI,0
2013-05-16,XLK,0
2013-05-16,XLP,0
2013-05-16,XLU,0
2013-05-16,XLV,0.33333333333333331
2013-05-16,XLY,0.33333333333333331
2013-05-17,GLD,0
2013-05-17,XLB,0
2013-05-17,XLE,0
2013-05-17,XLF,0.33333333333333331
2013-05-17,XLI,0
2013-05-17,XLK,0
2013-05-17,XLP,0
2013-05-17,XLU,0
2013-05-17,XLV,0.33333333333333331
2013-05-17,XLY,0.33333333333333331
2013-05-20,GLD,0
2013-05-20,XLB,0
2013-05-20,XLE,0
2013-05-20,XLF,0.33333333333333331
2013-05-20,XLI,0
2013-05-20,XLK,0
2013-05-20,XLP,0
2013-05-20,XLU,0
2013-05-20,XLV,0.33333333333333331
2013-05-20,XLY,0.33333333333333331
2013-05-21,GLD,0
2013-05-21,XLB,0
2013-05-21,XLE,0
2013-05-21,XLF,0.33333333333333331
2013-05-21,XLI,0
2013-05-21,XLK,0
2013-05-21,XLP,0
2013-05-21,XLU,0
2013-05-21,XLV,0.33333333333333331
2013-05-21,XLY,0.33333333333333331
2013-05-22,GLD,0
2013-05-22,XLB,0
2013-05-22,XLE,0
2013-05-22,XLF,0.33333333333333331
2013-05-22,XLI,0
2013-05-22,XLK,0
2013-05-22,XLP,0
2013-05-22,XLU,0
2013-05-22,XLV,0.33333333333333331
2013-05-22,XLY,0.33333333333333331
2013-05-23,GLD,0
2013-05-23,XLB,0
2013-05-23,XLE,0
2013-05-23,XLF,0.33333333333333331
2013-05-23,XLI,0
2013-05-23,XLK,0
2013-05-23,XLP,0
2013-05-23,XLU,0
2013-05-23,XLV,0.33333333333333331
2013-05-23,XLY,0.33333333333333331
2013-05-24,GLD,0
2013-05-24,XLB,0
2013-05-24,XLE,0
2013-05-24,XLF,0.33333333333333331
2013-05-24,XLI,0
2013-05-24,XLK,0
2013-05-24,XLP,0
2013-05-24,XLU,0
2013-05-24,XLV,0.33333333333333331
2013-05-24,XLY,0.33333333333333331
2013-05-28,GLD,0
2013-05-28,XLB,0
2013-05-28,XLE,0
2013-05-28,XLF,0.33333333333333331
2013-05-28,XLI,0
2013-05-28,XLK,0
2013-05-28,XLP,0
2013-05-28,XLU,0
2013-05-28,XLV,0.33333333333333331
2013-05-28,XLY,0.33333333333333331
2013-05-29,GLD,0
2013-05-29,XLB,0
2013-05-29,XLE,0
2013-05-29,XLF,0.33333333333333331
2013-05-29,XLI,0
2013-05-29,XLK,0
2013-05-29,XLP,0
2013-05-29,XLU,0
2013-05-29,XLV,0.33333333333333331
2013-05-29,XLY,0.33333333333333331
2013-05-30,GLD,0
2013-05-30,XLB,0
2013-05-30,XLE,0
2013-05-30,XLF,0.33333333333333331
2013-05-30,XLI,0
2013-05-30,XLK,0
2013-05-30,XLP,0
2013-05-30,XLU,0
2013-05-30,XLV,0.33333333333333331
2013-05-30,XLY,0.33333333333333331
2013-05-31,GLD,0
2013-05-31,XLB,0
2013-05-31,XLE,0
2013-05-31,XLF,0.33333333333333331
2013-05-31,XLI,0
2013-05-31,XLK,0
2013-05-31,XLP,0
2013-05-31,XLU,0
2013-05-31,XLV,0.33333333333333331
2013-05-31,XLY,0.33333333333333331
2013-06-03,GLD,0
2013-06-03,XLB,0
2013-06-03,XLE,0
2013-06-03,XLF,0.33333333333333331
2013-06-03,XLI,0
2013-06-03,XLK,0
2013-06-03,XLP,0
2013-06-03,XLU,0
2013-06-03,XLV,0.33333333333333331
2013-06-03,XLY,0.33333333333333331
2013-06-04,GLD,0
2013-06-04,XLB,0
2013-06-04,XLE,0
2013-06-04,XLF,0.33333333333333331
2013-06-04,XLI,0
2013-06-04,XLK,0
2013-06-04,XLP,0
2013-06-04,XLU,0
2013-06-04,XLV,0.33333333333333331
2013-06-04,XLY,0.33333333333333331
2013-06-05,GLD,0
2013-06-05,XLB,0
2013-06-05,XLE,0
2013-06-05,XLF,0.33333333333333331
2013-06-05,XLI,0
2013-06-05,XLK,0
2013-06-05,XLP,0
2013-06-05,XLU,0
2013-06-05,XLV,0.33333333333333331
2013-06-05,XLY,0.33333333333333331
2013-06-06,GLD,0
2013-06-06,XLB,0
2013-06-06,XLE,0
2013-06-06,XLF,0.33333333333333331
2013-06-06,XLI,0
2013-06-06,XLK,0
2013-06-06,XLP,0
2013-06-06,XLU,0
2013-06-06,XLV,0.33333333333333331
2013-06-06,XLY,0.33333333333333331
2013-06-07,GLD,0
2013-06-07,XLB,0
2013-06-07,XLE,0
2013-06-07,XLF,0.33333333333333331
2013-06-07,XLI,0
2013-06-07,XLK,0
2013-06-07,XLP,0
2013-06-07,XLU,0
2013-06-07,XLV,0.33333333333333331
2013-06-07,XLY,0.33333333333333331
2013-06-10,GLD,0
2013-06-10,XLB,0
2013-06-10,XLE,0
2013-06-10,XLF,0.33333333333333331
2013-06-10,XLI,0
2013-06-10,XLK,0
2013-06-10,XLP,0
2013-06-10,XLU,0
2013-06-10,XLV,0.33333333333333331
2013-06-10,XLY,0.33333333333333331
2013-06-11,GLD,0
2013-06-11,XLB,0
2013-06-11,XLE,0
2013-06-11,XLF,0.33333333333333331
2013-06-11,XLI,0
2013-06-11,XLK,0
2013-06-11,XLP,0
2013-06-11,XLU,0
2013-06-11,XLV,0.33333333333333331
2013-06-11,XLY,0.33333333333333331
2013-06-12,GLD,0
2013-06-12,XLB,0
2013-06-12,XLE,0
2013-06-12,XLF,0.33333333333333331
2013-06-12,XLI,0
2013-06-12,XLK,0
2013-06-12,XLP,0
2013-06-12,XLU,0
2013-06-12,XLV,0.33333333333333331
2013-06-12,XLY,0.33333333333333331
2013-06-13,GLD,0
2013-06-13,XLB,0
2013-06-13,XLE,0
2013-06-13,XLF,0.33333333333333331
2013-06-13,XLI,0
2013-06-13,XLK,0
2013-06-13,XLP,0
2013-06-13,XLU,0
2013-06-13,XLV,0.33333333333333331
2013-06-13,XLY,0.33333333333333331
2013-06-14,GLD,0
2013-06-14,XLB,0
2013-06-14,XLE,0
2013-06-14,XLF,0.33333333333333331
2013-06-14,XLI,0
2013-06-14,XLK,0
2013-06-14,XLP,0
2013-06-14,XLU,0
2013-06-14,XLV,0.33333333333333331
2013-06-14,XLY,0.33333333333333331
2013-06-17,GLD,0
2013-06-17,XLB,0
2013-06-17,XLE,0
2013-06-17,XLF,0.33333333333333331
2013-06-17,XLI,0
2013-06-17,XLK,0
2013-06-17,XLP,0
2013-06-17,XLU,0
2013-06-17,XLV,0.33333333333333331
2013-06-17,XLY,0.33333333333333331
2013-06-18,GLD,0
2013-06-18,XLB,0
2013-06-18,XLE,0
2013-06-18,XLF,0.33333333333333331
2013-06-18,XLI,0
2013-06-18,XLK,0
2013-06-18,XLP,0
2013-06-18,XLU,0
2013-06-18,XLV,0.33333333333333331
2013-06-18,XLY,0.33333333333333331
2013-06-19,GLD,0
2013-06-19,XLB,0
2013-06-19,XLE,0
2013-06-19,XLF,0.33333333333333331
2013-06-19,XLI,0
2013-06-19,XLK,0
2013-06-19,XLP,0
2013-06-19,XLU,0
2013-06-19,XLV,0.33333333333333331
2013-06-19,XLY,0.33333333333333331
2013-06-20,GLD,0
2013-06-20,XLB,0
2013-06-20,XLE,0
2013-06-20,XLF,0.33333333333333331
2013-06-20,XLI,0
2013-06-20,XLK,0
2013-06-20,XLP,0
2013-06-20,XLU,0
2013-06-20,XLV,0.33333333333333331
2013-06-20,XLY,0.33333333333333331
2013-06-21,GLD,0
2013-06-21,XLB,0
2013-06-21,XLE,0
2013-06-21,XLF,0.33333333333333331
2013-06-21,XLI,0
2013-06-21,XLK,0
2013-06-21,XLP,0
2013-06-21,XLU,0
2013-06-21,XLV,0.33333333333333331
2013-06-21,XLY,0.33333333333333331
2013-06-24,GLD,0
2013-06-24,XLB,0
2013-06-24,XLE,0
2013-06-24,XLF,0.33333333333333331
2013-06-24,XLI,0
2013-06-24,XLK,0
2013-06-24,XLP,0
2013-06-24,XLU,0
2013-06-24,XLV,0.33333333333333331
2013-06-24,XLY,0.33333333333333331
2013-06-25,GLD,0
2013-06-25,XLB,0
2013-06-25,XLE,0
2013-06-25,XLF,0.33333333333333331
2013-06-25,XLI,0
2013-06-25,XLK,0
2013-06-25,XLP,0
2013-06-25,XLU,0
2013-06-25,XLV,0.33333333333333331
2013-06-25,XLY,0.33333333333333331
2013-06-26,GLD,0
2013-06-26,XLB,0
2013-06-26,XLE,0
2013-06-26,XLF,0.33333333333333331
2013-06-26,XLI,0
2013-06-26,XLK,0
2013-06-26,XLP,0
2013-06-26,XLU,0
2013-06-26,XLV,0.33333333333333331
2013-06-26,XLY,0.33333333333333331
2013-06-27,GLD,0
2013-06-27,XLB,0
2013-06-27,XLE,0
2013-06-27,XLF,0.33333333333333331
2013-06-27,XLI,0
2013-06-27,XLK,0
2013-06-27,XLP,0
2013-06-27,XLU,0
2013-06-27,XLV,0.33333333333333331
2013-06-27,XLY,0.33333333333333331
2013-06-28,GLD,0
2013-06-28,XLB,0
2013-06-28,XLE,0
2013-06-28,XLF,0.33333333333333331
2013-06-28,XLI,0
2013-06-28,XLK,0
2013-06-28,XLP,0
2013-06-28,XLU,0
2013-06-28,XLV,0.33333333333333331
2013-06-28,XLY,0.33333333333333331
2013-07-01,GLD,0
2013-07-01,XLB,0
2013-07-01,XLE,0
2013-07-01,XLF,0.33333333333333331
2013-07-01,XLI,0
2013-07-01,XLK,0
2013-07-01,XLP,0
2013-07-01,XLU,0
2013-07-01,XLV,0.33333333333333331
2013-07-01,XLY,0.33333333333333331
2013-07-02,GLD,0
2013-07-02,XLB,0
2013-07-02,XLE,0
2013-07-02,XLF,0.33333333333333331
2013-07-02,XLI,0
2013-07-02,XLK,0
2013-07-02,XLP,0
2013-07-02,XLU,0
2013-07-02,XLV,0.33333333333333331
2013-07-02,XLY,0.33333333333333331
2013-07-03,GLD,0
2013-07-03,XLB,0
2013-07-03,XLE,0
2013-07-03,XLF,0.33333333333333331
2013-07-03,XLI,0
2013-07-03,XLK,0
2013-07-03,XLP,0
2013-07-03,XLU,0
2013-07-03,XLV,0.33333333333333331
2013-07-03,XLY,0.33333333333333331
2013-07-05,GLD,0
2013-07-05,XLB,0
2013-07-05,XLE,0
2013-07-05,XLF,0.33333333333333331
2013-07-05,XLI,0
2013-07-05,XLK,0
2013-07-05,XLP,0
2013-07-05,XLU,0
2013-07-05,XLV,0.33333333333333331
2013-07-05,XLY,0.33333333333333331
2013-07-08,GLD,0
2013-07-08,XLB,0
2013-07-08,XLE,0
2013-07-08,XLF,0.33333333333333331
2013-07-08,XLI,0
2013-07-08,XLK,0
2013-07-08,XLP,0
2013-07-08,XLU,0
2013-07-08,XLV,0.33333333333333331
2013-07-08,XLY,0.33333333333333331
2013-07-09,GLD,0
2013-07-09,XLB,0
2013-07-09,XLE,0
2013-07-09,XLF,0.33333333333333331
2013-07-09,XLI,0
2013-07-09,XLK,0
2013-07-09,XLP,0
2013-07-09,XLU,0
2013-07-09,XLV,0.33333333333333331
2013-07-09,XLY,0.33333333333333331
2013-07-10,GLD,0
2013-07-10,XLB,0
2013-07-10,XLE,0
2013-07-10,XLF,0.33333333333333331
2013-07-10,XLI,0
2013-07-10,XLK,0
2013-07-10,XLP,0
2013-07-10,XLU,0
2013-07-10,XLV,0.33333333333333331
2013-07-10,XLY,0.33333333333333331
2013-07-11,GLD,0
2013-07-11,XLB,0
2013-07-11,XLE,0
2013-07-11,XLF,0.33333333333333331
2013-07-11,XLI,0
2013-07-11,XLK,0
2013-07-11,XLP,0
2013-07-11,XLU,0
2013-07-11,XLV,0.33333333333333331
2013-07-11,XLY,0.33333333333333331
2013-07-12,GLD,0
2013-07-12,XLB,0
2013-07-12,XLE,0
2013-07-12,XLF,0.33333333333333331
2013-07-12,XLI,0
2013-07-12,XLK,0
2013-07-12,XLP,0
2013-07-12,XLU,0
2013-07-12,XLV,0.33333333333333331
2013-07-12,XLY,0.33333333333333331
2013-07-15,GLD,0
2013-07-15,XLB,0
2013-07-15,XLE,0
2013-07-15,XLF,0.33333333333333331
2013-07-15,XLI,0
2013-07-15,XLK,0
2013-07-15,XLP,0
2013-07-15,XLU,0
2013-07-15,XLV,0.33333333333333331
2013-07-15,XLY,0.33333333333333331
2013-07-16,GLD,0
2013-07-16,XLB,0
2013-07-16,XLE,0
2013-07-16,XLF,0.33333333333333331
2013-07-16,XLI,0
2013-07-16,XLK,0
2013-07-16,XLP,0
2013-07-16,XLU,0
2013-07-16,XLV,0.33333333333333331
2013-07-16,XLY,0.33333333333333331
2013-07-17,GLD,0
2013-07-17,XLB,0
2013-07-17,XLE,0
2013-07-17,XLF,0.33333333333333331
2013-07-17,XLI,0
2013-07-17,XLK,0
2013-07-17,XLP,0
2013-07-17,XLU,0
2013-07-17,XLV,0.33333333333333331
2013-07-17,XLY,0.33333333333333331
2013-07-18,GLD,0
2013-07-18,XLB,0
2013-07-18,XLE,0
2013-07-18,XLF,0.33333333333333331
2013-07-18,XLI,0
2013-07-18,XLK,0
2013-07-18,XLP,0
2013-07-18,XLU,0
2013-07-18,XLV,0.33333333333333331
2013-07-18,XLY,0.33333333333333331
2013-07-19,GLD,0
2013-07-19,XLB,0
2013-07-19,XLE,0
2013-07-19,XLF,0.33333333333333331
2013-07-19,XLI,0
2013-07-19,XLK,0
2013-07-19,XLP,0
2013-07-19,XLU,0
2013-07-19,XLV,0.33333333333333331
2013-07-19,XLY,0.33333333333333331
2013-07-22,GLD,0
2013-07-22,XLB,0
2013-07-22,XLE,0
2013-07-22,XLF,0.33333333333333331
2013-07-22,XLI,0
2013-07-22,XLK,0
2013-07-22,XLP,0
2013-07-22,XLU,0
2013-07-22,XLV,0.33333333333333331
2013-07-22,XLY,0.33333333333333331
2013-07-23,GLD,0
2013-07-23,XLB,0
2013-07-23,XLE,0
2013-07-23,XLF,0.33333333333333331
2013-07-23,XLI,0
2013-07-23,XLK,0
2013-07-23,XLP,0
2013-07-23,XLU,0
2013-07-23,XLV,0.33333333333333331
2013-07-23,XLY,0.33333333333333331
2013-07-24,GLD,0
2013-07-24,XLB,0
2013-07-24,XLE,0
2013-07-24,XLF,0.33333333333333331
2013-07-24,XLI,0
2013-07-24,XLK,0
2013-07-24,XLP,0
2013-07-24,XLU,0
2013-07-24,XLV,0.33333333333333331
2013-07-24,XLY,0.33333333333333331
2013-07-25,GLD,0
2013-07-25,XLB,0
2013-07-25,XLE,0
2013-07-25,XLF,0.33333333333333331
2013-07-25,XLI,0
2013-07-25,XLK,0
2013-07-25,XLP,0
2013-07-25,XLU,0
2013-07-25,XLV,0.33333333333333331
2013-07-25,XLY,0.33333333333333331
2013-07-26,GLD,0
2013-07-26,XLB,0
2013-07-26,XLE,0
2013-07-26,XLF,0.33333333333333331
2013-07-26,XLI,0
2013-07-26,XLK,0
2013-07-26,XLP,0
2013-07-26,XLU,0
2013-07-26,XLV,0.33333333333333331
2013-07-26,XLY,0.33333333333333331
2013-07-29,GLD,0
2013-07-29,XLB,0
2013-07-29,XLE,0
2013-07-29,XLF,0.33333333333333331
2013-07-29,XLI,0
2013-07-29,XLK,0
2013-07-29,XLP,0
2013-07-29,XLU,0
2013-07-29,XLV,0.33333333333333331
2013-07-29,XLY,0.33333333333333331
2013-07-30,GLD,0
2013-07-30,XLB,0
2013-07-30,XLE,0
2013-07-30,XLF,0.33333333333333331
2013-07-30,XLI,0
2013-07-30,XLK,0
2013-07-30,XLP,0
2013-07-30,XLU,0
2013-07-30,XLV,0.33333333333333331
2013-07-30,XLY,0.33333333333333331
2013-07-31,GLD,0
2013-07-31,XLB,0
2013-07-31,XLE,0
2013-07-31,XLF,0.33333333333333331
2013-07-31,XLI,0
2013-07-31,XLK,0
2013-07-31,XLP,0
2013-07-31,XLU,0
2013-07-31,XLV,0.33333333333333331
2013-07-31,XLY,0.33333333333333331
2013-08-01,GLD,0
2013-08-01,XLB,0
2013-08-01,XLE,0
2013-08-01,XLF,0.33333333333333331
2013-08-01,XLI,0
2013-08-01,XLK,0
2013-08-01,XLP,0
2013-08-01,XLU,0
2013-08-01,XLV,0.33333333333333331
2013-08-01,XLY,0.33333333333333331
2013-08-02,GLD,0
2013-08-02,XLB,0
2013-08-02,XLE,0
2013-08-02,XLF,0.33333333333333331
2013-08-02,XLI,0
2013-08-02,XLK,0
2013-08-02,XLP,0
2013-08-02,XLU,0
2013-08-02,XLV,0.33333333333333331
2013-08-02,XLY,0.33333333333333331
2013-08-05,GLD,0
2013-08-05,XLB,0
2013-08-05,XLE,0
2013-08-05,XLF,0.33333333333333331
2013-08-05,XLI,0
2013-08-05,XLK,0
2013-08-05,XLP,0
2013-08-05,XLU,0
2013-08-05,XLV,0.33333333333333331
2013-08-05,XLY,0.33333333333333331
2013-08-06,GLD,0
2013-08-06,XLB,0
2013-08-06,XLE,0
2013-08-06,XLF,0.33333333333333331
2013-08-06,XLI,0
2013-08-06,XLK,0
2013-08-06,XLP,0
2013-08-06,XLU,0
2013-08-06,XLV,0.33333333333333331
2013-08-06,XLY,0.33333333333333331
2013-08-07,GLD,0
2013-08-07,XLB,0
2013-08-07,XLE,0
2013-08-07,XLF,0.33333333333333331
2013-08-07,XLI,0
2013-08-07,XLK,0
2013-08-07,XLP,0
2013-08-07,XLU,0
2013-08-07,XLV,0.33333333333333331
2013-08-07,XLY,0.33333333333333331
2013-08-08,GLD,0
2013-08-08,XLB,0
2013-08-08,XLE,0
2013-08-08,XLF,0.33333333333333331
2013-08-08,XLI,0
2013-08-08,XLK,0
2013-08-08,XLP,0
2013-08-08,XLU,0
2013-08-08,XLV,0.33333333333333331
2013-08-08,XLY,0.33333333333333331
2013-08-09,GLD,0
2013-08-09,XLB,0
2013-08-09,XLE,0
2013-08-09,XLF,0.33333333333333331
2013-08-09,XLI,0
2013-08-09,XLK,0
2013-08-09,XLP,0
2013-08-09,XLU,0
2013-08-09,XLV,0.33333333333333331
2013-08-09,XLY,0.33333333333333331
2013-08-12,GLD,0
2013-08-12,XLB,0
2013-08-12,XLE,0
2013-08-12,XLF,0.33333333333333331
2013-08-12,XLI,0
2013-08-12,XLK,0
2013-08-12,XLP,0
2013-08-12,XLU,0
2013-08-12,XLV,0.33333333333333331
2013-08-12,XLY,0.33333333333333331
2013-08-13,GLD,0
2013-08-13,XLB,0
2013-08-13,XLE,0
2013-08-13,XLF,0.33333333333333331
2013-08-13,XLI,0
2013-08-13,XLK,0
2013-08-13,XLP,0
2013-08-13,XLU,0
2013-08-13,XLV,0.33333333333333331
2013-08-13,XLY,0.33333333333333331
2013-08-14,GLD,0
2013-08-14,XLB,0
2013-08-14,XLE,0
2013-08-14,XLF,0.33333333333333331
2013-08-14,XLI,0
2013-08-14,XLK,0
2013-08-14,XLP,0
2013-08-14,XLU,0
2013-08-14,XLV,0.33333333333333331
2013-08-14,XLY,0.33333333333333331
2013-08-15,GLD,0
2013-08-15,XLB,0
2013-08-15,XLE,0
2013-08-15,XLF,0.33333333333333331
2013-08-15,XLI,0
2013-08-15,XLK,0
2013-08-15,XLP,0
2013-08-15,XLU,0
2013-08-15,XLV,0.33333333333333331
2013-08-15,XLY,0.33333333333333331
2013-08-16,GLD,0
2013-08-16,XLB,0
2013-08-16,XLE,0
2013-08-16,XLF,0.33333333333333331
2013-08-16,XLI,0
2013-08-16,XLK,0
2013-08-16,XLP,0
2013-08-16,XLU,0
2013-08-16,XLV,0.33333333333333331
2013-08-16,XLY,0.33333333333333331
2013-08-19,GLD,0
2013-08-19,XLB,0
2013-08-19,XLE,0
2013-08-19,XLF,0.33333333333333331
2013-08-19,XLI,0
2013-08-19,XLK,0
2013-08-19,XLP,0
2013-08-19,XLU,0
2013-08-19,XLV,0.33333333333333331
2013-08-19,XLY,0.33333333333333331
2013-08-20,GLD,0
2013-08-20,XLB,0
2013-08-20,XLE,0
2013-08-20,XLF,0.33333333333333331
2013-08-20,XLI,0
2013-08-20,XLK,0
2013-08-20,XLP,0
2013-08-20,XLU,0
2013-08-20,XLV,0.33333333333333331
2013-08-20,XLY,0.33333333333333331
2013-08-21,GLD,0
2013-08-21,XLB,0
2013-08-21,XLE,0
2013-08-21,XLF,0.33333333333333331
2013-08-21,XLI,0
2013-08-21,XLK,0
2013-08-21,XLP,0
2013-08-21,XLU,0
2013-08-21,XLV,0.33333333333333331
2013-08-21,XLY,0.33333333333333331
2013-08-22,GLD,0
2013-08-22,XLB,0
2013-08-22,XLE,0
2013-08-22,XLF,0.33333333333333331
2013-08-22,XLI,0
2013-08-22,XLK,0
2013-08-22,XLP,0
2013-08-22,XLU,0
2013-08-22,XLV,0.33333333333333331
2013-08-22,XLY,0.33333333333333331
2013-08-23,GLD,0
2013-08-23,XLB,0
2013-08-23,XLE,0
2013-08-23,XLF,0.33333333333333331
2013-08-23,XLI,0
2013-08-23,XLK,0
2013-08-23,XLP,0
2013-08-23,XLU,0
2013-08-23,XLV,0.33333333333333331
2013-08-23,XLY,0.33333333333333331
2013-08-26,GLD,0
2013-08-26,XLB,0
2013-08-26,XLE,0
2013-08-26,XLF,0.33333333333333331
2013-08-26,XLI,0
2013-08-26,XLK,0
2013-08-26,XLP,0
2013-08-26,XLU,0
2013-08-26,XLV,0.33333333333333331
2013-08-26,XLY,0.33333333333333331
2013-08-27,GLD,0
2013-08-27,XLB,0
2013-08-27,XLE,0
2013-08-27,XLF,0.33333333333333331
2013-08-27,XLI,0
2013-08-27,XLK,0
2013-08-27,XLP,0
2013-08-27,XLU,0
2013-08-27,XLV,0.33333333333333331
2013-08-27,XLY,0.33333333333333331
2013-08-28,GLD,0
2013-08-28,XLB,0
2013-08-28,XLE,0
2013-08-28,XLF,0.33333333333333331
2013-08-28,XLI,0
2013-08-28,XLK,0
2013-08-28,XLP,0
2013-08-28,XLU,0
2013-08-28,XLV,0.33333333333333331
2013-08-28,XLY,0.33333333333333331
2013-08-29,GLD,0
2013-08-29,XLB,0
2013-08-29,XLE,0
2013-08-29,XLF,0.33333333333333331
2013-08-29,XLI,0
2013-08-29,XLK,0
2013-08-29,XLP,0
2013-08-29,XLU,0
2013-08-29,XLV,0.33333333333333331
2013-08-29,XLY,0.33333333333333331
2013-08-30,GLD,0
2013-08-30,XLB,0
2013-08-30,XLE,0
2013-08-30,XLF,0.33333333333333331
2013-08-30,XLI,0
2013-08-30,XLK,0
2013-08-30,XLP,0
2013-08-30,XLU,0
2013-08-30,XLV,0.33333333333333331
2013-08-30,XLY,0.33333333333333331
2013-09-03,GLD,0
2013-09-03,XLB,0
2013-09-03,XLE,0
2013-09-03,XLF,0.33333333333333331
2013-09-03,XLI,0
2013-09-03,XLK,0
2013-09-03,XLP,0
2013-09-03,XLU,0
2013-09-03,XLV,0.33333333333333331
2013-09-03,XLY,0.33333333333333331
2013-09-04,GLD,0
2013-09-04,XLB,0
2013-09-04,XLE,0
2013-09-04,XLF,0.33333333333333331
2013-09-04,XLI,0
2013-09-04,XLK,0
2013-09-04,XLP,0
2013-09-04,XLU,0
2013-09-04,XLV,0.33333333333333331
2013-09-04,XLY,0.33333333333333331
2013-09-05,GLD,0
2013-09-05,XLB,0
2013-09-05,XLE,0
2013-09-05,XLF,0.33333333333333331
2013-09-05,XLI,0
2013-09-05,XLK,0
2013-09-05,XLP,0
2013-09-05,XLU,0
2013-09-05,XLV,0.33333333333333331
2013-09-05,XLY,0.33333333333333331
2013-09-06,GLD,0
2013-09-06,XLB,0
2013-09-06,XLE,0
2013-09-06,XLF,0.33333333333333331
2013-09-06,XLI,0
2013-09-06,XLK,0
2013-09-06,XLP,0
2013-09-06,XLU,0
2013-09-06,XLV,0.33333333333333331
2013-09-06,XLY,0.33333333333333331
2013-09-09,GLD,0
2013-09-09,XLB,0
2013-09-09,XLE,0
2013-09-09,XLF,0.33333333333333331
2013-09-09,XLI,0
2013-09-09,XLK,0
2013-09-09,XLP,0
2013-09-09,XLU,0
2013-09-09,XLV,0.33333333333333331
2013-09-09,XLY,0.33333333333333331
2013-09-10,GLD,0
2013-09-10,XLB,0
2013-09-10,XLE,0
2013-09-10,XLF,0.33333333333333331
2013-09-10,XLI,0
2013-09-10,XLK,0
2013-09-10,XLP,0
2013-09-10,XLU,0
2013-09-10,XLV,0.33333333333333331
2013-09-10,XLY,0.33333333333333331
2013-09-11,GLD,0
2013-09-11,XLB,0
2013-09-11,XLE,0
2013-09-11,XLF,0.33333333333333331
2013-09-11,XLI,0
2013-09-11,XLK,0
2013-09-11,XLP,0
2013-09-11,XLU,0
2013-09-11,XLV,0.33333333333333331
2013-09-11,XLY,0.33333333333333331
2013-09-12,GLD,0
2013-09-12,XLB,0
2013-09-12,XLE,0
2013-09-12,XLF,0.33333333333333331
2013-09-12,XLI,0
2013-09-12,XLK,0
2013-09-12,XLP,0
2013-09-12,XLU,0
2013-09-12,XLV,0.33333333333333331
2013-09-12,XLY,0.33333333333333331
2013-09-13,GLD,0
2013-09-13,XLB,0
2013-09-13,XLE,0
2013-09-13,XLF,0.33333333333333331
2013-09-13,XLI,0
2013-09-13,XLK,0
2013-09-13,XLP,0
2013-09-13,XLU,0
2013-09-13,XLV,0.33333333333333331
2013-09-13,XLY,0.33333333333333331
2013-09-16,GLD,0
2013-09-16,XLB,0
2013-09-16,XLE,0
2013-09-16,XLF,0.33333333333333331
2013-09-16,XLI,0
2013-09-16,XLK,0
2013-09-16,XLP,0
2013-09-16,XLU,0
2013-09-16,XLV,0.33333333333333331
2013-09-16,XLY,0.33333333333333331
2013-09-17,GLD,0
2013-09-17,XLB,0
2013-09-17,XLE,0
2013-09-17,XLF,0.33333333333333331
2013-09-17,XLI,0
2013-09-17,XLK,0
2013-09-17,XLP,0
2013-09-17,XLU,0
2013-09-17,XLV,0.33333333333333331
2013-09-17,XLY,0.33333333333333331
2013-09-18,GLD,0
2013-09-18,XLB,0
2013-09-18,XLE,0
2013-09-18,XLF,0.33333333333333331
2013-09-18,XLI,0
2013-09-18,XLK,0
2013-09-18,XLP,0
2013-09-18,XLU,0
2013-09-18,XLV,0.33333333333333331
2013-09-18,XLY,0.33333333333333331
2013-09-19,GLD,0
2013-09-19,XLB,0
2013-09-19,XLE,0
2013-09-19,XLF,0.33333333333333331
2013-09-19,XLI,0
2013-09-19,XLK,0
2013-09-19,XLP,0
2013-09-19,XLU,0
2013-09-19,XLV,0.33333333333333331
2013-09-19,XLY,0.33333333333333331
2013-09-20,GLD,0
2013-09-20,XLB,0
2013-09-20,XLE,0
2013-09-20,XLF,0.33333333333333331
2013-09-20,XLI,0
2013-09-20,XLK,0
2013-09-20,XLP,0
2013-09-20,XLU,0
2013-09-20,XLV,0.33333333333333331
2013-09-20,XLY,0.33333333333333331
2013-09-23,GLD,0
2013-09-23,XLB,0
2013-09-23,XLE,0
2013-09-23,XLF,0.33333333333333331
2013-09-23,XLI,0
2013-09-23,XLK,0
2013-09-23,XLP,0
2013-09-23,XLU,0
2013-09-23,XLV,0.33333333333333331
2013-09-23,XLY,0.33333333333333331
2013-09-24,GLD,0
2013-09-24,XLB,0
2013-09-24,XLE,0
2013-09-24,XLF,0.33333333333333331
2013-09-24,XLI,0
2013-09-24,XLK,0
2013-09-24,XLP,0
2013-09-24,XLU,0
2013-09-24,XLV,0.33333333333333331
2013-09-24,XLY,0.33333333333333331
2013-09-25,GLD,0
2013-09-25,XLB,0
2013-09-25,XLE,0
2013-09-25,XLF,0.33333333333333331
2013-09-25,XLI,0
2013-09-25,XLK,0
2013-09-25,XLP,0
2013-09-25,XLU,0
2013-09-25,XLV,0.33333333333333331
2013-09-25,XLY,0.33333333333333331
2013-09-26,GLD,0
2013-09-26,XLB,0
2013-09-26,XLE,0
2013-09-26,XLF,0.33333333333333331
2013-09-26,XLI,0
2013-09-26,XLK,0
2013-09-26,XLP,0
2013-09-26,XLU,0
2013-09-26,XLV,0.33333333333333331
2013-09-26,XLY,0.33333333333333331
2013-09-27,GLD,0
2013-09-27,XLB,0
2013-09-27,XLE,0
2013-09-27,XLF,0.33333333333333331
2013-09-27,XLI,0
2013-09-27,XLK,0
2013-09-27,XLP,0
2013-09-27,XLU,0
2013-09-27,XLV,0.33333333333333331
2013-09-27,XLY,0.33333333333333331
2013-09-30,GLD,0
2013-09-30,XLB,0
2013-09-30,XLE,0
2013-09-30,XLF,0.33333333333333331
2013-09-30,XLI,0
2013-09-30,XLK,0
2013-09-30,XLP,0
2013-09-30,XLU,0
2013-09-30,XLV,0.33333333333333331
2013-09-30,XLY,0.33333333333333331
2013-10-01,GLD,0
2013-10-01,XLB,0
2013-10-01,XLE,0
2013-10-01,XLF,0.33333333333333331
2013-10-01,XLI,0.33333333333333331
2013-10-01,XLK,0
2013-10-01,XLP,0
2013-10-01,XLU,0
2013-10-01,XLV,0
2013-10-01,XLY,0.33333333333333331
2013-10-02,GLD,0
2013-10-02,XLB,0
2013-10-02,XLE,0
2013-10-02,XLF,0.33333333333333331
2013-10-02,XLI,0.33333333333333331
2013-10-02,XLK,0
2013-10-02,XLP,0
2013-10-02,XLU,0
2013-10-02,XLV,0
2013-10-02,XLY,0.33333333333333331
2013-10-03,GLD,0
2013-10-03,XLB,0
2013-10-03,XLE,0
2013-10-03,XLF,0.33333333333333331
2013-10-03,XLI,0.33333333333333331
2013-10-03,XLK,0
2013-10-03,XLP,0
2013-10-03,XLU,0
2013-10-03,XLV,0
2013-10-03,XLY,0.33333333333333331
2013-10-04,GLD,0
2013-10-04,XLB,0
2013-10-04,XLE,0
2013-10-04,XLF,0.33333333333333331
2013-10-04,XLI,0.33333333333333331
2013-10-04,XLK,0
2013-10-04,XLP,0
2013-10-04,XLU,0
2013-10-04,XLV,0
2013-10-04,XLY,0.33333333333333331
2013-10-07,GLD,0
2013-10-07,XLB,0
2013-10-07,XLE,0
2013-10-07,XLF,0.33333333333333331
2013-10-07,XLI,0.33333333333333331
2013-10-07,XLK,0
2013-10-07,XLP,0
2013-10-07,XLU,0
2013-10-07,XLV,0
2013-10-07,XLY,0.33333333333333331
2013-10-08,GLD,0
2013-10-08,XLB,0
2013-10-08,XLE,0
2013-10-08,XLF,0.33333333333333331
2013-10-08,XLI,0.33333333333333331
2013-10-08,XLK,0
2013-10-08,XLP,0
2013-10-08,XLU,0
2013-10-08,XLV,0
2013-10-08,XLY,0.33333333333333331
2013-10-09,GLD,0
2013-10-09,XLB,0
2013-10-09,XLE,0
2013-10-09,XLF,0.33333333333333331
2013-10-09,XLI,0.33333333333333331
2013-10-09,XLK,0
2013-10-09,XLP,0
2013-10-09,XLU,0
2013-10-09,XLV,0
2013-10-09,XLY,0.33333333333333331
2013-10-10,GLD,0
2013-10-10,XLB,0
2013-10-10,XLE,0
2013-10-10,XLF,0.33333333333333331
2013-10-10,XLI,0.33333333333333331
2013-10-10,XLK,0
2013-10-10,XLP,0
2013-10-10,XLU,0
2013-10-10,XLV,0
2013-10-10,XLY,0.33333333333333331
2013-10-11,GLD,0
2013-10-11,XLB,0
2013-10-11,XLE,0
2013-10-11,XLF,0.33333333333333331
2013-10-11,XLI,0.33333333333333331
2013-10-11,XLK,0
2013-10-11,XLP,0
2013-10-11,XLU,0
2013-10-11,XLV,0
2013-10-11,XLY,0.33333333333333331
2013-10-14,GLD,0
2013-10-14,XLB,0
2013-10-14,XLE,0
2013-10-14,XLF,0.33333333333333331
2013-10-14,XLI,0.33333333333333331
2013-10-14,XLK,0
2013-10-14,XLP,0
2013-10-14,XLU,0
2013-10-14,XLV,0
2013-10-14,XLY,0.33333333333333331
2013-10-15,GLD,0
2013-10-15,XLB,0
2013-10-15,XLE,0
2013-10-15,XLF,0.33333333333333331
2013-10-15,XLI,0.33333333333333331
2013-10-15,XLK,0
2013-10-15,XLP,0
2013-10-15,XLU,0
2013-10-15,XLV,0
2013-10-15,XLY,0.33333333333333331
2013-10-16,GLD,0
2013-10-16,XLB,0
2013-10-16,XLE,0
2013-10-16,XLF,0.33333333333333331
2013-10-16,XLI,0.33333333333333331
2013-10-16,XLK,0
2013-10-16,XLP,0
2013-10-16,XLU,0
2013-10-16,XLV,0
2013-10-16,XLY,0.33333333333333331
2013-10-17,GLD,0
2013-10-17,XLB,0
2013-10-17,XLE,0
2013-10-17,XLF,0.33333333333333331
2013-10-17,XLI,0.33333333333333331
2013-10-17,XLK,0
2013-10-17,XLP,0
2013-10-17,XLU,0
2013-10-17,XLV,0
2013-10-17,XLY,0.33333333333333331
2013-10-18,GLD,0
2013-10-18,XLB,0
2013-10-18,XLE,0
2013-10-18,XLF,0.33333333333333331
2013-10-18,XLI,0.33333333333333331
2013-10-18,XLK,0
2013-10-18,XLP,0
2013-10-18,XLU,0
2013-10-18,XLV,0
2013-10-18,XLY,0.33333333333333331
2013-10-21,GLD,0
2013-10-21,XLB,0
2013-10-21,XLE,0
2013-10-21,XLF,0.33333333333333331
2013-10-21,XLI,0.33333333333333331
2013-10-21,XLK,0
2013-10-21,XLP,0
2013-10-21,XLU,0
2013-10-21,XLV,0
2013-10-21,XLY,0.33333333333333331
2013-10-22,GLD,0
2013-10-22,XLB,0
2013-10-22,XLE,0
2013-10-22,XLF,0.33333333333333331
2013-10-22,XLI,0.33333333333333331
2013-10-22,XLK,0
2013-10-22,XLP,0
2013-10-22,XLU,0
2013-10-22,XLV,0
2013-10-22,XLY,0.33333333333333331
2013-10-23,GLD,0
2013-10-23,XLB,0
2013-10-23,XLE,0
2013-10-23,XLF,0.33333333333333331
2013-10-23,XLI,0.33333333333333331
2013-10-23,XLK,0
2013-10-23,XLP,0
2013-10-23,XLU,0
2013-10-23,XLV,0
2013-10-23,XLY,0.33333333333333331
2013-10-24,GLD,0
2013-10-24,XLB,0
2013-10-24,XLE,0
2013-10-24,XLF,0.33333333333333331
2013-10-24,XLI,0.33333333333333331
2013-10-24,XLK,0
2013-10-24,XLP,0
2013-10-24,XLU,0
2013-10-24,XLV,0
2013-10-24,XLY,0.33333333333333331
2013-10-25,GLD,0
2013-10-25,XLB,0
2013-10-25,XLE,0
2013-10-25,XLF,0.33333333333333331
2013-10-25,XLI,0.33333333333333331
2013-10-25,XLK,0
2013-10-25,XLP,0
2013-10-25,XLU,0
2013-10-25,XLV,0
2013-10-25,XLY,0.33333333333333331
2013-10-28,GLD,0
2013-10-28,XLB,0
2013-10-28,XLE,0
2013-10-28,XLF,0.33333333333333331
2013-10-28,XLI,0.33333333333333331
2013-10-28,XLK,0
2013-10-28,XLP,0
2013-10-28,XLU,0
2013-10-28,XLV,0
2013-10-28,XLY,0.33333333333333331
2013-10-29,GLD,0
2013-10-29,XLB,0
2013-10-29,XLE,0
2013-10-29,XLF,0.33333333333333331
2013-10-29,XLI,0.33333333333333331
2013-10-29,XLK,0
2013-10-29,XLP,0
2013-10-29,XLU,0
2013-10-29,XLV,0
2013-10-29,XLY,0.33333333333333331
2013-10-30,GLD,0
2013-10-30,XLB,0.33333333333333331
2013-10-30,XLE,0
2013-10-30,XLF,0
2013-10-30,XLI,0.33333333333333331
2013-10-30,XLK,0
2013-10-30,XLP,0
2013-10-30,XLU,0
2013-10-30,XLV,0
2013-10-30,XLY,0.33333333333333331
2013-10-31,GLD,0
2013-10-31,XLB,0.33333333333333331
2013-10-31,XLE,0
2013-10-31,XLF,0
2013-10-31,XLI,0.33333333333333331
2013-10-31,XLK,0
2013-10-31,XLP,0
2013-10-31,XLU,0
2013-10-31,XLV,0
2013-10-31,XLY,0.33333333333333331
2013-11-01,GLD,0
2013-11-01,XLB,0.33333333333333331
2013-11-01,XLE,0
2013-11-01,XLF,0
2013-11-01,XLI,0.33333333333333331
2013-11-01,XLK,0
2013-11-01,XLP,0
2013-11-01,XLU,0
2013-11-01,XLV,0
2013-11-01,XLY,0.33333333333333331
2013-11-04,GLD,0
2013-11-04,XLB,0.33333333333333331
2013-11-04,XLE,0
2013-11-04,XLF,0
2013-11-04,XLI,0.33333333333333331
2013-11-04,XLK,0
2013-11-04,XLP,0
2013-11-04,XLU,0
2013-11-04,XLV,0
2013-11-04,XLY,0.33333333333333331
2013-11-05,GLD,0
2013-11-05,XLB,0.33333333333333331
2013-11-05,XLE,0
2013-11-05,XLF,0
2013-11-05,XLI,0.33333333333333331
2013-11-05,XLK,0
2013-11-05,XLP,0
2013-11-05,XLU,0
2013-11-05,XLV,0
2013-11-05,XLY,0.33333333333333331
2013-11-06,GLD,0
2013-11-06,XLB,0.33333333333333331
2013-11-06,XLE,0
2013-11-06,XLF,0
2013-11-06,XLI,0.33333333333333331
2013-11-06,XLK,0
2013-11-06,XLP,0
2013-11-06,XLU,0
2013-11-06,XLV,0
2013-11-06,XLY,0.33333333333333331
2013-11-07,GLD,0
2013-11-07,XLB,0.33333333333333331
2013-11-07,XLE,0
2013-11-07,XLF,0
2013-11-07,XLI,0.33333333333333331
2013-11-07,XLK,0
2013-11-07,XLP,0
2013-11-07,XLU,0
2013-11-07,XLV,0
2013-11-07,XLY,0.33333333333333331
2013-11-08,GLD,0
2013-11-08,XLB,0.33333333333333331
2013-11-08,XLE,0
2013-11-08,XLF,0
2013-11-08,XLI,0.33333333333333331
2013-11-08,XLK,0
2013-11-08,XLP,0
2013-11-08,XLU,0
2013-11-08,XLV,0
2013-11-08,XLY,0.33333333333333331
2013-11-11,GLD,0
2013-11-11,XLB,0.33333333333333331
2013-11-11,XLE,0
2013-11-11,XLF,0
2013-11-11,XLI,0.33333333333333331
2013-11-11,XLK,0
2013-11-11,XLP,0
2013-11-11,XLU,0
2013-11-11,XLV,0
2013-11-11,XLY,0.33333333333333331
2013-11-12,GLD,0
2013-11-12,XLB,0.33333333333333331
2013-11-12,XLE,0
2013-11-12,XLF,0
2013-11-12,XLI,0.33333333333333331
2013-11-12,XLK,0
2013-11-12,XLP,0
2013-11-12,XLU,0
2013-11-12,XLV,0
2013-11-12,XLY,0.33333333333333331
2013-11-13,GLD,0
2013-11-13,XLB,0.33333333333333331
2013-11-13,XLE,0
2013-11-13,XLF,0
2013-11-13,XLI,0.33333333333333331
2013-11-13,XLK,0
2013-11-13,XLP,0
2013-11-13,XLU,0
2013-11-13,XLV,0
2013-11-13,XLY,0.33333333333333331
2013-11-14,GLD,0
2013-11-14,XLB,0.33333333333333331
2013-11-14,XLE,0
2013-11-14,XLF,0
2013-11-14,XLI,0.33333333333333331
2013-11-14,XLK,0
2013-11-14,XLP,0
2013-11-14,XLU,0
2013-11-14,XLV,0
2013-11-14,XLY,0.33333333333333331
2013-11-15,GLD,0
2013-11-15,XLB,0.33333333333333331
2013-11-15,XLE,0
2013-11-15,XLF,0
2013-11-15,XLI,0.33333333333333331
2013-11-15,XLK,0
2013-11-15,XLP,0
2013-11-15,XLU,0
2013-11-15,XLV,0
2013-11-15,XLY,0.33333333333333331
2013-11-18,GLD,0
2013-11-18,XLB,0.33333333333333331
2013-11-18,XLE,0
2013-11-18,XLF,0
2013-11-18,XLI,0.33333333333333331
2013-11-18,XLK,0
2013-11-18,XLP,0
2013-11-18,XLU,0
2013-11-18,XLV,0
2013-11-18,XLY,0.33333333333333331
2013-11-19,GLD,0
2013-11-19,XLB,0.33333333333333331
2013-11-19,XLE,0
2013-11-19,XLF,0
2013-11-19,XLI,0.33333333333333331
2013-11-19,XLK,0
2013-11-19,XLP,0
2013-11-19,XLU,0
2013-11-19,XLV,0
2013-11-19,XLY,0.33333333333333331
2013-11-20,GLD,0
2013-11-20,XLB,0.33333333333333331
2013-11-20,XLE,0
2013-11-20,XLF,0
2013-11-20,XLI,0.33333333333333331
2013-11-20,XLK,0
2013-11-20,XLP,0
2013-11-20,XLU,0
2013-11-20,XLV,0
2013-11-20,XLY,0.33333333333333331
2013-11-21,GLD,0
2013-11-21,XLB,0.33333333333333331
2013-11-21,XLE,0
2013-11-21,XLF,0
2013-11-21,XLI,0.33333333333333331
2013-11-21,XLK,0
2013-11-21,XLP,0
2013-11-21,XLU,0
2013-11-21,XLV,0
2013-11-21,XLY,0.33333333333333331
2013-11-22,GLD,0
2013-11-22,XLB,0.33333333333333331
2013-11-22,XLE,0
2013-11-22,XLF,0
2013-11-22,XLI,0.33333333333333331
2013-11-22,XLK,0
2013-11-22,XLP,0
2013-11-22,XLU,0
2013-11-22,XLV,0
2013-11-22,XLY,0.33333333333333331
2013-11-25,GLD,0
2013-11-25,XLB,0.33333333333333331
2013-11-25,XLE,0
2013-11-25,XLF,0
2013-11-25,XLI,0.33333333333333331
2013-11-25,XLK,0
2013-11-25,XLP,0
2013-11-25,XLU,0
2013-11-25,XLV,0
2013-11-25,XLY,0.33333333333333331
2013-11-26,GLD,0
2013-11-26,XLB,0.33333333333333331
2013-11-26,XLE,0
2013-11-26,XLF,0
2013-11-26,XLI,0.33333333333333331
2013-11-26,XLK,0
2013-11-26,XLP,0
2013-11-26,XLU,0
2013-11-26,XLV,0
2013-11-26,XLY,0.33333333333333331
2013-11-27,GLD,0
2013-11-27,XLB,0.33333333333333331
2013-11-27,XLE,0
2013-11-27,XLF,0
2013-11-27,XLI,0.33333333333333331
2013-11-27,XLK,0
2013-11-27,XLP,0
2013-11-27,XLU,0
2013-11-27,XLV,0
2013-11-27,XLY,0.33333333333333331
2013-11-29,GLD,0
2013-11-29,XLB,0
2013-11-29,XLE,0
2013-11-29,XLF,0
2013-11-29,XLI,0.33333333333333331
2013-11-29,XLK,0
2013-11-29,XLP,0
2013-11-29,XLU,0
2013-11-29,XLV,0.33333333333333331
2013-11-29,XLY,0.33333333333333331
2013-12-02,GLD,0
2013-12-02,XLB,0
2013-12-02,XLE,0
2013-12-02,XLF,0
2013-12-02,XLI,0.33333333333333331
2013-12-02,XLK,0
2013-12-02,XLP,0
2013-12-02,XLU,0
2013-12-02,XLV,0.33333333333333331
2013-12-02,XLY,0.33333333333333331
2013-12-03,GLD,0
2013-12-03,XLB,0
2013-12-03,XLE,0
2013-12-03,XLF,0
2013-12-03,XLI,0.33333333333333331
2013-12-03,XLK,0
2013-12-03,XLP,0
2013-12-03,XLU,0
2013-12-03,XLV,0.33333333333333331
2013-12-03,XLY,0.33333333333333331
2013-12-04,GLD,0
2013-12-04,XLB,0
2013-12-04,XLE,0
2013-12-04,XLF,0
2013-12-04,XLI,0.33333333333333331
2013-12-04,XLK,0
2013-12-04,XLP,0
2013-12-04,XLU,0
2013-12-04,XLV,0.33333333333333331
2013-12-04,XLY,0.33333333333333331
2013-12-05,GLD,0
2013-12-05,XLB,0
2013-12-05,XLE,0
2013-12-05,XLF,0
2013-12-05,XLI,0.33333333333333331
2013-12-05,XLK,0
2013-12-05,XLP,0
2013-12-05,XLU,0
2013-12-05,XLV,0.33333333333333331
2013-12-05,XLY,0.33333333333333331
2013-12-06,GLD,0
2013-12-06,XLB,0
2013-12-06,XLE,0
2013-12-06,XLF,0
2013-12-06,XLI,0.33333333333333331
2013-12-06,XLK,0
2013-12-06,XLP,0
2013-12-06,XLU,0
2013-12-06,XLV,0.33333333333333331
2013-12-06,XLY,0.33333333333333331
2013-12-09,GLD,0
2013-12-09,XLB,0
2013-12-09,XLE,0
2013-12-09,XLF,0
2013-12-09,XLI,0.33333333333333331
2013-12-09,XLK,0
2013-12-09,XLP,0
2013-12-09,XLU,0
2013-12-09,XLV,0.33333333333333331
2013-12-09,XLY,0.33333333333333331
2013-12-10,GLD,0
2013-12-10,XLB,0
2013-12-10,XLE,0
2013-12-10,XLF,0
2013-12-10,XLI,0.33333333333333331
2013-12-10,XLK,0
2013-12-10,XLP,0
2013-12-10,XLU,0
2013-12-10,XLV,0.33333333333333331
2013-12-10,XLY,0.33333333333333331
2013-12-11,GLD,0
2013-12-11,XLB,0
2013-12-11,XLE,0
2013-12-11,XLF,0
2013-12-11,XLI,0.33333333333333331
2013-12-11,XLK,0
2013-12-11,XLP,0
2013-12-11,XLU,0
2013-12-11,XLV,0.33333333333333331
2013-12-11,XLY,0.33333333333333331
2013-12-12,GLD,0
2013-12-12,XLB,0
2013-12-12,XLE,0
2013-12-12,XLF,0
2013-12-12,XLI,0.33333333333333331
2013-12-12,XLK,0
2013-12-12,XLP,0
2013-12-12,XLU,0
2013-12-12,XLV,0.33333333333333331
2013-12-12,XLY,0.33333333333333331
2013-12-13,GLD,0
2013-12-13,XLB,0
2013-12-13,XLE,0
2013-12-13,XLF,0
2013-12-13,XLI,0.33333333333333331
2013-12-13,XLK,0
2013-12-13,XLP,0
2013-12-13,XLU,0
2013-12-13,XLV,0.33333333333333331
2013-12-13,XLY,0.33333333333333331
2013-12-16,GLD,0
2013-12-16,XLB,0
2013-12-16,XLE,0
2013-12-16,XLF,0
2013-12-16,XLI,0.33333333333333331
2013-12-16,XLK,0
2013-12-16,XLP,0
2013-12-16,XLU,0
2013-12-16,XLV,0.33333333333333331
2013-12-16,XLY,0.33333333333333331
2013-12-17,GLD,0
2013-12-17,XLB,0
2013-12-17,XLE,0
2013-12-17,XLF,0
2013-12-17,XLI,0.33333333333333331
2013-12-17,XLK,0
2013-12-17,XLP,0
2013-12-17,XLU,0
2013-12-17,XLV,0.33333333333333331
2013-12-17,XLY,0.33333333333333331
2013-12-18,GLD,0
2013-12-18,XLB,0
2013-12-18,XLE,0
2013-12-18,XLF,0
2013-12-18,XLI,0.33333333333333331
2013-12-18,XLK,0
2013-12-18,XLP,0
2013-12-18,XLU,0
2013-12-18,XLV,0.33333333333333331
2013-12-18,XLY,0.33333333333333331
2013-12-19,GLD,0
2013-12-19,XLB,0
2013-12-19,XLE,0
2013-12-19,XLF,0
2013-12-19,XLI,0.33333333333333331
2013-12-19,XLK,0
2013-12-19,XLP,0
2013-12-19,XLU,0
2013-12-19,XLV,0.33333333333333331
2013-12-19,XLY,0.33333333333333331
2013-12-20,GLD,0
2013-12-20,XLB,0
2013-12-20,XLE,0
2013-12-20,XLF,0
2013-12-20,XLI,0.33333333333333331
2013-12-20,XLK,0
2013-12-20,XLP,0
2013-12-20,XLU,0
2013-12-20,XLV,0.33333333333333331
2013-12-20,XLY,0.33333333333333331
2013-12-23,GLD,0
2013-12-23,XLB,0
2013-12-23,XLE,0
2013-12-23,XLF,0
2013-12-23,XLI,0.33333333333333331
2013-12-23,XLK,0
2013-12-23,XLP,0
2013-12-23,XLU,0
2013-12-23,XLV,0.33333333333333331
2013-12-23,XLY,0.33333333333333331
2013-12-24,GLD,0
2013-12-24,XLB,0
2013-12-24,XLE,0
2013-12-24,XLF,0
2013-12-24,XLI,0.33333333333333331
2013-12-24,XLK,0
2013-12-24,XLP,0
2013-12-24,XLU,0
2013-12-24,XLV,0.33333333333333331
2013-12-24,XLY,0.33333333333333331
2013-12-26,GLD,0
2013-12-26,XLB,0
2013-12-26,XLE,0
2013-12-26,XLF,0
2013-12-26,XLI,0.33333333333333331
2013-12-26,XLK,0
2013-12-26,XLP,0
2013-12-26,XLU,0
2013-12-26,XLV,0.33333333333333331
2013-12-26,XLY,0.33333333333333331
2013-12-27,GLD,0
2013-12-27,XLB,0
2013-12-27,XLE,0
2013-12-27,XLF,0
2013-12-27,XLI,0.33333333333333331
2013-12-27,XLK,0
2013-12-27,XLP,0
2013-12-27,XLU,0
2013-12-27,XLV,0.33333333333333331
2013-12-27,XLY,0.33333333333333331
2013-12-30,GLD,0
2013-12-30,XLB,0
2013-12-30,XLE,0
2013-12-30,XLF,0
2013-12-30,XLI,0.33333333333333331
2013-12-30,XLK,0
2013-12-30,XLP,0
2013-12-30,XLU,0
2013-12-30,XLV,0.33333333333333331
2013-12-30,XLY,0.33333333333333331
2013-12-31,GLD,0
2013-12-31,XLB,0.33333333333333331
2013-12-31,XLE,0
2013-12-31,XLF,0
2013-12-31,XLI,0.33333333333333331
2013-12-31,XLK,0
2013-12-31,XLP,0
2013-12-31,XLU,0
2013-12-31,XLV,0
2013-12-31,XLY,0.33333333333333331
2014-01-02,GLD,0
2014-01-02,XLB,0.33333333333333331
2014-01-02,XLE,0
2014-01-02,XLF,0
2014-01-02,XLI,0.33333333333333331
2014-01-02,XLK,0
2014-01-02,XLP,0
2014-01-02,XLU,0
2014-01-02,XLV,0
2014-01-02,XLY,0.33333333333333331
2014-01-03,GLD,0
2014-01-03,XLB,0.33333333333333331
2014-01-03,XLE,0
2014-01-03,XLF,0
2014-01-03,XLI,0.33333333333333331
2014-01-03,XLK,0
2014-01-03,XLP,0
2014-01-03,XLU,0
2014-01-03,XLV,0
2014-01-03,XLY,0.33333333333333331
2014-01-06,GLD,0
2014-01-06,XLB,0.33333333333333331
2014-01-06,XLE,0
2014-01-06,XLF,0
2014-01-06,XLI,0.33333333333333331
2014-01-06,XLK,0
2014-01-06,XLP,0
2014-01-06,XLU,0
2014-01-06,XLV,0
2014-01-06,XLY,0.33333333333333331
2014-01-07,GLD,0
2014-01-07,XLB,0.33333333333333331
2014-01-07,XLE,0
2014-01-07,XLF,0
2014-01-07,XLI,0.33333333333333331
2014-01-07,XLK,0
2014-01-07,XLP,0
2014-01-07,XLU,0
2014-01-07,XLV,0
2014-01-07,XLY,0.33333333333333331
2014-01-08,GLD,0
2014-01-08,XLB,0.33333333333333331
2014-01-08,XLE,0
2014-01-08,XLF,0
2014-01-08,XLI,0.33333333333333331
2014-01-08,XLK,0
2014-01-08,XLP,0
2014-01-08,XLU,0
2014-01-08,XLV,0
2014-01-08,XLY,0.33333333333333331
2014-01-09,GLD,0
2014-01-09,XLB,0.33333333333333331
2014-01-09,XLE,0
2014-01-09,XLF,0
2014-01-09,XLI,0.33333333333333331
2014-01-09,XLK,0
2014-01-09,XLP,0
2014-01-09,XLU,0
2014-01-09,XLV,0
2014-01-09,XLY,0.33333333333333331
2014-01-10,GLD,0
2014-01-10,XLB,0.33333333333333331
2014-01-10,XLE,0
2014-01-10,XLF,0
2014-01-10,XLI,0.33333333333333331
2014-01-10,XLK,0
2014-01-10,XLP,0
2014-01-10,XLU,0
2014-01-10,XLV,0
2014-01-10,XLY,0.33333333333333331
2014-01-13,GLD,0
2014-01-13,XLB,0.33333333333333331
2014-01-13,XLE,0
2014-01-13,XLF,0
2014-01-13,XLI,0.33333333333333331
2014-01-13,XLK,0
2014-01-13,XLP,0
2014-01-13,XLU,0
2014-01-13,XLV,0
2014-01-13,XLY,0.33333333333333331
2014-01-14,GLD,0
2014-01-14,XLB,0.33333333333333331
2014-01-14,XLE,0
2014-01-14,XLF,0
2014-01-14,XLI,0.33333333333333331
2014-01-14,XLK,0
2014-01-14,XLP,0
2014-01-14,XLU,0
2014-01-14,XLV,0
2014-01-14,XLY,0.33333333333333331
2014-01-15,GLD,0
2014-01-15,XLB,0.33333333333333331
2014-01-15,XLE,0
2014-01-15,XLF,0
2014-01-15,XLI,0.33333333333333331
2014-01-15,XLK,0
2014-01-15,XLP,0
2014-01-15,XLU,0
2014-01-15,XLV,0
2014-01-15,XLY,0.33333333333333331
2014-01-16,GLD,0
2014-01-16,XLB,0.33333333333333331
2014-01-16,XLE,0
2014-01-16,XLF,0
2014-01-16,XLI,0.33333333333333331
2014-01-16,XLK,0
2014-01-16,XLP,0
2014-01-16,XLU,0
2014-01-16,XLV,0
2014-01-16,XLY,0.33333333333333331
2014-01-17,GLD,0
2014-01-17,XLB,0.33333333333333331
2014-01-17,XLE,0
2014-01-17,XLF,0
2014-01-17,XLI,0.33333333333333331
2014-01-17,XLK,0
2014-01-17,XLP,0
2014-01-17,XLU,0
2014-01-17,XLV,0
2014-01-17,XLY,0.33333333333333331
2014-01-21,GLD,0
2014-01-21,XLB,0.33333333333333331
2014-01-21,XLE,0
2014-01-21,XLF,0
2014-01-21,XLI,0.33333333333333331
2014-01-21,XLK,0
2014-01-21,XLP,0
2014-01-21,XLU,0
2014-01-21,XLV,0
2014-01-21,XLY,0.33333333333333331
2014-01-22,GLD,0
2014-01-22,XLB,0.33333333333333331
2014-01-22,XLE,0
2014-01-22,XLF,0
2014-01-22,XLI,0.33333333333333331
2014-01-22,XLK,0
2014-01-22,XLP,0
2014-01-22,XLU,0
2014-01-22,XLV,0
2014-01-22,XLY,0.33333333333333331
2014-01-23,GLD,0
2014-01-23,XLB,0.33333333333333331
2014-01-23,XLE,0
2014-01-23,XLF,0
2014-01-23,XLI,0.33333333333333331
2014-01-23,XLK,0
2014-01-23,XLP,0
2014-01-23,XLU,0
2014-01-23,XLV,0
2014-01-23,XLY,0.33333333333333331
2014-01-24,GLD,0
2014-01-24,XLB,0.33333333333333331
2014-01-24,XLE,0
2014-01-24,XLF,0
2014-01-24,XLI,0.33333333333333331
2014-01-24,XLK,0
2014-01-24,XLP,0
2014-01-24,XLU,0
2014-01-24,XLV,0
2014-01-24,XLY,0.33333333333333331
2014-01-27,GLD,0
2014-01-27,XLB,0.33333333333333331
2014-01-27,XLE,0
2014-01-27,XLF,0
2014-01-27,XLI,0.33333333333333331
2014-01-27,XLK,0
2014-01-27,XLP,0
2014-01-27,XLU,0
2014-01-27,XLV,0
2014-01-27,XLY,0.33333333333333331
2014-01-28,GLD,0
2014-01-28,XLB,0.33333333333333331
2014-01-28,XLE,0
2014-01-28,XLF,0
2014-01-28,XLI,0.33333333333333331
2014-01-28,XLK,0
2014-01-28,XLP,0
2014-01-28,XLU,0
2014-01-28,XLV,0
2014-01-28,XLY,0.33333333333333331
2014-01-29,GLD,0
2014-01-29,XLB,0.33333333333333331
2014-01-29,XLE,0
2014-01-29,XLF,0
2014-01-29,XLI,0.33333333333333331
2014-01-29,XLK,0
2014-01-29,XLP,0
2014-01-29,XLU,0
2014-01-29,XLV,0
2014-01-29,XLY,0.33333333333333331
2014-01-30,GLD,0
2014-01-30,XLB,0.33333333333333331
2014-01-30,XLE,0
2014-01-30,XLF,0
2014-01-30,XLI,0.33333333333333331
2014-01-30,XLK,0
2014-01-30,XLP,0
2014-01-30,XLU,0
2014-01-30,XLV,0
2014-01-30,XLY,0.33333333333333331
2014-01-31,GLD,0
2014-01-31,XLB,0
2014-01-31,XLE,0
2014-01-31,XLF,0
2014-01-31,XLI,0.33333333333333331
2014-01-31,XLK,0.33333333333333331
2014-01-31,XLP,0
2014-01-31,XLU,0
2014-01-31,XLV,0.33333333333333331
2014-01-31,XLY,0
2014-02-03,GLD,0
2014-02-03,XLB,0
2014-02-03,XLE,0
2014-02-03,XLF,0
2014-02-03,XLI,0.33333333333333331
2014-02-03,XLK,0.33333333333333331
2014-02-03,XLP,0
2014-02-03,XLU,0
2014-02-03,XLV,0.33333333333333331
2014-02-03,XLY,0
2014-02-04,GLD,0
2014-02-04,XLB,0
2014-02-04,XLE,0
2014-02-04,XLF,0
2014-02-04,XLI,0.33333333333333331
2014-02-04,XLK,0.33333333333333331
2014-02-04,XLP,0
2014-02-04,XLU,0
2014-02-04,XLV,0.33333333333333331
2014-02-04,XLY,0
2014-02-05,GLD,0
2014-02-05,XLB,0
2014-02-05,XLE,0
2014-02-05,XLF,0
2014-02-05,XLI,0.33333333333333331
2014-02-05,XLK,0.33333333333333331
2014-02-05,XLP,0
2014-02-05,XLU,0
2014-02-05,XLV,0.33333333333333331
2014-02-05,XLY,0
2014-02-06,GLD,0
2014-02-06,XLB,0
2014-02-06,XLE,0
2014-02-06,XLF,0
2014-02-06,XLI,0.33333333333333331
2014-02-06,XLK,0.33333333333333331
2014-02-06,XLP,0
2014-02-06,XLU,0
2014-02-06,XLV,0.33333333333333331
2014-02-06,XLY,0
2014-02-07,GLD,0
2014-02-07,XLB,0
2014-02-07,XLE,0
2014-02-07,XLF,0
2014-02-07,XLI,0.33333333333333331
2014-02-07,XLK,0.33333333333333331
2014-02-07,XLP,0
2014-02-07,XLU,0
2014-02-07,XLV,0.33333333333333331
2014-02-07,XLY,0
2014-02-10,GLD,0
2014-02-10,XLB,0
2014-02-10,XLE,0
2014-02-10,XLF,0
2014-02-10,XLI,0.33333333333333331
2014-02-10,XLK,0.33333333333333331
2014-02-10,XLP,0
2014-02-10,XLU,0
2014-02-10,XLV,0.33333333333333331
2014-02-10,XLY,0
2014-02-11,GLD,0
2014-02-11,XLB,0
2014-02-11,XLE,0
2014-02-11,XLF,0
2014-02-11,XLI,0.33333333333333331
2014-02-11,XLK,0.33333333333333331
2014-02-11,XLP,0
2014-02-11,XLU,0
2014-02-11,XLV,0.33333333333333331
2014-02-11,XLY,0
2014-02-12,GLD,0
2014-02-12,XLB,0
2014-02-12,XLE,0
2014-02-12,XLF,0
2014-02-12,XLI,0.33333333333333331
2014-02-12,XLK,0.33333333333333331
2014-02-12,XLP,0
2014-02-12,XLU,0
2014-02-12,XLV,0.33333333333333331
2014-02-12,XLY,0
2014-02-13,GLD,0
2014-02-13,XLB,0
2014-02-13,XLE,0
2014-02-13,XLF,0
2014-02-13,XLI,0.33333333333333331
2014-02-13,XLK,0.33333333333333331
2014-02-13,XLP,0
2014-02-13,XLU,0
2014-02-13,XLV,0.33333333333333331
2014-02-13,XLY,0
2014-02-14,GLD,0
2014-02-14,XLB,0
2014-02-14,XLE,0
2014-02-14,XLF,0
2014-02-14,XLI,0.33333333333333331
2014-02-14,XLK,0.33333333333333331
2014-02-14,XLP,0
2014-02-14,XLU,0
2014-02-14,XLV,0.33333333333333331
2014-02-14,XLY,0
2014-02-18,GLD,0
2014-02-18,XLB,0
2014-02-18,XLE,0
2014-02-18,XLF,0
2014-02-18,XLI,0.33333333333333331
2014-02-18,XLK,0.33333333333333331
2014-02-18,XLP,0
2014-02-18,XLU,0
2014-02-18,XLV,0.33333333333333331
2014-02-18,XLY,0
2014-02-19,GLD,0
2014-02-19,XLB,0
2014-02-19,XLE,0
2014-02-19,XLF,0
2014-02-19,XLI,0.33333333333333331
2014-02-19,XLK,0.33333333333333331
2014-02-19,XLP,0
2014-02-19,XLU,0
2014-02-19,XLV,0.33333333333333331
2014-02-19,XLY,0
2014-02-20,GLD,0
2014-02-20,XLB,0
2014-02-20,XLE,0
2014-02-20,XLF,0
2014-02-20,XLI,0.33333333333333331
2014-02-20,XLK,0.33333333333333331
2014-02-20,XLP,0
2014-02-20,XLU,0
2014-02-20,XLV,0.33333333333333331
2014-02-20,XLY,0
2014-02-21,GLD,0
2014-02-21,XLB,0
2014-02-21,XLE,0
2014-02-21,XLF,0
2014-02-21,XLI,0.33333333333333331
2014-02-21,XLK,0.33333333333333331
2014-02-21,XLP,0
2014-02-21,XLU,0
2014-02-21,XLV,0.33333333333333331
2014-02-21,XLY,0
2014-02-24,GLD,0
2014-02-24,XLB,0
2014-02-24,XLE,0
2014-02-24,XLF,0
2014-02-24,XLI,0.33333333333333331
2014-02-24,XLK,0.33333333333333331
2014-02-24,XLP,0
2014-02-24,XLU,0
2014-02-24,XLV,0.33333333333333331
2014-02-24,XLY,0
2014-02-25,GLD,0
2014-02-25,XLB,0
2014-02-25,XLE,0
2014-02-25,XLF,0
2014-02-25,XLI,0.33333333333333331
2014-02-25,XLK,0.33333333333333331
2014-02-25,XLP,0
2014-02-25,XLU,0
2014-02-25,XLV,0.33333333333333331
2014-02-25,XLY,0
2014-02-26,GLD,0
2014-02-26,XLB,0
2014-02-26,XLE,0
2014-02-26,XLF,0
2014-02-26,XLI,0.33333333333333331
2014-02-26,XLK,0.33333333333333331
2014-02-26,XLP,0
2014-02-26,XLU,0
2014-02-26,XLV,0.33333333333333331
2014-02-26,XLY,0
2014-02-27,GLD,0
2014-02-27,XLB,0
2014-02-27,XLE,0
2014-02-27,XLF,0
2014-02-27,XLI,0.33333333333333331
2014-02-27,XLK,0.33333333333333331
2014-02-27,XLP,0
2014-02-27,XLU,0
2014-02-27,XLV,0.33333333333333331
2014-02-27,XLY,0
2014-02-28,GLD,0
2014-02-28,XLB,0
2014-02-28,XLE,0
2014-02-28,XLF,0
2014-02-28,XLI,0.33333333333333331
2014-02-28,XLK,0.33333333333333331
2014-02-28,XLP,0
2014-02-28,XLU,0
2014-02-28,XLV,0.33333333333333331
2014-02-28,XLY,0
2014-03-03,GLD,0
2014-03-03,XLB,0
2014-03-03,XLE,0
2014-03-03,XLF,0
2014-03-03,XLI,0.33333333333333331
2014-03-03,XLK,0.33333333333333331
2014-03-03,XLP,0
2014-03-03,XLU,0
2014-03-03,XLV,0.33333333333333331
2014-03-03,XLY,0
2014-03-04,GLD,0
2014-03-04,XLB,0.33333333333333331
2014-03-04,XLE,0
2014-03-04,XLF,0
2014-03-04,XLI,0.33333333333333331
2014-03-04,XLK,0
2014-03-04,XLP,0
2014-03-04,XLU,0
2014-03-04,XLV,0.33333333333333331
2014-03-04,XLY,0
2014-03-05,GLD,0
2014-03-05,XLB,0.33333333333333331
2014-03-05,XLE,0
2014-03-05,XLF,0
2014-03-05,XLI,0.33333333333333331
2014-03-05,XLK,0
2014-03-05,XLP,0
2014-03-05,XLU,0
2014-03-05,XLV,0.33333333333333331
2014-03-05,XLY,0
2014-03-06,GLD,0
2014-03-06,XLB,0.33333333333333331
2014-03-06,XLE,0
2014-03-06,XLF,0
2014-03-06,XLI,0.33333333333333331
2014-03-06,XLK,0
2014-03-06,XLP,0
2014-03-06,XLU,0
2014-03-06,XLV,0.33333333333333331
2014-03-06,XLY,0
2014-03-07,GLD,0
2014-03-07,XLB,0.33333333333333331
2014-03-07,XLE,0
2014-03-07,XLF,0
2014-03-07,XLI,0.33333333333333331
2014-03-07,XLK,0
2014-03-07,XLP,0
2014-03-07,XLU,0
2014-03-07,XLV,0.33333333333333331
2014-03-07,XLY,0
2014-03-10,GLD,0
2014-03-10,XLB,0.33333333333333331
2014-03-10,XLE,0
2014-03-10,XLF,0
2014-03-10,XLI,0.33333333333333331
2014-03-10,XLK,0
2014-03-10,XLP,0
2014-03-10,XLU,0
2014-03-10,XLV,0.33333333333333331
2014-03-10,XLY,0
2014-03-11,GLD,0
2014-03-11,XLB,0.33333333333333331
2014-03-11,XLE,0
2014-03-11,XLF,0
2014-03-11,XLI,0.33333333333333331
2014-03-11,XLK,0
2014-03-11,XLP,0
2014-03-11,XLU,0
2014-03-11,XLV,0.33333333333333331
2014-03-11,XLY,0
2014-03-12,GLD,0
2014-03-12,XLB,0.33333333333333331
2014-03-12,XLE,0
2014-03-12,XLF,0
2014-03-12,XLI,0.33333333333333331
2014-03-12,XLK,0
2014-03-12,XLP,0
2014-03-12,XLU,0
2014-03-12,XLV,0.33333333333333331
2014-03-12,XLY,0
2014-03-13,GLD,0
2014-03-13,XLB,0.33333333333333331
2014-03-13,XLE,0
2014-03-13,XLF,0
2014-03-13,XLI,0.33333333333333331
2014-03-13,XLK,0
2014-03-13,XLP,0
2014-03-13,XLU,0
2014-03-13,XLV,0.33333333333333331
2014-03-13,XLY,0
2014-03-14,GLD,0
2014-03-14,XLB,0.33333333333333331
2014-03-14,XLE,0
2014-03-14,XLF,0
2014-03-14,XLI,0.33333333333333331
2014-03-14,XLK,0
2014-03-14,XLP,0
2014-03-14,XLU,0
2014-03-14,XLV,0.33333333333333331
2014-03-14,XLY,0
2014-03-17,GLD,0
2014-03-17,XLB,0.33333333333333331
2014-03-17,XLE,0
2014-03-17,XLF,0
2014-03-17,XLI,0.33333333333333331
2014-03-17,XLK,0
2014-03-17,XLP,0
2014-03-17,XLU,0
2014-03-17,XLV,0.33333333333333331
2014-03-17,XLY,0
2014-03-18,GLD,0
2014-03-18,XLB,0.33333333333333331
2014-03-18,XLE,0
2014-03-18,XLF,0
2014-03-18,XLI,0.33333333333333331
2014-03-18,XLK,0
2014-03-18,XLP,0
2014-03-18,XLU,0
2014-03-18,XLV,0.33333333333333331
2014-03-18,XLY,0
2014-03-19,GLD,0
2014-03-19,XLB,0.33333333333333331
2014-03-19,XLE,0
2014-03-19,XLF,0
2014-03-19,XLI,0.33333333333333331
2014-03-19,XLK,0
2014-03-19,XLP,0
2014-03-19,XLU,0
2014-03-19,XLV,0.33333333333333331
2014-03-19,XLY,0
2014-03-20,GLD,0
2014-03-20,XLB,0.33333333333333331
2014-03-20,XLE,0
2014-03-20,XLF,0
2014-03-20,XLI,0.33333333333333331
2014-03-20,XLK,0
2014-03-20,XLP,0
2014-03-20,XLU,0
2014-03-20,XLV,0.33333333333333331
2014-03-20,XLY,0
2014-03-21,GLD,0
2014-03-21,XLB,0.33333333333333331
2014-03-21,XLE,0
2014-03-21,XLF,0
2014-03-21,XLI,0.33333333333333331
2014-03-21,XLK,0
2014-03-21,XLP,0
2014-03-21,XLU,0
2014-03-21,XLV,0.33333333333333331
2014-03-21,XLY,0
2014-03-24,GLD,0
2014-03-24,XLB,0.33333333333333331
2014-03-24,XLE,0
2014-03-24,XLF,0
2014-03-24,XLI,0.33333333333333331
2014-03-24,XLK,0
2014-03-24,XLP,0
2014-03-24,XLU,0
2014-03-24,XLV,0.33333333333333331
2014-03-24,XLY,0
2014-03-25,GLD,0
2014-03-25,XLB,0.33333333333333331
2014-03-25,XLE,0
2014-03-25,XLF,0
2014-03-25,XLI,0.33333333333333331
2014-03-25,XLK,0
2014-03-25,XLP,0
2014-03-25,XLU,0
2014-03-25,XLV,0.33333333333333331
2014-03-25,XLY,0
2014-03-26,GLD,0
2014-03-26,XLB,0.33333333333333331
2014-03-26,XLE,0
2014-03-26,XLF,0
2014-03-26,XLI,0.33333333333333331
2014-03-26,XLK,0
2014-03-26,XLP,0
2014-03-26,XLU,0
2014-03-26,XLV,0.33333333333333331
2014-03-26,XLY,0
2014-03-27,GLD,0
2014-03-27,XLB,0.33333333333333331
2014-03-27,XLE,0
2014-03-27,XLF,0
2014-03-27,XLI,0.33333333333333331
2014-03-27,XLK,0
2014-03-27,XLP,0
2014-03-27,XLU,0
2014-03-27,XLV,0.33333333333333331
2014-03-27,XLY,0
2014-03-28,GLD,0
2014-03-28,XLB,0.33333333333333331
2014-03-28,XLE,0
2014-03-28,XLF,0
2014-03-28,XLI,0.33333333333333331
2014-03-28,XLK,0
2014-03-28,XLP,0
2014-03-28,XLU,0
2014-03-28,XLV,0.33333333333333331
2014-03-28,XLY,0
2014-03-31,GLD,0
2014-03-31,XLB,0.33333333333333331
2014-03-31,XLE,0
2014-03-31,XLF,0
2014-03-31,XLI,0.33333333333333331
2014-03-31,XLK,0
2014-03-31,XLP,0
2014-03-31,XLU,0
2014-03-31,XLV,0.33333333333333331
2014-03-31,XLY,0
2014-04-01,GLD,0
2014-04-01,XLB,0.33333333333333331
2014-04-01,XLE,0
2014-04-01,XLF,0
2014-04-01,XLI,0.33333333333333331
2014-04-01,XLK,0
2014-04-01,XLP,0
2014-04-01,XLU,0
2014-04-01,XLV,0.33333333333333331
2014-04-01,XLY,0
2014-04-02,GLD,0
2014-04-02,XLB,0
2014-04-02,XLE,0
2014-04-02,XLF,0
2014-04-02,XLI,0.33333333333333331
2014-04-02,XLK,0.33333333333333331
2014-04-02,XLP,0
2014-04-02,XLU,0
2014-04-02,XLV,0.33333333333333331
2014-04-02,XLY,0
2014-04-03,GLD,0
2014-04-03,XLB,0
2014-04-03,XLE,0
2014-04-03,XLF,0
2014-04-03,XLI,0.33333333333333331
2014-04-03,XLK,0.33333333333333331
2014-04-03,XLP,0
2014-04-03,XLU,0
2014-04-03,XLV,0.33333333333333331
2014-04-03,XLY,0
2014-04-04,GLD,0
2014-04-04,XLB,0
2014-04-04,XLE,0
2014-04-04,XLF,0
2014-04-04,XLI,0.33333333333333331
2014-04-04,XLK,0.33333333333333331
2014-04-04,XLP,0
2014-04-04,XLU,0
2014-04-04,XLV,0.33333333333333331
2014-04-04,XLY,0
2014-04-07,GLD,0
2014-04-07,XLB,0
2014-04-07,XLE,0
2014-04-07,XLF,0
2014-04-07,XLI,0.33333333333333331
2014-04-07,XLK,0.33333333333333331
2014-04-07,XLP,0
2014-04-07,XLU,0
2014-04-07,XLV,0.33333333333333331
2014-04-07,XLY,0
2014-04-08,GLD,0
2014-04-08,XLB,0
2014-04-08,XLE,0
2014-04-08,XLF,0
2014-04-08,XLI,0.33333333333333331
2014-04-08,XLK,0.33333333333333331
2014-04-08,XLP,0
2014-04-08,XLU,0
2014-04-08,XLV,0.33333333333333331
2014-04-08,XLY,0
2014-04-09,GLD,0
2014-04-09,XLB,0
2014-04-09,XLE,0
2014-04-09,XLF,0
2014-04-09,XLI,0.33333333333333331
2014-04-09,XLK,0.33333333333333331
2014-04-09,XLP,0
2014-04-09,XLU,0
2014-04-09,XLV,0.33333333333333331
2014-04-09,XLY,0
2014-04-10,GLD,0
2014-04-10,XLB,0
2014-04-10,XLE,0
2014-04-10,XLF,0
2014-04-10,XLI,0.33333333333333331
2014-04-10,XLK,0.33333333333333331
2014-04-10,XLP,0
2014-04-10,XLU,0
2014-04-10,XLV,0.33333333333333331
2014-04-10,XLY,0
2014-04-11,GLD,0
2014-04-11,XLB,0
2014-04-11,XLE,0
2014-04-11,XLF,0
2014-04-11,XLI,0.33333333333333331
2014-04-11,XLK,0.33333333333333331
2014-04-11,XLP,0
2014-04-11,XLU,0
2014-04-11,XLV,0.33333333333333331
2014-04-11,XLY,0
2014-04-14,GLD,0
2014-04-14,XLB,0
2014-04-14,XLE,0
2014-04-14,XLF,0
2014-04-14,XLI,0.33333333333333331
2014-04-14,XLK,0.33333333333333331
2014-04-14,XLP,0
2014-04-14,XLU,0
2014-04-14,XLV,0.33333333333333331
2014-04-14,XLY,0
2014-04-15,GLD,0
2014-04-15,XLB,0
2014-04-15,XLE,0
2014-04-15,XLF,0
2014-04-15,XLI,0.33333333333333331
2014-04-15,XLK,0.33333333333333331
2014-04-15,XLP,0
2014-04-15,XLU,0
2014-04-15,XLV,0.33333333333333331
2014-04-15,XLY,0
2014-04-16,GLD,0
2014-04-16,XLB,0
2014-04-16,XLE,0
2014-04-16,XLF,0
2014-04-16,XLI,0.33333333333333331
2014-04-16,XLK,0.33333333333333331
2014-04-16,XLP,0
2014-04-16,XLU,0
2014-04-16,XLV,0.33333333333333331
2014-04-16,XLY,0
2014-04-17,GLD,0
2014-04-17,XLB,0
2014-04-17,XLE,0
2014-04-17,XLF,0
2014-04-17,XLI,0.33333333333333331
2014-04-17,XLK,0.33333333333333331
2014-04-17,XLP,0
2014-04-17,XLU,0
2014-04-17,XLV,0.33333333333333331
2014-04-17,XLY,0
2014-04-21,GLD,0
2014-04-21,XLB,0
2014-04-21,XLE,0
2014-04-21,XLF,0
2014-04-21,XLI,0.33333333333333331
2014-04-21,XLK,0.33333333333333331
2014-04-21,XLP,0
2014-04-21,XLU,0
2014-04-21,XLV,0.33333333333333331
2014-04-21,XLY,0
2014-04-22,GLD,0
2014-04-22,XLB,0
2014-04-22,XLE,0
2014-04-22,XLF,0
2014-04-22,XLI,0.33333333333333331
2014-04-22,XLK,0.33333333333333331
2014-04-22,XLP,0
2014-04-22,XLU,0
2014-04-22,XLV,0.33333333333333331
2014-04-22,XLY,0
2014-04-23,GLD,0
2014-04-23,XLB,0
2014-04-23,XLE,0
2014-04-23,XLF,0
2014-04-23,XLI,0.33333333333333331
2014-04-23,XLK,0.33333333333333331
2014-04-23,XLP,0
2014-04-23,XLU,0
2014-04-23,XLV,0.33333333333333331
2014-04-23,XLY,0
2014-04-24,GLD,0
2014-04-24,XLB,0
2014-04-24,XLE,0
2014-04-24,XLF,0
2014-04-24,XLI,0.33333333333333331
2014-04-24,XLK,0.33333333333333331
2014-04-24,XLP,0
2014-04-24,XLU,0
2014-04-24,XLV,0.33333333333333331
2014-04-24,XLY,0
2014-04-25,GLD,0
2014-04-25,XLB,0
2014-04-25,XLE,0
2014-04-25,XLF,0
2014-04-25,XLI,0.33333333333333331
2014-04-25,XLK,0.33333333333333331
2014-04-25,XLP,0
2014-04-25,XLU,0
2014-04-25,XLV,0.33333333333333331
2014-04-25,XLY,0
2014-04-28,GLD,0
2014-04-28,XLB,0
2014-04-28,XLE,0
2014-04-28,XLF,0
2014-04-28,XLI,0.33333333333333331
2014-04-28,XLK,0.33333333333333331
2014-04-28,XLP,0
2014-04-28,XLU,0
2014-04-28,XLV,0.33333333333333331
2014-04-28,XLY,0
2014-04-29,GLD,0
2014-04-29,XLB,0
2014-04-29,XLE,0
2014-04-29,XLF,0
2014-04-29,XLI,0.33333333333333331
2014-04-29,XLK,0.33333333333333331
2014-04-29,XLP,0
2014-04-29,XLU,0
2014-04-29,XLV,0.33333333333333331
2014-04-29,XLY,0
2014-04-30,GLD,0
2014-04-30,XLB,0
2014-04-30,XLE,0
2014-04-30,XLF,0
2014-04-30,XLI,0.33333333333333331
2014-04-30,XLK,0.33333333333333331
2014-04-30,XLP,0
2014-04-30,XLU,0
2014-04-30,XLV,0.33333333333333331
2014-04-30,XLY,0
2014-05-01,GLD,0
2014-05-01,XLB,0
2014-05-01,XLE,0
2014-05-01,XLF,0
2014-05-01,XLI,0.33333333333333331
2014-05-01,XLK,0.33333333333333331
2014-05-01,XLP,0
2014-05-01,XLU,0
2014-05-01,XLV,0.33333333333333331
2014-05-01,XLY,0
2014-05-02,GLD,0
2014-05-02,XLB,0
2014-05-02,XLE,0
2014-05-02,XLF,0
2014-05-02,XLI,0.33333333333333331
2014-05-02,XLK,0
2014-05-02,XLP,0
2014-05-02,XLU,0.33333333333333331
2014-05-02,XLV,0.33333333333333331
2014-05-02,XLY,0
2014-05-05,GLD,0
2014-05-05,XLB,0
2014-05-05,XLE,0
2014-05-05,XLF,0
2014-05-05,XLI,0.33333333333333331
2014-05-05,XLK,0
2014-05-05,XLP,0
2014-05-05,XLU,0.33333333333333331
2014-05-05,XLV,0.33333333333333331
2014-05-05,XLY,0
2014-05-06,GLD,0
2014-05-06,XLB,0
2014-05-06,XLE,0
2014-05-06,XLF,0
2014-05-06,XLI,0.33333333333333331
2014-05-06,XLK,0
2014-05-06,XLP,0
2014-05-06,XLU,0.33333333333333331
2014-05-06,XLV,0.33333333333333331
2014-05-06,XLY,0
2014-05-07,GLD,0
2014-05-07,XLB,0
2014-05-07,XLE,0
2014-05-07,XLF,0
2014-05-07,XLI,0.33333333333333331
2014-05-07,XLK,0
2014-05-07,XLP,0
2014-05-07,XLU,0.33333333333333331
2014-05-07,XLV,0.33333333333333331
2014-05-07,XLY,0
2014-05-08,GLD,0
2014-05-08,XLB,0
2014-05-08,XLE,0
2014-05-08,XLF,0
2014-05-08,XLI,0.33333333333333331
2014-05-08,XLK,0
2014-05-08,XLP,0
2014-05-08,XLU,0.33333333333333331
2014-05-08,XLV,0.33333333333333331
2014-05-08,XLY,0
2014-05-09,GLD,0
2014-05-09,XLB,0
2014-05-09,XLE,0
2014-05-09,XLF,0
2014-05-09,XLI,0.33333333333333331
2014-05-09,XLK,0
2014-05-09,XLP,0
2014-05-09,XLU,0.33333333333333331
2014-05-09,XLV,0.33333333333333331
2014-05-09,XLY,0
2014-05-12,GLD,0
2014-05-12,XLB,0
2014-05-12,XLE,0
2014-05-12,XLF,0
2014-05-12,XLI,0.33333333333333331
2014-05-12,XLK,0
2014-05-12,XLP,0
2014-05-12,XLU,0.33333333333333331
2014-05-12,XLV,0.33333333333333331
2014-05-12,XLY,0
2014-05-13,GLD,0
2014-05-13,XLB,0
2014-05-13,XLE,0
2014-05-13,XLF,0
2014-05-13,XLI,0.33333333333333331
2014-05-13,XLK,0
2014-05-13,XLP,0
2014-05-13,XLU,0.33333333333333331
2014-05-13,XLV,0.33333333333333331
2014-05-13,XLY,0
2014-05-14,GLD,0
2014-05-14,XLB,0
2014-05-14,XLE,0
2014-05-14,XLF,0
2014-05-14,XLI,0.33333333333333331
2014-05-14,XLK,0
2014-05-14,XLP,0
2014-05-14,XLU,0.33333333333333331
2014-05-14,XLV,0.33333333333333331
2014-05-14,XLY,0
2014-05-15,GLD,0
2014-05-15,XLB,0
2014-05-15,XLE,0
2014-05-15,XLF,0
2014-05-15,XLI,0.33333333333333331
2014-05-15,XLK,0
2014-05-15,XLP,0
2014-05-15,XLU,0.33333333333333331
2014-05-15,XLV,0.33333333333333331
2014-05-15,XLY,0
2014-05-16,GLD,0
2014-05-16,XLB,0
2014-05-16,XLE,0
2014-05-16,XLF,0
2014-05-16,XLI,0.33333333333333331
2014-05-16,XLK,0
2014-05-16,XLP,0
2014-05-16,XLU,0.33333333333333331
2014-05-16,XLV,0.33333333333333331
2014-05-16,XLY,0
2014-05-19,GLD,0
2014-05-19,XLB,0
2014-05-19,XLE,0
2014-05-19,XLF,0
2014-05-19,XLI,0.33333333333333331
2014-05-19,XLK,0
2014-05-19,XLP,0
2014-05-19,XLU,0.33333333333333331
2014-05-19,XLV,0.33333333333333331
2014-05-19,XLY,0
2014-05-20,GLD,0
2014-05-20,XLB,0
2014-05-20,XLE,0
2014-05-20,XLF,0
2014-05-20,XLI,0.33333333333333331
2014-05-20,XLK,0
2014-05-20,XLP,0
2014-05-20,XLU,0.33333333333333331
2014-05-20,XLV,0.33333333333333331
2014-05-20,XLY,0
2014-05-21,GLD,0
2014-05-21,XLB,0
2014-05-21,XLE,0
2014-05-21,XLF,0
2014-05-21,XLI,0.33333333333333331
2014-05-21,XLK,0
2014-05-21,XLP,0
2014-05-21,XLU,0.33333333333333331
2014-05-21,XLV,0.33333333333333331
2014-05-21,XLY,0
2014-05-22,GLD,0
2014-05-22,XLB,0
2014-05-22,XLE,0
2014-05-22,XLF,0
2014-05-22,XLI,0.33333333333333331
2014-05-22,XLK,0
2014-05-22,XLP,0
2014-05-22,XLU,0.33333333333333331
2014-05-22,XLV,0.33333333333333331
2014-05-22,XLY,0
2014-05-23,GLD,0
2014-05-23,XLB,0
2014-05-23,XLE,0
2014-05-23,XLF,0
2014-05-23,XLI,0.33333333333333331
2014-05-23,XLK,0
2014-05-23,XLP,0
2014-05-23,XLU,0.33333333333333331
2014-05-23,XLV,0.33333333333333331
2014-05-23,XLY,0
2014-05-27,GLD,0
2014-05-27,XLB,0
2014-05-27,XLE,0
2014-05-27,XLF,0
2014-05-27,XLI,0.33333333333333331
2014-05-27,XLK,0
2014-05-27,XLP,0
2014-05-27,XLU,0.33333333333333331
2014-05-27,XLV,0.33333333333333331
2014-05-27,XLY,0
2014-05-28,GLD,0
2014-05-28,XLB,0
2014-05-28,XLE,0
2014-05-28,XLF,0
2014-05-28,XLI,0.33333333333333331
2014-05-28,XLK,0
2014-05-28,XLP,0
2014-05-28,XLU,0.33333333333333331
2014-05-28,XLV,0.33333333333333331
2014-05-28,XLY,0
2014-05-29,GLD,0
2014-05-29,XLB,0
2014-05-29,XLE,0
2014-05-29,XLF,0
2014-05-29,XLI,0.33333333333333331
2014-05-29,XLK,0
2014-05-29,XLP,0
2014-05-29,XLU,0.33333333333333331
2014-05-29,XLV,0.33333333333333331
2014-05-29,XLY,0
2014-05-30,GLD,0
2014-05-30,XLB,0
2014-05-30,XLE,0
2014-05-30,XLF,0
2014-05-30,XLI,0.33333333333333331
2014-05-30,XLK,0
2014-05-30,XLP,0
2014-05-30,XLU,0.33333333333333331
2014-05-30,XLV,0.33333333333333331
2014-05-30,XLY,0
2014-06-02,GLD,0
2014-06-02,XLB,0
2014-06-02,XLE,0
2014-06-02,XLF,0
2014-06-02,XLI,0.33333333333333331
2014-06-02,XLK,0
2014-06-02,XLP,0
2014-06-02,XLU,0.33333333333333331
2014-06-02,XLV,0.33333333333333331
2014-06-02,XLY,0
2014-06-03,GLD,0
2014-06-03,XLB,0.33333333333333331
2014-06-03,XLE,0.33333333333333331
2014-06-03,XLF,0
2014-06-03,XLI,0
2014-06-03,XLK,0
2014-06-03,XLP,0
2014-06-03,XLU,0.33333333333333331
2014-06-03,XLV,0
2014-06-03,XLY,0
2014-06-04,GLD,0
2014-06-04,XLB,0.33333333333333331
2014-06-04,XLE,0.33333333333333331
2014-06-04,XLF,0
2014-06-04,XLI,0
2014-06-04,XLK,0
2014-06-04,XLP,0
2014-06-04,XLU,0.33333333333333331
2014-06-04,XLV,0
2014-06-04,XLY,0
2014-06-05,GLD,0
2014-06-05,XLB,0.33333333333333331
2014-06-05,XLE,0.33333333333333331
2014-06-05,XLF,0
2014-06-05,XLI,0
2014-06-05,XLK,0
2014-06-05,XLP,0
2014-06-05,XLU,0.33333333333333331
2014-06-05,XLV,0
2014-06-05,XLY,0
2014-06-06,GLD,0
2014-06-06,XLB,0.33333333333333331
2014-06-06,XLE,0.33333333333333331
2014-06-06,XLF,0
2014-06-06,XLI,0
2014-06-06,XLK,0
2014-06-06,XLP,0
2014-06-06,XLU,0.33333333333333331
2014-06-06,XLV,0
2014-06-06,XLY,0
2014-06-09,GLD,0
2014-06-09,XLB,0.33333333333333331
2014-06-09,XLE,0.33333333333333331
2014-06-09,XLF,0
2014-06-09,XLI,0
2014-06-09,XLK,0
2014-06-09,XLP,0
2014-06-09,XLU,0.33333333333333331
2014-06-09,XLV,0
2014-06-09,XLY,0
2014-06-10,GLD,0
2014-06-10,XLB,0.33333333333333331
2014-06-10,XLE,0.33333333333333331
2014-06-10,XLF,0
2014-06-10,XLI,0
2014-06-10,XLK,0
2014-06-10,XLP,0
2014-06-10,XLU,0.33333333333333331
2014-06-10,XLV,0
2014-06-10,XLY,0
2014-06-11,GLD,0
2014-06-11,XLB,0.33333333333333331
2014-06-11,XLE,0.33333333333333331
2014-06-11,XLF,0
2014-06-11,XLI,0
2014-06-11,XLK,0
2014-06-11,XLP,0
2014-06-11,XLU,0.33333333333333331
2014-06-11,XLV,0
2014-06-11,XLY,0
2014-06-12,GLD,0
2014-06-12,XLB,0.33333333333333331
2014-06-12,XLE,0.33333333333333331
2014-06-12,XLF,0
2014-06-12,XLI,0
2014-06-12,XLK,0
2014-06-12,XLP,0
2014-06-12,XLU,0.33333333333333331
2014-06-12,XLV,0
2014-06-12,XLY,0
2014-06-13,GLD,0
2014-06-13,XLB,0.33333333333333331
2014-06-13,XLE,0.33333333333333331
2014-06-13,XLF,0
2014-06-13,XLI,0
2014-06-13,XLK,0
2014-06-13,XLP,0
2014-06-13,XLU,0.33333333333333331
2014-06-13,XLV,0
2014-06-13,XLY,0
2014-06-16,GLD,0
2014-06-16,XLB,0.33333333333333331
2014-06-16,XLE,0.33333333333333331
2014-06-16,XLF,0
2014-06-16,XLI,0
2014-06-16,XLK,0
2014-06-16,XLP,0
2014-06-16,XLU,0.33333333333333331
2014-06-16,XLV,0
2014-06-16,XLY,0
2014-06-17,GLD,0
2014-06-17,XLB,0.33333333333333331
2014-06-17,XLE,0.33333333333333331
2014-06-17,XLF,0
2014-06-17,XLI,0
2014-06-17,XLK,0
2014-06-17,XLP,0
2014-06-17,XLU,0.33333333333333331
2014-06-17,XLV,0
2014-06-17,XLY,0
2014-06-18,GLD,0
2014-06-18,XLB,0.33333333333333331
2014-06-18,XLE,0.33333333333333331
2014-06-18,XLF,0
2014-06-18,XLI,0
2014-06-18,XLK,0
2014-06-18,XLP,0
2014-06-18,XLU,0.33333333333333331
2014-06-18,XLV,0
2014-06-18,XLY,0
2014-06-19,GLD,0
2014-06-19,XLB,0.33333333333333331
2014-06-19,XLE,0.33333333333333331
2014-06-19,XLF,0
2014-06-19,XLI,0
2014-06-19,XLK,0
2014-06-19,XLP,0
2014-06-19,XLU,0.33333333333333331
2014-06-19,XLV,0
2014-06-19,XLY,0
2014-06-20,GLD,0
2014-06-20,XLB,0.33333333333333331
2014-06-20,XLE,0.33333333333333331
2014-06-20,XLF,0
2014-06-20,XLI,0
2014-06-20,XLK,0
2014-06-20,XLP,0
2014-06-20,XLU,0.33333333333333331
2014-06-20,XLV,0
2014-06-20,XLY,0
2014-06-23,GLD,0
2014-06-23,XLB,0.33333333333333331
2014-06-23,XLE,0.33333333333333331
2014-06-23,XLF,0
2014-06-23,XLI,0
2014-06-23,XLK,0
2014-06-23,XLP,0
2014-06-23,XLU,0.33333333333333331
2014-06-23,XLV,0
2014-06-23,XLY,0
2014-06-24,GLD,0
2014-06-24,XLB,0.33333333333333331
2014-06-24,XLE,0.33333333333333331
2014-06-24,XLF,0
2014-06-24,XLI,0
2014-06-24,XLK,0
2014-06-24,XLP,0
2014-06-24,XLU,0.33333333333333331
2014-06-24,XLV,0
2014-06-24,XLY,0
2014-06-25,GLD,0
2014-06-25,XLB,0.33333333333333331
2014-06-25,XLE,0.33333333333333331
2014-06-25,XLF,0
2014-06-25,XLI,0
2014-06-25,XLK,0
2014-06-25,XLP,0
2014-06-25,XLU,0.33333333333333331
2014-06-25,XLV,0
2014-06-25,XLY,0
2014-06-26,GLD,0
2014-06-26,XLB,0.33333333333333331
2014-06-26,XLE,0.33333333333333331
2014-06-26,XLF,0
2014-06-26,XLI,0
2014-06-26,XLK,0
2014-06-26,XLP,0
2014-06-26,XLU,0.33333333333333331
2014-06-26,XLV,0
2014-06-26,XLY,0
2014-06-27,GLD,0
2014-06-27,XLB,0.33333333333333331
2014-06-27,XLE,0.33333333333333331
2014-06-27,XLF,0
2014-06-27,XLI,0
2014-06-27,XLK,0
2014-06-27,XLP,0
2014-06-27,XLU,0.33333333333333331
2014-06-27,XLV,0
2014-06-27,XLY,0
2014-06-30,GLD,0
2014-06-30,XLB,0.33333333333333331
2014-06-30,XLE,0.33333333333333331
2014-06-30,XLF,0
2014-06-30,XLI,0
2014-06-30,XLK,0
2014-06-30,XLP,0
2014-06-30,XLU,0.33333333333333331
2014-06-30,XLV,0
2014-06-30,XLY,0
2014-07-01,GLD,0
2014-07-01,XLB,0.33333333333333331
2014-07-01,XLE,0.33333333333333331
2014-07-01,XLF,0
2014-07-01,XLI,0
2014-07-01,XLK,0
2014-07-01,XLP,0
2014-07-01,XLU,0.33333333333333331
2014-07-01,XLV,0
2014-07-01,XLY,0
2014-07-02,GLD,0
2014-07-02,XLB,0
2014-07-02,XLE,0.33333333333333331
2014-07-02,XLF,0
2014-07-02,XLI,0
2014-07-02,XLK,0
2014-07-02,XLP,0
2014-07-02,XLU,0.33333333333333331
2014-07-02,XLV,0.33333333333333331
2014-07-02,XLY,0
2014-07-03,GLD,0
2014-07-03,XLB,0
2014-07-03,XLE,0.33333333333333331
2014-07-03,XLF,0
2014-07-03,XLI,0
2014-07-03,XLK,0
2014-07-03,XLP,0
2014-07-03,XLU,0.33333333333333331
2014-07-03,XLV,0.33333333333333331
2014-07-03,XLY,0
2014-07-07,GLD,0
2014-07-07,XLB,0
2014-07-07,XLE,0.33333333333333331
2014-07-07,XLF,0
2014-07-07,XLI,0
2014-07-07,XLK,0
2014-07-07,XLP,0
2014-07-07,XLU,0.33333333333333331
2014-07-07,XLV,0.33333333333333331
2014-07-07,XLY,0
2014-07-08,GLD,0
2014-07-08,XLB,0
2014-07-08,XLE,0.33333333333333331
2014-07-08,XLF,0
2014-07-08,XLI,0
2014-07-08,XLK,0
2014-07-08,XLP,0
2014-07-08,XLU,0.33333333333333331
2014-07-08,XLV,0.33333333333333331
2014-07-08,XLY,0
2014-07-09,GLD,0
2014-07-09,XLB,0
2014-07-09,XLE,0.33333333333333331
2014-07-09,XLF,0
2014-07-09,XLI,0
2014-07-09,XLK,0
2014-07-09,XLP,0
2014-07-09,XLU,0.33333333333333331
2014-07-09,XLV,0.33333333333333331
2014-07-09,XLY,0
2014-07-10,GLD,0
2014-07-10,XLB,0
2014-07-10,XLE,0.33333333333333331
2014-07-10,XLF,0
2014-07-10,XLI,0
2014-07-10,XLK,0
2014-07-10,XLP,0
2014-07-10,XLU,0.33333333333333331
2014-07-10,XLV,0.33333333333333331
2014-07-10,XLY,0
2014-07-11,GLD,0
2014-07-11,XLB,0
2014-07-11,XLE,0.33333333333333331
2014-07-11,XLF,0
2014-07-11,XLI,0
2014-07-11,XLK,0
2014-07-11,XLP,0
2014-07-11,XLU,0.33333333333333331
2014-07-11,XLV,0.33333333333333331
2014-07-11,XLY,0
2014-07-14,GLD,0
2014-07-14,XLB,0
2014-07-14,XLE,0.33333333333333331
2014-07-14,XLF,0
2014-07-14,XLI,0
2014-07-14,XLK,0
2014-07-14,XLP,0
2014-07-14,XLU,0.33333333333333331
2014-07-14,XLV,0.33333333333333331
2014-07-14,XLY,0
2014-07-15,GLD,0
2014-07-15,XLB,0
2014-07-15,XLE,0.33333333333333331
2014-07-15,XLF,0
2014-07-15,XLI,0
2014-07-15,XLK,0
2014-07-15,XLP,0
2014-07-15,XLU,0.33333333333333331
2014-07-15,XLV,0.33333333333333331
2014-07-15,XLY,0
2014-07-16,GLD,0
2014-07-16,XLB,0
2014-07-16,XLE,0.33333333333333331
2014-07-16,XLF,0
2014-07-16,XLI,0
2014-07-16,XLK,0
2014-07-16,XLP,0
2014-07-16,XLU,0.33333333333333331
2014-07-16,XLV,0.33333333333333331
2014-07-16,XLY,0
2014-07-17,GLD,0
2014-07-17,XLB,0
2014-07-17,XLE,0.33333333333333331
2014-07-17,XLF,0
2014-07-17,XLI,0
2014-07-17,XLK,0
2014-07-17,XLP,0
2014-07-17,XLU,0.33333333333333331
2014-07-17,XLV,0.33333333333333331
2014-07-17,XLY,0
2014-07-18,GLD,0
2014-07-18,XLB,0
2014-07-18,XLE,0.33333333333333331
2014-07-18,XLF,0
2014-07-18,XLI,0
2014-07-18,XLK,0
2014-07-18,XLP,0
2014-07-18,XLU,0.33333333333333331
2014-07-18,XLV,0.33333333333333331
2014-07-18,XLY,0
2014-07-21,GLD,0
2014-07-21,XLB,0
2014-07-21,XLE,0.33333333333333331
2014-07-21,XLF,0
2014-07-21,XLI,0
2014-07-21,XLK,0
2014-07-21,XLP,0
2014-07-21,XLU,0.33333333333333331
2014-07-21,XLV,0.33333333333333331
2014-07-21,XLY,0
2014-07-22,GLD,0
2014-07-22,XLB,0
2014-07-22,XLE,0.33333333333333331
2014-07-22,XLF,0
2014-07-22,XLI,0
2014-07-22,XLK,0
2014-07-22,XLP,0
2014-07-22,XLU,0.33333333333333331
2014-07-22,XLV,0.33333333333333331
2014-07-22,XLY,0
2014-07-23,GLD,0
2014-07-23,XLB,0
2014-07-23,XLE,0.33333333333333331
2014-07-23,XLF,0
2014-07-23,XLI,0
2014-07-23,XLK,0
2014-07-23,XLP,0
2014-07-23,XLU,0.33333333333333331
2014-07-23,XLV,0.33333333333333331
2014-07-23,XLY,0
2014-07-24,GLD,0
2014-07-24,XLB,0
2014-07-24,XLE,0.33333333333333331
2014-07-24,XLF,0
2014-07-24,XLI,0
2014-07-24,XLK,0
2014-07-24,XLP,0
2014-07-24,XLU,0.33333333333333331
2014-07-24,XLV,0.33333333333333331
2014-07-24,XLY,0
2014-07-25,GLD,0
2014-07-25,XLB,0
2014-07-25,XLE,0.33333333333333331
2014-07-25,XLF,0
2014-07-25,XLI,0
2014-07-25,XLK,0
2014-07-25,XLP,0
2014-07-25,XLU,0.33333333333333331
2014-07-25,XLV,0.33333333333333331
2014-07-25,XLY,0
2014-07-28,GLD,0
2014-07-28,XLB,0
2014-07-28,XLE,0.33333333333333331
2014-07-28,XLF,0
2014-07-28,XLI,0
2014-07-28,XLK,0
2014-07-28,XLP,0
2014-07-28,XLU,0.33333333333333331
2014-07-28,XLV,0.33333333333333331
2014-07-28,XLY,0
2014-07-29,GLD,0
2014-07-29,XLB,0
2014-07-29,XLE,0.33333333333333331
2014-07-29,XLF,0
2014-07-29,XLI,0
2014-07-29,XLK,0
2014-07-29,XLP,0
2014-07-29,XLU,0.33333333333333331
2014-07-29,XLV,0.33333333333333331
2014-07-29,XLY,0
2014-07-30,GLD,0
2014-07-30,XLB,0
2014-07-30,XLE,0.33333333333333331
2014-07-30,XLF,0
2014-07-30,XLI,0
2014-07-30,XLK,0
2014-07-30,XLP,0
2014-07-30,XLU,0.33333333333333331
2014-07-30,XLV,0.33333333333333331
2014-07-30,XLY,0
2014-07-31,GLD,0
2014-07-31,XLB,0
2014-07-31,XLE,0.33333333333333331
2014-07-31,XLF,0
2014-07-31,XLI,0
2014-07-31,XLK,0
2014-07-31,XLP,0
2014-07-31,XLU,0.33333333333333331
2014-07-31,XLV,0.33333333333333331
2014-07-31,XLY,0
2014-08-01,GLD,0
2014-08-01,XLB,0.33333333333333331
2014-08-01,XLE,0.33333333333333331
2014-08-01,XLF,0
2014-08-01,XLI,0
2014-08-01,XLK,0.33333333333333331
2014-08-01,XLP,0
2014-08-01,XLU,0
2014-08-01,XLV,0
2014-08-01,XLY,0
2014-08-04,GLD,0
2014-08-04,XLB,0.33333333333333331
2014-08-04,XLE,0.33333333333333331
2014-08-04,XLF,0
2014-08-04,XLI,0
2014-08-04,XLK,0.33333333333333331
2014-08-04,XLP,0
2014-08-04,XLU,0
2014-08-04,XLV,0
2014-08-04,XLY,0
2014-08-05,GLD,0
2014-08-05,XLB,0.33333333333333331
2014-08-05,XLE,0.33333333333333331
2014-08-05,XLF,0
2014-08-05,XLI,0
2014-08-05,XLK,0.33333333333333331
2014-08-05,XLP,0
2014-08-05,XLU,0
2014-08-05,XLV,0
2014-08-05,XLY,0
2014-08-06,GLD,0
2014-08-06,XLB,0.33333333333333331
2014-08-06,XLE,0.33333333333333331
2014-08-06,XLF,0
2014-08-06,XLI,0
2014-08-06,XLK,0.33333333333333331
2014-08-06,XLP,0
2014-08-06,XLU,0
2014-08-06,XLV,0
2014-08-06,XLY,0
2014-08-07,GLD,0
2014-08-07,XLB,0.33333333333333331
2014-08-07,XLE,0.33333333333333331
2014-08-07,XLF,0
2014-08-07,XLI,0
2014-08-07,XLK,0.33333333333333331
2014-08-07,XLP,0
2014-08-07,XLU,0
2014-08-07,XLV,0
2014-08-07,XLY,0
2014-08-08,GLD,0
2014-08-08,XLB,0.33333333333333331
2014-08-08,XLE,0.33333333333333331
2014-08-08,XLF,0
2014-08-08,XLI,0
2014-08-08,XLK,0.33333333333333331
2014-08-08,XLP,0
2014-08-08,XLU,0
2014-08-08,XLV,0
2014-08-08,XLY,0
2014-08-11,GLD,0
2014-08-11,XLB,0.33333333333333331
2014-08-11,XLE,0.33333333333333331
2014-08-11,XLF,0
2014-08-11,XLI,0
2014-08-11,XLK,0.33333333333333331
2014-08-11,XLP,0
2014-08-11,XLU,0
2014-08-11,XLV,0
2014-08-11,XLY,0
2014-08-12,GLD,0
2014-08-12,XLB,0.33333333333333331
2014-08-12,XLE,0.33333333333333331
2014-08-12,XLF,0
2014-08-12,XLI,0
2014-08-12,XLK,0.33333333333333331
2014-08-12,XLP,0
2014-08-12,XLU,0
2014-08-12,XLV,0
2014-08-12,XLY,0
2014-08-13,GLD,0
2014-08-13,XLB,0.33333333333333331
2014-08-13,XLE,0.33333333333333331
2014-08-13,XLF,0
2014-08-13,XLI,0
2014-08-13,XLK,0.33333333333333331
2014-08-13,XLP,0
2014-08-13,XLU,0
2014-08-13,XLV,0
2014-08-13,XLY,0
2014-08-14,GLD,0
2014-08-14,XLB,0.33333333333333331
2014-08-14,XLE,0.33333333333333331
2014-08-14,XLF,0
2014-08-14,XLI,0
2014-08-14,XLK,0.33333333333333331
2014-08-14,XLP,0
2014-08-14,XLU,0
2014-08-14,XLV,0
2014-08-14,XLY,0
2014-08-15,GLD,0
2014-08-15,XLB,0.33333333333333331
2014-08-15,XLE,0.33333333333333331
2014-08-15,XLF,0
2014-08-15,XLI,0
2014-08-15,XLK,0.33333333333333331
2014-08-15,XLP,0
2014-08-15,XLU,0
2014-08-15,XLV,0
2014-08-15,XLY,0
2014-08-18,GLD,0
2014-08-18,XLB,0.33333333333333331
2014-08-18,XLE,0.33333333333333331
2014-08-18,XLF,0
2014-08-18,XLI,0
2014-08-18,XLK,0.33333333333333331
2014-08-18,XLP,0
2014-08-18,XLU,0
2014-08-18,XLV,0
2014-08-18,XLY,0
2014-08-19,GLD,0
2014-08-19,XLB,0.33333333333333331
2014-08-19,XLE,0.33333333333333331
2014-08-19,XLF,0
2014-08-19,XLI,0
2014-08-19,XLK,0.33333333333333331
2014-08-19,XLP,0
2014-08-19,XLU,0
2014-08-19,XLV,0
2014-08-19,XLY,0
2014-08-20,GLD,0
2014-08-20,XLB,0.33333333333333331
2014-08-20,XLE,0.33333333333333331
2014-08-20,XLF,0
2014-08-20,XLI,0
2014-08-20,XLK,0.33333333333333331
2014-08-20,XLP,0
2014-08-20,XLU,0
2014-08-20,XLV,0
2014-08-20,XLY,0
2014-08-21,GLD,0
2014-08-21,XLB,0.33333333333333331
2014-08-21,XLE,0.33333333333333331
2014-08-21,XLF,0
2014-08-21,XLI,0
2014-08-21,XLK,0.33333333333333331
2014-08-21,XLP,0
2014-08-21,XLU,0
2014-08-21,XLV,0
2014-08-21,XLY,0
2014-08-22,GLD,0
2014-08-22,XLB,0.33333333333333331
2014-08-22,XLE,0.33333333333333331
2014-08-22,XLF,0
2014-08-22,XLI,0
2014-08-22,XLK,0.33333333333333331
2014-08-22,XLP,0
2014-08-22,XLU,0
2014-08-22,XLV,0
2014-08-22,XLY,0
2014-08-25,GLD,0
2014-08-25,XLB,0.33333333333333331
2014-08-25,XLE,0.33333333333333331
2014-08-25,XLF,0
2014-08-25,XLI,0
2014-08-25,XLK,0.33333333333333331
2014-08-25,XLP,0
2014-08-25,XLU,0
2014-08-25,XLV,0
2014-08-25,XLY,0
2014-08-26,GLD,0
2014-08-26,XLB,0.33333333333333331
2014-08-26,XLE,0.33333333333333331
2014-08-26,XLF,0
2014-08-26,XLI,0
2014-08-26,XLK,0.33333333333333331
2014-08-26,XLP,0
2014-08-26,XLU,0
2014-08-26,XLV,0
2014-08-26,XLY,0
2014-08-27,GLD,0
2014-08-27,XLB,0.33333333333333331
2014-08-27,XLE,0.33333333333333331
2014-08-27,XLF,0
2014-08-27,XLI,0
2014-08-27,XLK,0.33333333333333331
2014-08-27,XLP,0
2014-08-27,XLU,0
2014-08-27,XLV,0
2014-08-27,XLY,0
2014-08-28,GLD,0
2014-08-28,XLB,0.33333333333333331
2014-08-28,XLE,0.33333333333333331
2014-08-28,XLF,0
2014-08-28,XLI,0
2014-08-28,XLK,0.33333333333333331
2014-08-28,XLP,0
2014-08-28,XLU,0
2014-08-28,XLV,0
2014-08-28,XLY,0
2014-08-29,GLD,0
2014-08-29,XLB,0.33333333333333331
2014-08-29,XLE,0.33333333333333331
2014-08-29,XLF,0
2014-08-29,XLI,0
2014-08-29,XLK,0.33333333333333331
2014-08-29,XLP,0
2014-08-29,XLU,0
2014-08-29,XLV,0
2014-08-29,XLY,0
2014-09-02,GLD,0
2014-09-02,XLB,0
2014-09-02,XLE,0.33333333333333331
2014-09-02,XLF,0
2014-09-02,XLI,0
2014-09-02,XLK,0.33333333333333331
2014-09-02,XLP,0
2014-09-02,XLU,0.33333333333333331
2014-09-02,XLV,0
2014-09-02,XLY,0
2014-09-03,GLD,0
2014-09-03,XLB,0
2014-09-03,XLE,0.33333333333333331
2014-09-03,XLF,0
2014-09-03,XLI,0
2014-09-03,XLK,0.33333333333333331
2014-09-03,XLP,0
2014-09-03,XLU,0.33333333333333331
2014-09-03,XLV,0
2014-09-03,XLY,0
2014-09-04,GLD,0
2014-09-04,XLB,0
2014-09-04,XLE,0.33333333333333331
2014-09-04,XLF,0
2014-09-04,XLI,0
2014-09-04,XLK,0.33333333333333331
2014-09-04,XLP,0
2014-09-04,XLU,0.33333333333333331
2014-09-04,XLV,0
2014-09-04,XLY,0
2014-09-05,GLD,0
2014-09-05,XLB,0
2014-09-05,XLE,0.33333333333333331
2014-09-05,XLF,0
2014-09-05,XLI,0
2014-09-05,XLK,0.33333333333333331
2014-09-05,XLP,0
2014-09-05,XLU,0.33333333333333331
2014-09-05,XLV,0
2014-09-05,XLY,0
2014-09-08,GLD,0
2014-09-08,XLB,0
2014-09-08,XLE,0.33333333333333331
2014-09-08,XLF,0
2014-09-08,XLI,0
2014-09-08,XLK,0.33333333333333331
2014-09-08,XLP,0
2014-09-08,XLU,0.33333333333333331
2014-09-08,XLV,0
2014-09-08,XLY,0
2014-09-09,GLD,0
2014-09-09,XLB,0
2014-09-09,XLE,0.33333333333333331
2014-09-09,XLF,0
2014-09-09,XLI,0
2014-09-09,XLK,0.33333333333333331
2014-09-09,XLP,0
2014-09-09,XLU,0.33333333333333331
2014-09-09,XLV,0
2014-09-09,XLY,0
2014-09-10,GLD,0
2014-09-10,XLB,0
2014-09-10,XLE,0.33333333333333331
2014-09-10,XLF,0
2014-09-10,XLI,0
2014-09-10,XLK,0.33333333333333331
2014-09-10,XLP,0
2014-09-10,XLU,0.33333333333333331
2014-09-10,XLV,0
2014-09-10,XLY,0
2014-09-11,GLD,0
2014-09-11,XLB,0
2014-09-11,XLE,0.33333333333333331
2014-09-11,XLF,0
2014-09-11,XLI,0
2014-09-11,XLK,0.33333333333333331
2014-09-11,XLP,0
2014-09-11,XLU,0.33333333333333331
2014-09-11,XLV,0
2014-09-11,XLY,0
2014-09-12,GLD,0
2014-09-12,XLB,0
2014-09-12,XLE,0.33333333333333331
2014-09-12,XLF,0
2014-09-12,XLI,0
2014-09-12,XLK,0.33333333333333331
2014-09-12,XLP,0
2014-09-12,XLU,0.33333333333333331
2014-09-12,XLV,0
2014-09-12,XLY,0
2014-09-15,GLD,0
2014-09-15,XLB,0
2014-09-15,XLE,0.33333333333333331
2014-09-15,XLF,0
2014-09-15,XLI,0
2014-09-15,XLK,0.33333333333333331
2014-09-15,XLP,0
2014-09-15,XLU,0.33333333333333331
2014-09-15,XLV,0
2014-09-15,XLY,0
2014-09-16,GLD,0
2014-09-16,XLB,0
2014-09-16,XLE,0.33333333333333331
2014-09-16,XLF,0
2014-09-16,XLI,0
2014-09-16,XLK,0.33333333333333331
2014-09-16,XLP,0
2014-09-16,XLU,0.33333333333333331
2014-09-16,XLV,0
2014-09-16,XLY,0
2014-09-17,GLD,0
2014-09-17,XLB,0
2014-09-17,XLE,0.33333333333333331
2014-09-17,XLF,0
2014-09-17,XLI,0
2014-09-17,XLK,0.33333333333333331
2014-09-17,XLP,0
2014-09-17,XLU,0.33333333333333331
2014-09-17,XLV,0
2014-09-17,XLY,0
2014-09-18,GLD,0
2014-09-18,XLB,0
2014-09-18,XLE,0.33333333333333331
2014-09-18,XLF,0
2014-09-18,XLI,0
2014-09-18,XLK,0.33333333333333331
2014-09-18,XLP,0
2014-09-18,XLU,0.33333333333333331
2014-09-18,XLV,0
2014-09-18,XLY,0
2014-09-19,GLD,0
2014-09-19,XLB,0
2014-09-19,XLE,0.33333333333333331
2014-09-19,XLF,0
2014-09-19,XLI,0
2014-09-19,XLK,0.33333333333333331
2014-09-19,XLP,0
2014-09-19,XLU,0.33333333333333331
2014-09-19,XLV,0
2014-09-19,XLY,0
2014-09-22,GLD,0
2014-09-22,XLB,0
2014-09-22,XLE,0.33333333333333331
2014-09-22,XLF,0
2014-09-22,XLI,0
2014-09-22,XLK,0.33333333333333331
2014-09-22,XLP,0
2014-09-22,XLU,0.33333333333333331
2014-09-22,XLV,0
2014-09-22,XLY,0
2014-09-23,GLD,0
2014-09-23,XLB,0
2014-09-23,XLE,0.33333333333333331
2014-09-23,XLF,0
2014-09-23,XLI,0
2014-09-23,XLK,0.33333333333333331
2014-09-23,XLP,0
2014-09-23,XLU,0.33333333333333331
2014-09-23,XLV,0
2014-09-23,XLY,0
2014-09-24,GLD,0
2014-09-24,XLB,0
2014-09-24,XLE,0.33333333333333331
2014-09-24,XLF,0
2014-09-24,XLI,0
2014-09-24,XLK,0.33333333333333331
2014-09-24,XLP,0
2014-09-24,XLU,0.33333333333333331
2014-09-24,XLV,0
2014-09-24,XLY,0
2014-09-25,GLD,0
2014-09-25,XLB,0
2014-09-25,XLE,0.33333333333333331
2014-09-25,XLF,0
2014-09-25,XLI,0
2014-09-25,XLK,0.33333333333333331
2014-09-25,XLP,0
2014-09-25,XLU,0.33333333333333331
2014-09-25,XLV,0
2014-09-25,XLY,0
2014-09-26,GLD,0
2014-09-26,XLB,0
2014-09-26,XLE,0.33333333333333331
2014-09-26,XLF,0
2014-09-26,XLI,0
2014-09-26,XLK,0.33333333333333331
2014-09-26,XLP,0
2014-09-26,XLU,0.33333333333333331
2014-09-26,XLV,0
2014-09-26,XLY,0
2014-09-29,GLD,0
2014-09-29,XLB,0
2014-09-29,XLE,0.33333333333333331
2014-09-29,XLF,0
2014-09-29,XLI,0
2014-09-29,XLK,0.33333333333333331
2014-09-29,XLP,0
2014-09-29,XLU,0.33333333333333331
2014-09-29,XLV,0
2014-09-29,XLY,0
2014-09-30,GLD,0
2014-09-30,XLB,0
2014-09-30,XLE,0.33333333333333331
2014-09-30,XLF,0
2014-09-30,XLI,0
2014-09-30,XLK,0.33333333333333331
2014-09-30,XLP,0
2014-09-30,XLU,0.33333333333333331
2014-09-30,XLV,0
2014-09-30,XLY,0
2014-10-01,GLD,0
2014-10-01,XLB,0
2014-10-01,XLE,0
2014-10-01,XLF,0
2014-10-01,XLI,0
2014-10-01,XLK,0.33333333333333331
2014-10-01,XLP,0.33333333333333331
2014-10-01,XLU,0
2014-10-01,XLV,0.33333333333333331
2014-10-01,XLY,0
2014-10-02,GLD,0
2014-10-02,XLB,0
2014-10-02,XLE,0
2014-10-02,XLF,0
2014-10-02,XLI,0
2014-10-02,XLK,0.33333333333333331
2014-10-02,XLP,0.33333333333333331
2014-10-02,XLU,0
2014-10-02,XLV,0.33333333333333331
2014-10-02,XLY,0
2014-10-03,GLD,0
2014-10-03,XLB,0
2014-10-03,XLE,0
2014-10-03,XLF,0
2014-10-03,XLI,0
2014-10-03,XLK,0.33333333333333331
2014-10-03,XLP,0.33333333333333331
2014-10-03,XLU,0
2014-10-03,XLV,0.33333333333333331
2014-10-03,XLY,0
2014-10-06,GLD,0
2014-10-06,XLB,0
2014-10-06,XLE,0
2014-10-06,XLF,0
2014-10-06,XLI,0
2014-10-06,XLK,0.33333333333333331
2014-10-06,XLP,0.33333333333333331
2014-10-06,XLU,0
2014-10-06,XLV,0.33333333333333331
2014-10-06,XLY,0
2014-10-07,GLD,0
2014-10-07,XLB,0
2014-10-07,XLE,0
2014-10-07,XLF,0
2014-10-07,XLI,0
2014-10-07,XLK,0.33333333333333331
2014-10-07,XLP,0.33333333333333331
2014-10-07,XLU,0
2014-10-07,XLV,0.33333333333333331
2014-10-07,XLY,0
2014-10-08,GLD,0
2014-10-08,XLB,0
2014-10-08,XLE,0
2014-10-08,XLF,0
2014-10-08,XLI,0
2014-10-08,XLK,0.33333333333333331
2014-10-08,XLP,0.33333333333333331
2014-10-08,XLU,0
2014-10-08,XLV,0.33333333333333331
2014-10-08,XLY,0
2014-10-09,GLD,0
2014-10-09,XLB,0
2014-10-09,XLE,0
2014-10-09,XLF,0
2014-10-09,XLI,0
2014-10-09,XLK,0.33333333333333331
2014-10-09,XLP,0.33333333333333331
2014-10-09,XLU,0
2014-10-09,XLV,0.33333333333333331
2014-10-09,XLY,0
2014-10-10,GLD,0
2014-10-10,XLB,0
2014-10-10,XLE,0
2014-10-10,XLF,0
2014-10-10,XLI,0
2014-10-10,XLK,0.33333333333333331
2014-10-10,XLP,0.33333333333333331
2014-10-10,XLU,0
2014-10-10,XLV,0.33333333333333331
2014-10-10,XLY,0
2014-10-13,GLD,0
2014-10-13,XLB,0
2014-10-13,XLE,0
2014-10-13,XLF,0
2014-10-13,XLI,0
2014-10-13,XLK,0.33333333333333331
2014-10-13,XLP,0.33333333333333331
2014-10-13,XLU,0
2014-10-13,XLV,0.33333333333333331
2014-10-13,XLY,0
2014-10-14,GLD,0
2014-10-14,XLB,0
2014-10-14,XLE,0
2014-10-14,XLF,0
2014-10-14,XLI,0
2014-10-14,XLK,0.33333333333333331
2014-10-14,XLP,0.33333333333333331
2014-10-14,XLU,0
2014-10-14,XLV,0.33333333333333331
2014-10-14,XLY,0
2014-10-15,GLD,0
2014-10-15,XLB,0
2014-10-15,XLE,0
2014-10-15,XLF,0
2014-10-15,XLI,0
2014-10-15,XLK,0.33333333333333331
2014-10-15,XLP,0.33333333333333331
2014-10-15,XLU,0
2014-10-15,XLV,0.33333333333333331
2014-10-15,XLY,0
2014-10-16,GLD,0
2014-10-16,XLB,0
2014-10-16,XLE,0
2014-10-16,XLF,0
2014-10-16,XLI,0
2014-10-16,XLK,0.33333333333333331
2014-10-16,XLP,0.33333333333333331
2014-10-16,XLU,0
2014-10-16,XLV,0.33333333333333331
2014-10-16,XLY,0
2014-10-17,GLD,0
2014-10-17,XLB,0
2014-10-17,XLE,0
2014-10-17,XLF,0
2014-10-17,XLI,0
2014-10-17,XLK,0.33333333333333331
2014-10-17,XLP,0.33333333333333331
2014-10-17,XLU,0
2014-10-17,XLV,0.33333333333333331
2014-10-17,XLY,0
2014-10-20,GLD,0
2014-10-20,XLB,0
2014-10-20,XLE,0
2014-10-20,XLF,0
2014-10-20,XLI,0
2014-10-20,XLK,0.33333333333333331
2014-10-20,XLP,0.33333333333333331
2014-10-20,XLU,0
2014-10-20,XLV,0.33333333333333331
2014-10-20,XLY,0
2014-10-21,GLD,0
2014-10-21,XLB,0
2014-10-21,XLE,0
2014-10-21,XLF,0
2014-10-21,XLI,0
2014-10-21,XLK,0.33333333333333331
2014-10-21,XLP,0.33333333333333331
2014-10-21,XLU,0
2014-10-21,XLV,0.33333333333333331
2014-10-21,XLY,0
2014-10-22,GLD,0
2014-10-22,XLB,0
2014-10-22,XLE,0
2014-10-22,XLF,0
2014-10-22,XLI,0
2014-10-22,XLK,0.33333333333333331
2014-10-22,XLP,0.33333333333333331
2014-10-22,XLU,0
2014-10-22,XLV,0.33333333333333331
2014-10-22,XLY,0
2014-10-23,GLD,0
2014-10-23,XLB,0
2014-10-23,XLE,0
2014-10-23,XLF,0
2014-10-23,XLI,0
2014-10-23,XLK,0.33333333333333331
2014-10-23,XLP,0.33333333333333331
2014-10-23,XLU,0
2014-10-23,XLV,0.33333333333333331
2014-10-23,XLY,0
2014-10-24,GLD,0
2014-10-24,XLB,0
2014-10-24,XLE,0
2014-10-24,XLF,0
2014-10-24,XLI,0
2014-10-24,XLK,0.33333333333333331
2014-10-24,XLP,0.33333333333333331
2014-10-24,XLU,0
2014-10-24,XLV,0.33333333333333331
2014-10-24,XLY,0
2014-10-27,GLD,0
2014-10-27,XLB,0
2014-10-27,XLE,0
2014-10-27,XLF,0
2014-10-27,XLI,0
2014-10-27,XLK,0.33333333333333331
2014-10-27,XLP,0.33333333333333331
2014-10-27,XLU,0
2014-10-27,XLV,0.33333333333333331
2014-10-27,XLY,0
2014-10-28,GLD,0
2014-10-28,XLB,0
2014-10-28,XLE,0
2014-10-28,XLF,0
2014-10-28,XLI,0
2014-10-28,XLK,0.33333333333333331
2014-10-28,XLP,0.33333333333333331
2014-10-28,XLU,0
2014-10-28,XLV,0.33333333333333331
2014-10-28,XLY,0
2014-10-29,GLD,0
2014-10-29,XLB,0
2014-10-29,XLE,0
2014-10-29,XLF,0
2014-10-29,XLI,0
2014-10-29,XLK,0.33333333333333331
2014-10-29,XLP,0.33333333333333331
2014-10-29,XLU,0
2014-10-29,XLV,0.33333333333333331
2014-10-29,XLY,0
2014-10-30,GLD,0
2014-10-30,XLB,0
2014-10-30,XLE,0
2014-10-30,XLF,0
2014-10-30,XLI,0
2014-10-30,XLK,0.33333333333333331
2014-10-30,XLP,0
2014-10-30,XLU,0.33333333333333331
2014-10-30,XLV,0.33333333333333331
2014-10-30,XLY,0
2014-10-31,GLD,0
2014-10-31,XLB,0
2014-10-31,XLE,0
2014-10-31,XLF,0
2014-10-31,XLI,0
2014-10-31,XLK,0.33333333333333331
2014-10-31,XLP,0
2014-10-31,XLU,0.33333333333333331
2014-10-31,XLV,0.33333333333333331
2014-10-31,XLY,0
2014-11-03,GLD,0
2014-11-03,XLB,0
2014-11-03,XLE,0
2014-11-03,XLF,0
2014-11-03,XLI,0
2014-11-03,XLK,0.33333333333333331
2014-11-03,XLP,0
2014-11-03,XLU,0.33333333333333331
2014-11-03,XLV,0.33333333333333331
2014-11-03,XLY,0
2014-11-04,GLD,0
2014-11-04,XLB,0
2014-11-04,XLE,0
2014-11-04,XLF,0
2014-11-04,XLI,0
2014-11-04,XLK,0.33333333333333331
2014-11-04,XLP,0
2014-11-04,XLU,0.33333333333333331
2014-11-04,XLV,0.33333333333333331
2014-11-04,XLY,0
2014-11-05,GLD,0
2014-11-05,XLB,0
2014-11-05,XLE,0
2014-11-05,XLF,0
2014-11-05,XLI,0
2014-11-05,XLK,0.33333333333333331
2014-11-05,XLP,0
2014-11-05,XLU,0.33333333333333331
2014-11-05,XLV,0.33333333333333331
2014-11-05,XLY,0
2014-11-06,GLD,0
2014-11-06,XLB,0
2014-11-06,XLE,0
2014-11-06,XLF,0
2014-11-06,XLI,0
2014-11-06,XLK,0.33333333333333331
2014-11-06,XLP,0
2014-11-06,XLU,0.33333333333333331
2014-11-06,XLV,0.33333333333333331
2014-11-06,XLY,0
2014-11-07,GLD,0
2014-11-07,XLB,0
2014-11-07,XLE,0
2014-11-07,XLF,0
2014-11-07,XLI,0
2014-11-07,XLK,0.33333333333333331
2014-11-07,XLP,0
2014-11-07,XLU,0.33333333333333331
2014-11-07,XLV,0.33333333333333331
2014-11-07,XLY,0
2014-11-10,GLD,0
2014-11-10,XLB,0
2014-11-10,XLE,0
2014-11-10,XLF,0
2014-11-10,XLI,0
2014-11-10,XLK,0.33333333333333331
2014-11-10,XLP,0
2014-11-10,XLU,0.33333333333333331
2014-11-10,XLV,0.33333333333333331
2014-11-10,XLY,0
2014-11-11,GLD,0
2014-11-11,XLB,0
2014-11-11,XLE,0
2014-11-11,XLF,0
2014-11-11,XLI,0
2014-11-11,XLK,0.33333333333333331
2014-11-11,XLP,0
2014-11-11,XLU,0.33333333333333331
2014-11-11,XLV,0.33333333333333331
2014-11-11,XLY,0
2014-11-12,GLD,0
2014-11-12,XLB,0
2014-11-12,XLE,0
2014-11-12,XLF,0
2014-11-12,XLI,0
2014-11-12,XLK,0.33333333333333331
2014-11-12,XLP,0
2014-11-12,XLU,0.33333333333333331
2014-11-12,XLV,0.33333333333333331
2014-11-12,XLY,0
2014-11-13,GLD,0
2014-11-13,XLB,0
2014-11-13,XLE,0
2014-11-13,XLF,0
2014-11-13,XLI,0
2014-11-13,XLK,0.33333333333333331
2014-11-13,XLP,0
2014-11-13,XLU,0.33333333333333331
2014-11-13,XLV,0.33333333333333331
2014-11-13,XLY,0
2014-11-14,GLD,0
2014-11-14,XLB,0
2014-11-14,XLE,0
2014-11-14,XLF,0
2014-11-14,XLI,0
2014-11-14,XLK,0.33333333333333331
2014-11-14,XLP,0
2014-11-14,XLU,0.33333333333333331
2014-11-14,XLV,0.33333333333333331
2014-11-14,XLY,0
2014-11-17,GLD,0
2014-11-17,XLB,0
2014-11-17,XLE,0
2014-11-17,XLF,0
2014-11-17,XLI,0
2014-11-17,XLK,0.33333333333333331
2014-11-17,XLP,0
2014-11-17,XLU,0.33333333333333331
2014-11-17,XLV,0.33333333333333331
2014-11-17,XLY,0
2014-11-18,GLD,0
2014-11-18,XLB,0
2014-11-18,XLE,0
2014-11-18,XLF,0
2014-11-18,XLI,0
2014-11-18,XLK,0.33333333333333331
2014-11-18,XLP,0
2014-11-18,XLU,0.33333333333333331
2014-11-18,XLV,0.33333333333333331
2014-11-18,XLY,0
2014-11-19,GLD,0
2014-11-19,XLB,0
2014-11-19,XLE,0
2014-11-19,XLF,0
2014-11-19,XLI,0
2014-11-19,XLK,0.33333333333333331
2014-11-19,XLP,0
2014-11-19,XLU,0.33333333333333331
2014-11-19,XLV,0.33333333333333331
2014-11-19,XLY,0
2014-11-20,GLD,0
2014-11-20,XLB,0
2014-11-20,XLE,0
2014-11-20,XLF,0
2014-11-20,XLI,0
2014-11-20,XLK,0.33333333333333331
2014-11-20,XLP,0
2014-11-20,XLU,0.33333333333333331
2014-11-20,XLV,0.33333333333333331
2014-11-20,XLY,0
2014-11-21,GLD,0
2014-11-21,XLB,0
2014-11-21,XLE,0
2014-11-21,XLF,0
2014-11-21,XLI,0
2014-11-21,XLK,0.33333333333333331
2014-11-21,XLP,0
2014-11-21,XLU,0.33333333333333331
2014-11-21,XLV,0.33333333333333331
2014-11-21,XLY,0
2014-11-24,GLD,0
2014-11-24,XLB,0
2014-11-24,XLE,0
2014-11-24,XLF,0
2014-11-24,XLI,0
2014-11-24,XLK,0.33333333333333331
2014-11-24,XLP,0
2014-11-24,XLU,0.33333333333333331
2014-11-24,XLV,0.33333333333333331
2014-11-24,XLY,0
2014-11-25,GLD,0
2014-11-25,XLB,0
2014-11-25,XLE,0
2014-11-25,XLF,0
2014-11-25,XLI,0
2014-11-25,XLK,0.33333333333333331
2014-11-25,XLP,0
2014-11-25,XLU,0.33333333333333331
2014-11-25,XLV,0.33333333333333331
2014-11-25,XLY,0
2014-11-26,GLD,0
2014-11-26,XLB,0
2014-11-26,XLE,0
2014-11-26,XLF,0
2014-11-26,XLI,0
2014-11-26,XLK,0.33333333333333331
2014-11-26,XLP,0
2014-11-26,XLU,0.33333333333333331
2014-11-26,XLV,0.33333333333333331
2014-11-26,XLY,0
2014-11-28,GLD,0
2014-11-28,XLB,0
2014-11-28,XLE,0
2014-11-28,XLF,0
2014-11-28,XLI,0
2014-11-28,XLK,0.33333333333333331
2014-11-28,XLP,0
2014-11-28,XLU,0.33333333333333331
2014-11-28,XLV,0.33333333333333331
2014-11-28,XLY,0
2014-12-01,GLD,0
2014-12-01,XLB,0
2014-12-01,XLE,0
2014-12-01,XLF,0
2014-12-01,XLI,0
2014-12-01,XLK,0.33333333333333331
2014-12-01,XLP,0.33333333333333331
2014-12-01,XLU,0
2014-12-01,XLV,0.33333333333333331
2014-12-01,XLY,0
2014-12-02,GLD,0
2014-12-02,XLB,0
2014-12-02,XLE,0
2014-12-02,XLF,0
2014-12-02,XLI,0
2014-12-02,XLK,0.33333333333333331
2014-12-02,XLP,0.33333333333333331
2014-12-02,XLU,0
2014-12-02,XLV,0.33333333333333331
2014-12-02,XLY,0
2014-12-03,GLD,0
2014-12-03,XLB,0
2014-12-03,XLE,0
2014-12-03,XLF,0
2014-12-03,XLI,0
2014-12-03,XLK,0.33333333333333331
2014-12-03,XLP,0.33333333333333331
2014-12-03,XLU,0
2014-12-03,XLV,0.33333333333333331
2014-12-03,XLY,0
2014-12-04,GLD,0
2014-12-04,XLB,0
2014-12-04,XLE,0
2014-12-04,XLF,0
2014-12-04,XLI,0
2014-12-04,XLK,0.33333333333333331
2014-12-04,XLP,0.33333333333333331
2014-12-04,XLU,0
2014-12-04,XLV,0.33333333333333331
2014-12-04,XLY,0
2014-12-05,GLD,0
2014-12-05,XLB,0
2014-12-05,XLE,0
2014-12-05,XLF,0
2014-12-05,XLI,0
2014-12-05,XLK,0.33333333333333331
2014-12-05,XLP,0.33333333333333331
2014-12-05,XLU,0
2014-12-05,XLV,0.33333333333333331
2014-12-05,XLY,0
2014-12-08,GLD,0
2014-12-08,XLB,0
2014-12-08,XLE,0
2014-12-08,XLF,0
2014-12-08,XLI,0
2014-12-08,XLK,0.33333333333333331
2014-12-08,XLP,0.33333333333333331
2014-12-08,XLU,0
2014-12-08,XLV,0.33333333333333331
2014-12-08,XLY,0
2014-12-09,GLD,0
2014-12-09,XLB,0
2014-12-09,XLE,0
2014-12-09,XLF,0
2014-12-09,XLI,0
2014-12-09,XLK,0.33333333333333331
2014-12-09,XLP,0.33333333333333331
2014-12-09,XLU,0
2014-12-09,XLV,0.33333333333333331
2014-12-09,XLY,0
2014-12-10,GLD,0
2014-12-10,XLB,0
2014-12-10,XLE,0
2014-12-10,XLF,0
2014-12-10,XLI,0
2014-12-10,XLK,0.33333333333333331
2014-12-10,XLP,0.33333333333333331
2014-12-10,XLU,0
2014-12-10,XLV,0.33333333333333331
2014-12-10,XLY,0
2014-12-11,GLD,0
2014-12-11,XLB,0
2014-12-11,XLE,0
2014-12-11,XLF,0
2014-12-11,XLI,0
2014-12-11,XLK,0.33333333333333331
2014-12-11,XLP,0.33333333333333331
2014-12-11,XLU,0
2014-12-11,XLV,0.33333333333333331
2014-12-11,XLY,0
2014-12-12,GLD,0
2014-12-12,XLB,0
2014-12-12,XLE,0
2014-12-12,XLF,0
2014-12-12,XLI,0
2014-12-12,XLK,0.33333333333333331
2014-12-12,XLP,0.33333333333333331
2014-12-12,XLU,0
2014-12-12,XLV,0.33333333333333331
2014-12-12,XLY,0
2014-12-15,GLD,0
2014-12-15,XLB,0
2014-12-15,XLE,0
2014-12-15,XLF,0
2014-12-15,XLI,0
2014-12-15,XLK,0.33333333333333331
2014-12-15,XLP,0.33333333333333331
2014-12-15,XLU,0
2014-12-15,XLV,0.33333333333333331
2014-12-15,XLY,0
2014-12-16,GLD,0
2014-12-16,XLB,0
2014-12-16,XLE,0
2014-12-16,XLF,0
2014-12-16,XLI,0
2014-12-16,XLK,0.33333333333333331
2014-12-16,XLP,0.33333333333333331
2014-12-16,XLU,0
2014-12-16,XLV,0.33333333333333331
2014-12-16,XLY,0
2014-12-17,GLD,0
2014-12-17,XLB,0
2014-12-17,XLE,0
2014-12-17,XLF,0
2014-12-17,XLI,0
2014-12-17,XLK,0.33333333333333331
2014-12-17,XLP,0.33333333333333331
2014-12-17,XLU,0
2014-12-17,XLV,0.33333333333333331
2014-12-17,XLY,0
2014-12-18,GLD,0
2014-12-18,XLB,0
2014-12-18,XLE,0
2014-12-18,XLF,0
2014-12-18,XLI,0
2014-12-18,XLK,0.33333333333333331
2014-12-18,XLP,0.33333333333333331
2014-12-18,XLU,0
2014-12-18,XLV,0.33333333333333331
2014-12-18,XLY,0
2014-12-19,GLD,0
2014-12-19,XLB,0
2014-12-19,XLE,0
2014-12-19,XLF,0
2014-12-19,XLI,0
2014-12-19,XLK,0.33333333333333331
2014-12-19,XLP,0.33333333333333331
2014-12-19,XLU,0
2014-12-19,XLV,0.33333333333333331
2014-12-19,XLY,0
2014-12-22,GLD,0
2014-12-22,XLB,0
2014-12-22,XLE,0
2014-12-22,XLF,0
2014-12-22,XLI,0
2014-12-22,XLK,0.33333333333333331
2014-12-22,XLP,0.33333333333333331
2014-12-22,XLU,0
2014-12-22,XLV,0.33333333333333331
2014-12-22,XLY,0
2014-12-23,GLD,0
2014-12-23,XLB,0
2014-12-23,XLE,0
2014-12-23,XLF,0
2014-12-23,XLI,0
2014-12-23,XLK,0.33333333333333331
2014-12-23,XLP,0.33333333333333331
2014-12-23,XLU,0
2014-12-23,XLV,0.33333333333333331
2014-12-23,XLY,0
2014-12-24,GLD,0
2014-12-24,XLB,0
2014-12-24,XLE,0
2014-12-24,XLF,0
2014-12-24,XLI,0
2014-12-24,XLK,0.33333333333333331
2014-12-24,XLP,0.33333333333333331
2014-12-24,XLU,0
2014-12-24,XLV,0.33333333333333331
2014-12-24,XLY,0
2014-12-26,GLD,0
2014-12-26,XLB,0
2014-12-26,XLE,0
2014-12-26,XLF,0
2014-12-26,XLI,0
2014-12-26,XLK,0.33333333333333331
2014-12-26,XLP,0.33333333333333331
2014-12-26,XLU,0
2014-12-26,XLV,0.33333333333333331
2014-12-26,XLY,0
2014-12-29,GLD,0
2014-12-29,XLB,0
2014-12-29,XLE,0
2014-12-29,XLF,0
2014-12-29,XLI,0
2014-12-29,XLK,0.33333333333333331
2014-12-29,XLP,0.33333333333333331
2014-12-29,XLU,0
2014-12-29,XLV,0.33333333333333331
2014-12-29,XLY,0
2014-12-30,GLD,0
2014-12-30,XLB,0
2014-12-30,XLE,0
2014-12-30,XLF,0
2014-12-30,XLI,0
2014-12-30,XLK,0.33333333333333331
2014-12-30,XLP,0.33333333333333331
2014-12-30,XLU,0
2014-12-30,XLV,0.33333333333333331
2014-12-30,XLY,0
2014-12-31,GLD,0
2014-12-31,XLB,0
2014-12-31,XLE,0
2014-12-31,XLF,0
2014-12-31,XLI,0
2014-12-31,XLK,0
2014-12-31,XLP,0.33333333333333331
2014-12-31,XLU,0.33333333333333331
2014-12-31,XLV,0.33333333333333331
2014-12-31,XLY,0
2015-01-02,GLD,0
2015-01-02,XLB,0
2015-01-02,XLE,0
2015-01-02,XLF,0
2015-01-02,XLI,0
2015-01-02,XLK,0
2015-01-02,XLP,0.33333333333333331
2015-01-02,XLU,0.33333333333333331
2015-01-02,XLV,0.33333333333333331
2015-01-02,XLY,0
2015-01-05,GLD,0
2015-01-05,XLB,0
2015-01-05,XLE,0
2015-01-05,XLF,0
2015-01-05,XLI,0
2015-01-05,XLK,0
2015-01-05,XLP,0.33333333333333331
2015-01-05,XLU,0.33333333333333331
2015-01-05,XLV,0.33333333333333331
2015-01-05,XLY,0
2015-01-06,GLD,0
2015-01-06,XLB,0
2015-01-06,XLE,0
2015-01-06,XLF,0
2015-01-06,XLI,0
2015-01-06,XLK,0
2015-01-06,XLP,0.33333333333333331
2015-01-06,XLU,0.33333333333333331
2015-01-06,XLV,0.33333333333333331
2015-01-06,XLY,0
2015-01-07,GLD,0
2015-01-07,XLB,0
2015-01-07,XLE,0
2015-01-07,XLF,0
2015-01-07,XLI,0
2015-01-07,XLK,0
2015-01-07,XLP,0.33333333333333331
2015-01-07,XLU,0.33333333333333331
2015-01-07,XLV,0.33333333333333331
2015-01-07,XLY,0
2015-01-08,GLD,0
2015-01-08,XLB,0
2015-01-08,XLE,0
2015-01-08,XLF,0
2015-01-08,XLI,0
2015-01-08,XLK,0
2015-01-08,XLP,0.33333333333333331
2015-01-08,XLU,0.33333333333333331
2015-01-08,XLV,0.33333333333333331
2015-01-08,XLY,0
2015-01-09,GLD,0
2015-01-09,XLB,0
2015-01-09,XLE,0
2015-01-09,XLF,0
2015-01-09,XLI,0
2015-01-09,XLK,0
2015-01-09,XLP,0.33333333333333331
2015-01-09,XLU,0.33333333333333331
2015-01-09,XLV,0.33333333333333331
2015-01-09,XLY,0
2015-01-12,GLD,0
2015-01-12,XLB,0
2015-01-12,XLE,0
2015-01-12,XLF,0
2015-01-12,XLI,0
2015-01-12,XLK,0
2015-01-12,XLP,0.33333333333333331
2015-01-12,XLU,0.33333333333333331
2015-01-12,XLV,0.33333333333333331
2015-01-12,XLY,0
2015-01-13,GLD,0
2015-01-13,XLB,0
2015-01-13,XLE,0
2015-01-13,XLF,0
2015-01-13,XLI,0
2015-01-13,XLK,0
2015-01-13,XLP,0.33333333333333331
2015-01-13,XLU,0.33333333333333331
2015-01-13,XLV,0.33333333333333331
2015-01-13,XLY,0
2015-01-14,GLD,0
2015-01-14,XLB,0
2015-01-14,XLE,0
2015-01-14,XLF,0
2015-01-14,XLI,0
2015-01-14,XLK,0
2015-01-14,XLP,0.33333333333333331
2015-01-14,XLU,0.33333333333333331
2015-01-14,XLV,0.33333333333333331
2015-01-14,XLY,0
2015-01-15,GLD,0
2015-01-15,XLB,0
2015-01-15,XLE,0
2015-01-15,XLF,0
2015-01-15,XLI,0
2015-01-15,XLK,0
2015-01-15,XLP,0.33333333333333331
2015-01-15,XLU,0.33333333333333331
2015-01-15,XLV,0.33333333333333331
2015-01-15,XLY,0
2015-01-16,GLD,0
2015-01-16,XLB,0
2015-01-16,XLE,0
2015-01-16,XLF,0
2015-01-16,XLI,0
2015-01-16,XLK,0
2015-01-16,XLP,0.33333333333333331
2015-01-16,XLU,0.33333333333333331
2015-01-16,XLV,0.33333333333333331
2015-01-16,XLY,0
2015-01-20,GLD,0
2015-01-20,XLB,0
2015-01-20,XLE,0
2015-01-20,XLF,0
2015-01-20,XLI,0
2015-01-20,XLK,0
2015-01-20,XLP,0.33333333333333331
2015-01-20,XLU,0.33333333333333331
2015-01-20,XLV,0.33333333333333331
2015-01-20,XLY,0
2015-01-21,GLD,0
2015-01-21,XLB,0
2015-01-21,XLE,0
2015-01-21,XLF,0
2015-01-21,XLI,0
2015-01-21,XLK,0
2015-01-21,XLP,0.33333333333333331
2015-01-21,XLU,0.33333333333333331
2015-01-21,XLV,0.33333333333333331
2015-01-21,XLY,0
2015-01-22,GLD,0
2015-01-22,XLB,0
2015-01-22,XLE,0
2015-01-22,XLF,0
2015-01-22,XLI,0
2015-01-22,XLK,0
2015-01-22,XLP,0.33333333333333331
2015-01-22,XLU,0.33333333333333331
2015-01-22,XLV,0.33333333333333331
2015-01-22,XLY,0
2015-01-23,GLD,0
2015-01-23,XLB,0
2015-01-23,XLE,0
2015-01-23,XLF,0
2015-01-23,XLI,0
2015-01-23,XLK,0
2015-01-23,XLP,0.33333333333333331
2015-01-23,XLU,0.33333333333333331
2015-01-23,XLV,0.33333333333333331
2015-01-23,XLY,0
2015-01-26,GLD,0
2015-01-26,XLB,0
2015-01-26,XLE,0
2015-01-26,XLF,0
2015-01-26,XLI,0
2015-01-26,XLK,0
2015-01-26,XLP,0.33333333333333331
2015-01-26,XLU,0.33333333333333331
2015-01-26,XLV,0.33333333333333331
2015-01-26,XLY,0
2015-01-27,GLD,0
2015-01-27,XLB,0
2015-01-27,XLE,0
2015-01-27,XLF,0
2015-01-27,XLI,0
2015-01-27,XLK,0
2015-01-27,XLP,0.33333333333333331
2015-01-27,XLU,0.33333333333333331
2015-01-27,XLV,0.33333333333333331
2015-01-27,XLY,0
2015-01-28,GLD,0
2015-01-28,XLB,0
2015-01-28,XLE,0
2015-01-28,XLF,0
2015-01-28,XLI,0
2015-01-28,XLK,0
2015-01-28,XLP,0.33333333333333331
2015-01-28,XLU,0.33333333333333331
2015-01-28,XLV,0.33333333333333331
2015-01-28,XLY,0
2015-01-29,GLD,0
2015-01-29,XLB,0
2015-01-29,XLE,0
2015-01-29,XLF,0
2015-01-29,XLI,0
2015-01-29,XLK,0
2015-01-29,XLP,0.33333333333333331
2015-01-29,XLU,0.33333333333333331
2015-01-29,XLV,0.33333333333333331
2015-01-29,XLY,0
2015-01-30,GLD,0
2015-01-30,XLB,0
2015-01-30,XLE,0
2015-01-30,XLF,0
2015-01-30,XLI,0
2015-01-30,XLK,0
2015-01-30,XLP,0.33333333333333331
2015-01-30,XLU,0.33333333333333331
2015-01-30,XLV,0.33333333333333331
2015-01-30,XLY,0
2015-02-02,GLD,0
2015-02-02,XLB,0
2015-02-02,XLE,0
2015-02-02,XLF,0
2015-02-02,XLI,0
2015-02-02,XLK,0
2015-02-02,XLP,0.33333333333333331
2015-02-02,XLU,0.33333333333333331
2015-02-02,XLV,0.33333333333333331
2015-02-02,XLY,0
2015-02-03,GLD,0
2015-02-03,XLB,0
2015-02-03,XLE,0
2015-02-03,XLF,0
2015-02-03,XLI,0
2015-02-03,XLK,0
2015-02-03,XLP,0.33333333333333331
2015-02-03,XLU,0.33333333333333331
2015-02-03,XLV,0.33333333333333331
2015-02-03,XLY,0
2015-02-04,GLD,0
2015-02-04,XLB,0
2015-02-04,XLE,0
2015-02-04,XLF,0
2015-02-04,XLI,0
2015-02-04,XLK,0
2015-02-04,XLP,0.33333333333333331
2015-02-04,XLU,0.33333333333333331
2015-02-04,XLV,0.33333333333333331
2015-02-04,XLY,0
2015-02-05,GLD,0
2015-02-05,XLB,0
2015-02-05,XLE,0
2015-02-05,XLF,0
2015-02-05,XLI,0
2015-02-05,XLK,0
2015-02-05,XLP,0.33333333333333331
2015-02-05,XLU,0.33333333333333331
2015-02-05,XLV,0.33333333333333331
2015-02-05,XLY,0
2015-02-06,GLD,0
2015-02-06,XLB,0
2015-02-06,XLE,0
2015-02-06,XLF,0
2015-02-06,XLI,0
2015-02-06,XLK,0
2015-02-06,XLP,0.33333333333333331
2015-02-06,XLU,0.33333333333333331
2015-02-06,XLV,0.33333333333333331
2015-02-06,XLY,0
2015-02-09,GLD,0
2015-02-09,XLB,0
2015-02-09,XLE,0
2015-02-09,XLF,0
2015-02-09,XLI,0
2015-02-09,XLK,0
2015-02-09,XLP,0.33333333333333331
2015-02-09,XLU,0.33333333333333331
2015-02-09,XLV,0.33333333333333331
2015-02-09,XLY,0
2015-02-10,GLD,0
2015-02-10,XLB,0
2015-02-10,XLE,0
2015-02-10,XLF,0
2015-02-10,XLI,0
2015-02-10,XLK,0
2015-02-10,XLP,0.33333333333333331
2015-02-10,XLU,0.33333333333333331
2015-02-10,XLV,0.33333333333333331
2015-02-10,XLY,0
2015-02-11,GLD,0
2015-02-11,XLB,0
2015-02-11,XLE,0
2015-02-11,XLF,0
2015-02-11,XLI,0
2015-02-11,XLK,0
2015-02-11,XLP,0.33333333333333331
2015-02-11,XLU,0.33333333333333331
2015-02-11,XLV,0.33333333333333331
2015-02-11,XLY,0
2015-02-12,GLD,0
2015-02-12,XLB,0
2015-02-12,XLE,0
2015-02-12,XLF,0
2015-02-12,XLI,0
2015-02-12,XLK,0
2015-02-12,XLP,0.33333333333333331
2015-02-12,XLU,0.33333333333333331
2015-02-12,XLV,0.33333333333333331
2015-02-12,XLY,0
2015-02-13,GLD,0
2015-02-13,XLB,0
2015-02-13,XLE,0
2015-02-13,XLF,0
2015-02-13,XLI,0
2015-02-13,XLK,0
2015-02-13,XLP,0.33333333333333331
2015-02-13,XLU,0.33333333333333331
2015-02-13,XLV,0.33333333333333331
2015-02-13,XLY,0
2015-02-17,GLD,0
2015-02-17,XLB,0
2015-02-17,XLE,0
2015-02-17,XLF,0
2015-02-17,XLI,0
2015-02-17,XLK,0
2015-02-17,XLP,0.33333333333333331
2015-02-17,XLU,0.33333333333333331
2015-02-17,XLV,0.33333333333333331
2015-02-17,XLY,0
2015-02-18,GLD,0
2015-02-18,XLB,0
2015-02-18,XLE,0
2015-02-18,XLF,0
2015-02-18,XLI,0
2015-02-18,XLK,0
2015-02-18,XLP,0.33333333333333331
2015-02-18,XLU,0.33333333333333331
2015-02-18,XLV,0.33333333333333331
2015-02-18,XLY,0
2015-02-19,GLD,0
2015-02-19,XLB,0
2015-02-19,XLE,0
2015-02-19,XLF,0
2015-02-19,XLI,0
2015-02-19,XLK,0
2015-02-19,XLP,0.33333333333333331
2015-02-19,XLU,0.33333333333333331
2015-02-19,XLV,0.33333333333333331
2015-02-19,XLY,0
2015-02-20,GLD,0
2015-02-20,XLB,0
2015-02-20,XLE,0
2015-02-20,XLF,0
2015-02-20,XLI,0
2015-02-20,XLK,0
2015-02-20,XLP,0.33333333333333331
2015-02-20,XLU,0.33333333333333331
2015-02-20,XLV,0.33333333333333331
2015-02-20,XLY,0
2015-02-23,GLD,0
2015-02-23,XLB,0
2015-02-23,XLE,0
2015-02-23,XLF,0
2015-02-23,XLI,0
2015-02-23,XLK,0
2015-02-23,XLP,0.33333333333333331
2015-02-23,XLU,0.33333333333333331
2015-02-23,XLV,0.33333333333333331
2015-02-23,XLY,0
2015-02-24,GLD,0
2015-02-24,XLB,0
2015-02-24,XLE,0
2015-02-24,XLF,0
2015-02-24,XLI,0
2015-02-24,XLK,0
2015-02-24,XLP,0.33333333333333331
2015-02-24,XLU,0.33333333333333331
2015-02-24,XLV,0.33333333333333331
2015-02-24,XLY,0
2015-02-25,GLD,0
2015-02-25,XLB,0
2015-02-25,XLE,0
2015-02-25,XLF,0
2015-02-25,XLI,0
2015-02-25,XLK,0
2015-02-25,XLP,0.33333333333333331
2015-02-25,XLU,0.33333333333333331
2015-02-25,XLV,0.33333333333333331
2015-02-25,XLY,0
2015-02-26,GLD,0
2015-02-26,XLB,0
2015-02-26,XLE,0
2015-02-26,XLF,0
2015-02-26,XLI,0
2015-02-26,XLK,0
2015-02-26,XLP,0.33333333333333331
2015-02-26,XLU,0.33333333333333331
2015-02-26,XLV,0.33333333333333331
2015-02-26,XLY,0
2015-02-27,GLD,0
2015-02-27,XLB,0
2015-02-27,XLE,0
2015-02-27,XLF,0
2015-02-27,XLI,0
2015-02-27,XLK,0
2015-02-27,XLP,0.33333333333333331
2015-02-27,XLU,0.33333333333333331
2015-02-27,XLV,0.33333333333333331
2015-02-27,XLY,0
2015-03-02,GLD,0
2015-03-02,XLB,0
2015-03-02,XLE,0
2015-03-02,XLF,0
2015-03-02,XLI,0
2015-03-02,XLK,0
2015-03-02,XLP,0.33333333333333331
2015-03-02,XLU,0.33333333333333331
2015-03-02,XLV,0.33333333333333331
2015-03-02,XLY,0
2015-03-03,GLD,0
2015-03-03,XLB,0
2015-03-03,XLE,0
2015-03-03,XLF,0
2015-03-03,XLI,0
2015-03-03,XLK,0
2015-03-03,XLP,0.33333333333333331
2015-03-03,XLU,0.33333333333333331
2015-03-03,XLV,0.33333333333333331
2015-03-03,XLY,0
2015-03-04,GLD,0
2015-03-04,XLB,0
2015-03-04,XLE,0
2015-03-04,XLF,0
2015-03-04,XLI,0
2015-03-04,XLK,0
2015-03-04,XLP,0.33333333333333331
2015-03-04,XLU,0
2015-03-04,XLV,0.33333333333333331
2015-03-04,XLY,0.33333333333333331
2015-03-05,GLD,0
2015-03-05,XLB,0
2015-03-05,XLE,0
2015-03-05,XLF,0
2015-03-05,XLI,0
2015-03-05,XLK,0
2015-03-05,XLP,0.33333333333333331
2015-03-05,XLU,0
2015-03-05,XLV,0.33333333333333331
2015-03-05,XLY,0.33333333333333331
2015-03-06,GLD,0
2015-03-06,XLB,0
2015-03-06,XLE,0
2015-03-06,XLF,0
2015-03-06,XLI,0
2015-03-06,XLK,0
2015-03-06,XLP,0.33333333333333331
2015-03-06,XLU,0
2015-03-06,XLV,0.33333333333333331
2015-03-06,XLY,0.33333333333333331
2015-03-09,GLD,0
2015-03-09,XLB,0
2015-03-09,XLE,0
2015-03-09,XLF,0
2015-03-09,XLI,0
2015-03-09,XLK,0
2015-03-09,XLP,0.33333333333333331
2015-03-09,XLU,0
2015-03-09,XLV,0.33333333333333331
2015-03-09,XLY,0.33333333333333331
2015-03-10,GLD,0
2015-03-10,XLB,0
2015-03-10,XLE,0
2015-03-10,XLF,0
2015-03-10,XLI,0
2015-03-10,XLK,0
2015-03-10,XLP,0.33333333333333331
2015-03-10,XLU,0
2015-03-10,XLV,0.33333333333333331
2015-03-10,XLY,0.33333333333333331
2015-03-11,GLD,0
2015-03-11,XLB,0
2015-03-11,XLE,0
2015-03-11,XLF,0
2015-03-11,XLI,0
2015-03-11,XLK,0
2015-03-11,XLP,0.33333333333333331
2015-03-11,XLU,0
2015-03-11,XLV,0.33333333333333331
2015-03-11,XLY,0.33333333333333331
2015-03-12,GLD,0
2015-03-12,XLB,0
2015-03-12,XLE,0
2015-03-12,XLF,0
2015-03-12,XLI,0
2015-03-12,XLK,0
2015-03-12,XLP,0.33333333333333331
2015-03-12,XLU,0
2015-03-12,XLV,0.33333333333333331
2015-03-12,XLY,0.33333333333333331
2015-03-13,GLD,0
2015-03-13,XLB,0
2015-03-13,XLE,0
2015-03-13,XLF,0
2015-03-13,XLI,0
2015-03-13,XLK,0
2015-03-13,XLP,0.33333333333333331
2015-03-13,XLU,0
2015-03-13,XLV,0.33333333333333331
2015-03-13,XLY,0.33333333333333331
2015-03-16,GLD,0
2015-03-16,XLB,0
2015-03-16,XLE,0
2015-03-16,XLF,0
2015-03-16,XLI,0
2015-03-16,XLK,0
2015-03-16,XLP,0.33333333333333331
2015-03-16,XLU,0
2015-03-16,XLV,0.33333333333333331
2015-03-16,XLY,0.33333333333333331
2015-03-17,GLD,0
2015-03-17,XLB,0
2015-03-17,XLE,0
2015-03-17,XLF,0
2015-03-17,XLI,0
2015-03-17,XLK,0
2015-03-17,XLP,0.33333333333333331
2015-03-17,XLU,0
2015-03-17,XLV,0.33333333333333331
2015-03-17,XLY,0.33333333333333331
2015-03-18,GLD,0
2015-03-18,XLB,0
2015-03-18,XLE,0
2015-03-18,XLF,0
2015-03-18,XLI,0
2015-03-18,XLK,0
2015-03-18,XLP,0.33333333333333331
2015-03-18,XLU,0
2015-03-18,XLV,0.33333333333333331
2015-03-18,XLY,0.33333333333333331
2015-03-19,GLD,0
2015-03-19,XLB,0
2015-03-19,XLE,0
2015-03-19,XLF,0
2015-03-19,XLI,0
2015-03-19,XLK,0
2015-03-19,XLP,0.33333333333333331
2015-03-19,XLU,0
2015-03-19,XLV,0.33333333333333331
2015-03-19,XLY,0.33333333333333331
2015-03-20,GLD,0
2015-03-20,XLB,0
2015-03-20,XLE,0
2015-03-20,XLF,0
2015-03-20,XLI,0
2015-03-20,XLK,0
2015-03-20,XLP,0.33333333333333331
2015-03-20,XLU,0
2015-03-20,XLV,0.33333333333333331
2015-03-20,XLY,0.33333333333333331
2015-03-23,GLD,0
2015-03-23,XLB,0
2015-03-23,XLE,0
2015-03-23,XLF,0
2015-03-23,XLI,0
2015-03-23,XLK,0
2015-03-23,XLP,0.33333333333333331
2015-03-23,XLU,0
2015-03-23,XLV,0.33333333333333331
2015-03-23,XLY,0.33333333333333331
2015-03-24,GLD,0
2015-03-24,XLB,0
2015-03-24,XLE,0
2015-03-24,XLF,0
2015-03-24,XLI,0
2015-03-24,XLK,0
2015-03-24,XLP,0.33333333333333331
2015-03-24,XLU,0
2015-03-24,XLV,0.33333333333333331
2015-03-24,XLY,0.33333333333333331
2015-03-25,GLD,0
2015-03-25,XLB,0
2015-03-25,XLE,0
2015-03-25,XLF,0
2015-03-25,XLI,0
2015-03-25,XLK,0
2015-03-25,XLP,0.33333333333333331
2015-03-25,XLU,0
2015-03-25,XLV,0.33333333333333331
2015-03-25,XLY,0.33333333333333331
2015-03-26,GLD,0
2015-03-26,XLB,0
2015-03-26,XLE,0
2015-03-26,XLF,0
2015-03-26,XLI,0
2015-03-26,XLK,0
2015-03-26,XLP,0.33333333333333331
2015-03-26,XLU,0
2015-03-26,XLV,0.33333333333333331
2015-03-26,XLY,0.33333333333333331
2015-03-27,GLD,0
2015-03-27,XLB,0
2015-03-27,XLE,0
2015-03-27,XLF,0
2015-03-27,XLI,0
2015-03-27,XLK,0
2015-03-27,XLP,0.33333333333333331
2015-03-27,XLU,0
2015-03-27,XLV,0.33333333333333331
2015-03-27,XLY,0.33333333333333331
2015-03-30,GLD,0
2015-03-30,XLB,0
2015-03-30,XLE,0
2015-03-30,XLF,0
2015-03-30,XLI,0
2015-03-30,XLK,0
2015-03-30,XLP,0.33333333333333331
2015-03-30,XLU,0
2015-03-30,XLV,0.33333333333333331
2015-03-30,XLY,0.33333333333333331
2015-03-31,GLD,0
2015-03-31,XLB,0
2015-03-31,XLE,0
2015-03-31,XLF,0
2015-03-31,XLI,0
2015-03-31,XLK,0
2015-03-31,XLP,0.33333333333333331
2015-03-31,XLU,0
2015-03-31,XLV,0.33333333333333331
2015-03-31,XLY,0.33333333333333331
2015-04-01,GLD,0
2015-04-01,XLB,0
2015-04-01,XLE,0
2015-04-01,XLF,0
2015-04-01,XLI,0
2015-04-01,XLK,0
2015-04-01,XLP,0.33333333333333331
2015-04-01,XLU,0
2015-04-01,XLV,0.33333333333333331
2015-04-01,XLY,0.33333333333333331
2015-04-02,GLD,0
2015-04-02,XLB,0
2015-04-02,XLE,0
2015-04-02,XLF,0
2015-04-02,XLI,0
2015-04-02,XLK,0
2015-04-02,XLP,0.33333333333333331
2015-04-02,XLU,0
2015-04-02,XLV,0.33333333333333331
2015-04-02,XLY,0.33333333333333331
2015-04-06,GLD,0
2015-04-06,XLB,0
2015-04-06,XLE,0
2015-04-06,XLF,0
2015-04-06,XLI,0
2015-04-06,XLK,0
2015-04-06,XLP,0.33333333333333331
2015-04-06,XLU,0
2015-04-06,XLV,0.33333333333333331
2015-04-06,XLY,0.33333333333333331
2015-04-07,GLD,0
2015-04-07,XLB,0
2015-04-07,XLE,0
2015-04-07,XLF,0
2015-04-07,XLI,0
2015-04-07,XLK,0
2015-04-07,XLP,0.33333333333333331
2015-04-07,XLU,0
2015-04-07,XLV,0.33333333333333331
2015-04-07,XLY,0.33333333333333331
2015-04-08,GLD,0
2015-04-08,XLB,0
2015-04-08,XLE,0
2015-04-08,XLF,0
2015-04-08,XLI,0
2015-04-08,XLK,0
2015-04-08,XLP,0.33333333333333331
2015-04-08,XLU,0
2015-04-08,XLV,0.33333333333333331
2015-04-08,XLY,0.33333333333333331
2015-04-09,GLD,0
2015-04-09,XLB,0
2015-04-09,XLE,0
2015-04-09,XLF,0
2015-04-09,XLI,0
2015-04-09,XLK,0
2015-04-09,XLP,0.33333333333333331
2015-04-09,XLU,0
2015-04-09,XLV,0.33333333333333331
2015-04-09,XLY,0.33333333333333331
2015-04-10,GLD,0
2015-04-10,XLB,0
2015-04-10,XLE,0
2015-04-10,XLF,0
2015-04-10,XLI,0
2015-04-10,XLK,0
2015-04-10,XLP,0.33333333333333331
2015-04-10,XLU,0
2015-04-10,XLV,0.33333333333333331
2015-04-10,XLY,0.33333333333333331
2015-04-13,GLD,0
2015-04-13,XLB,0
2015-04-13,XLE,0
2015-04-13,XLF,0
2015-04-13,XLI,0
2015-04-13,XLK,0
2015-04-13,XLP,0.33333333333333331
2015-04-13,XLU,0
2015-04-13,XLV,0.33333333333333331
2015-04-13,XLY,0.33333333333333331
2015-04-14,GLD,0
2015-04-14,XLB,0
2015-04-14,XLE,0
2015-04-14,XLF,0
2015-04-14,XLI,0
2015-04-14,XLK,0
2015-04-14,XLP,0.33333333333333331
2015-04-14,XLU,0
2015-04-14,XLV,0.33333333333333331
2015-04-14,XLY,0.33333333333333331
2015-04-15,GLD,0
2015-04-15,XLB,0
2015-04-15,XLE,0
2015-04-15,XLF,0
2015-04-15,XLI,0
2015-04-15,XLK,0
2015-04-15,XLP,0.33333333333333331
2015-04-15,XLU,0
2015-04-15,XLV,0.33333333333333331
2015-04-15,XLY,0.33333333333333331
2015-04-16,GLD,0
2015-04-16,XLB,0
2015-04-16,XLE,0
2015-04-16,XLF,0
2015-04-16,XLI,0
2015-04-16,XLK,0
2015-04-16,XLP,0.33333333333333331
2015-04-16,XLU,0
2015-04-16,XLV,0.33333333333333331
2015-04-16,XLY,0.33333333333333331
2015-04-17,GLD,0
2015-04-17,XLB,0
2015-04-17,XLE,0
2015-04-17,XLF,0
2015-04-17,XLI,0
2015-04-17,XLK,0
2015-04-17,XLP,0.33333333333333331
2015-04-17,XLU,0
2015-04-17,XLV,0.33333333333333331
2015-04-17,XLY,0.33333333333333331
2015-04-20,GLD,0
2015-04-20,XLB,0
2015-04-20,XLE,0
2015-04-20,XLF,0
2015-04-20,XLI,0
2015-04-20,XLK,0
2015-04-20,XLP,0.33333333333333331
2015-04-20,XLU,0
2015-04-20,XLV,0.33333333333333331
2015-04-20,XLY,0.33333333333333331
2015-04-21,GLD,0
2015-04-21,XLB,0
2015-04-21,XLE,0
2015-04-21,XLF,0
2015-04-21,XLI,0
2015-04-21,XLK,0
2015-04-21,XLP,0.33333333333333331
2015-04-21,XLU,0
2015-04-21,XLV,0.33333333333333331
2015-04-21,XLY,0.33333333333333331
2015-04-22,GLD,0
2015-04-22,XLB,0
2015-04-22,XLE,0
2015-04-22,XLF,0
2015-04-22,XLI,0
2015-04-22,XLK,0
2015-04-22,XLP,0.33333333333333331
2015-04-22,XLU,0
2015-04-22,XLV,0.33333333333333331
2015-04-22,XLY,0.33333333333333331
2015-04-23,GLD,0
2015-04-23,XLB,0
2015-04-23,XLE,0
2015-04-23,XLF,0
2015-04-23,XLI,0
2015-04-23,XLK,0
2015-04-23,XLP,0.33333333333333331
2015-04-23,XLU,0
2015-04-23,XLV,0.33333333333333331
2015-04-23,XLY,0.33333333333333331
2015-04-24,GLD,0
2015-04-24,XLB,0
2015-04-24,XLE,0
2015-04-24,XLF,0
2015-04-24,XLI,0
2015-04-24,XLK,0
2015-04-24,XLP,0.33333333333333331
2015-04-24,XLU,0
2015-04-24,XLV,0.33333333333333331
2015-04-24,XLY,0.33333333333333331
2015-04-27,GLD,0
2015-04-27,XLB,0
2015-04-27,XLE,0
2015-04-27,XLF,0
2015-04-27,XLI,0
2015-04-27,XLK,0
2015-04-27,XLP,0.33333333333333331
2015-04-27,XLU,0
2015-04-27,XLV,0.33333333333333331
2015-04-27,XLY,0.33333333333333331
2015-04-28,GLD,0
2015-04-28,XLB,0
2015-04-28,XLE,0
2015-04-28,XLF,0
2015-04-28,XLI,0
2015-04-28,XLK,0
2015-04-28,XLP,0.33333333333333331
2015-04-28,XLU,0
2015-04-28,XLV,0.33333333333333331
2015-04-28,XLY,0.33333333333333331
2015-04-29,GLD,0
2015-04-29,XLB,0
2015-04-29,XLE,0
2015-04-29,XLF,0
2015-04-29,XLI,0
2015-04-29,XLK,0
2015-04-29,XLP,0.33333333333333331
2015-04-29,XLU,0
2015-04-29,XLV,0.33333333333333331
2015-04-29,XLY,0.33333333333333331
2015-04-30,GLD,0
2015-04-30,XLB,0
2015-04-30,XLE,0
2015-04-30,XLF,0
2015-04-30,XLI,0
2015-04-30,XLK,0
2015-04-30,XLP,0.33333333333333331
2015-04-30,XLU,0
2015-04-30,XLV,0.33333333333333331
2015-04-30,XLY,0.33333333333333331
2015-05-01,GLD,0
2015-05-01,XLB,0
2015-05-01,XLE,0
2015-05-01,XLF,0
2015-05-01,XLI,0
2015-05-01,XLK,0
2015-05-01,XLP,0.33333333333333331
2015-05-01,XLU,0
2015-05-01,XLV,0.33333333333333331
2015-05-01,XLY,0.33333333333333331
2015-05-04,GLD,0
2015-05-04,XLB,0
2015-05-04,XLE,0
2015-05-04,XLF,0
2015-05-04,XLI,0
2015-05-04,XLK,0.33333333333333331
2015-05-04,XLP,0
2015-05-04,XLU,0
2015-05-04,XLV,0.33333333333333331
2015-05-04,XLY,0.33333333333333331
2015-05-05,GLD,0
2015-05-05,XLB,0
2015-05-05,XLE,0
2015-05-05,XLF,0
2015-05-05,XLI,0
2015-05-05,XLK,0.33333333333333331
2015-05-05,XLP,0
2015-05-05,XLU,0
2015-05-05,XLV,0.33333333333333331
2015-05-05,XLY,0.33333333333333331
2015-05-06,GLD,0
2015-05-06,XLB,0
2015-05-06,XLE,0
2015-05-06,XLF,0
2015-05-06,XLI,0
2015-05-06,XLK,0.33333333333333331
2015-05-06,XLP,0
2015-05-06,XLU,0
2015-05-06,XLV,0.33333333333333331
2015-05-06,XLY,0.33333333333333331
2015-05-07,GLD,0
2015-05-07,XLB,0
2015-05-07,XLE,0
2015-05-07,XLF,0
2015-05-07,XLI,0
2015-05-07,XLK,0.33333333333333331
2015-05-07,XLP,0
2015-05-07,XLU,0
2015-05-07,XLV,0.33333333333333331
2015-05-07,XLY,0.33333333333333331
2015-05-08,GLD,0
2015-05-08,XLB,0
2015-05-08,XLE,0
2015-05-08,XLF,0
2015-05-08,XLI,0
2015-05-08,XLK,0.33333333333333331
2015-05-08,XLP,0
2015-05-08,XLU,0
2015-05-08,XLV,0.33333333333333331
2015-05-08,XLY,0.33333333333333331
2015-05-11,GLD,0
2015-05-11,XLB,0
2015-05-11,XLE,0
2015-05-11,XLF,0
2015-05-11,XLI,0
2015-05-11,XLK,0.33333333333333331
2015-05-11,XLP,0
2015-05-11,XLU,0
2015-05-11,XLV,0.33333333333333331
2015-05-11,XLY,0.33333333333333331
2015-05-12,GLD,0
2015-05-12,XLB,0
2015-05-12,XLE,0
2015-05-12,XLF,0
2015-05-12,XLI,0
2015-05-12,XLK,0.33333333333333331
2015-05-12,XLP,0
2015-05-12,XLU,0
2015-05-12,XLV,0.33333333333333331
2015-05-12,XLY,0.33333333333333331
2015-05-13,GLD,0
2015-05-13,XLB,0
2015-05-13,XLE,0
2015-05-13,XLF,0
2015-05-13,XLI,0
2015-05-13,XLK,0.33333333333333331
2015-05-13,XLP,0
2015-05-13,XLU,0
2015-05-13,XLV,0.33333333333333331
2015-05-13,XLY,0.33333333333333331
2015-05-14,GLD,0
2015-05-14,XLB,0
2015-05-14,XLE,0
2015-05-14,XLF,0
2015-05-14,XLI,0
2015-05-14,XLK,0.33333333333333331
2015-05-14,XLP,0
2015-05-14,XLU,0
2015-05-14,XLV,0.33333333333333331
2015-05-14,XLY,0.33333333333333331
2015-05-15,GLD,0
2015-05-15,XLB,0
2015-05-15,XLE,0
2015-05-15,XLF,0
2015-05-15,XLI,0
2015-05-15,XLK,0.33333333333333331
2015-05-15,XLP,0
2015-05-15,XLU,0
2015-05-15,XLV,0.33333333333333331
2015-05-15,XLY,0.33333333333333331
2015-05-18,GLD,0
2015-05-18,XLB,0
2015-05-18,XLE,0
2015-05-18,XLF,0
2015-05-18,XLI,0
2015-05-18,XLK,0.33333333333333331
2015-05-18,XLP,0
2015-05-18,XLU,0
2015-05-18,XLV,0.33333333333333331
2015-05-18,XLY,0.33333333333333331
2015-05-19,GLD,0
2015-05-19,XLB,0
2015-05-19,XLE,0
2015-05-19,XLF,0
2015-05-19,XLI,0
2015-05-19,XLK,0.33333333333333331
2015-05-19,XLP,0
2015-05-19,XLU,0
2015-05-19,XLV,0.33333333333333331
2015-05-19,XLY,0.33333333333333331
2015-05-20,GLD,0
2015-05-20,XLB,0
2015-05-20,XLE,0
2015-05-20,XLF,0
2015-05-20,XLI,0
2015-05-20,XLK,0.33333333333333331
2015-05-20,XLP,0
2015-05-20,XLU,0
2015-05-20,XLV,0.33333333333333331
2015-05-20,XLY,0.33333333333333331
2015-05-21,GLD,0
2015-05-21,XLB,0
2015-05-21,XLE,0
2015-05-21,XLF,0
2015-05-21,XLI,0
2015-05-21,XLK,0.33333333333333331
2015-05-21,XLP,0
2015-05-21,XLU,0
2015-05-21,XLV,0.33333333333333331
2015-05-21,XLY,0.33333333333333331
2015-05-22,GLD,0
2015-05-22,XLB,0
2015-05-22,XLE,0
2015-05-22,XLF,0
2015-05-22,XLI,0
2015-05-22,XLK,0.33333333333333331
2015-05-22,XLP,0
2015-05-22,XLU,0
2015-05-22,XLV,0.33333333333333331
2015-05-22,XLY,0.33333333333333331
2015-05-26,GLD,0
2015-05-26,XLB,0
2015-05-26,XLE,0
2015-05-26,XLF,0
2015-05-26,XLI,0
2015-05-26,XLK,0.33333333333333331
2015-05-26,XLP,0
2015-05-26,XLU,0
2015-05-26,XLV,0.33333333333333331
2015-05-26,XLY,0.33333333333333331
2015-05-27,GLD,0
2015-05-27,XLB,0
2015-05-27,XLE,0
2015-05-27,XLF,0
2015-05-27,XLI,0
2015-05-27,XLK,0.33333333333333331
2015-05-27,XLP,0
2015-05-27,XLU,0
2015-05-27,XLV,0.33333333333333331
2015-05-27,XLY,0.33333333333333331
2015-05-28,GLD,0
2015-05-28,XLB,0
2015-05-28,XLE,0
2015-05-28,XLF,0
2015-05-28,XLI,0
2015-05-28,XLK,0.33333333333333331
2015-05-28,XLP,0
2015-05-28,XLU,0
2015-05-28,XLV,0.33333333333333331
2015-05-28,XLY,0.33333333333333331
2015-05-29,GLD,0
2015-05-29,XLB,0
2015-05-29,XLE,0
2015-05-29,XLF,0
2015-05-29,XLI,0
2015-05-29,XLK,0.33333333333333331
2015-05-29,XLP,0
2015-05-29,XLU,0
2015-05-29,XLV,0.33333333333333331
2015-05-29,XLY,0.33333333333333331
2015-06-01,GLD,0
2015-06-01,XLB,0
2015-06-01,XLE,0
2015-06-01,XLF,0
2015-06-01,XLI,0
2015-06-01,XLK,0.33333333333333331
2015-06-01,XLP,0
2015-06-01,XLU,0
2015-06-01,XLV,0.33333333333333331
2015-06-01,XLY,0.33333333333333331
2015-06-02,GLD,0
2015-06-02,XLB,0
2015-06-02,XLE,0
2015-06-02,XLF,0
2015-06-02,XLI,0
2015-06-02,XLK,0.33333333333333331
2015-06-02,XLP,0
2015-06-02,XLU,0
2015-06-02,XLV,0.33333333333333331
2015-06-02,XLY,0.33333333333333331
2015-06-03,GLD,0
2015-06-03,XLB,0.33333333333333331
2015-06-03,XLE,0
2015-06-03,XLF,0
2015-06-03,XLI,0
2015-06-03,XLK,0
2015-06-03,XLP,0
2015-06-03,XLU,0
2015-06-03,XLV,0.33333333333333331
2015-06-03,XLY,0.33333333333333331
2015-06-04,GLD,0
2015-06-04,XLB,0.33333333333333331
2015-06-04,XLE,0
2015-06-04,XLF,0
2015-06-04,XLI,0
2015-06-04,XLK,0
2015-06-04,XLP,0
2015-06-04,XLU,0
2015-06-04,XLV,0.33333333333333331
2015-06-04,XLY,0.33333333333333331
2015-06-05,GLD,0
2015-06-05,XLB,0.33333333333333331
2015-06-05,XLE,0
2015-06-05,XLF,0
2015-06-05,XLI,0
2015-06-05,XLK,0
2015-06-05,XLP,0
2015-06-05,XLU,0
2015-06-05,XLV,0.33333333333333331
2015-06-05,XLY,0.33333333333333331
2015-06-08,GLD,0
2015-06-08,XLB,0.33333333333333331
2015-06-08,XLE,0
2015-06-08,XLF,0
2015-06-08,XLI,0
2015-06-08,XLK,0
2015-06-08,XLP,0
2015-06-08,XLU,0
2015-06-08,XLV,0.33333333333333331
2015-06-08,XLY,0.33333333333333331
2015-06-09,GLD,0
2015-06-09,XLB,0.33333333333333331
2015-06-09,XLE,0
2015-06-09,XLF,0
2015-06-09,XLI,0
2015-06-09,XLK,0
2015-06-09,XLP,0
2015-06-09,XLU,0
2015-06-09,XLV,0.33333333333333331
2015-06-09,XLY,0.33333333333333331
2015-06-10,GLD,0
2015-06-10,XLB,0.33333333333333331
2015-06-10,XLE,0
2015-06-10,XLF,0
2015-06-10,XLI,0
2015-06-10,XLK,0
2015-06-10,XLP,0
2015-06-10,XLU,0
2015-06-10,XLV,0.33333333333333331
2015-06-10,XLY,0.33333333333333331
2015-06-11,GLD,0
2015-06-11,XLB,0.33333333333333331
2015-06-11,XLE,0
2015-06-11,XLF,0
2015-06-11,XLI,0
2015-06-11,XLK,0
2015-06-11,XLP,0
2015-06-11,XLU,0
2015-06-11,XLV,0.33333333333333331
2015-06-11,XLY,0.33333333333333331
2015-06-12,GLD,0
2015-06-12,XLB,0.33333333333333331
2015-06-12,XLE,0
2015-06-12,XLF,0
2015-06-12,XLI,0
2015-06-12,XLK,0
2015-06-12,XLP,0
2015-06-12,XLU,0
2015-06-12,XLV,0.33333333333333331
2015-06-12,XLY,0.33333333333333331
2015-06-15,GLD,0
2015-06-15,XLB,0.33333333333333331
2015-06-15,XLE,0
2015-06-15,XLF,0
2015-06-15,XLI,0
2015-06-15,XLK,0
2015-06-15,XLP,0
2015-06-15,XLU,0
2015-06-15,XLV,0.33333333333333331
2015-06-15,XLY,0.33333333333333331
2015-06-16,GLD,0
2015-06-16,XLB,0.33333333333333331
2015-06-16,XLE,0
2015-06-16,XLF,0
2015-06-16,XLI,0
2015-06-16,XLK,0
2015-06-16,XLP,0
2015-06-16,XLU,0
2015-06-16,XLV,0.33333333333333331
2015-06-16,XLY,0.33333333333333331
2015-06-17,GLD,0
2015-06-17,XLB,0.33333333333333331
2015-06-17,XLE,0
2015-06-17,XLF,0
2015-06-17,XLI,0
2015-06-17,XLK,0
2015-06-17,XLP,0
2015-06-17,XLU,0
2015-06-17,XLV,0.33333333333333331
2015-06-17,XLY,0.33333333333333331
2015-06-18,GLD,0
2015-06-18,XLB,0.33333333333333331
2015-06-18,XLE,0
2015-06-18,XLF,0
2015-06-18,XLI,0
2015-06-18,XLK,0
2015-06-18,XLP,0
2015-06-18,XLU,0
2015-06-18,XLV,0.33333333333333331
2015-06-18,XLY,0.33333333333333331
2015-06-19,GLD,0
2015-06-19,XLB,0.33333333333333331
2015-06-19,XLE,0
2015-06-19,XLF,0
2015-06-19,XLI,0
2015-06-19,XLK,0
2015-06-19,XLP,0
2015-06-19,XLU,0
2015-06-19,XLV,0.33333333333333331
2015-06-19,XLY,0.33333333333333331
2015-06-22,GLD,0
2015-06-22,XLB,0.33333333333333331
2015-06-22,XLE,0
2015-06-22,XLF,0
2015-06-22,XLI,0
2015-06-22,XLK,0
2015-06-22,XLP,0
2015-06-22,XLU,0
2015-06-22,XLV,0.33333333333333331
2015-06-22,XLY,0.33333333333333331
2015-06-23,GLD,0
2015-06-23,XLB,0.33333333333333331
2015-06-23,XLE,0
2015-06-23,XLF,0
2015-06-23,XLI,0
2015-06-23,XLK,0
2015-06-23,XLP,0
2015-06-23,XLU,0
2015-06-23,XLV,0.33333333333333331
2015-06-23,XLY,0.33333333333333331
2015-06-24,GLD,0
2015-06-24,XLB,0.33333333333333331
2015-06-24,XLE,0
2015-06-24,XLF,0
2015-06-24,XLI,0
2015-06-24,XLK,0
2015-06-24,XLP,0
2015-06-24,XLU,0
2015-06-24,XLV,0.33333333333333331
2015-06-24,XLY,0.33333333333333331
2015-06-25,GLD,0
2015-06-25,XLB,0.33333333333333331
2015-06-25,XLE,0
2015-06-25,XLF,0
2015-06-25,XLI,0
2015-06-25,XLK,0
2015-06-25,XLP,0
2015-06-25,XLU,0
2015-06-25,XLV,0.33333333333333331
2015-06-25,XLY,0.33333333333333331
2015-06-26,GLD,0
2015-06-26,XLB,0.33333333333333331
2015-06-26,XLE,0
2015-06-26,XLF,0
2015-06-26,XLI,0
2015-06-26,XLK,0
2015-06-26,XLP,0
2015-06-26,XLU,0
2015-06-26,XLV,0.33333333333333331
2015-06-26,XLY,0.33333333333333331
2015-06-29,GLD,0
2015-06-29,XLB,0.33333333333333331
2015-06-29,XLE,0
2015-06-29,XLF,0
2015-06-29,XLI,0
2015-06-29,XLK,0
2015-06-29,XLP,0
2015-06-29,XLU,0
2015-06-29,XLV,0.33333333333333331
2015-06-29,XLY,0.33333333333333331
2015-06-30,GLD,0
2015-06-30,XLB,0.33333333333333331
2015-06-30,XLE,0
2015-06-30,XLF,0
2015-06-30,XLI,0
2015-06-30,XLK,0
2015-06-30,XLP,0
2015-06-30,XLU,0
2015-06-30,XLV,0.33333333333333331
2015-06-30,XLY,0.33333333333333331
2015-07-01,GLD,0
2015-07-01,XLB,0.33333333333333331
2015-07-01,XLE,0
2015-07-01,XLF,0
2015-07-01,XLI,0
2015-07-01,XLK,0
2015-07-01,XLP,0
2015-07-01,XLU,0
2015-07-01,XLV,0.33333333333333331
2015-07-01,XLY,0.33333333333333331
2015-07-02,GLD,0
2015-07-02,XLB,0
2015-07-02,XLE,0
2015-07-02,XLF,0
2015-07-02,XLI,0
2015-07-02,XLK,0.33333333333333331
2015-07-02,XLP,0
2015-07-02,XLU,0
2015-07-02,XLV,0.33333333333333331
2015-07-02,XLY,0.33333333333333331
2015-07-06,GLD,0
2015-07-06,XLB,0
2015-07-06,XLE,0
2015-07-06,XLF,0
2015-07-06,XLI,0
2015-07-06,XLK,0.33333333333333331
2015-07-06,XLP,0
2015-07-06,XLU,0
2015-07-06,XLV,0.33333333333333331
2015-07-06,XLY,0.33333333333333331
2015-07-07,GLD,0
2015-07-07,XLB,0
2015-07-07,XLE,0
2015-07-07,XLF,0
2015-07-07,XLI,0
2015-07-07,XLK,0.33333333333333331
2015-07-07,XLP,0
2015-07-07,XLU,0
2015-07-07,XLV,0.33333333333333331
2015-07-07,XLY,0.33333333333333331
2015-07-08,GLD,0
2015-07-08,XLB,0
2015-07-08,XLE,0
2015-07-08,XLF,0
2015-07-08,XLI,0
2015-07-08,XLK,0.33333333333333331
2015-07-08,XLP,0
2015-07-08,XLU,0
2015-07-08,XLV,0.33333333333333331
2015-07-08,XLY,0.33333333333333331
2015-07-09,GLD,0
2015-07-09,XLB,0
2015-07-09,XLE,0
2015-07-09,XLF,0
2015-07-09,XLI,0
2015-07-09,XLK,0.33333333333333331
2015-07-09,XLP,0
2015-07-09,XLU,0
2015-07-09,XLV,0.33333333333333331
2015-07-09,XLY,0.33333333333333331
2015-07-10,GLD,0
2015-07-10,XLB,0
2015-07-10,XLE,0
2015-07-10,XLF,0
2015-07-10,XLI,0
2015-07-10,XLK,0.33333333333333331
2015-07-10,XLP,0
2015-07-10,XLU,0
2015-07-10,XLV,0.33333333333333331
2015-07-10,XLY,0.33333333333333331
2015-07-13,GLD,0
2015-07-13,XLB,0
2015-07-13,XLE,0
2015-07-13,XLF,0
2015-07-13,XLI,0
2015-07-13,XLK,0.33333333333333331
2015-07-13,XLP,0
2015-07-13,XLU,0
2015-07-13,XLV,0.33333333333333331
2015-07-13,XLY,0.33333333333333331
2015-07-14,GLD,0
2015-07-14,XLB,0
2015-07-14,XLE,0
2015-07-14,XLF,0
2015-07-14,XLI,0
2015-07-14,XLK,0.33333333333333331
2015-07-14,XLP,0
2015-07-14,XLU,0
2015-07-14,XLV,0.33333333333333331
2015-07-14,XLY,0.33333333333333331
2015-07-15,GLD,0
2015-07-15,XLB,0
2015-07-15,XLE,0
2015-07-15,XLF,0
2015-07-15,XLI,0
2015-07-15,XLK,0.33333333333333331
2015-07-15,XLP,0
2015-07-15,XLU,0
2015-07-15,XLV,0.33333333333333331
2015-07-15,XLY,0.33333333333333331
2015-07-16,GLD,0
2015-07-16,XLB,0
2015-07-16,XLE,0
2015-07-16,XLF,0
2015-07-16,XLI,0
2015-07-16,XLK,0.33333333333333331
2015-07-16,XLP,0
2015-07-16,XLU,0
2015-07-16,XLV,0.33333333333333331
2015-07-16,XLY,0.33333333333333331
2015-07-17,GLD,0
2015-07-17,XLB,0
2015-07-17,XLE,0
2015-07-17,XLF,0
2015-07-17,XLI,0
2015-07-17,XLK,0.33333333333333331
2015-07-17,XLP,0
2015-07-17,XLU,0
2015-07-17,XLV,0.33333333333333331
2015-07-17,XLY,0.33333333333333331
2015-07-20,GLD,0
2015-07-20,XLB,0
2015-07-20,XLE,0
2015-07-20,XLF,0
2015-07-20,XLI,0
2015-07-20,XLK,0.33333333333333331
2015-07-20,XLP,0
2015-07-20,XLU,0
2015-07-20,XLV,0.33333333333333331
2015-07-20,XLY,0.33333333333333331
2015-07-21,GLD,0
2015-07-21,XLB,0
2015-07-21,XLE,0
2015-07-21,XLF,0
2015-07-21,XLI,0
2015-07-21,XLK,0.33333333333333331
2015-07-21,XLP,0
2015-07-21,XLU,0
2015-07-21,XLV,0.33333333333333331
2015-07-21,XLY,0.33333333333333331
2015-07-22,GLD,0
2015-07-22,XLB,0
2015-07-22,XLE,0
2015-07-22,XLF,0
2015-07-22,XLI,0
2015-07-22,XLK,0.33333333333333331
2015-07-22,XLP,0
2015-07-22,XLU,0
2015-07-22,XLV,0.33333333333333331
2015-07-22,XLY,0.33333333333333331
2015-07-23,GLD,0
2015-07-23,XLB,0
2015-07-23,XLE,0
2015-07-23,XLF,0
2015-07-23,XLI,0
2015-07-23,XLK,0.33333333333333331
2015-07-23,XLP,0
2015-07-23,XLU,0
2015-07-23,XLV,0.33333333333333331
2015-07-23,XLY,0.33333333333333331
2015-07-24,GLD,0
2015-07-24,XLB,0
2015-07-24,XLE,0
2015-07-24,XLF,0
2015-07-24,XLI,0
2015-07-24,XLK,0.33333333333333331
2015-07-24,XLP,0
2015-07-24,XLU,0
2015-07-24,XLV,0.33333333333333331
2015-07-24,XLY,0.33333333333333331
2015-07-27,GLD,0
2015-07-27,XLB,0
2015-07-27,XLE,0
2015-07-27,XLF,0
2015-07-27,XLI,0
2015-07-27,XLK,0.33333333333333331
2015-07-27,XLP,0
2015-07-27,XLU,0
2015-07-27,XLV,0.33333333333333331
2015-07-27,XLY,0.33333333333333331
2015-07-28,GLD,0
2015-07-28,XLB,0
2015-07-28,XLE,0
2015-07-28,XLF,0
2015-07-28,XLI,0
2015-07-28,XLK,0.33333333333333331
2015-07-28,XLP,0
2015-07-28,XLU,0
2015-07-28,XLV,0.33333333333333331
2015-07-28,XLY,0.33333333333333331
2015-07-29,GLD,0
2015-07-29,XLB,0
2015-07-29,XLE,0
2015-07-29,XLF,0
2015-07-29,XLI,0
2015-07-29,XLK,0.33333333333333331
2015-07-29,XLP,0
2015-07-29,XLU,0
2015-07-29,XLV,0.33333333333333331
2015-07-29,XLY,0.33333333333333331
2015-07-30,GLD,0
2015-07-30,XLB,0
2015-07-30,XLE,0
2015-07-30,XLF,0
2015-07-30,XLI,0
2015-07-30,XLK,0.33333333333333331
2015-07-30,XLP,0
2015-07-30,XLU,0
2015-07-30,XLV,0.33333333333333331
2015-07-30,XLY,0.33333333333333331
2015-07-31,GLD,0
2015-07-31,XLB,0
2015-07-31,XLE,0
2015-07-31,XLF,0
2015-07-31,XLI,0
2015-07-31,XLK,0.33333333333333331
2015-07-31,XLP,0
2015-07-31,XLU,0
2015-07-31,XLV,0.33333333333333331
2015-07-31,XLY,0.33333333333333331
2015-08-03,GLD,0
2015-08-03,XLB,0
2015-08-03,XLE,0
2015-08-03,XLF,0.33333333333333331
2015-08-03,XLI,0
2015-08-03,XLK,0
2015-08-03,XLP,0
2015-08-03,XLU,0
2015-08-03,XLV,0.33333333333333331
2015-08-03,XLY,0.33333333333333331
2015-08-04,GLD,0
2015-08-04,XLB,0
2015-08-04,XLE,0
2015-08-04,XLF,0.33333333333333331
2015-08-04,XLI,0
2015-08-04,XLK,0
2015-08-04,XLP,0
2015-08-04,XLU,0
2015-08-04,XLV,0.33333333333333331
2015-08-04,XLY,0.33333333333333331
2015-08-05,GLD,0
2015-08-05,XLB,0
2015-08-05,XLE,0
2015-08-05,XLF,0.33333333333333331
2015-08-05,XLI,0
2015-08-05,XLK,0
2015-08-05,XLP,0
2015-08-05,XLU,0
2015-08-05,XLV,0.33333333333333331
2015-08-05,XLY,0.33333333333333331
2015-08-06,GLD,0
2015-08-06,XLB,0
2015-08-06,XLE,0
2015-08-06,XLF,0.33333333333333331
2015-08-06,XLI,0
2015-08-06,XLK,0
2015-08-06,XLP,0
2015-08-06,XLU,0
2015-08-06,XLV,0.33333333333333331
2015-08-06,XLY,0.33333333333333331
2015-08-07,GLD,0
2015-08-07,XLB,0
2015-08-07,XLE,0
2015-08-07,XLF,0.33333333333333331
2015-08-07,XLI,0
2015-08-07,XLK,0
2015-08-07,XLP,0
2015-08-07,XLU,0
2015-08-07,XLV,0.33333333333333331
2015-08-07,XLY,0.33333333333333331
2015-08-10,GLD,0
2015-08-10,XLB,0
2015-08-10,XLE,0
2015-08-10,XLF,0.33333333333333331
2015-08-10,XLI,0
2015-08-10,XLK,0
2015-08-10,XLP,0
2015-08-10,XLU,0
2015-08-10,XLV,0.33333333333333331
2015-08-10,XLY,0.33333333333333331
2015-08-11,GLD,0
2015-08-11,XLB,0
2015-08-11,XLE,0
2015-08-11,XLF,0.33333333333333331
2015-08-11,XLI,0
2015-08-11,XLK,0
2015-08-11,XLP,0
2015-08-11,XLU,0
2015-08-11,XLV,0.33333333333333331
2015-08-11,XLY,0.33333333333333331
2015-08-12,GLD,0
2015-08-12,XLB,0
2015-08-12,XLE,0
2015-08-12,XLF,0.33333333333333331
2015-08-12,XLI,0
2015-08-12,XLK,0
2015-08-12,XLP,0
2015-08-12,XLU,0
2015-08-12,XLV,0.33333333333333331
2015-08-12,XLY,0.33333333333333331
2015-08-13,GLD,0
2015-08-13,XLB,0
2015-08-13,XLE,0
2015-08-13,XLF,0.33333333333333331
2015-08-13,XLI,0
2015-08-13,XLK,0
2015-08-13,XLP,0
2015-08-13,XLU,0
2015-08-13,XLV,0.33333333333333331
2015-08-13,XLY,0.33333333333333331
2015-08-14,GLD,0
2015-08-14,XLB,0
2015-08-14,XLE,0
2015-08-14,XLF,0.33333333333333331
2015-08-14,XLI,0
2015-08-14,XLK,0
2015-08-14,XLP,0
2015-08-14,XLU,0
2015-08-14,XLV,0.33333333333333331
2015-08-14,XLY,0.33333333333333331
2015-08-17,GLD,0
2015-08-17,XLB,0
2015-08-17,XLE,0
2015-08-17,XLF,0.33333333333333331
2015-08-17,XLI,0
2015-08-17,XLK,0
2015-08-17,XLP,0
2015-08-17,XLU,0
2015-08-17,XLV,0.33333333333333331
2015-08-17,XLY,0.33333333333333331
2015-08-18,GLD,0
2015-08-18,XLB,0
2015-08-18,XLE,0
2015-08-18,XLF,0.33333333333333331
2015-08-18,XLI,0
2015-08-18,XLK,0
2015-08-18,XLP,0
2015-08-18,XLU,0
2015-08-18,XLV,0.33333333333333331
2015-08-18,XLY,0.33333333333333331
2015-08-19,GLD,0
2015-08-19,XLB,0
2015-08-19,XLE,0
2015-08-19,XLF,0.33333333333333331
2015-08-19,XLI,0
2015-08-19,XLK,0
2015-08-19,XLP,0
2015-08-19,XLU,0
2015-08-19,XLV,0.33333333333333331
2015-08-19,XLY,0.33333333333333331
2015-08-20,GLD,0
2015-08-20,XLB,0
2015-08-20,XLE,0
2015-08-20,XLF,0.33333333333333331
2015-08-20,XLI,0
2015-08-20,XLK,0
2015-08-20,XLP,0
2015-08-20,XLU,0
2015-08-20,XLV,0.33333333333333331
2015-08-20,XLY,0.33333333333333331
2015-08-21,GLD,0
2015-08-21,XLB,0
2015-08-21,XLE,0
2015-08-21,XLF,0.33333333333333331
2015-08-21,XLI,0
2015-08-21,XLK,0
2015-08-21,XLP,0
2015-08-21,XLU,0
2015-08-21,XLV,0.33333333333333331
2015-08-21,XLY,0.33333333333333331
2015-08-24,GLD,0
2015-08-24,XLB,0
2015-08-24,XLE,0
2015-08-24,XLF,0.33333333333333331
2015-08-24,XLI,0
2015-08-24,XLK,0
2015-08-24,XLP,0
2015-08-24,XLU,0
2015-08-24,XLV,0.33333333333333331
2015-08-24,XLY,0.33333333333333331
2015-08-25,GLD,0
2015-08-25,XLB,0
2015-08-25,XLE,0
2015-08-25,XLF,0.33333333333333331
2015-08-25,XLI,0
2015-08-25,XLK,0
2015-08-25,XLP,0
2015-08-25,XLU,0
2015-08-25,XLV,0.33333333333333331
2015-08-25,XLY,0.33333333333333331
2015-08-26,GLD,0
2015-08-26,XLB,0
2015-08-26,XLE,0
2015-08-26,XLF,0.33333333333333331
2015-08-26,XLI,0
2015-08-26,XLK,0
2015-08-26,XLP,0
2015-08-26,XLU,0
2015-08-26,XLV,0.33333333333333331
2015-08-26,XLY,0.33333333333333331
2015-08-27,GLD,0
2015-08-27,XLB,0
2015-08-27,XLE,0
2015-08-27,XLF,0.33333333333333331
2015-08-27,XLI,0
2015-08-27,XLK,0
2015-08-27,XLP,0
2015-08-27,XLU,0
2015-08-27,XLV,0.33333333333333331
2015-08-27,XLY,0.33333333333333331
2015-08-28,GLD,0
2015-08-28,XLB,0
2015-08-28,XLE,0
2015-08-28,XLF,0.33333333333333331
2015-08-28,XLI,0
2015-08-28,XLK,0
2015-08-28,XLP,0
2015-08-28,XLU,0
2015-08-28,XLV,0.33333333333333331
2015-08-28,XLY,0.33333333333333331
2015-08-31,GLD,0
2015-08-31,XLB,0
2015-08-31,XLE,0
2015-08-31,XLF,0.33333333333333331
2015-08-31,XLI,0
2015-08-31,XLK,0
2015-08-31,XLP,0
2015-08-31,XLU,0
2015-08-31,XLV,0.33333333333333331
2015-08-31,XLY,0.33333333333333331
2015-09-01,GLD,0.33333333333333331
2015-09-01,XLB,0
2015-09-01,XLE,0
2015-09-01,XLF,0
2015-09-01,XLI,0
2015-09-01,XLK,0
2015-09-01,XLP,0
2015-09-01,XLU,0
2015-09-01,XLV,0.33333333333333331
2015-09-01,XLY,0.33333333333333331
2015-09-02,GLD,0.33333333333333331
2015-09-02,XLB,0
2015-09-02,XLE,0
2015-09-02,XLF,0
2015-09-02,XLI,0
2015-09-02,XLK,0
2015-09-02,XLP,0
2015-09-02,XLU,0
2015-09-02,XLV,0.33333333333333331
2015-09-02,XLY,0.33333333333333331
2015-09-03,GLD,0.33333333333333331
2015-09-03,XLB,0
2015-09-03,XLE,0
2015-09-03,XLF,0
2015-09-03,XLI,0
2015-09-03,XLK,0
2015-09-03,XLP,0
2015-09-03,XLU,0
2015-09-03,XLV,0.33333333333333331
2015-09-03,XLY,0.33333333333333331
2015-09-04,GLD,0.33333333333333331
2015-09-04,XLB,0
2015-09-04,XLE,0
2015-09-04,XLF,0
2015-09-04,XLI,0
2015-09-04,XLK,0
2015-09-04,XLP,0
2015-09-04,XLU,0
2015-09-04,XLV,0.33333333333333331
2015-09-04,XLY,0.33333333333333331
2015-09-08,GLD,0.33333333333333331
2015-09-08,XLB,0
2015-09-08,XLE,0
2015-09-08,XLF,0
2015-09-08,XLI,0
2015-09-08,XLK,0
2015-09-08,XLP,0
2015-09-08,XLU,0
2015-09-08,XLV,0.33333333333333331
2015-09-08,XLY,0.33333333333333331
2015-09-09,GLD,0.33333333333333331
2015-09-09,XLB,0
2015-09-09,XLE,0
2015-09-09,XLF,0
2015-09-09,XLI,0
2015-09-09,XLK,0
2015-09-09,XLP,0
2015-09-09,XLU,0
2015-09-09,XLV,0.33333333333333331
2015-09-09,XLY,0.33333333333333331
2015-09-10,GLD,0.33333333333333331
2015-09-10,XLB,0
2015-09-10,XLE,0
2015-09-10,XLF,0
2015-09-10,XLI,0
2015-09-10,XLK,0
2015-09-10,XLP,0
2015-09-10,XLU,0
2015-09-10,XLV,0.33333333333333331
2015-09-10,XLY,0.33333333333333331
2015-09-11,GLD,0.33333333333333331
2015-09-11,XLB,0
2015-09-11,XLE,0
2015-09-11,XLF,0
2015-09-11,XLI,0
2015-09-11,XLK,0
2015-09-11,XLP,0
2015-09-11,XLU,0
2015-09-11,XLV,0.33333333333333331
2015-09-11,XLY,0.33333333333333331
2015-09-14,GLD,0.33333333333333331
2015-09-14,XLB,0
2015-09-14,XLE,0
2015-09-14,XLF,0
2015-09-14,XLI,0
2015-09-14,XLK,0
2015-09-14,XLP,0
2015-09-14,XLU,0
2015-09-14,XLV,0.33333333333333331
2015-09-14,XLY,0.33333333333333331
2015-09-15,GLD,0.33333333333333331
2015-09-15,XLB,0
2015-09-15,XLE,0
2015-09-15,XLF,0
2015-09-15,XLI,0
2015-09-15,XLK,0
2015-09-15,XLP,0
2015-09-15,XLU,0
2015-09-15,XLV,0.33333333333333331
2015-09-15,XLY,0.33333333333333331
2015-09-16,GLD,0.33333333333333331
2015-09-16,XLB,0
2015-09-16,XLE,0
2015-09-16,XLF,0
2015-09-16,XLI,0
2015-09-16,XLK,0
2015-09-16,XLP,0
2015-09-16,XLU,0
2015-09-16,XLV,0.33333333333333331
2015-09-16,XLY,0.33333333333333331
2015-09-17,GLD,0.33333333333333331
2015-09-17,XLB,0
2015-09-17,XLE,0
2015-09-17,XLF,0
2015-09-17,XLI,0
2015-09-17,XLK,0
2015-09-17,XLP,0
2015-09-17,XLU,0
2015-09-17,XLV,0.33333333333333331
2015-09-17,XLY,0.33333333333333331
2015-09-18,GLD,0.33333333333333331
2015-09-18,XLB,0
2015-09-18,XLE,0
2015-09-18,XLF,0
2015-09-18,XLI,0
2015-09-18,XLK,0
2015-09-18,XLP,0
2015-09-18,XLU,0
2015-09-18,XLV,0.33333333333333331
2015-09-18,XLY,0.33333333333333331
2015-09-21,GLD,0.33333333333333331
2015-09-21,XLB,0
2015-09-21,XLE,0
2015-09-21,XLF,0
2015-09-21,XLI,0
2015-09-21,XLK,0
2015-09-21,XLP,0
2015-09-21,XLU,0
2015-09-21,XLV,0.33333333333333331
2015-09-21,XLY,0.33333333333333331
2015-09-22,GLD,0.33333333333333331
2015-09-22,XLB,0
2015-09-22,XLE,0
2015-09-22,XLF,0
2015-09-22,XLI,0
2015-09-22,XLK,0
2015-09-22,XLP,0
2015-09-22,XLU,0
2015-09-22,XLV,0.33333333333333331
2015-09-22,XLY,0.33333333333333331
2015-09-23,GLD,0.33333333333333331
2015-09-23,XLB,0
2015-09-23,XLE,0
2015-09-23,XLF,0
2015-09-23,XLI,0
2015-09-23,XLK,0
2015-09-23,XLP,0
2015-09-23,XLU,0
2015-09-23,XLV,0.33333333333333331
2015-09-23,XLY,0.33333333333333331
2015-09-24,GLD,0.33333333333333331
2015-09-24,XLB,0
2015-09-24,XLE,0
2015-09-24,XLF,0
2015-09-24,XLI,0
2015-09-24,XLK,0
2015-09-24,XLP,0
2015-09-24,XLU,0
2015-09-24,XLV,0.33333333333333331
2015-09-24,XLY,0.33333333333333331
2015-09-25,GLD,0.33333333333333331
2015-09-25,XLB,0
2015-09-25,XLE,0
2015-09-25,XLF,0
2015-09-25,XLI,0
2015-09-25,XLK,0
2015-09-25,XLP,0
2015-09-25,XLU,0
2015-09-25,XLV,0.33333333333333331
2015-09-25,XLY,0.33333333333333331
2015-09-28,GLD,0.33333333333333331
2015-09-28,XLB,0
2015-09-28,XLE,0
2015-09-28,XLF,0
2015-09-28,XLI,0
2015-09-28,XLK,0
2015-09-28,XLP,0
2015-09-28,XLU,0
2015-09-28,XLV,0.33333333333333331
2015-09-28,XLY,0.33333333333333331
2015-09-29,GLD,0.33333333333333331
2015-09-29,XLB,0
2015-09-29,XLE,0
2015-09-29,XLF,0
2015-09-29,XLI,0
2015-09-29,XLK,0
2015-09-29,XLP,0
2015-09-29,XLU,0
2015-09-29,XLV,0.33333333333333331
2015-09-29,XLY,0.33333333333333331
2015-09-30,GLD,0.33333333333333331
2015-09-30,XLB,0
2015-09-30,XLE,0
2015-09-30,XLF,0
2015-09-30,XLI,0
2015-09-30,XLK,0
2015-09-30,XLP,0
2015-09-30,XLU,0
2015-09-30,XLV,0.33333333333333331
2015-09-30,XLY,0.33333333333333331
2015-10-01,GLD,0
2015-10-01,XLB,0
2015-10-01,XLE,0
2015-10-01,XLF,0
2015-10-01,XLI,0
2015-10-01,XLK,0
2015-10-01,XLP,0.33333333333333331
2015-10-01,XLU,0.33333333333333331
2015-10-01,XLV,0
2015-10-01,XLY,0.33333333333333331
2015-10-02,GLD,0
2015-10-02,XLB,0
2015-10-02,XLE,0
2015-10-02,XLF,0
2015-10-02,XLI,0
2015-10-02,XLK,0
2015-10-02,XLP,0.33333333333333331
2015-10-02,XLU,0.33333333333333331
2015-10-02,XLV,0
2015-10-02,XLY,0.33333333333333331
2015-10-05,GLD,0
2015-10-05,XLB,0
2015-10-05,XLE,0
2015-10-05,XLF,0
2015-10-05,XLI,0
2015-10-05,XLK,0
2015-10-05,XLP,0.33333333333333331
2015-10-05,XLU,0.33333333333333331
2015-10-05,XLV,0
2015-10-05,XLY,0.33333333333333331
2015-10-06,GLD,0
2015-10-06,XLB,0
2015-10-06,XLE,0
2015-10-06,XLF,0
2015-10-06,XLI,0
2015-10-06,XLK,0
2015-10-06,XLP,0.33333333333333331
2015-10-06,XLU,0.33333333333333331
2015-10-06,XLV,0
2015-10-06,XLY,0.33333333333333331
2015-10-07,GLD,0
2015-10-07,XLB,0
2015-10-07,XLE,0
2015-10-07,XLF,0
2015-10-07,XLI,0
2015-10-07,XLK,0
2015-10-07,XLP,0.33333333333333331
2015-10-07,XLU,0.33333333333333331
2015-10-07,XLV,0
2015-10-07,XLY,0.33333333333333331
2015-10-08,GLD,0
2015-10-08,XLB,0
2015-10-08,XLE,0
2015-10-08,XLF,0
2015-10-08,XLI,0
2015-10-08,XLK,0
2015-10-08,XLP,0.33333333333333331
2015-10-08,XLU,0.33333333333333331
2015-10-08,XLV,0
2015-10-08,XLY,0.33333333333333331
2015-10-09,GLD,0
2015-10-09,XLB,0
2015-10-09,XLE,0
2015-10-09,XLF,0
2015-10-09,XLI,0
2015-10-09,XLK,0
2015-10-09,XLP,0.33333333333333331
2015-10-09,XLU,0.33333333333333331
2015-10-09,XLV,0
2015-10-09,XLY,0.33333333333333331
2015-10-12,GLD,0
2015-10-12,XLB,0
2015-10-12,XLE,0
2015-10-12,XLF,0
2015-10-12,XLI,0
2015-10-12,XLK,0
2015-10-12,XLP,0.33333333333333331
2015-10-12,XLU,0.33333333333333331
2015-10-12,XLV,0
2015-10-12,XLY,0.33333333333333331
2015-10-13,GLD,0
2015-10-13,XLB,0
2015-10-13,XLE,0
2015-10-13,XLF,0
2015-10-13,XLI,0
2015-10-13,XLK,0
2015-10-13,XLP,0.33333333333333331
2015-10-13,XLU,0.33333333333333331
2015-10-13,XLV,0
2015-10-13,XLY,0.33333333333333331
2015-10-14,GLD,0
2015-10-14,XLB,0
2015-10-14,XLE,0
2015-10-14,XLF,0
2015-10-14,XLI,0
2015-10-14,XLK,0
2015-10-14,XLP,0.33333333333333331
2015-10-14,XLU,0.33333333333333331
2015-10-14,XLV,0
2015-10-14,XLY,0.33333333333333331
2015-10-15,GLD,0
2015-10-15,XLB,0
2015-10-15,XLE,0
2015-10-15,XLF,0
2015-10-15,XLI,0
2015-10-15,XLK,0
2015-10-15,XLP,0.33333333333333331
2015-10-15,XLU,0.33333333333333331
2015-10-15,XLV,0
2015-10-15,XLY,0.33333333333333331
2015-10-16,GLD,0
2015-10-16,XLB,0
2015-10-16,XLE,0
2015-10-16,XLF,0
2015-10-16,XLI,0
2015-10-16,XLK,0
2015-10-16,XLP,0.33333333333333331
2015-10-16,XLU,0.33333333333333331
2015-10-16,XLV,0
2015-10-16,XLY,0.33333333333333331
2015-10-19,GLD,0
2015-10-19,XLB,0
2015-10-19,XLE,0
2015-10-19,XLF,0
2015-10-19,XLI,0
2015-10-19,XLK,0
2015-10-19,XLP,0.33333333333333331
2015-10-19,XLU,0.33333333333333331
2015-10-19,XLV,0
2015-10-19,XLY,0.33333333333333331
2015-10-20,GLD,0
2015-10-20,XLB,0
2015-10-20,XLE,0
2015-10-20,XLF,0
2015-10-20,XLI,0
2015-10-20,XLK,0
2015-10-20,XLP,0.33333333333333331
2015-10-20,XLU,0.33333333333333331
2015-10-20,XLV,0
2015-10-20,XLY,0.33333333333333331
2015-10-21,GLD,0
2015-10-21,XLB,0
2015-10-21,XLE,0
2015-10-21,XLF,0
2015-10-21,XLI,0
2015-10-21,XLK,0
2015-10-21,XLP,0.33333333333333331
2015-10-21,XLU,0.33333333333333331
2015-10-21,XLV,0
2015-10-21,XLY,0.33333333333333331
2015-10-22,GLD,0
2015-10-22,XLB,0
2015-10-22,XLE,0
2015-10-22,XLF,0
2015-10-22,XLI,0
2015-10-22,XLK,0
2015-10-22,XLP,0.33333333333333331
2015-10-22,XLU,0.33333333333333331
2015-10-22,XLV,0
2015-10-22,XLY,0.33333333333333331
2015-10-23,GLD,0
2015-10-23,XLB,0
2015-10-23,XLE,0
2015-10-23,XLF,0
2015-10-23,XLI,0
2015-10-23,XLK,0
2015-10-23,XLP,0.33333333333333331
2015-10-23,XLU,0.33333333333333331
2015-10-23,XLV,0
2015-10-23,XLY,0.33333333333333331
2015-10-26,GLD,0
2015-10-26,XLB,0
2015-10-26,XLE,0
2015-10-26,XLF,0
2015-10-26,XLI,0
2015-10-26,XLK,0
2015-10-26,XLP,0.33333333333333331
2015-10-26,XLU,0.33333333333333331
2015-10-26,XLV,0
2015-10-26,XLY,0.33333333333333331
2015-10-27,GLD,0
2015-10-27,XLB,0
2015-10-27,XLE,0
2015-10-27,XLF,0
2015-10-27,XLI,0
2015-10-27,XLK,0
2015-10-27,XLP,0.33333333333333331
2015-10-27,XLU,0.33333333333333331
2015-10-27,XLV,0
2015-10-27,XLY,0.33333333333333331
2015-10-28,GLD,0
2015-10-28,XLB,0
2015-10-28,XLE,0
2015-10-28,XLF,0
2015-10-28,XLI,0
2015-10-28,XLK,0
2015-10-28,XLP,0.33333333333333331
2015-10-28,XLU,0.33333333333333331
2015-10-28,XLV,0
2015-10-28,XLY,0.33333333333333331
2015-10-29,GLD,0
2015-10-29,XLB,0
2015-10-29,XLE,0
2015-10-29,XLF,0
2015-10-29,XLI,0
2015-10-29,XLK,0
2015-10-29,XLP,0.33333333333333331
2015-10-29,XLU,0.33333333333333331
2015-10-29,XLV,0
2015-10-29,XLY,0.33333333333333331
2015-10-30,GLD,0
2015-10-30,XLB,0
2015-10-30,XLE,0
2015-10-30,XLF,0
2015-10-30,XLI,0
2015-10-30,XLK,0.33333333333333331
2015-10-30,XLP,0.33333333333333331
2015-10-30,XLU,0
2015-10-30,XLV,0
2015-10-30,XLY,0.33333333333333331
2015-11-02,GLD,0
2015-11-02,XLB,0
2015-11-02,XLE,0
2015-11-02,XLF,0
2015-11-02,XLI,0
2015-11-02,XLK,0.33333333333333331
2015-11-02,XLP,0.33333333333333331
2015-11-02,XLU,0
2015-11-02,XLV,0
2015-11-02,XLY,0.33333333333333331
2015-11-03,GLD,0
2015-11-03,XLB,0
2015-11-03,XLE,0
2015-11-03,XLF,0
2015-11-03,XLI,0
2015-11-03,XLK,0.33333333333333331
2015-11-03,XLP,0.33333333333333331
2015-11-03,XLU,0
2015-11-03,XLV,0
2015-11-03,XLY,0.33333333333333331
2015-11-04,GLD,0
2015-11-04,XLB,0
2015-11-04,XLE,0
2015-11-04,XLF,0
2015-11-04,XLI,0
2015-11-04,XLK,0.33333333333333331
2015-11-04,XLP,0.33333333333333331
2015-11-04,XLU,0
2015-11-04,XLV,0
2015-11-04,XLY,0.33333333333333331
2015-11-05,GLD,0
2015-11-05,XLB,0
2015-11-05,XLE,0
2015-11-05,XLF,0
2015-11-05,XLI,0
2015-11-05,XLK,0.33333333333333331
2015-11-05,XLP,0.33333333333333331
2015-11-05,XLU,0
2015-11-05,XLV,0
2015-11-05,XLY,0.33333333333333331
2015-11-06,GLD,0
2015-11-06,XLB,0
2015-11-06,XLE,0
2015-11-06,XLF,0
2015-11-06,XLI,0
2015-11-06,XLK,0.33333333333333331
2015-11-06,XLP,0.33333333333333331
2015-11-06,XLU,0
2015-11-06,XLV,0
2015-11-06,XLY,0.33333333333333331
2015-11-09,GLD,0
2015-11-09,XLB,0
2015-11-09,XLE,0
2015-11-09,XLF,0
2015-11-09,XLI,0
2015-11-09,XLK,0.33333333333333331
2015-11-09,XLP,0.33333333333333331
2015-11-09,XLU,0
2015-11-09,XLV,0
2015-11-09,XLY,0.33333333333333331
2015-11-10,GLD,0
2015-11-10,XLB,0
2015-11-10,XLE,0
2015-11-10,XLF,0
2015-11-10,XLI,0
2015-11-10,XLK,0.33333333333333331
2015-11-10,XLP,0.33333333333333331
2015-11-10,XLU,0
2015-11-10,XLV,0
2015-11-10,XLY,0.33333333333333331
2015-11-11,GLD,0
2015-11-11,XLB,0
2015-11-11,XLE,0
2015-11-11,XLF,0
2015-11-11,XLI,0
2015-11-11,XLK,0.33333333333333331
2015-11-11,XLP,0.33333333333333331
2015-11-11,XLU,0
2015-11-11,XLV,0
2015-11-11,XLY,0.33333333333333331
2015-11-12,GLD,0
2015-11-12,XLB,0
2015-11-12,XLE,0
2015-11-12,XLF,0
2015-11-12,XLI,0
2015-11-12,XLK,0.33333333333333331
2015-11-12,XLP,0.33333333333333331
2015-11-12,XLU,0
2015-11-12,XLV,0
2015-11-12,XLY,0.33333333333333331
2015-11-13,GLD,0
2015-11-13,XLB,0
2015-11-13,XLE,0
2015-11-13,XLF,0
2015-11-13,XLI,0
2015-11-13,XLK,0.33333333333333331
2015-11-13,XLP,0.33333333333333331
2015-11-13,XLU,0
2015-11-13,XLV,0
2015-11-13,XLY,0.33333333333333331
2015-11-16,GLD,0
2015-11-16,XLB,0
2015-11-16,XLE,0
2015-11-16,XLF,0
2015-11-16,XLI,0
2015-11-16,XLK,0.33333333333333331
2015-11-16,XLP,0.33333333333333331
2015-11-16,XLU,0
2015-11-16,XLV,0
2015-11-16,XLY,0.33333333333333331
2015-11-17,GLD,0
2015-11-17,XLB,0
2015-11-17,XLE,0
2015-11-17,XLF,0
2015-11-17,XLI,0
2015-11-17,XLK,0.33333333333333331
2015-11-17,XLP,0.33333333333333331
2015-11-17,XLU,0
2015-11-17,XLV,0
2015-11-17,XLY,0.33333333333333331
2015-11-18,GLD,0
2015-11-18,XLB,0
2015-11-18,XLE,0
2015-11-18,XLF,0
2015-11-18,XLI,0
2015-11-18,XLK,0.33333333333333331
2015-11-18,XLP,0.33333333333333331
2015-11-18,XLU,0
2015-11-18,XLV,0
2015-11-18,XLY,0.33333333333333331
2015-11-19,GLD,0
2015-11-19,XLB,0
2015-11-19,XLE,0
2015-11-19,XLF,0
2015-11-19,XLI,0
2015-11-19,XLK,0.33333333333333331
2015-11-19,XLP,0.33333333333333331
2015-11-19,XLU,0
2015-11-19,XLV,0
2015-11-19,XLY,0.33333333333333331
2015-11-20,GLD,0
2015-11-20,XLB,0
2015-11-20,XLE,0
2015-11-20,XLF,0
2015-11-20,XLI,0
2015-11-20,XLK,0.33333333333333331
2015-11-20,XLP,0.33333333333333331
2015-11-20,XLU,0
2015-11-20,XLV,0
2015-11-20,XLY,0.33333333333333331
2015-11-23,GLD,0
2015-11-23,XLB,0
2015-11-23,XLE,0
2015-11-23,XLF,0
2015-11-23,XLI,0
2015-11-23,XLK,0.33333333333333331
2015-11-23,XLP,0.33333333333333331
2015-11-23,XLU,0
2015-11-23,XLV,0
2015-11-23,XLY,0.33333333333333331
2015-11-24,GLD,0
2015-11-24,XLB,0
2015-11-24,XLE,0
2015-11-24,XLF,0
2015-11-24,XLI,0
2015-11-24,XLK,0.33333333333333331
2015-11-24,XLP,0.33333333333333331
2015-11-24,XLU,0
2015-11-24,XLV,0
2015-11-24,XLY,0.33333333333333331
2015-11-25,GLD,0
2015-11-25,XLB,0
2015-11-25,XLE,0
2015-11-25,XLF,0
2015-11-25,XLI,0
2015-11-25,XLK,0.33333333333333331
2015-11-25,XLP,0.33333333333333331
2015-11-25,XLU,0
2015-11-25,XLV,0
2015-11-25,XLY,0.33333333333333331
2015-11-27,GLD,0
2015-11-27,XLB,0
2015-11-27,XLE,0
2015-11-27,XLF,0
2015-11-27,XLI,0
2015-11-27,XLK,0.33333333333333331
2015-11-27,XLP,0.33333333333333331
2015-11-27,XLU,0
2015-11-27,XLV,0
2015-11-27,XLY,0.33333333333333331
2015-11-30,GLD,0
2015-11-30,XLB,0
2015-11-30,XLE,0
2015-11-30,XLF,0
2015-11-30,XLI,0
2015-11-30,XLK,0.33333333333333331
2015-11-30,XLP,0.33333333333333331
2015-11-30,XLU,0
2015-11-30,XLV,0
2015-11-30,XLY,0.33333333333333331
2015-12-01,GLD,0
2015-12-01,XLB,0
2015-12-01,XLE,0
2015-12-01,XLF,0
2015-12-01,XLI,0
2015-12-01,XLK,0.33333333333333331
2015-12-01,XLP,0.33333333333333331
2015-12-01,XLU,0
2015-12-01,XLV,0
2015-12-01,XLY,0.33333333333333331
2015-12-02,GLD,0
2015-12-02,XLB,0
2015-12-02,XLE,0
2015-12-02,XLF,0
2015-12-02,XLI,0
2015-12-02,XLK,0.33333333333333331
2015-12-02,XLP,0.33333333333333331
2015-12-02,XLU,0
2015-12-02,XLV,0
2015-12-02,XLY,0.33333333333333331
2015-12-03,GLD,0
2015-12-03,XLB,0
2015-12-03,XLE,0
2015-12-03,XLF,0
2015-12-03,XLI,0
2015-12-03,XLK,0.33333333333333331
2015-12-03,XLP,0.33333333333333331
2015-12-03,XLU,0
2015-12-03,XLV,0
2015-12-03,XLY,0.33333333333333331
2015-12-04,GLD,0
2015-12-04,XLB,0
2015-12-04,XLE,0
2015-12-04,XLF,0
2015-12-04,XLI,0
2015-12-04,XLK,0.33333333333333331
2015-12-04,XLP,0.33333333333333331
2015-12-04,XLU,0
2015-12-04,XLV,0
2015-12-04,XLY,0.33333333333333331
2015-12-07,GLD,0
2015-12-07,XLB,0
2015-12-07,XLE,0
2015-12-07,XLF,0
2015-12-07,XLI,0
2015-12-07,XLK,0.33333333333333331
2015-12-07,XLP,0.33333333333333331
2015-12-07,XLU,0
2015-12-07,XLV,0
2015-12-07,XLY,0.33333333333333331
2015-12-08,GLD,0
2015-12-08,XLB,0
2015-12-08,XLE,0
2015-12-08,XLF,0
2015-12-08,XLI,0
2015-12-08,XLK,0.33333333333333331
2015-12-08,XLP,0.33333333333333331
2015-12-08,XLU,0
2015-12-08,XLV,0
2015-12-08,XLY,0.33333333333333331
2015-12-09,GLD,0
2015-12-09,XLB,0
2015-12-09,XLE,0
2015-12-09,XLF,0
2015-12-09,XLI,0
2015-12-09,XLK,0.33333333333333331
2015-12-09,XLP,0.33333333333333331
2015-12-09,XLU,0
2015-12-09,XLV,0
2015-12-09,XLY,0.33333333333333331
2015-12-10,GLD,0
2015-12-10,XLB,0
2015-12-10,XLE,0
2015-12-10,XLF,0
2015-12-10,XLI,0
2015-12-10,XLK,0.33333333333333331
2015-12-10,XLP,0.33333333333333331
2015-12-10,XLU,0
2015-12-10,XLV,0
2015-12-10,XLY,0.33333333333333331
2015-12-11,GLD,0
2015-12-11,XLB,0
2015-12-11,XLE,0
2015-12-11,XLF,0
2015-12-11,XLI,0
2015-12-11,XLK,0.33333333333333331
2015-12-11,XLP,0.33333333333333331
2015-12-11,XLU,0
2015-12-11,XLV,0
2015-12-11,XLY,0.33333333333333331
2015-12-14,GLD,0
2015-12-14,XLB,0
2015-12-14,XLE,0
2015-12-14,XLF,0
2015-12-14,XLI,0
2015-12-14,XLK,0.33333333333333331
2015-12-14,XLP,0.33333333333333331
2015-12-14,XLU,0
2015-12-14,XLV,0
2015-12-14,XLY,0.33333333333333331
2015-12-15,GLD,0
2015-12-15,XLB,0
2015-12-15,XLE,0
2015-12-15,XLF,0
2015-12-15,XLI,0
2015-12-15,XLK,0.33333333333333331
2015-12-15,XLP,0.33333333333333331
2015-12-15,XLU,0
2015-12-15,XLV,0
2015-12-15,XLY,0.33333333333333331
2015-12-16,GLD,0
2015-12-16,XLB,0
2015-12-16,XLE,0
2015-12-16,XLF,0
2015-12-16,XLI,0
2015-12-16,XLK,0.33333333333333331
2015-12-16,XLP,0.33333333333333331
2015-12-16,XLU,0
2015-12-16,XLV,0
2015-12-16,XLY,0.33333333333333331
2015-12-17,GLD,0
2015-12-17,XLB,0
2015-12-17,XLE,0
2015-12-17,XLF,0
2015-12-17,XLI,0
2015-12-17,XLK,0.33333333333333331
2015-12-17,XLP,0.33333333333333331
2015-12-17,XLU,0
2015-12-17,XLV,0
2015-12-17,XLY,0.33333333333333331
2015-12-18,GLD,0
2015-12-18,XLB,0
2015-12-18,XLE,0
2015-12-18,XLF,0
2015-12-18,XLI,0
2015-12-18,XLK,0.33333333333333331
2015-12-18,XLP,0.33333333333333331
2015-12-18,XLU,0
2015-12-18,XLV,0
2015-12-18,XLY,0.33333333333333331
2015-12-21,GLD,0
2015-12-21,XLB,0
2015-12-21,XLE,0
2015-12-21,XLF,0
2015-12-21,XLI,0
2015-12-21,XLK,0.33333333333333331
2015-12-21,XLP,0.33333333333333331
2015-12-21,XLU,0
2015-12-21,XLV,0
2015-12-21,XLY,0.33333333333333331
2015-12-22,GLD,0
2015-12-22,XLB,0
2015-12-22,XLE,0
2015-12-22,XLF,0
2015-12-22,XLI,0
2015-12-22,XLK,0.33333333333333331
2015-12-22,XLP,0.33333333333333331
2015-12-22,XLU,0
2015-12-22,XLV,0
2015-12-22,XLY,0.33333333333333331
2015-12-23,GLD,0
2015-12-23,XLB,0
2015-12-23,XLE,0
2015-12-23,XLF,0
2015-12-23,XLI,0
2015-12-23,XLK,0.33333333333333331
2015-12-23,XLP,0.33333333333333331
2015-12-23,XLU,0
2015-12-23,XLV,0
2015-12-23,XLY,0.33333333333333331
2015-12-24,GLD,0
2015-12-24,XLB,0
2015-12-24,XLE,0
2015-12-24,XLF,0
2015-12-24,XLI,0
2015-12-24,XLK,0.33333333333333331
2015-12-24,XLP,0.33333333333333331
2015-12-24,XLU,0
2015-12-24,XLV,0
2015-12-24,XLY,0.33333333333333331
2015-12-28,GLD,0
2015-12-28,XLB,0
2015-12-28,XLE,0
2015-12-28,XLF,0
2015-12-28,XLI,0
2015-12-28,XLK,0.33333333333333331
2015-12-28,XLP,0.33333333333333331
2015-12-28,XLU,0
2015-12-28,XLV,0
2015-12-28,XLY,0.33333333333333331
2015-12-29,GLD,0
2015-12-29,XLB,0
2015-12-29,XLE,0
2015-12-29,XLF,0
2015-12-29,XLI,0
2015-12-29,XLK,0.33333333333333331
2015-12-29,XLP,0.33333333333333331
2015-12-29,XLU,0
2015-12-29,XLV,0
2015-12-29,XLY,0.33333333333333331
2015-12-30,GLD,0
2015-12-30,XLB,0
2015-12-30,XLE,0
2015-12-30,XLF,0
2015-12-30,XLI,0
2015-12-30,XLK,0.33333333333333331
2015-12-30,XLP,0.33333333333333331
2015-12-30,XLU,0
2015-12-30,XLV,0
2015-12-30,XLY,0.33333333333333331
2015-12-31,GLD,0
2015-12-31,XLB,0
2015-12-31,XLE,0
2015-12-31,XLF,0
2015-12-31,XLI,0
2015-12-31,XLK,0.33333333333333331
2015-12-31,XLP,0.33333333333333331
2015-12-31,XLU,0.33333333333333331
2015-12-31,XLV,0
2015-12-31,XLY,0
2016-01-04,GLD,0
2016-01-04,XLB,0
2016-01-04,XLE,0
2016-01-04,XLF,0
2016-01-04,XLI,0
2016-01-04,XLK,0.33333333333333331
2016-01-04,XLP,0.33333333333333331
2016-01-04,XLU,0.33333333333333331
2016-01-04,XLV,0
2016-01-04,XLY,0
2016-01-05,GLD,0
2016-01-05,XLB,0
2016-01-05,XLE,0
2016-01-05,XLF,0
2016-01-05,XLI,0
2016-01-05,XLK,0.33333333333333331
2016-01-05,XLP,0.33333333333333331
2016-01-05,XLU,0.33333333333333331
2016-01-05,XLV,0
2016-01-05,XLY,0
2016-01-06,GLD,0
2016-01-06,XLB,0
2016-01-06,XLE,0
2016-01-06,XLF,0
2016-01-06,XLI,0
2016-01-06,XLK,0.33333333333333331
2016-01-06,XLP,0.33333333333333331
2016-01-06,XLU,0.33333333333333331
2016-01-06,XLV,0
2016-01-06,XLY,0
2016-01-07,GLD,0
2016-01-07,XLB,0
2016-01-07,XLE,0
2016-01-07,XLF,0
2016-01-07,XLI,0
2016-01-07,XLK,0.33333333333333331
2016-01-07,XLP,0.33333333333333331
2016-01-07,XLU,0.33333333333333331
2016-01-07,XLV,0
2016-01-07,XLY,0
2016-01-08,GLD,0
2016-01-08,XLB,0
2016-01-08,XLE,0
2016-01-08,XLF,0
2016-01-08,XLI,0
2016-01-08,XLK,0.33333333333333331
2016-01-08,XLP,0.33333333333333331
2016-01-08,XLU,0.33333333333333331
2016-01-08,XLV,0
2016-01-08,XLY,0
2016-01-11,GLD,0
2016-01-11,XLB,0
2016-01-11,XLE,0
2016-01-11,XLF,0
2016-01-11,XLI,0
2016-01-11,XLK,0.33333333333333331
2016-01-11,XLP,0.33333333333333331
2016-01-11,XLU,0.33333333333333331
2016-01-11,XLV,0
2016-01-11,XLY,0
2016-01-12,GLD,0
2016-01-12,XLB,0
2016-01-12,XLE,0
2016-01-12,XLF,0
2016-01-12,XLI,0
2016-01-12,XLK,0.33333333333333331
2016-01-12,XLP,0.33333333333333331
2016-01-12,XLU,0.33333333333333331
2016-01-12,XLV,0
2016-01-12,XLY,0
2016-01-13,GLD,0
2016-01-13,XLB,0
2016-01-13,XLE,0
2016-01-13,XLF,0
2016-01-13,XLI,0
2016-01-13,XLK,0.33333333333333331
2016-01-13,XLP,0.33333333333333331
2016-01-13,XLU,0.33333333333333331
2016-01-13,XLV,0
2016-01-13,XLY,0
2016-01-14,GLD,0
2016-01-14,XLB,0
2016-01-14,XLE,0
2016-01-14,XLF,0
2016-01-14,XLI,0
2016-01-14,XLK,0.33333333333333331
2016-01-14,XLP,0.33333333333333331
2016-01-14,XLU,0.33333333333333331
2016-01-14,XLV,0
2016-01-14,XLY,0
2016-01-15,GLD,0
2016-01-15,XLB,0
2016-01-15,XLE,0
2016-01-15,XLF,0
2016-01-15,XLI,0
2016-01-15,XLK,0.33333333333333331
2016-01-15,XLP,0.33333333333333331
2016-01-15,XLU,0.33333333333333331
2016-01-15,XLV,0
2016-01-15,XLY,0
2016-01-19,GLD,0
2016-01-19,XLB,0
2016-01-19,XLE,0
2016-01-19,XLF,0
2016-01-19,XLI,0
2016-01-19,XLK,0.33333333333333331
2016-01-19,XLP,0.33333333333333331
2016-01-19,XLU,0.33333333333333331
2016-01-19,XLV,0
2016-01-19,XLY,0
2016-01-20,GLD,0
2016-01-20,XLB,0
2016-01-20,XLE,0
2016-01-20,XLF,0
2016-01-20,XLI,0
2016-01-20,XLK,0.33333333333333331
2016-01-20,XLP,0.33333333333333331
2016-01-20,XLU,0.33333333333333331
2016-01-20,XLV,0
2016-01-20,XLY,0
2016-01-21,GLD,0
2016-01-21,XLB,0
2016-01-21,XLE,0
2016-01-21,XLF,0
2016-01-21,XLI,0
2016-01-21,XLK,0.33333333333333331
2016-01-21,XLP,0.33333333333333331
2016-01-21,XLU,0.33333333333333331
2016-01-21,XLV,0
2016-01-21,XLY,0
2016-01-22,GLD,0
2016-01-22,XLB,0
2016-01-22,XLE,0
2016-01-22,XLF,0
2016-01-22,XLI,0
2016-01-22,XLK,0.33333333333333331
2016-01-22,XLP,0.33333333333333331
2016-01-22,XLU,0.33333333333333331
2016-01-22,XLV,0
2016-01-22,XLY,0
2016-01-25,GLD,0
2016-01-25,XLB,0
2016-01-25,XLE,0
2016-01-25,XLF,0
2016-01-25,XLI,0
2016-01-25,XLK,0.33333333333333331
2016-01-25,XLP,0.33333333333333331
2016-01-25,XLU,0.33333333333333331
2016-01-25,XLV,0
2016-01-25,XLY,0
2016-01-26,GLD,0
2016-01-26,XLB,0
2016-01-26,XLE,0
2016-01-26,XLF,0
2016-01-26,XLI,0
2016-01-26,XLK,0.33333333333333331
2016-01-26,XLP,0.33333333333333331
2016-01-26,XLU,0.33333333333333331
2016-01-26,XLV,0
2016-01-26,XLY,0
2016-01-27,GLD,0
2016-01-27,XLB,0
2016-01-27,XLE,0
2016-01-27,XLF,0
2016-01-27,XLI,0
2016-01-27,XLK,0.33333333333333331
2016-01-27,XLP,0.33333333333333331
2016-01-27,XLU,0.33333333333333331
2016-01-27,XLV,0
2016-01-27,XLY,0
2016-01-28,GLD,0
2016-01-28,XLB,0
2016-01-28,XLE,0
2016-01-28,XLF,0
2016-01-28,XLI,0
2016-01-28,XLK,0.33333333333333331
2016-01-28,XLP,0.33333333333333331
2016-01-28,XLU,0.33333333333333331
2016-01-28,XLV,0
2016-01-28,XLY,0
2016-01-29,GLD,0
2016-01-29,XLB,0
2016-01-29,XLE,0
2016-01-29,XLF,0
2016-01-29,XLI,0
2016-01-29,XLK,0.33333333333333331
2016-01-29,XLP,0.33333333333333331
2016-01-29,XLU,0.33333333333333331
2016-01-29,XLV,0
2016-01-29,XLY,0
2016-02-01,GLD,0
2016-02-01,XLB,0
2016-02-01,XLE,0
2016-02-01,XLF,0
2016-02-01,XLI,0
2016-02-01,XLK,0.33333333333333331
2016-02-01,XLP,0.33333333333333331
2016-02-01,XLU,0.33333333333333331
2016-02-01,XLV,0
2016-02-01,XLY,0
2016-02-02,GLD,0.66666666666666663
2016-02-02,XLB,0
2016-02-02,XLE,0
2016-02-02,XLF,0
2016-02-02,XLI,0
2016-02-02,XLK,0
2016-02-02,XLP,0
2016-02-02,XLU,0.33333333333333331
2016-02-02,XLV,0
2016-02-02,XLY,0
2016-02-03,GLD,0.66666666666666663
2016-02-03,XLB,0
2016-02-03,XLE,0
2016-02-03,XLF,0
2016-02-03,XLI,0
2016-02-03,XLK,0
2016-02-03,XLP,0
2016-02-03,XLU,0.33333333333333331
2016-02-03,XLV,0
2016-02-03,XLY,0
2016-02-04,GLD,0.66666666666666663
2016-02-04,XLB,0
2016-02-04,XLE,0
2016-02-04,XLF,0
2016-02-04,XLI,0
2016-02-04,XLK,0
2016-02-04,XLP,0
2016-02-04,XLU,0.33333333333333331
2016-02-04,XLV,0
2016-02-04,XLY,0
2016-02-05,GLD,0.66666666666666663
2016-02-05,XLB,0
2016-02-05,XLE,0
2016-02-05,XLF,0
2016-02-05,XLI,0
2016-02-05,XLK,0
2016-02-05,XLP,0
2016-02-05,XLU,0.33333333333333331
2016-02-05,XLV,0
2016-02-05,XLY,0
2016-02-08,GLD,0.66666666666666663
2016-02-08,XLB,0
2016-02-08,XLE,0
2016-02-08,XLF,0
2016-02-08,XLI,0
2016-02-08,XLK,0
2016-02-08,XLP,0
2016-02-08,XLU,0.33333333333333331
2016-02-08,XLV,0
2016-02-08,XLY,0
2016-02-09,GLD,0.66666666666666663
2016-02-09,XLB,0
2016-02-09,XLE,0
2016-02-09,XLF,0
2016-02-09,XLI,0
2016-02-09,XLK,0
2016-02-09,XLP,0
2016-02-09,XLU,0.33333333333333331
2016-02-09,XLV,0
2016-02-09,XLY,0
2016-02-10,GLD,0.66666666666666663
2016-02-10,XLB,0
2016-02-10,XLE,0
2016-02-10,XLF,0
2016-02-10,XLI,0
2016-02-10,XLK,0
2016-02-10,XLP,0
2016-02-10,XLU,0.33333333333333331
2016-02-10,XLV,0
2016-02-10,XLY,0
2016-02-11,GLD,0.66666666666666663
2016-02-11,XLB,0
2016-02-11,XLE,0
2016-02-11,XLF,0
2016-02-11,XLI,0
2016-02-11,XLK,0
2016-02-11,XLP,0
2016-02-11,XLU,0.33333333333333331
2016-02-11,XLV,0
2016-02-11,XLY,0
2016-02-12,GLD,0.66666666666666663
2016-02-12,XLB,0
2016-02-12,XLE,0
2016-02-12,XLF,0
2016-02-12,XLI,0
2016-02-12,XLK,0
2016-02-12,XLP,0
2016-02-12,XLU,0.33333333333333331
2016-02-12,XLV,0
2016-02-12,XLY,0
2016-02-16,GLD,0.66666666666666663
2016-02-16,XLB,0
2016-02-16,XLE,0
2016-02-16,XLF,0
2016-02-16,XLI,0
2016-02-16,XLK,0
2016-02-16,XLP,0
2016-02-16,XLU,0.33333333333333331
2016-02-16,XLV,0
2016-02-16,XLY,0
2016-02-17,GLD,0.66666666666666663
2016-02-17,XLB,0
2016-02-17,XLE,0
2016-02-17,XLF,0
2016-02-17,XLI,0
2016-02-17,XLK,0
2016-02-17,XLP,0
2016-02-17,XLU,0.33333333333333331
2016-02-17,XLV,0
2016-02-17,XLY,0
2016-02-18,GLD,0.66666666666666663
2016-02-18,XLB,0
2016-02-18,XLE,0
2016-02-18,XLF,0
2016-02-18,XLI,0
2016-02-18,XLK,0
2016-02-18,XLP,0
2016-02-18,XLU,0.33333333333333331
2016-02-18,XLV,0
2016-02-18,XLY,0
2016-02-19,GLD,0.66666666666666663
2016-02-19,XLB,0
2016-02-19,XLE,0
2016-02-19,XLF,0
2016-02-19,XLI,0
2016-02-19,XLK,0
2016-02-19,XLP,0
2016-02-19,XLU,0.33333333333333331
2016-02-19,XLV,0
2016-02-19,XLY,0
2016-02-22,GLD,0.66666666666666663
2016-02-22,XLB,0
2016-02-22,XLE,0
2016-02-22,XLF,0
2016-02-22,XLI,0
2016-02-22,XLK,0
2016-02-22,XLP,0
2016-02-22,XLU,0.33333333333333331
2016-02-22,XLV,0
2016-02-22,XLY,0
2016-02-23,GLD,0.66666666666666663
2016-02-23,XLB,0
2016-02-23,XLE,0
2016-02-23,XLF,0
2016-02-23,XLI,0
2016-02-23,XLK,0
2016-02-23,XLP,0
2016-02-23,XLU,0.33333333333333331
2016-02-23,XLV,0
2016-02-23,XLY,0
2016-02-24,GLD,0.66666666666666663
2016-02-24,XLB,0
2016-02-24,XLE,0
2016-02-24,XLF,0
2016-02-24,XLI,0
2016-02-24,XLK,0
2016-02-24,XLP,0
2016-02-24,XLU,0.33333333333333331
2016-02-24,XLV,0
2016-02-24,XLY,0
2016-02-25,GLD,0.66666666666666663
2016-02-25,XLB,0
2016-02-25,XLE,0
2016-02-25,XLF,0
2016-02-25,XLI,0
2016-02-25,XLK,0
2016-02-25,XLP,0
2016-02-25,XLU,0.33333333333333331
2016-02-25,XLV,0
2016-02-25,XLY,0
2016-02-26,GLD,0.66666666666666663
2016-02-26,XLB,0
2016-02-26,XLE,0
2016-02-26,XLF,0
2016-02-26,XLI,0
2016-02-26,XLK,0
2016-02-26,XLP,0
2016-02-26,XLU,0.33333333333333331
2016-02-26,XLV,0
2016-02-26,XLY,0
2016-02-29,GLD,0.66666666666666663
2016-02-29,XLB,0
2016-02-29,XLE,0
2016-02-29,XLF,0
2016-02-29,XLI,0
2016-02-29,XLK,0
2016-02-29,XLP,0
2016-02-29,XLU,0.33333333333333331
2016-02-29,XLV,0
2016-02-29,XLY,0
2016-03-01,GLD,0.66666666666666663
2016-03-01,XLB,0
2016-03-01,XLE,0
2016-03-01,XLF,0
2016-03-01,XLI,0
2016-03-01,XLK,0
2016-03-01,XLP,0
2016-03-01,XLU,0.33333333333333331
2016-03-01,XLV,0
2016-03-01,XLY,0
2016-03-02,GLD,0.66666666666666663
2016-03-02,XLB,0
2016-03-02,XLE,0
2016-03-02,XLF,0
2016-03-02,XLI,0
2016-03-02,XLK,0
2016-03-02,XLP,0
2016-03-02,XLU,0.33333333333333331
2016-03-02,XLV,0
2016-03-02,XLY,0
2016-03-03,GLD,0.33333333333333331
2016-03-03,XLB,0
2016-03-03,XLE,0
2016-03-03,XLF,0
2016-03-03,XLI,0
2016-03-03,XLK,0
2016-03-03,XLP,0.33333333333333331
2016-03-03,XLU,0.33333333333333331
2016-03-03,XLV,0
2016-03-03,XLY,0
2016-03-04,GLD,0.33333333333333331
2016-03-04,XLB,0
2016-03-04,XLE,0
2016-03-04,XLF,0
2016-03-04,XLI,0
2016-03-04,XLK,0
2016-03-04,XLP,0.33333333333333331
2016-03-04,XLU,0.33333333333333331
2016-03-04,XLV,0
2016-03-04,XLY,0
2016-03-07,GLD,0.33333333333333331
2016-03-07,XLB,0
2016-03-07,XLE,0
2016-03-07,XLF,0
2016-03-07,XLI,0
2016-03-07,XLK,0
2016-03-07,XLP,0.33333333333333331
2016-03-07,XLU,0.33333333333333331
2016-03-07,XLV,0
2016-03-07,XLY,0
2016-03-08,GLD,0.33333333333333331
2016-03-08,XLB,0
2016-03-08,XLE,0
2016-03-08,XLF,0
2016-03-08,XLI,0
2016-03-08,XLK,0
2016-03-08,XLP,0.33333333333333331
2016-03-08,XLU,0.33333333333333331
2016-03-08,XLV,0
2016-03-08,XLY,0
2016-03-09,GLD,0.33333333333333331
2016-03-09,XLB,0
2016-03-09,XLE,0
2016-03-09,XLF,0
2016-03-09,XLI,0
2016-03-09,XLK,0
2016-03-09,XLP,0.33333333333333331
2016-03-09,XLU,0.33333333333333331
2016-03-09,XLV,0
2016-03-09,XLY,0
2016-03-10,GLD,0.33333333333333331
2016-03-10,XLB,0
2016-03-10,XLE,0
2016-03-10,XLF,0
2016-03-10,XLI,0
2016-03-10,XLK,0
2016-03-10,XLP,0.33333333333333331
2016-03-10,XLU,0.33333333333333331
2016-03-10,XLV,0
2016-03-10,XLY,0
2016-03-11,GLD,0.33333333333333331
2016-03-11,XLB,0
2016-03-11,XLE,0
2016-03-11,XLF,0
2016-03-11,XLI,0
2016-03-11,XLK,0
2016-03-11,XLP,0.33333333333333331
2016-03-11,XLU,0.33333333333333331
2016-03-11,XLV,0
2016-03-11,XLY,0
2016-03-14,GLD,0.33333333333333331
2016-03-14,XLB,0
2016-03-14,XLE,0
2016-03-14,XLF,0
2016-03-14,XLI,0
2016-03-14,XLK,0
2016-03-14,XLP,0.33333333333333331
2016-03-14,XLU,0.33333333333333331
2016-03-14,XLV,0
2016-03-14,XLY,0
2016-03-15,GLD,0.33333333333333331
2016-03-15,XLB,0
2016-03-15,XLE,0
2016-03-15,XLF,0
2016-03-15,XLI,0
2016-03-15,XLK,0
2016-03-15,XLP,0.33333333333333331
2016-03-15,XLU,0.33333333333333331
2016-03-15,XLV,0
2016-03-15,XLY,0
2016-03-16,GLD,0.33333333333333331
2016-03-16,XLB,0
2016-03-16,XLE,0
2016-03-16,XLF,0
2016-03-16,XLI,0
2016-03-16,XLK,0
2016-03-16,XLP,0.33333333333333331
2016-03-16,XLU,0.33333333333333331
2016-03-16,XLV,0
2016-03-16,XLY,0
2016-03-17,GLD,0.33333333333333331
2016-03-17,XLB,0
2016-03-17,XLE,0
2016-03-17,XLF,0
2016-03-17,XLI,0
2016-03-17,XLK,0
2016-03-17,XLP,0.33333333333333331
2016-03-17,XLU,0.33333333333333331
2016-03-17,XLV,0
2016-03-17,XLY,0
2016-03-18,GLD,0.33333333333333331
2016-03-18,XLB,0
2016-03-18,XLE,0
2016-03-18,XLF,0
2016-03-18,XLI,0
2016-03-18,XLK,0
2016-03-18,XLP,0.33333333333333331
2016-03-18,XLU,0.33333333333333331
2016-03-18,XLV,0
2016-03-18,XLY,0
2016-03-21,GLD,0.33333333333333331
2016-03-21,XLB,0
2016-03-21,XLE,0
2016-03-21,XLF,0
2016-03-21,XLI,0
2016-03-21,XLK,0
2016-03-21,XLP,0.33333333333333331
2016-03-21,XLU,0.33333333333333331
2016-03-21,XLV,0
2016-03-21,XLY,0
2016-03-22,GLD,0.33333333333333331
2016-03-22,XLB,0
2016-03-22,XLE,0
2016-03-22,XLF,0
2016-03-22,XLI,0
2016-03-22,XLK,0
2016-03-22,XLP,0.33333333333333331
2016-03-22,XLU,0.33333333333333331
2016-03-22,XLV,0
2016-03-22,XLY,0
2016-03-23,GLD,0.33333333333333331
2016-03-23,XLB,0
2016-03-23,XLE,0
2016-03-23,XLF,0
2016-03-23,XLI,0
2016-03-23,XLK,0
2016-03-23,XLP,0.33333333333333331
2016-03-23,XLU,0.33333333333333331
2016-03-23,XLV,0
2016-03-23,XLY,0
2016-03-24,GLD,0.33333333333333331
2016-03-24,XLB,0
2016-03-24,XLE,0
2016-03-24,XLF,0
2016-03-24,XLI,0
2016-03-24,XLK,0
2016-03-24,XLP,0.33333333333333331
2016-03-24,XLU,0.33333333333333331
2016-03-24,XLV,0
2016-03-24,XLY,0
2016-03-28,GLD,0.33333333333333331
2016-03-28,XLB,0
2016-03-28,XLE,0
2016-03-28,XLF,0
2016-03-28,XLI,0
2016-03-28,XLK,0
2016-03-28,XLP,0.33333333333333331
2016-03-28,XLU,0.33333333333333331
2016-03-28,XLV,0
2016-03-28,XLY,0
2016-03-29,GLD,0.33333333333333331
2016-03-29,XLB,0
2016-03-29,XLE,0
2016-03-29,XLF,0
2016-03-29,XLI,0
2016-03-29,XLK,0
2016-03-29,XLP,0.33333333333333331
2016-03-29,XLU,0.33333333333333331
2016-03-29,XLV,0
2016-03-29,XLY,0
2016-03-30,GLD,0.33333333333333331
2016-03-30,XLB,0
2016-03-30,XLE,0
2016-03-30,XLF,0
2016-03-30,XLI,0
2016-03-30,XLK,0
2016-03-30,XLP,0.33333333333333331
2016-03-30,XLU,0.33333333333333331
2016-03-30,XLV,0
2016-03-30,XLY,0
2016-03-31,GLD,0.33333333333333331
2016-03-31,XLB,0
2016-03-31,XLE,0
2016-03-31,XLF,0
2016-03-31,XLI,0
2016-03-31,XLK,0
2016-03-31,XLP,0.33333333333333331
2016-03-31,XLU,0.33333333333333331
2016-03-31,XLV,0
2016-03-31,XLY,0
2016-04-01,GLD,0.33333333333333331
2016-04-01,XLB,0
2016-04-01,XLE,0
2016-04-01,XLF,0
2016-04-01,XLI,0
2016-04-01,XLK,0
2016-04-01,XLP,0.33333333333333331
2016-04-01,XLU,0.33333333333333331
2016-04-01,XLV,0
2016-04-01,XLY,0
2016-04-04,GLD,0
2016-04-04,XLB,0
2016-04-04,XLE,0
2016-04-04,XLF,0
2016-04-04,XLI,0
2016-04-04,XLK,0.33333333333333331
2016-04-04,XLP,0.33333333333333331
2016-04-04,XLU,0.33333333333333331
2016-04-04,XLV,0
2016-04-04,XLY,0
2016-04-05,GLD,0
2016-04-05,XLB,0
2016-04-05,XLE,0
2016-04-05,XLF,0
2016-04-05,XLI,0
2016-04-05,XLK,0.33333333333333331
2016-04-05,XLP,0.33333333333333331
2016-04-05,XLU,0.33333333333333331
2016-04-05,XLV,0
2016-04-05,XLY,0
2016-04-06,GLD,0
2016-04-06,XLB,0
2016-04-06,XLE,0
2016-04-06,XLF,0
2016-04-06,XLI,0
2016-04-06,XLK,0.33333333333333331
2016-04-06,XLP,0.33333333333333331
2016-04-06,XLU,0.33333333333333331
2016-04-06,XLV,0
2016-04-06,XLY,0
2016-04-07,GLD,0
2016-04-07,XLB,0
2016-04-07,XLE,0
2016-04-07,XLF,0
2016-04-07,XLI,0
2016-04-07,XLK,0.33333333333333331
2016-04-07,XLP,0.33333333333333331
2016-04-07,XLU,0.33333333333333331
2016-04-07,XLV,0
2016-04-07,XLY,0
2016-04-08,GLD,0
2016-04-08,XLB,0
2016-04-08,XLE,0
2016-04-08,XLF,0
2016-04-08,XLI,0
2016-04-08,XLK,0.33333333333333331
2016-04-08,XLP,0.33333333333333331
2016-04-08,XLU,0.33333333333333331
2016-04-08,XLV,0
2016-04-08,XLY,0
2016-04-11,GLD,0
2016-04-11,XLB,0
2016-04-11,XLE,0
2016-04-11,XLF,0
2016-04-11,XLI,0
2016-04-11,XLK,0.33333333333333331
2016-04-11,XLP,0.33333333333333331
2016-04-11,XLU,0.33333333333333331
2016-04-11,XLV,0
2016-04-11,XLY,0
2016-04-12,GLD,0
2016-04-12,XLB,0
2016-04-12,XLE,0
2016-04-12,XLF,0
2016-04-12,XLI,0
2016-04-12,XLK,0.33333333333333331
2016-04-12,XLP,0.33333333333333331
2016-04-12,XLU,0.33333333333333331
2016-04-12,XLV,0
2016-04-12,XLY,0
2016-04-13,GLD,0
2016-04-13,XLB,0
2016-04-13,XLE,0
2016-04-13,XLF,0
2016-04-13,XLI,0
2016-04-13,XLK,0.33333333333333331
2016-04-13,XLP,0.33333333333333331
2016-04-13,XLU,0.33333333333333331
2016-04-13,XLV,0
2016-04-13,XLY,0
2016-04-14,GLD,0
2016-04-14,XLB,0
2016-04-14,XLE,0
2016-04-14,XLF,0
2016-04-14,XLI,0
2016-04-14,XLK,0.33333333333333331
2016-04-14,XLP,0.33333333333333331
2016-04-14,XLU,0.33333333333333331
2016-04-14,XLV,0
2016-04-14,XLY,0
2016-04-15,GLD,0
2016-04-15,XLB,0
2016-04-15,XLE,0
2016-04-15,XLF,0
2016-04-15,XLI,0
2016-04-15,XLK,0.33333333333333331
2016-04-15,XLP,0.33333333333333331
2016-04-15,XLU,0.33333333333333331
2016-04-15,XLV,0
2016-04-15,XLY,0
2016-04-18,GLD,0
2016-04-18,XLB,0
2016-04-18,XLE,0
2016-04-18,XLF,0
2016-04-18,XLI,0
2016-04-18,XLK,0.33333333333333331
2016-04-18,XLP,0.33333333333333331
2016-04-18,XLU,0.33333333333333331
2016-04-18,XLV,0
2016-04-18,XLY,0
2016-04-19,GLD,0
2016-04-19,XLB,0
2016-04-19,XLE,0
2016-04-19,XLF,0
2016-04-19,XLI,0
2016-04-19,XLK,0.33333333333333331
2016-04-19,XLP,0.33333333333333331
2016-04-19,XLU,0.33333333333333331
2016-04-19,XLV,0
2016-04-19,XLY,0
2016-04-20,GLD,0
2016-04-20,XLB,0
2016-04-20,XLE,0
2016-04-20,XLF,0
2016-04-20,XLI,0
2016-04-20,XLK,0.33333333333333331
2016-04-20,XLP,0.33333333333333331
2016-04-20,XLU,0.33333333333333331
2016-04-20,XLV,0
2016-04-20,XLY,0
2016-04-21,GLD,0
2016-04-21,XLB,0
2016-04-21,XLE,0
2016-04-21,XLF,0
2016-04-21,XLI,0
2016-04-21,XLK,0.33333333333333331
2016-04-21,XLP,0.33333333333333331
2016-04-21,XLU,0.33333333333333331
2016-04-21,XLV,0
2016-04-21,XLY,0
2016-04-22,GLD,0
2016-04-22,XLB,0
2016-04-22,XLE,0
2016-04-22,XLF,0
2016-04-22,XLI,0
2016-04-22,XLK,0.33333333333333331
2016-04-22,XLP,0.33333333333333331
2016-04-22,XLU,0.33333333333333331
2016-04-22,XLV,0
2016-04-22,XLY,0
2016-04-25,GLD,0
2016-04-25,XLB,0
2016-04-25,XLE,0
2016-04-25,XLF,0
2016-04-25,XLI,0
2016-04-25,XLK,0.33333333333333331
2016-04-25,XLP,0.33333333333333331
2016-04-25,XLU,0.33333333333333331
2016-04-25,XLV,0
2016-04-25,XLY,0
2016-04-26,GLD,0
2016-04-26,XLB,0
2016-04-26,XLE,0
2016-04-26,XLF,0
2016-04-26,XLI,0
2016-04-26,XLK,0.33333333333333331
2016-04-26,XLP,0.33333333333333331
2016-04-26,XLU,0.33333333333333331
2016-04-26,XLV,0
2016-04-26,XLY,0
2016-04-27,GLD,0
2016-04-27,XLB,0
2016-04-27,XLE,0
2016-04-27,XLF,0
2016-04-27,XLI,0
2016-04-27,XLK,0.33333333333333331
2016-04-27,XLP,0.33333333333333331
2016-04-27,XLU,0.33333333333333331
2016-04-27,XLV,0
2016-04-27,XLY,0
2016-04-28,GLD,0
2016-04-28,XLB,0
2016-04-28,XLE,0
2016-04-28,XLF,0
2016-04-28,XLI,0
2016-04-28,XLK,0.33333333333333331
2016-04-28,XLP,0.33333333333333331
2016-04-28,XLU,0.33333333333333331
2016-04-28,XLV,0
2016-04-28,XLY,0
2016-04-29,GLD,0
2016-04-29,XLB,0
2016-04-29,XLE,0
2016-04-29,XLF,0
2016-04-29,XLI,0
2016-04-29,XLK,0.33333333333333331
2016-04-29,XLP,0.33333333333333331
2016-04-29,XLU,0.33333333333333331
2016-04-29,XLV,0
2016-04-29,XLY,0
2016-05-02,GLD,0
2016-05-02,XLB,0
2016-05-02,XLE,0
2016-05-02,XLF,0
2016-05-02,XLI,0
2016-05-02,XLK,0.33333333333333331
2016-05-02,XLP,0.33333333333333331
2016-05-02,XLU,0.33333333333333331
2016-05-02,XLV,0
2016-05-02,XLY,0
2016-05-03,GLD,0.66666666666666663
2016-05-03,XLB,0
2016-05-03,XLE,0
2016-05-03,XLF,0
2016-05-03,XLI,0
2016-05-03,XLK,0
2016-05-03,XLP,0
2016-05-03,XLU,0.33333333333333331
2016-05-03,XLV,0
2016-05-03,XLY,0
2016-05-04,GLD,0.66666666666666663
2016-05-04,XLB,0
2016-05-04,XLE,0
2016-05-04,XLF,0
2016-05-04,XLI,0
2016-05-04,XLK,0
2016-05-04,XLP,0
2016-05-04,XLU,0.33333333333333331
2016-05-04,XLV,0
2016-05-04,XLY,0
2016-05-05,GLD,0.66666666666666663
2016-05-05,XLB,0
2016-05-05,XLE,0
2016-05-05,XLF,0
2016-05-05,XLI,0
2016-05-05,XLK,0
2016-05-05,XLP,0
2016-05-05,XLU,0.33333333333333331
2016-05-05,XLV,0
2016-05-05,XLY,0
2016-05-06,GLD,0.66666666666666663
2016-05-06,XLB,0
2016-05-06,XLE,0
2016-05-06,XLF,0
2016-05-06,XLI,0
2016-05-06,XLK,0
2016-05-06,XLP,0
2016-05-06,XLU,0.33333333333333331
2016-05-06,XLV,0
2016-05-06,XLY,0
2016-05-09,GLD,0.66666666666666663
2016-05-09,XLB,0
2016-05-09,XLE,0
2016-05-09,XLF,0
2016-05-09,XLI,0
2016-05-09,XLK,0
2016-05-09,XLP,0
2016-05-09,XLU,0.33333333333333331
2016-05-09,XLV,0
2016-05-09,XLY,0
2016-05-10,GLD,0.66666666666666663
2016-05-10,XLB,0
2016-05-10,XLE,0
2016-05-10,XLF,0
2016-05-10,XLI,0
2016-05-10,XLK,0
2016-05-10,XLP,0
2016-05-10,XLU,0.33333333333333331
2016-05-10,XLV,0
2016-05-10,XLY,0
2016-05-11,GLD,0.66666666666666663
2016-05-11,XLB,0
2016-05-11,XLE,0
2016-05-11,XLF,0
2016-05-11,XLI,0
2016-05-11,XLK,0
2016-05-11,XLP,0
2016-05-11,XLU,0.33333333333333331
2016-05-11,XLV,0
2016-05-11,XLY,0
2016-05-12,GLD,0.66666666666666663
2016-05-12,XLB,0
2016-05-12,XLE,0
2016-05-12,XLF,0
2016-05-12,XLI,0
2016-05-12,XLK,0
2016-05-12,XLP,0
2016-05-12,XLU,0.33333333333333331
2016-05-12,XLV,0
2016-05-12,XLY,0
2016-05-13,GLD,0.66666666666666663
2016-05-13,XLB,0
2016-05-13,XLE,0
2016-05-13,XLF,0
2016-05-13,XLI,0
2016-05-13,XLK,0
2016-05-13,XLP,0
2016-05-13,XLU,0.33333333333333331
2016-05-13,XLV,0
2016-05-13,XLY,0
2016-05-16,GLD,0.66666666666666663
2016-05-16,XLB,0
2016-05-16,XLE,0
2016-05-16,XLF,0
2016-05-16,XLI,0
2016-05-16,XLK,0
2016-05-16,XLP,0
2016-05-16,XLU,0.33333333333333331
2016-05-16,XLV,0
2016-05-16,XLY,0
2016-05-17,GLD,0.66666666666666663
2016-05-17,XLB,0
2016-05-17,XLE,0
2016-05-17,XLF,0
2016-05-17,XLI,0
2016-05-17,XLK,0
2016-05-17,XLP,0
2016-05-17,XLU,0.33333333333333331
2016-05-17,XLV,0
2016-05-17,XLY,0
2016-05-18,GLD,0.66666666666666663
2016-05-18,XLB,0
2016-05-18,XLE,0
2016-05-18,XLF,0
2016-05-18,XLI,0
2016-05-18,XLK,0
2016-05-18,XLP,0
2016-05-18,XLU,0.33333333333333331
2016-05-18,XLV,0
2016-05-18,XLY,0
2016-05-19,GLD,0.66666666666666663
2016-05-19,XLB,0
2016-05-19,XLE,0
2016-05-19,XLF,0
2016-05-19,XLI,0
2016-05-19,XLK,0
2016-05-19,XLP,0
2016-05-19,XLU,0.33333333333333331
2016-05-19,XLV,0
2016-05-19,XLY,0
2016-05-20,GLD,0.66666666666666663
2016-05-20,XLB,0
2016-05-20,XLE,0
2016-05-20,XLF,0
2016-05-20,XLI,0
2016-05-20,XLK,0
2016-05-20,XLP,0
2016-05-20,XLU,0.33333333333333331
2016-05-20,XLV,0
2016-05-20,XLY,0
2016-05-23,GLD,0.66666666666666663
2016-05-23,XLB,0
2016-05-23,XLE,0
2016-05-23,XLF,0
2016-05-23,XLI,0
2016-05-23,XLK,0
2016-05-23,XLP,0
2016-05-23,XLU,0.33333333333333331
2016-05-23,XLV,0
2016-05-23,XLY,0
2016-05-24,GLD,0.66666666666666663
2016-05-24,XLB,0
2016-05-24,XLE,0
2016-05-24,XLF,0
2016-05-24,XLI,0
2016-05-24,XLK,0
2016-05-24,XLP,0
2016-05-24,XLU,0.33333333333333331
2016-05-24,XLV,0
2016-05-24,XLY,0
2016-05-25,GLD,0.66666666666666663
2016-05-25,XLB,0
2016-05-25,XLE,0
2016-05-25,XLF,0
2016-05-25,XLI,0
2016-05-25,XLK,0
2016-05-25,XLP,0
2016-05-25,XLU,0.33333333333333331
2016-05-25,XLV,0
2016-05-25,XLY,0
2016-05-26,GLD,0.66666666666666663
2016-05-26,XLB,0
2016-05-26,XLE,0
2016-05-26,XLF,0
2016-05-26,XLI,0
2016-05-26,XLK,0
2016-05-26,XLP,0
2016-05-26,XLU,0.33333333333333331
2016-05-26,XLV,0
2016-05-26,XLY,0
2016-05-27,GLD,0.66666666666666663
2016-05-27,XLB,0
2016-05-27,XLE,0
2016-05-27,XLF,0
2016-05-27,XLI,0
2016-05-27,XLK,0
2016-05-27,XLP,0
2016-05-27,XLU,0.33333333333333331
2016-05-27,XLV,0
2016-05-27,XLY,0
2016-05-31,GLD,0.66666666666666663
2016-05-31,XLB,0
2016-05-31,XLE,0
2016-05-31,XLF,0
2016-05-31,XLI,0
2016-05-31,XLK,0
2016-05-31,XLP,0
2016-05-31,XLU,0.33333333333333331
2016-05-31,XLV,0
2016-05-31,XLY,0
2016-06-01,GLD,0.66666666666666663
2016-06-01,XLB,0
2016-06-01,XLE,0
2016-06-01,XLF,0
2016-06-01,XLI,0
2016-06-01,XLK,0
2016-06-01,XLP,0
2016-06-01,XLU,0.33333333333333331
2016-06-01,XLV,0
2016-06-01,XLY,0
2016-06-02,GLD,0.66666666666666663
2016-06-02,XLB,0
2016-06-02,XLE,0
2016-06-02,XLF,0
2016-06-02,XLI,0
2016-06-02,XLK,0
2016-06-02,XLP,0
2016-06-02,XLU,0.33333333333333331
2016-06-02,XLV,0
2016-06-02,XLY,0
2016-06-03,GLD,0.66666666666666663
2016-06-03,XLB,0
2016-06-03,XLE,0
2016-06-03,XLF,0
2016-06-03,XLI,0
2016-06-03,XLK,0
2016-06-03,XLP,0
2016-06-03,XLU,0.33333333333333331
2016-06-03,XLV,0
2016-06-03,XLY,0
2016-06-06,GLD,0.66666666666666663
2016-06-06,XLB,0
2016-06-06,XLE,0
2016-06-06,XLF,0
2016-06-06,XLI,0
2016-06-06,XLK,0
2016-06-06,XLP,0
2016-06-06,XLU,0.33333333333333331
2016-06-06,XLV,0
2016-06-06,XLY,0
2016-06-07,GLD,0.66666666666666663
2016-06-07,XLB,0
2016-06-07,XLE,0
2016-06-07,XLF,0
2016-06-07,XLI,0
2016-06-07,XLK,0
2016-06-07,XLP,0
2016-06-07,XLU,0.33333333333333331
2016-06-07,XLV,0
2016-06-07,XLY,0
2016-06-08,GLD,0.66666666666666663
2016-06-08,XLB,0
2016-06-08,XLE,0
2016-06-08,XLF,0
2016-06-08,XLI,0
2016-06-08,XLK,0
2016-06-08,XLP,0
2016-06-08,XLU,0.33333333333333331
2016-06-08,XLV,0
2016-06-08,XLY,0
2016-06-09,GLD,0.66666666666666663
2016-06-09,XLB,0
2016-06-09,XLE,0
2016-06-09,XLF,0
2016-06-09,XLI,0
2016-06-09,XLK,0
2016-06-09,XLP,0
2016-06-09,XLU,0.33333333333333331
2016-06-09,XLV,0
2016-06-09,XLY,0
2016-06-10,GLD,0.66666666666666663
2016-06-10,XLB,0
2016-06-10,XLE,0
2016-06-10,XLF,0
2016-06-10,XLI,0
2016-06-10,XLK,0
2016-06-10,XLP,0
2016-06-10,XLU,0.33333333333333331
2016-06-10,XLV,0
2016-06-10,XLY,0
2016-06-13,GLD,0.66666666666666663
2016-06-13,XLB,0
2016-06-13,XLE,0
2016-06-13,XLF,0
2016-06-13,XLI,0
2016-06-13,XLK,0
2016-06-13,XLP,0
2016-06-13,XLU,0.33333333333333331
2016-06-13,XLV,0
2016-06-13,XLY,0
2016-06-14,GLD,0.66666666666666663
2016-06-14,XLB,0
2016-06-14,XLE,0
2016-06-14,XLF,0
2016-06-14,XLI,0
2016-06-14,XLK,0
2016-06-14,XLP,0
2016-06-14,XLU,0.33333333333333331
2016-06-14,XLV,0
2016-06-14,XLY,0
2016-06-15,GLD,0.66666666666666663
2016-06-15,XLB,0
2016-06-15,XLE,0
2016-06-15,XLF,0
2016-06-15,XLI,0
2016-06-15,XLK,0
2016-06-15,XLP,0
2016-06-15,XLU,0.33333333333333331
2016-06-15,XLV,0
2016-06-15,XLY,0
2016-06-16,GLD,0.66666666666666663
2016-06-16,XLB,0
2016-06-16,XLE,0
2016-06-16,XLF,0
2016-06-16,XLI,0
2016-06-16,XLK,0
2016-06-16,XLP,0
2016-06-16,XLU,0.33333333333333331
2016-06-16,XLV,0
2016-06-16,XLY,0
2016-06-17,GLD,0.66666666666666663
2016-06-17,XLB,0
2016-06-17,XLE,0
2016-06-17,XLF,0
2016-06-17,XLI,0
2016-06-17,XLK,0
2016-06-17,XLP,0
2016-06-17,XLU,0.33333333333333331
2016-06-17,XLV,0
2016-06-17,XLY,0
2016-06-20,GLD,0.66666666666666663
2016-06-20,XLB,0
2016-06-20,XLE,0
2016-06-20,XLF,0
2016-06-20,XLI,0
2016-06-20,XLK,0
2016-06-20,XLP,0
2016-06-20,XLU,0.33333333333333331
2016-06-20,XLV,0
2016-06-20,XLY,0
2016-06-21,GLD,0.66666666666666663
2016-06-21,XLB,0
2016-06-21,XLE,0
2016-06-21,XLF,0
2016-06-21,XLI,0
2016-06-21,XLK,0
2016-06-21,XLP,0
2016-06-21,XLU,0.33333333333333331
2016-06-21,XLV,0
2016-06-21,XLY,0
2016-06-22,GLD,0.66666666666666663
2016-06-22,XLB,0
2016-06-22,XLE,0
2016-06-22,XLF,0
2016-06-22,XLI,0
2016-06-22,XLK,0
2016-06-22,XLP,0
2016-06-22,XLU,0.33333333333333331
2016-06-22,XLV,0
2016-06-22,XLY,0
2016-06-23,GLD,0.66666666666666663
2016-06-23,XLB,0
2016-06-23,XLE,0
2016-06-23,XLF,0
2016-06-23,XLI,0
2016-06-23,XLK,0
2016-06-23,XLP,0
2016-06-23,XLU,0.33333333333333331
2016-06-23,XLV,0
2016-06-23,XLY,0
2016-06-24,GLD,0.66666666666666663
2016-06-24,XLB,0
2016-06-24,XLE,0
2016-06-24,XLF,0
2016-06-24,XLI,0
2016-06-24,XLK,0
2016-06-24,XLP,0
2016-06-24,XLU,0.33333333333333331
2016-06-24,XLV,0
2016-06-24,XLY,0
2016-06-27,GLD,0.66666666666666663
2016-06-27,XLB,0
2016-06-27,XLE,0
2016-06-27,XLF,0
2016-06-27,XLI,0
2016-06-27,XLK,0
2016-06-27,XLP,0
2016-06-27,XLU,0.33333333333333331
2016-06-27,XLV,0
2016-06-27,XLY,0
2016-06-28,GLD,0.66666666666666663
2016-06-28,XLB,0
2016-06-28,XLE,0
2016-06-28,XLF,0
2016-06-28,XLI,0
2016-06-28,XLK,0
2016-06-28,XLP,0
2016-06-28,XLU,0.33333333333333331
2016-06-28,XLV,0
2016-06-28,XLY,0
2016-06-29,GLD,0.66666666666666663
2016-06-29,XLB,0
2016-06-29,XLE,0
2016-06-29,XLF,0
2016-06-29,XLI,0
2016-06-29,XLK,0
2016-06-29,XLP,0
2016-06-29,XLU,0.33333333333333331
2016-06-29,XLV,0
2016-06-29,XLY,0
2016-06-30,GLD,0.66666666666666663
2016-06-30,XLB,0
2016-06-30,XLE,0
2016-06-30,XLF,0
2016-06-30,XLI,0
2016-06-30,XLK,0
2016-06-30,XLP,0
2016-06-30,XLU,0.33333333333333331
2016-06-30,XLV,0
2016-06-30,XLY,0
2016-07-01,GLD,1
2016-07-01,XLB,0
2016-07-01,XLE,0
2016-07-01,XLF,0
2016-07-01,XLI,0
2016-07-01,XLK,0
2016-07-01,XLP,0
2016-07-01,XLU,0
2016-07-01,XLV,0
2016-07-01,XLY,0
2016-07-05,GLD,1
2016-07-05,XLB,0
2016-07-05,XLE,0
2016-07-05,XLF,0
2016-07-05,XLI,0
2016-07-05,XLK,0
2016-07-05,XLP,0
2016-07-05,XLU,0
2016-07-05,XLV,0
2016-07-05,XLY,0
2016-07-06,GLD,1
2016-07-06,XLB,0
2016-07-06,XLE,0
2016-07-06,XLF,0
2016-07-06,XLI,0
2016-07-06,XLK,0
2016-07-06,XLP,0
2016-07-06,XLU,0
2016-07-06,XLV,0
2016-07-06,XLY,0
2016-07-07,GLD,1
2016-07-07,XLB,0
2016-07-07,XLE,0
2016-07-07,XLF,0
2016-07-07,XLI,0
2016-07-07,XLK,0
2016-07-07,XLP,0
2016-07-07,XLU,0
2016-07-07,XLV,0
2016-07-07,XLY,0
2016-07-08,GLD,1
2016-07-08,XLB,0
2016-07-08,XLE,0
2016-07-08,XLF,0
2016-07-08,XLI,0
2016-07-08,XLK,0
2016-07-08,XLP,0
2016-07-08,XLU,0
2016-07-08,XLV,0
2016-07-08,XLY,0
2016-07-11,GLD,1
2016-07-11,XLB,0
2016-07-11,XLE,0
2016-07-11,XLF,0
2016-07-11,XLI,0
2016-07-11,XLK,0
2016-07-11,XLP,0
2016-07-11,XLU,0
2016-07-11,XLV,0
2016-07-11,XLY,0
2016-07-12,GLD,1
2016-07-12,XLB,0
2016-07-12,XLE,0
2016-07-12,XLF,0
2016-07-12,XLI,0
2016-07-12,XLK,0
2016-07-12,XLP,0
2016-07-12,XLU,0
2016-07-12,XLV,0
2016-07-12,XLY,0
2016-07-13,GLD,1
2016-07-13,XLB,0
2016-07-13,XLE,0
2016-07-13,XLF,0
2016-07-13,XLI,0
2016-07-13,XLK,0
2016-07-13,XLP,0
2016-07-13,XLU,0
2016-07-13,XLV,0
2016-07-13,XLY,0
2016-07-14,GLD,1
2016-07-14,XLB,0
2016-07-14,XLE,0
2016-07-14,XLF,0
2016-07-14,XLI,0
2016-07-14,XLK,0
2016-07-14,XLP,0
2016-07-14,XLU,0
2016-07-14,XLV,0
2016-07-14,XLY,0
2016-07-15,GLD,1
2016-07-15,XLB,0
2016-07-15,XLE,0
2016-07-15,XLF,0
2016-07-15,XLI,0
2016-07-15,XLK,0
2016-07-15,XLP,0
2016-07-15,XLU,0
2016-07-15,XLV,0
2016-07-15,XLY,0
2016-07-18,GLD,1
2016-07-18,XLB,0
2016-07-18,XLE,0
2016-07-18,XLF,0
2016-07-18,XLI,0
2016-07-18,XLK,0
2016-07-18,XLP,0
2016-07-18,XLU,0
2016-07-18,XLV,0
2016-07-18,XLY,0
2016-07-19,GLD,1
2016-07-19,XLB,0
2016-07-19,XLE,0
2016-07-19,XLF,0
2016-07-19,XLI,0
2016-07-19,XLK,0
2016-07-19,XLP,0
2016-07-19,XLU,0
2016-07-19,XLV,0
2016-07-19,XLY,0
2016-07-20,GLD,1
2016-07-20,XLB,0
2016-07-20,XLE,0
2016-07-20,XLF,0
2016-07-20,XLI,0
2016-07-20,XLK,0
2016-07-20,XLP,0
2016-07-20,XLU,0
2016-07-20,XLV,0
2016-07-20,XLY,0
2016-07-21,GLD,1
2016-07-21,XLB,0
2016-07-21,XLE,0
2016-07-21,XLF,0
2016-07-21,XLI,0
2016-07-21,XLK,0
2016-07-21,XLP,0
2016-07-21,XLU,0
2016-07-21,XLV,0
2016-07-21,XLY,0
2016-07-22,GLD,1
2016-07-22,XLB,0
2016-07-22,XLE,0
2016-07-22,XLF,0
2016-07-22,XLI,0
2016-07-22,XLK,0
2016-07-22,XLP,0
2016-07-22,XLU,0
2016-07-22,XLV,0
2016-07-22,XLY,0
2016-07-25,GLD,1
2016-07-25,XLB,0
2016-07-25,XLE,0
2016-07-25,XLF,0
2016-07-25,XLI,0
2016-07-25,XLK,0
2016-07-25,XLP,0
2016-07-25,XLU,0
2016-07-25,XLV,0
2016-07-25,XLY,0
2016-07-26,GLD,1
2016-07-26,XLB,0
2016-07-26,XLE,0
2016-07-26,XLF,0
2016-07-26,XLI,0
2016-07-26,XLK,0
2016-07-26,XLP,0
2016-07-26,XLU,0
2016-07-26,XLV,0
2016-07-26,XLY,0
2016-07-27,GLD,1
2016-07-27,XLB,0
2016-07-27,XLE,0
2016-07-27,XLF,0
2016-07-27,XLI,0
2016-07-27,XLK,0
2016-07-27,XLP,0
2016-07-27,XLU,0
2016-07-27,XLV,0
2016-07-27,XLY,0
2016-07-28,GLD,1
2016-07-28,XLB,0
2016-07-28,XLE,0
2016-07-28,XLF,0
2016-07-28,XLI,0
2016-07-28,XLK,0
2016-07-28,XLP,0
2016-07-28,XLU,0
2016-07-28,XLV,0
2016-07-28,XLY,0
2016-07-29,GLD,1
2016-07-29,XLB,0
2016-07-29,XLE,0
2016-07-29,XLF,0
2016-07-29,XLI,0
2016-07-29,XLK,0
2016-07-29,XLP,0
2016-07-29,XLU,0
2016-07-29,XLV,0
2016-07-29,XLY,0
2016-08-01,GLD,1
2016-08-01,XLB,0
2016-08-01,XLE,0
2016-08-01,XLF,0
2016-08-01,XLI,0
2016-08-01,XLK,0
2016-08-01,XLP,0
2016-08-01,XLU,0
2016-08-01,XLV,0
2016-08-01,XLY,0
2016-08-02,GLD,0.66666666666666663
2016-08-02,XLB,0.33333333333333331
2016-08-02,XLE,0
2016-08-02,XLF,0
2016-08-02,XLI,0
2016-08-02,XLK,0
2016-08-02,XLP,0
2016-08-02,XLU,0
2016-08-02,XLV,0
2016-08-02,XLY,0
2016-08-03,GLD,0.66666666666666663
2016-08-03,XLB,0.33333333333333331
2016-08-03,XLE,0
2016-08-03,XLF,0
2016-08-03,XLI,0
2016-08-03,XLK,0
2016-08-03,XLP,0
2016-08-03,XLU,0
2016-08-03,XLV,0
2016-08-03,XLY,0
2016-08-04,GLD,0.66666666666666663
2016-08-04,XLB,0.33333333333333331
2016-08-04,XLE,0
2016-08-04,XLF,0
2016-08-04,XLI,0
2016-08-04,XLK,0
2016-08-04,XLP,0
2016-08-04,XLU,0
2016-08-04,XLV,0
2016-08-04,XLY,0
2016-08-05,GLD,0.66666666666666663
2016-08-05,XLB,0.33333333333333331
2016-08-05,XLE,0
2016-08-05,XLF,0
2016-08-05,XLI,0
2016-08-05,XLK,0
2016-08-05,XLP,0
2016-08-05,XLU,0
2016-08-05,XLV,0
2016-08-05,XLY,0
2016-08-08,GLD,0.66666666666666663
2016-08-08,XLB,0.33333333333333331
2016-08-08,XLE,0
2016-08-08,XLF,0
2016-08-08,XLI,0
2016-08-08,XLK,0
2016-08-08,XLP,0
2016-08-08,XLU,0
2016-08-08,XLV,0
2016-08-08,XLY,0
2016-08-09,GLD,0.66666666666666663
2016-08-09,XLB,0.33333333333333331
2016-08-09,XLE,0
2016-08-09,XLF,0
2016-08-09,XLI,0
2016-08-09,XLK,0
2016-08-09,XLP,0
2016-08-09,XLU,0
2016-08-09,XLV,0
2016-08-09,XLY,0
2016-08-10,GLD,0.66666666666666663
2016-08-10,XLB,0.33333333333333331
2016-08-10,XLE,0
2016-08-10,XLF,0
2016-08-10,XLI,0
2016-08-10,XLK,0
2016-08-10,XLP,0
2016-08-10,XLU,0
2016-08-10,XLV,0
2016-08-10,XLY,0
2016-08-11,GLD,0.66666666666666663
2016-08-11,XLB,0.33333333333333331
2016-08-11,XLE,0
2016-08-11,XLF,0
2016-08-11,XLI,0
2016-08-11,XLK,0
2016-08-11,XLP,0
2016-08-11,XLU,0
2016-08-11,XLV,0
2016-08-11,XLY,0
2016-08-12,GLD,0.66666666666666663
2016-08-12,XLB,0.33333333333333331
2016-08-12,XLE,0
2016-08-12,XLF,0
2016-08-12,XLI,0
2016-08-12,XLK,0
2016-08-12,XLP,0
2016-08-12,XLU,0
2016-08-12,XLV,0
2016-08-12,XLY,0
2016-08-15,GLD,0.66666666666666663
2016-08-15,XLB,0.33333333333333331
2016-08-15,XLE,0
2016-08-15,XLF,0
2016-08-15,XLI,0
2016-08-15,XLK,0
2016-08-15,XLP,0
2016-08-15,XLU,0
2016-08-15,XLV,0
2016-08-15,XLY,0
2016-08-16,GLD,0.66666666666666663
2016-08-16,XLB,0.33333333333333331
2016-08-16,XLE,0
2016-08-16,XLF,0
2016-08-16,XLI,0
2016-08-16,XLK,0
2016-08-16,XLP,0
2016-08-16,XLU,0
2016-08-16,XLV,0
2016-08-16,XLY,0
2016-08-17,GLD,0.66666666666666663
2016-08-17,XLB,0.33333333333333331
2016-08-17,XLE,0
2016-08-17,XLF,0
2016-08-17,XLI,0
2016-08-17,XLK,0
2016-08-17,XLP,0
2016-08-17,XLU,0
2016-08-17,XLV,0
2016-08-17,XLY,0
2016-08-18,GLD,0.66666666666666663
2016-08-18,XLB,0.33333333333333331
2016-08-18,XLE,0
2016-08-18,XLF,0
2016-08-18,XLI,0
2016-08-18,XLK,0
2016-08-18,XLP,0
2016-08-18,XLU,0
2016-08-18,XLV,0
2016-08-18,XLY,0
2016-08-19,GLD,0.66666666666666663
2016-08-19,XLB,0.33333333333333331
2016-08-19,XLE,0
2016-08-19,XLF,0
2016-08-19,XLI,0
2016-08-19,XLK,0
2016-08-19,XLP,0
2016-08-19,XLU,0
2016-08-19,XLV,0
2016-08-19,XLY,0
2016-08-22,GLD,0.66666666666666663
2016-08-22,XLB,0.33333333333333331
2016-08-22,XLE,0
2016-08-22,XLF,0
2016-08-22,XLI,0
2016-08-22,XLK,0
2016-08-22,XLP,0
2016-08-22,XLU,0
2016-08-22,XLV,0
2016-08-22,XLY,0
2016-08-23,GLD,0.66666666666666663
2016-08-23,XLB,0.33333333333333331
2016-08-23,XLE,0
2016-08-23,XLF,0
2016-08-23,XLI,0
2016-08-23,XLK,0
2016-08-23,XLP,0
2016-08-23,XLU,0
2016-08-23,XLV,0
2016-08-23,XLY,0
2016-08-24,GLD,0.66666666666666663
2016-08-24,XLB,0.33333333333333331
2016-08-24,XLE,0
2016-08-24,XLF,0
2016-08-24,XLI,0
2016-08-24,XLK,0
2016-08-24,XLP,0
2016-08-24,XLU,0
2016-08-24,XLV,0
2016-08-24,XLY,0
2016-08-25,GLD,0.66666666666666663
2016-08-25,XLB,0.33333333333333331
2016-08-25,XLE,0
2016-08-25,XLF,0
2016-08-25,XLI,0
2016-08-25,XLK,0
2016-08-25,XLP,0
2016-08-25,XLU,0
2016-08-25,XLV,0
2016-08-25,XLY,0
2016-08-26,GLD,0.66666666666666663
2016-08-26,XLB,0.33333333333333331
2016-08-26,XLE,0
2016-08-26,XLF,0
2016-08-26,XLI,0
2016-08-26,XLK,0
2016-08-26,XLP,0
2016-08-26,XLU,0
2016-08-26,XLV,0
2016-08-26,XLY,0
2016-08-29,GLD,0.66666666666666663
2016-08-29,XLB,0.33333333333333331
2016-08-29,XLE,0
2016-08-29,XLF,0
2016-08-29,XLI,0
2016-08-29,XLK,0
2016-08-29,XLP,0
2016-08-29,XLU,0
2016-08-29,XLV,0
2016-08-29,XLY,0
2016-08-30,GLD,0.66666666666666663
2016-08-30,XLB,0.33333333333333331
2016-08-30,XLE,0
2016-08-30,XLF,0
2016-08-30,XLI,0
2016-08-30,XLK,0
2016-08-30,XLP,0
2016-08-30,XLU,0
2016-08-30,XLV,0
2016-08-30,XLY,0
2016-08-31,GLD,0
2016-08-31,XLB,0.33333333333333331
2016-08-31,XLE,0.33333333333333331
2016-08-31,XLF,0
2016-08-31,XLI,0
2016-08-31,XLK,0.33333333333333331
2016-08-31,XLP,0
2016-08-31,XLU,0
2016-08-31,XLV,0
2016-08-31,XLY,0
2016-09-01,GLD,0
2016-09-01,XLB,0.33333333333333331
2016-09-01,XLE,0.33333333333333331
2016-09-01,XLF,0
2016-09-01,XLI,0
2016-09-01,XLK,0.33333333333333331
2016-09-01,XLP,0
2016-09-01,XLU,0
2016-09-01,XLV,0
2016-09-01,XLY,0
2016-09-02,GLD,0
2016-09-02,XLB,0.33333333333333331
2016-09-02,XLE,0.33333333333333331
2016-09-02,XLF,0
2016-09-02,XLI,0
2016-09-02,XLK,0.33333333333333331
2016-09-02,XLP,0
2016-09-02,XLU,0
2016-09-02,XLV,0
2016-09-02,XLY,0
2016-09-06,GLD,0
2016-09-06,XLB,0.33333333333333331
2016-09-06,XLE,0.33333333333333331
2016-09-06,XLF,0
2016-09-06,XLI,0
2016-09-06,XLK,0.33333333333333331
2016-09-06,XLP,0
2016-09-06,XLU,0
2016-09-06,XLV,0
2016-09-06,XLY,0
2016-09-07,GLD,0
2016-09-07,XLB,0.33333333333333331
2016-09-07,XLE,0.33333333333333331
2016-09-07,XLF,0
2016-09-07,XLI,0
2016-09-07,XLK,0.33333333333333331
2016-09-07,XLP,0
2016-09-07,XLU,0
2016-09-07,XLV,0
2016-09-07,XLY,0
2016-09-08,GLD,0
2016-09-08,XLB,0.33333333333333331
2016-09-08,XLE,0.33333333333333331
2016-09-08,XLF,0
2016-09-08,XLI,0
2016-09-08,XLK,0.33333333333333331
2016-09-08,XLP,0
2016-09-08,XLU,0
2016-09-08,XLV,0
2016-09-08,XLY,0
2016-09-09,GLD,0
2016-09-09,XLB,0.33333333333333331
2016-09-09,XLE,0.33333333333333331
2016-09-09,XLF,0
2016-09-09,XLI,0
2016-09-09,XLK,0.33333333333333331
2016-09-09,XLP,0
2016-09-09,XLU,0
2016-09-09,XLV,0
2016-09-09,XLY,0
2016-09-12,GLD,0
2016-09-12,XLB,0.33333333333333331
2016-09-12,XLE,0.33333333333333331
2016-09-12,XLF,0
2016-09-12,XLI,0
2016-09-12,XLK,0.33333333333333331
2016-09-12,XLP,0
2016-09-12,XLU,0
2016-09-12,XLV,0
2016-09-12,XLY,0
2016-09-13,GLD,0
2016-09-13,XLB,0.33333333333333331
2016-09-13,XLE,0.33333333333333331
2016-09-13,XLF,0
2016-09-13,XLI,0
2016-09-13,XLK,0.33333333333333331
2016-09-13,XLP,0
2016-09-13,XLU,0
2016-09-13,XLV,0
2016-09-13,XLY,0
2016-09-14,GLD,0
2016-09-14,XLB,0.33333333333333331
2016-09-14,XLE,0.33333333333333331
2016-09-14,XLF,0
2016-09-14,XLI,0
2016-09-14,XLK,0.33333333333333331
2016-09-14,XLP,0
2016-09-14,XLU,0
2016-09-14,XLV,0
2016-09-14,XLY,0
2016-09-15,GLD,0
2016-09-15,XLB,0.33333333333333331
2016-09-15,XLE,0.33333333333333331
2016-09-15,XLF,0
2016-09-15,XLI,0
2016-09-15,XLK,0.33333333333333331
2016-09-15,XLP,0
2016-09-15,XLU,0
2016-09-15,XLV,0
2016-09-15,XLY,0
2016-09-16,GLD,0
2016-09-16,XLB,0.33333333333333331
2016-09-16,XLE,0.33333333333333331
2016-09-16,XLF,0
2016-09-16,XLI,0
2016-09-16,XLK,0.33333333333333331
2016-09-16,XLP,0
2016-09-16,XLU,0
2016-09-16,XLV,0
2016-09-16,XLY,0
2016-09-19,GLD,0
2016-09-19,XLB,0.33333333333333331
2016-09-19,XLE,0.33333333333333331
2016-09-19,XLF,0
2016-09-19,XLI,0
2016-09-19,XLK,0.33333333333333331
2016-09-19,XLP,0
2016-09-19,XLU,0
2016-09-19,XLV,0
2016-09-19,XLY,0
2016-09-20,GLD,0
2016-09-20,XLB,0.33333333333333331
2016-09-20,XLE,0.33333333333333331
2016-09-20,XLF,0
2016-09-20,XLI,0
2016-09-20,XLK,0.33333333333333331
2016-09-20,XLP,0
2016-09-20,XLU,0
2016-09-20,XLV,0
2016-09-20,XLY,0
2016-09-21,GLD,0
2016-09-21,XLB,0.33333333333333331
2016-09-21,XLE,0.33333333333333331
2016-09-21,XLF,0
2016-09-21,XLI,0
2016-09-21,XLK,0.33333333333333331
2016-09-21,XLP,0
2016-09-21,XLU,0
2016-09-21,XLV,0
2016-09-21,XLY,0
2016-09-22,GLD,0
2016-09-22,XLB,0.33333333333333331
2016-09-22,XLE,0.33333333333333331
2016-09-22,XLF,0
2016-09-22,XLI,0
2016-09-22,XLK,0.33333333333333331
2016-09-22,XLP,0
2016-09-22,XLU,0
2016-09-22,XLV,0
2016-09-22,XLY,0
2016-09-23,GLD,0
2016-09-23,XLB,0.33333333333333331
2016-09-23,XLE,0.33333333333333331
2016-09-23,XLF,0
2016-09-23,XLI,0
2016-09-23,XLK,0.33333333333333331
2016-09-23,XLP,0
2016-09-23,XLU,0
2016-09-23,XLV,0
2016-09-23,XLY,0
2016-09-26,GLD,0
2016-09-26,XLB,0.33333333333333331
2016-09-26,XLE,0.33333333333333331
2016-09-26,XLF,0
2016-09-26,XLI,0
2016-09-26,XLK,0.33333333333333331
2016-09-26,XLP,0
2016-09-26,XLU,0
2016-09-26,XLV,0
2016-09-26,XLY,0
2016-09-27,GLD,0
2016-09-27,XLB,0.33333333333333331
2016-09-27,XLE,0.33333333333333331
2016-09-27,XLF,0
2016-09-27,XLI,0
2016-09-27,XLK,0.33333333333333331
2016-09-27,XLP,0
2016-09-27,XLU,0
2016-09-27,XLV,0
2016-09-27,XLY,0
2016-09-28,GLD,0
2016-09-28,XLB,0.33333333333333331
2016-09-28,XLE,0.33333333333333331
2016-09-28,XLF,0
2016-09-28,XLI,0
2016-09-28,XLK,0.33333333333333331
2016-09-28,XLP,0
2016-09-28,XLU,0
2016-09-28,XLV,0
2016-09-28,XLY,0
2016-09-29,GLD,0
2016-09-29,XLB,0.33333333333333331
2016-09-29,XLE,0.33333333333333331
2016-09-29,XLF,0
2016-09-29,XLI,0
2016-09-29,XLK,0.33333333333333331
2016-09-29,XLP,0
2016-09-29,XLU,0
2016-09-29,XLV,0
2016-09-29,XLY,0
2016-09-30,GLD,0.33333333333333331
2016-09-30,XLB,0
2016-09-30,XLE,0.33333333333333331
2016-09-30,XLF,0
2016-09-30,XLI,0
2016-09-30,XLK,0.33333333333333331
2016-09-30,XLP,0
2016-09-30,XLU,0
2016-09-30,XLV,0
2016-09-30,XLY,0
2016-10-03,GLD,0.33333333333333331
2016-10-03,XLB,0
2016-10-03,XLE,0.33333333333333331
2016-10-03,XLF,0
2016-10-03,XLI,0
2016-10-03,XLK,0.33333333333333331
2016-10-03,XLP,0
2016-10-03,XLU,0
2016-10-03,XLV,0
2016-10-03,XLY,0
2016-10-04,GLD,0.33333333333333331
2016-10-04,XLB,0
2016-10-04,XLE,0.33333333333333331
2016-10-04,XLF,0
2016-10-04,XLI,0
2016-10-04,XLK,0.33333333333333331
2016-10-04,XLP,0
2016-10-04,XLU,0
2016-10-04,XLV,0
2016-10-04,XLY,0
2016-10-05,GLD,0.33333333333333331
2016-10-05,XLB,0
2016-10-05,XLE,0.33333333333333331
2016-10-05,XLF,0
2016-10-05,XLI,0
2016-10-05,XLK,0.33333333333333331
2016-10-05,XLP,0
2016-10-05,XLU,0
2016-10-05,XLV,0
2016-10-05,XLY,0
2016-10-06,GLD,0.33333333333333331
2016-10-06,XLB,0
2016-10-06,XLE,0.33333333333333331
2016-10-06,XLF,0
2016-10-06,XLI,0
2016-10-06,XLK,0.33333333333333331
2016-10-06,XLP,0
2016-10-06,XLU,0
2016-10-06,XLV,0
2016-10-06,XLY,0
2016-10-07,GLD,0.33333333333333331
2016-10-07,XLB,0
2016-10-07,XLE,0.33333333333333331
2016-10-07,XLF,0
2016-10-07,XLI,0
2016-10-07,XLK,0.33333333333333331
2016-10-07,XLP,0
2016-10-07,XLU,0
2016-10-07,XLV,0
2016-10-07,XLY,0
2016-10-10,GLD,0.33333333333333331
2016-10-10,XLB,0
2016-10-10,XLE,0.33333333333333331
2016-10-10,XLF,0
2016-10-10,XLI,0
2016-10-10,XLK,0.33333333333333331
2016-10-10,XLP,0
2016-10-10,XLU,0
2016-10-10,XLV,0
2016-10-10,XLY,0
2016-10-11,GLD,0.33333333333333331
2016-10-11,XLB,0
2016-10-11,XLE,0.33333333333333331
2016-10-11,XLF,0
2016-10-11,XLI,0
2016-10-11,XLK,0.33333333333333331
2016-10-11,XLP,0
2016-10-11,XLU,0
2016-10-11,XLV,0
2016-10-11,XLY,0
2016-10-12,GLD,0.33333333333333331
2016-10-12,XLB,0
2016-10-12,XLE,0.33333333333333331
2016-10-12,XLF,0
2016-10-12,XLI,0
2016-10-12,XLK,0.33333333333333331
2016-10-12,XLP,0
2016-10-12,XLU,0
2016-10-12,XLV,0
2016-10-12,XLY,0
2016-10-13,GLD,0.33333333333333331
2016-10-13,XLB,0
2016-10-13,XLE,0.33333333333333331
2016-10-13,XLF,0
2016-10-13,XLI,0
2016-10-13,XLK,0.33333333333333331
2016-10-13,XLP,0
2016-10-13,XLU,0
2016-10-13,XLV,0
2016-10-13,XLY,0
2016-10-14,GLD,0.33333333333333331
2016-10-14,XLB,0
2016-10-14,XLE,0.33333333333333331
2016-10-14,XLF,0
2016-10-14,XLI,0
2016-10-14,XLK,0.33333333333333331
2016-10-14,XLP,0
2016-10-14,XLU,0
2016-10-14,XLV,0
2016-10-14,XLY,0
2016-10-17,GLD,0.33333333333333331
2016-10-17,XLB,0
2016-10-17,XLE,0.33333333333333331
2016-10-17,XLF,0
2016-10-17,XLI,0
2016-10-17,XLK,0.33333333333333331
2016-10-17,XLP,0
2016-10-17,XLU,0
2016-10-17,XLV,0
2016-10-17,XLY,0
2016-10-18,GLD,0.33333333333333331
2016-10-18,XLB,0
2016-10-18,XLE,0.33333333333333331
2016-10-18,XLF,0
2016-10-18,XLI,0
2016-10-18,XLK,0.33333333333333331
2016-10-18,XLP,0
2016-10-18,XLU,0
2016-10-18,XLV,0
2016-10-18,XLY,0
2016-10-19,GLD,0.33333333333333331
2016-10-19,XLB,0
2016-10-19,XLE,0.33333333333333331
2016-10-19,XLF,0
2016-10-19,XLI,0
2016-10-19,XLK,0.33333333333333331
2016-10-19,XLP,0
2016-10-19,XLU,0
2016-10-19,XLV,0
2016-10-19,XLY,0
2016-10-20,GLD,0.33333333333333331
2016-10-20,XLB,0
2016-10-20,XLE,0.33333333333333331
2016-10-20,XLF,0
2016-10-20,XLI,0
2016-10-20,XLK,0.33333333333333331
2016-10-20,XLP,0
2016-10-20,XLU,0
2016-10-20,XLV,0
2016-10-20,XLY,0
2016-10-21,GLD,0.33333333333333331
2016-10-21,XLB,0
2016-10-21,XLE,0.33333333333333331
2016-10-21,XLF,0
2016-10-21,XLI,0
2016-10-21,XLK,0.33333333333333331
2016-10-21,XLP,0
2016-10-21,XLU,0
2016-10-21,XLV,0
2016-10-21,XLY,0
2016-10-24,GLD,0.33333333333333331
2016-10-24,XLB,0
2016-10-24,XLE,0.33333333333333331
2016-10-24,XLF,0
2016-10-24,XLI,0
2016-10-24,XLK,0.33333333333333331
2016-10-24,XLP,0
2016-10-24,XLU,0
2016-10-24,XLV,0
2016-10-24,XLY,0
2016-10-25,GLD,0.33333333333333331
2016-10-25,XLB,0
2016-10-25,XLE,0.33333333333333331
2016-10-25,XLF,0
2016-10-25,XLI,0
2016-10-25,XLK,0.33333333333333331
2016-10-25,XLP,0
2016-10-25,XLU,0
2016-10-25,XLV,0
2016-10-25,XLY,0
2016-10-26,GLD,0.33333333333333331
2016-10-26,XLB,0
2016-10-26,XLE,0.33333333333333331
2016-10-26,XLF,0
2016-10-26,XLI,0
2016-10-26,XLK,0.33333333333333331
2016-10-26,XLP,0
2016-10-26,XLU,0
2016-10-26,XLV,0
2016-10-26,XLY,0
2016-10-27,GLD,0.33333333333333331
2016-10-27,XLB,0
2016-10-27,XLE,0.33333333333333331
2016-10-27,XLF,0
2016-10-27,XLI,0
2016-10-27,XLK,0.33333333333333331
2016-10-27,XLP,0
2016-10-27,XLU,0
2016-10-27,XLV,0
2016-10-27,XLY,0
2016-10-28,GLD,0.33333333333333331
2016-10-28,XLB,0
2016-10-28,XLE,0.33333333333333331
2016-10-28,XLF,0
2016-10-28,XLI,0
2016-10-28,XLK,0.33333333333333331
2016-10-28,XLP,0
2016-10-28,XLU,0
2016-10-28,XLV,0
2016-10-28,XLY,0
2016-10-31,GLD,0
2016-10-31,XLB,0
2016-10-31,XLE,0.33333333333333331
2016-10-31,XLF,0.33333333333333331
2016-10-31,XLI,0
2016-10-31,XLK,0.33333333333333331
2016-10-31,XLP,0
2016-10-31,XLU,0
2016-10-31,XLV,0
2016-10-31,XLY,0
2016-11-01,GLD,0
2016-11-01,XLB,0
2016-11-01,XLE,0.33333333333333331
2016-11-01,XLF,0.33333333333333331
2016-11-01,XLI,0
2016-11-01,XLK,0.33333333333333331
2016-11-01,XLP,0
2016-11-01,XLU,0
2016-11-01,XLV,0
2016-11-01,XLY,0
2016-11-02,GLD,0
2016-11-02,XLB,0
2016-11-02,XLE,0.33333333333333331
2016-11-02,XLF,0.33333333333333331
2016-11-02,XLI,0
2016-11-02,XLK,0.33333333333333331
2016-11-02,XLP,0
2016-11-02,XLU,0
2016-11-02,XLV,0
2016-11-02,XLY,0
2016-11-03,GLD,0
2016-11-03,XLB,0
2016-11-03,XLE,0.33333333333333331
2016-11-03,XLF,0.33333333333333331
2016-11-03,XLI,0
2016-11-03,XLK,0.33333333333333331
2016-11-03,XLP,0
2016-11-03,XLU,0
2016-11-03,XLV,0
2016-11-03,XLY,0
2016-11-04,GLD,0
2016-11-04,XLB,0
2016-11-04,XLE,0.33333333333333331
2016-11-04,XLF,0.33333333333333331
2016-11-04,XLI,0
2016-11-04,XLK,0.33333333333333331
2016-11-04,XLP,0
2016-11-04,XLU,0
2016-11-04,XLV,0
2016-11-04,XLY,0
2016-11-07,GLD,0
2016-11-07,XLB,0
2016-11-07,XLE,0.33333333333333331
2016-11-07,XLF,0.33333333333333331
2016-11-07,XLI,0
2016-11-07,XLK,0.33333333333333331
2016-11-07,XLP,0
2016-11-07,XLU,0
2016-11-07,XLV,0
2016-11-07,XLY,0
2016-11-08,GLD,0
2016-11-08,XLB,0
2016-11-08,XLE,0.33333333333333331
2016-11-08,XLF,0.33333333333333331
2016-11-08,XLI,0
2016-11-08,XLK,0.33333333333333331
2016-11-08,XLP,0
2016-11-08,XLU,0
2016-11-08,XLV,0
2016-11-08,XLY,0
2016-11-09,GLD,0
2016-11-09,XLB,0
2016-11-09,XLE,0.33333333333333331
2016-11-09,XLF,0.33333333333333331
2016-11-09,XLI,0
2016-11-09,XLK,0.33333333333333331
2016-11-09,XLP,0
2016-11-09,XLU,0
2016-11-09,XLV,0
2016-11-09,XLY,0
2016-11-10,GLD,0
2016-11-10,XLB,0
2016-11-10,XLE,0.33333333333333331
2016-11-10,XLF,0.33333333333333331
2016-11-10,XLI,0
2016-11-10,XLK,0.33333333333333331
2016-11-10,XLP,0
2016-11-10,XLU,0
2016-11-10,XLV,0
2016-11-10,XLY,0
2016-11-11,GLD,0
2016-11-11,XLB,0
2016-11-11,XLE,0.33333333333333331
2016-11-11,XLF,0.33333333333333331
2016-11-11,XLI,0
2016-11-11,XLK,0.33333333333333331
2016-11-11,XLP,0
2016-11-11,XLU,0
2016-11-11,XLV,0
2016-11-11,XLY,0
2016-11-14,GLD,0
2016-11-14,XLB,0
2016-11-14,XLE,0.33333333333333331
2016-11-14,XLF,0.33333333333333331
2016-11-14,XLI,0
2016-11-14,XLK,0.33333333333333331
2016-11-14,XLP,0
2016-11-14,XLU,0
2016-11-14,XLV,0
2016-11-14,XLY,0
2016-11-15,GLD,0
2016-11-15,XLB,0
2016-11-15,XLE,0.33333333333333331
2016-11-15,XLF,0.33333333333333331
2016-11-15,XLI,0
2016-11-15,XLK,0.33333333333333331
2016-11-15,XLP,0
2016-11-15,XLU,0
2016-11-15,XLV,0
2016-11-15,XLY,0
2016-11-16,GLD,0
2016-11-16,XLB,0
2016-11-16,XLE,0.33333333333333331
2016-11-16,XLF,0.33333333333333331
2016-11-16,XLI,0
2016-11-16,XLK,0.33333333333333331
2016-11-16,XLP,0
2016-11-16,XLU,0
2016-11-16,XLV,0
2016-11-16,XLY,0
2016-11-17,GLD,0
2016-11-17,XLB,0
2016-11-17,XLE,0.33333333333333331
2016-11-17,XLF,0.33333333333333331
2016-11-17,XLI,0
2016-11-17,XLK,0.33333333333333331
2016-11-17,XLP,0
2016-11-17,XLU,0
2016-11-17,XLV,0
2016-11-17,XLY,0
2016-11-18,GLD,0
2016-11-18,XLB,0
2016-11-18,XLE,0.33333333333333331
2016-11-18,XLF,0.33333333333333331
2016-11-18,XLI,0
2016-11-18,XLK,0.33333333333333331
2016-11-18,XLP,0
2016-11-18,XLU,0
2016-11-18,XLV,0
2016-11-18,XLY,0
2016-11-21,GLD,0
2016-11-21,XLB,0
2016-11-21,XLE,0.33333333333333331
2016-11-21,XLF,0.33333333333333331
2016-11-21,XLI,0
2016-11-21,XLK,0.33333333333333331
2016-11-21,XLP,0
2016-11-21,XLU,0
2016-11-21,XLV,0
2016-11-21,XLY,0
2016-11-22,GLD,0
2016-11-22,XLB,0
2016-11-22,XLE,0.33333333333333331
2016-11-22,XLF,0.33333333333333331
2016-11-22,XLI,0
2016-11-22,XLK,0.33333333333333331
2016-11-22,XLP,0
2016-11-22,XLU,0
2016-11-22,XLV,0
2016-11-22,XLY,0
2016-11-23,GLD,0
2016-11-23,XLB,0
2016-11-23,XLE,0.33333333333333331
2016-11-23,XLF,0.33333333333333331
2016-11-23,XLI,0
2016-11-23,XLK,0.33333333333333331
2016-11-23,XLP,0
2016-11-23,XLU,0
2016-11-23,XLV,0
2016-11-23,XLY,0
2016-11-25,GLD,0
2016-11-25,XLB,0
2016-11-25,XLE,0.33333333333333331
2016-11-25,XLF,0.33333333333333331
2016-11-25,XLI,0
2016-11-25,XLK,0.33333333333333331
2016-11-25,XLP,0
2016-11-25,XLU,0
2016-11-25,XLV,0
2016-11-25,XLY,0
2016-11-28,GLD,0
2016-11-28,XLB,0
2016-11-28,XLE,0.33333333333333331
2016-11-28,XLF,0.33333333333333331
2016-11-28,XLI,0
2016-11-28,XLK,0.33333333333333331
2016-11-28,XLP,0
2016-11-28,XLU,0
2016-11-28,XLV,0
2016-11-28,XLY,0
2016-11-29,GLD,0
2016-11-29,XLB,0
2016-11-29,XLE,0.33333333333333331
2016-11-29,XLF,0.33333333333333331
2016-11-29,XLI,0
2016-11-29,XLK,0.33333333333333331
2016-11-29,XLP,0
2016-11-29,XLU,0
2016-11-29,XLV,0
2016-11-29,XLY,0
2016-11-30,GLD,0
2016-11-30,XLB,0
2016-11-30,XLE,0.33333333333333331
2016-11-30,XLF,0.33333333333333331
2016-11-30,XLI,0.33333333333333331
2016-11-30,XLK,0
2016-11-30,XLP,0
2016-11-30,XLU,0
2016-11-30,XLV,0
2016-11-30,XLY,0
2016-12-01,GLD,0
2016-12-01,XLB,0
2016-12-01,XLE,0.33333333333333331
2016-12-01,XLF,0.33333333333333331
2016-12-01,XLI,0.33333333333333331
2016-12-01,XLK,0
2016-12-01,XLP,0
2016-12-01,XLU,0
2016-12-01,XLV,0
2016-12-01,XLY,0
2016-12-02,GLD,0
2016-12-02,XLB,0
2016-12-02,XLE,0.33333333333333331
2016-12-02,XLF,0.33333333333333331
2016-12-02,XLI,0.33333333333333331
2016-12-02,XLK,0
2016-12-02,XLP,0
2016-12-02,XLU,0
2016-12-02,XLV,0
2016-12-02,XLY,0
2016-12-05,GLD,0
2016-12-05,XLB,0
2016-12-05,XLE,0.33333333333333331
2016-12-05,XLF,0.33333333333333331
2016-12-05,XLI,0.33333333333333331
2016-12-05,XLK,0
2016-12-05,XLP,0
2016-12-05,XLU,0
2016-12-05,XLV,0
2016-12-05,XLY,0
2016-12-06,GLD,0
2016-12-06,XLB,0
2016-12-06,XLE,0.33333333333333331
2016-12-06,XLF,0.33333333333333331
2016-12-06,XLI,0.33333333333333331
2016-12-06,XLK,0
2016-12-06,XLP,0
2016-12-06,XLU,0
2016-12-06,XLV,0
2016-12-06,XLY,0
2016-12-07,GLD,0
2016-12-07,XLB,0
2016-12-07,XLE,0.33333333333333331
2016-12-07,XLF,0.33333333333333331
2016-12-07,XLI,0.33333333333333331
2016-12-07,XLK,0
2016-12-07,XLP,0
2016-12-07,XLU,0
2016-12-07,XLV,0
2016-12-07,XLY,0
2016-12-08,GLD,0
2016-12-08,XLB,0
2016-12-08,XLE,0.33333333333333331
2016-12-08,XLF,0.33333333333333331
2016-12-08,XLI,0.33333333333333331
2016-12-08,XLK,0
2016-12-08,XLP,0
2016-12-08,XLU,0
2016-12-08,XLV,0
2016-12-08,XLY,0
2016-12-09,GLD,0
2016-12-09,XLB,0
2016-12-09,XLE,0.33333333333333331
2016-12-09,XLF,0.33333333333333331
2016-12-09,XLI,0.33333333333333331
2016-12-09,XLK,0
2016-12-09,XLP,0
2016-12-09,XLU,0
2016-12-09,XLV,0
2016-12-09,XLY,0
2016-12-12,GLD,0
2016-12-12,XLB,0
2016-12-12,XLE,0.33333333333333331
2016-12-12,XLF,0.33333333333333331
2016-12-12,XLI,0.33333333333333331
2016-12-12,XLK,0
2016-12-12,XLP,0
2016-12-12,XLU,0
2016-12-12,XLV,0
2016-12-12,XLY,0
2016-12-13,GLD,0
2016-12-13,XLB,0
2016-12-13,XLE,0.33333333333333331
2016-12-13,XLF,0.33333333333333331
2016-12-13,XLI,0.33333333333333331
2016-12-13,XLK,0
2016-12-13,XLP,0
2016-12-13,XLU,0
2016-12-13,XLV,0
2016-12-13,XLY,0
2016-12-14,GLD,0
2016-12-14,XLB,0
2016-12-14,XLE,0.33333333333333331
2016-12-14,XLF,0.33333333333333331
2016-12-14,XLI,0.33333333333333331
2016-12-14,XLK,0
2016-12-14,XLP,0
2016-12-14,XLU,0
2016-12-14,XLV,0
2016-12-14,XLY,0
2016-12-15,GLD,0
2016-12-15,XLB,0
2016-12-15,XLE,0.33333333333333331
2016-12-15,XLF,0.33333333333333331
2016-12-15,XLI,0.33333333333333331
2016-12-15,XLK,0
2016-12-15,XLP,0
2016-12-15,XLU,0
2016-12-15,XLV,0
2016-12-15,XLY,0
2016-12-16,GLD,0
2016-12-16,XLB,0
2016-12-16,XLE,0.33333333333333331
2016-12-16,XLF,0.33333333333333331
2016-12-16,XLI,0.33333333333333331
2016-12-16,XLK,0
2016-12-16,XLP,0
2016-12-16,XLU,0
2016-12-16,XLV,0
2016-12-16,XLY,0
2016-12-19,GLD,0
2016-12-19,XLB,0
2016-12-19,XLE,0.33333333333333331
2016-12-19,XLF,0.33333333333333331
2016-12-19,XLI,0.33333333333333331
2016-12-19,XLK,0
2016-12-19,XLP,0
2016-12-19,XLU,0
2016-12-19,XLV,0
2016-12-19,XLY,0
2016-12-20,GLD,0
2016-12-20,XLB,0
2016-12-20,XLE,0.33333333333333331
2016-12-20,XLF,0.33333333333333331
2016-12-20,XLI,0.33333333333333331
2016-12-20,XLK,0
2016-12-20,XLP,0
2016-12-20,XLU,0
2016-12-20,XLV,0
2016-12-20,XLY,0
2016-12-21,GLD,0
2016-12-21,XLB,0
2016-12-21,XLE,0.33333333333333331
2016-12-21,XLF,0.33333333333333331
2016-12-21,XLI,0.33333333333333331
2016-12-21,XLK,0
2016-12-21,XLP,0
2016-12-21,XLU,0
2016-12-21,XLV,0
2016-12-21,XLY,0
2016-12-22,GLD,0
2016-12-22,XLB,0
2016-12-22,XLE,0.33333333333333331
2016-12-22,XLF,0.33333333333333331
2016-12-22,XLI,0.33333333333333331
2016-12-22,XLK,0
2016-12-22,XLP,0
2016-12-22,XLU,0
2016-12-22,XLV,0
2016-12-22,XLY,0
2016-12-23,GLD,0
2016-12-23,XLB,0
2016-12-23,XLE,0.33333333333333331
2016-12-23,XLF,0.33333333333333331
2016-12-23,XLI,0.33333333333333331
2016-12-23,XLK,0
2016-12-23,XLP,0
2016-12-23,XLU,0
2016-12-23,XLV,0
2016-12-23,XLY,0
2016-12-27,GLD,0
2016-12-27,XLB,0
2016-12-27,XLE,0.33333333333333331
2016-12-27,XLF,0.33333333333333331
2016-12-27,XLI,0.33333333333333331
2016-12-27,XLK,0
2016-12-27,XLP,0
2016-12-27,XLU,0
2016-12-27,XLV,0
2016-12-27,XLY,0
2016-12-28,GLD,0
2016-12-28,XLB,0
2016-12-28,XLE,0.33333333333333331
2016-12-28,XLF,0.33333333333333331
2016-12-28,XLI,0.33333333333333331
2016-12-28,XLK,0
2016-12-28,XLP,0
2016-12-28,XLU,0
2016-12-28,XLV,0
2016-12-28,XLY,0
2016-12-29,GLD,0
2016-12-29,XLB,0
2016-12-29,XLE,0.33333333333333331
2016-12-29,XLF,0.33333333333333331
2016-12-29,XLI,0.33333333333333331
2016-12-29,XLK,0
2016-12-29,XLP,0
2016-12-29,XLU,0
2016-12-29,XLV,0
2016-12-29,XLY,0
2016-12-30,GLD,0
2016-12-30,XLB,0
2016-12-30,XLE,0
2016-12-30,XLF,0.33333333333333331
2016-12-30,XLI,0.33333333333333331
2016-12-30,XLK,0.33333333333333331
2016-12-30,XLP,0
2016-12-30,XLU,0
2016-12-30,XLV,0
2016-12-30,XLY,0
2017-01-03,GLD,0
2017-01-03,XLB,0
2017-01-03,XLE,0
2017-01-03,XLF,0.33333333333333331
2017-01-03,XLI,0.33333333333333331
2017-01-03,XLK,0.33333333333333331
2017-01-03,XLP,0
2017-01-03,XLU,0
2017-01-03,XLV,0
2017-01-03,XLY,0
2017-01-04,GLD,0
2017-01-04,XLB,0
2017-01-04,XLE,0
2017-01-04,XLF,0.33333333333333331
2017-01-04,XLI,0.33333333333333331
2017-01-04,XLK,0.33333333333333331
2017-01-04,XLP,0
2017-01-04,XLU,0
2017-01-04,XLV,0
2017-01-04,XLY,0
2017-01-05,GLD,0
2017-01-05,XLB,0
2017-01-05,XLE,0
2017-01-05,XLF,0.33333333333333331
2017-01-05,XLI,0.33333333333333331
2017-01-05,XLK,0.33333333333333331
2017-01-05,XLP,0
2017-01-05,XLU,0
2017-01-05,XLV,0
2017-01-05,XLY,0
2017-01-06,GLD,0
2017-01-06,XLB,0
2017-01-06,XLE,0
2017-01-06,XLF,0.33333333333333331
2017-01-06,XLI,0.33333333333333331
2017-01-06,XLK,0.33333333333333331
2017-01-06,XLP,0
2017-01-06,XLU,0
2017-01-06,XLV,0
2017-01-06,XLY,0
2017-01-09,GLD,0
2017-01-09,XLB,0
2017-01-09,XLE,0
2017-01-09,XLF,0.33333333333333331
2017-01-09,XLI,0.33333333333333331
2017-01-09,XLK,0.33333333333333331
2017-01-09,XLP,0
2017-01-09,XLU,0
2017-01-09,XLV,0
2017-01-09,XLY,0
2017-01-10,GLD,0
2017-01-10,XLB,0
2017-01-10,XLE,0
2017-01-10,XLF,0.33333333333333331
2017-01-10,XLI,0.33333333333333331
2017-01-10,XLK,0.33333333333333331
2017-01-10,XLP,0
2017-01-10,XLU,0
2017-01-10,XLV,0
2017-01-10,XLY,0
2017-01-11,GLD,0
2017-01-11,XLB,0
2017-01-11,XLE,0
2017-01-11,XLF,0.33333333333333331
2017-01-11,XLI,0.33333333333333331
2017-01-11,XLK,0.33333333333333331
2017-01-11,XLP,0
2017-01-11,XLU,0
2017-01-11,XLV,0
2017-01-11,XLY,0
2017-01-12,GLD,0
2017-01-12,XLB,0
2017-01-12,XLE,0
2017-01-12,XLF,0.33333333333333331
2017-01-12,XLI,0.33333333333333331
2017-01-12,XLK,0.33333333333333331
2017-01-12,XLP,0
2017-01-12,XLU,0
2017-01-12,XLV,0
2017-01-12,XLY,0
2017-01-13,GLD,0
2017-01-13,XLB,0
2017-01-13,XLE,0
2017-01-13,XLF,0.33333333333333331
2017-01-13,XLI,0.33333333333333331
2017-01-13,XLK,0.33333333333333331
2017-01-13,XLP,0
2017-01-13,XLU,0
2017-01-13,XLV,0
2017-01-13,XLY,0
2017-01-17,GLD,0
2017-01-17,XLB,0
2017-01-17,XLE,0
2017-01-17,XLF,0.33333333333333331
2017-01-17,XLI,0.33333333333333331
2017-01-17,XLK,0.33333333333333331
2017-01-17,XLP,0
2017-01-17,XLU,0
2017-01-17,XLV,0
2017-01-17,XLY,0
2017-01-18,GLD,0
2017-01-18,XLB,0
2017-01-18,XLE,0
2017-01-18,XLF,0.33333333333333331
2017-01-18,XLI,0.33333333333333331
2017-01-18,XLK,0.33333333333333331
2017-01-18,XLP,0
2017-01-18,XLU,0
2017-01-18,XLV,0
2017-01-18,XLY,0
2017-01-19,GLD,0
2017-01-19,XLB,0
2017-01-19,XLE,0
2017-01-19,XLF,0.33333333333333331
2017-01-19,XLI,0.33333333333333331
2017-01-19,XLK,0.33333333333333331
2017-01-19,XLP,0
2017-01-19,XLU,0
2017-01-19,XLV,0
2017-01-19,XLY,0
2017-01-20,GLD,0
2017-01-20,XLB,0
2017-01-20,XLE,0
2017-01-20,XLF,0.33333333333333331
2017-01-20,XLI,0.33333333333333331
2017-01-20,XLK,0.33333333333333331
2017-01-20,XLP,0
2017-01-20,XLU,0
2017-01-20,XLV,0
2017-01-20,XLY,0
2017-01-23,GLD,0
2017-01-23,XLB,0
2017-01-23,XLE,0
2017-01-23,XLF,0.33333333333333331
2017-01-23,XLI,0.33333333333333331
2017-01-23,XLK,0.33333333333333331
2017-01-23,XLP,0
2017-01-23,XLU,0
2017-01-23,XLV,0
2017-01-23,XLY,0
2017-01-24,GLD,0
2017-01-24,XLB,0
2017-01-24,XLE,0
2017-01-24,XLF,0.33333333333333331
2017-01-24,XLI,0.33333333333333331
2017-01-24,XLK,0.33333333333333331
2017-01-24,XLP,0
2017-01-24,XLU,0
2017-01-24,XLV,0
2017-01-24,XLY,0
2017-01-25,GLD,0
2017-01-25,XLB,0
2017-01-25,XLE,0
2017-01-25,XLF,0.33333333333333331
2017-01-25,XLI,0.33333333333333331
2017-01-25,XLK,0.33333333333333331
2017-01-25,XLP,0
2017-01-25,XLU,0
2017-01-25,XLV,0
2017-01-25,XLY,0
2017-01-26,GLD,0
2017-01-26,XLB,0
2017-01-26,XLE,0
2017-01-26,XLF,0.33333333333333331
2017-01-26,XLI,0.33333333333333331
2017-01-26,XLK,0.33333333333333331
2017-01-26,XLP,0
2017-01-26,XLU,0
2017-01-26,XLV,0
2017-01-26,XLY,0
2017-01-27,GLD,0
2017-01-27,XLB,0
2017-01-27,XLE,0
2017-01-27,XLF,0.33333333333333331
2017-01-27,XLI,0.33333333333333331
2017-01-27,XLK,0.33333333333333331
2017-01-27,XLP,0
2017-01-27,XLU,0
2017-01-27,XLV,0
2017-01-27,XLY,0
2017-01-30,GLD,0
2017-01-30,XLB,0
2017-01-30,XLE,0
2017-01-30,XLF,0.33333333333333331
2017-01-30,XLI,0.33333333333333331
2017-01-30,XLK,0.33333333333333331
2017-01-30,XLP,0
2017-01-30,XLU,0
2017-01-30,XLV,0
2017-01-30,XLY,0
2017-01-31,GLD,0
2017-01-31,XLB,0
2017-01-31,XLE,0
2017-01-31,XLF,0.33333333333333331
2017-01-31,XLI,0.33333333333333331
2017-01-31,XLK,0.33333333333333331
2017-01-31,XLP,0
2017-01-31,XLU,0
2017-01-31,XLV,0
2017-01-31,XLY,0
2017-02-01,GLD,0
2017-02-01,XLB,0
2017-02-01,XLE,0.33333333333333331
2017-02-01,XLF,0.33333333333333331
2017-02-01,XLI,0.33333333333333331
2017-02-01,XLK,0
2017-02-01,XLP,0
2017-02-01,XLU,0
2017-02-01,XLV,0
2017-02-01,XLY,0
2017-02-02,GLD,0
2017-02-02,XLB,0
2017-02-02,XLE,0.33333333333333331
2017-02-02,XLF,0.33333333333333331
2017-02-02,XLI,0.33333333333333331
2017-02-02,XLK,0
2017-02-02,XLP,0
2017-02-02,XLU,0
2017-02-02,XLV,0
2017-02-02,XLY,0
2017-02-03,GLD,0
2017-02-03,XLB,0
2017-02-03,XLE,0.33333333333333331
2017-02-03,XLF,0.33333333333333331
2017-02-03,XLI,0.33333333333333331
2017-02-03,XLK,0
2017-02-03,XLP,0
2017-02-03,XLU,0
2017-02-03,XLV,0
2017-02-03,XLY,0
2017-02-06,GLD,0
2017-02-06,XLB,0
2017-02-06,XLE,0.33333333333333331
2017-02-06,XLF,0.33333333333333331
2017-02-06,XLI,0.33333333333333331
2017-02-06,XLK,0
2017-02-06,XLP,0
2017-02-06,XLU,0
2017-02-06,XLV,0
2017-02-06,XLY,0
2017-02-07,GLD,0
2017-02-07,XLB,0
2017-02-07,XLE,0.33333333333333331
2017-02-07,XLF,0.33333333333333331
2017-02-07,XLI,0.33333333333333331
2017-02-07,XLK,0
2017-02-07,XLP,0
2017-02-07,XLU,0
2017-02-07,XLV,0
2017-02-07,XLY,0
2017-02-08,GLD,0
2017-02-08,XLB,0
2017-02-08,XLE,0.33333333333333331
2017-02-08,XLF,0.33333333333333331
2017-02-08,XLI,0.33333333333333331
2017-02-08,XLK,0
2017-02-08,XLP,0
2017-02-08,XLU,0
2017-02-08,XLV,0
2017-02-08,XLY,0
2017-02-09,GLD,0
2017-02-09,XLB,0
2017-02-09,XLE,0.33333333333333331
2017-02-09,XLF,0.33333333333333331
2017-02-09,XLI,0.33333333333333331
2017-02-09,XLK,0
2017-02-09,XLP,0
2017-02-09,XLU,0
2017-02-09,XLV,0
2017-02-09,XLY,0
2017-02-10,GLD,0
2017-02-10,XLB,0
2017-02-10,XLE,0.33333333333333331
2017-02-10,XLF,0.33333333333333331
2017-02-10,XLI,0.33333333333333331
2017-02-10,XLK,0
2017-02-10,XLP,0
2017-02-10,XLU,0
2017-02-10,XLV,0
2017-02-10,XLY,0
2017-02-13,GLD,0
2017-02-13,XLB,0
2017-02-13,XLE,0.33333333333333331
2017-02-13,XLF,0.33333333333333331
2017-02-13,XLI,0.33333333333333331
2017-02-13,XLK,0
2017-02-13,XLP,0
2017-02-13,XLU,0
2017-02-13,XLV,0
2017-02-13,XLY,0
2017-02-14,GLD,0
2017-02-14,XLB,0
2017-02-14,XLE,0.33333333333333331
2017-02-14,XLF,0.33333333333333331
2017-02-14,XLI,0.33333333333333331
2017-02-14,XLK,0
2017-02-14,XLP,0
2017-02-14,XLU,0
2017-02-14,XLV,0
2017-02-14,XLY,0
2017-02-15,GLD,0
2017-02-15,XLB,0
2017-02-15,XLE,0.33333333333333331
2017-02-15,XLF,0.33333333333333331
2017-02-15,XLI,0.33333333333333331
2017-02-15,XLK,0
2017-02-15,XLP,0
2017-02-15,XLU,0
2017-02-15,XLV,0
2017-02-15,XLY,0
2017-02-16,GLD,0
2017-02-16,XLB,0
2017-02-16,XLE,0.33333333333333331
2017-02-16,XLF,0.33333333333333331
2017-02-16,XLI,0.33333333333333331
2017-02-16,XLK,0
2017-02-16,XLP,0
2017-02-16,XLU,0
2017-02-16,XLV,0
2017-02-16,XLY,0
2017-02-17,GLD,0
2017-02-17,XLB,0
2017-02-17,XLE,0.33333333333333331
2017-02-17,XLF,0.33333333333333331
2017-02-17,XLI,0.33333333333333331
2017-02-17,XLK,0
2017-02-17,XLP,0
2017-02-17,XLU,0
2017-02-17,XLV,0
2017-02-17,XLY,0
2017-02-21,GLD,0
2017-02-21,XLB,0
2017-02-21,XLE,0.33333333333333331
2017-02-21,XLF,0.33333333333333331
2017-02-21,XLI,0.33333333333333331
2017-02-21,XLK,0
2017-02-21,XLP,0
2017-02-21,XLU,0
2017-02-21,XLV,0
2017-02-21,XLY,0
2017-02-22,GLD,0
2017-02-22,XLB,0
2017-02-22,XLE,0.33333333333333331
2017-02-22,XLF,0.33333333333333331
2017-02-22,XLI,0.33333333333333331
2017-02-22,XLK,0
2017-02-22,XLP,0
2017-02-22,XLU,0
2017-02-22,XLV,0
2017-02-22,XLY,0
2017-02-23,GLD,0
2017-02-23,XLB,0
2017-02-23,XLE,0.33333333333333331
2017-02-23,XLF,0.33333333333333331
2017-02-23,XLI,0.33333333333333331
2017-02-23,XLK,0
2017-02-23,XLP,0
2017-02-23,XLU,0
2017-02-23,XLV,0
2017-02-23,XLY,0
2017-02-24,GLD,0
2017-02-24,XLB,0
2017-02-24,XLE,0.33333333333333331
2017-02-24,XLF,0.33333333333333331
2017-02-24,XLI,0.33333333333333331
2017-02-24,XLK,0
2017-02-24,XLP,0
2017-02-24,XLU,0
2017-02-24,XLV,0
2017-02-24,XLY,0
2017-02-27,GLD,0
2017-02-27,XLB,0
2017-02-27,XLE,0.33333333333333331
2017-02-27,XLF,0.33333333333333331
2017-02-27,XLI,0.33333333333333331
2017-02-27,XLK,0
2017-02-27,XLP,0
2017-02-27,XLU,0
2017-02-27,XLV,0
2017-02-27,XLY,0
2017-02-28,GLD,0
2017-02-28,XLB,0
2017-02-28,XLE,0.33333333333333331
2017-02-28,XLF,0.33333333333333331
2017-02-28,XLI,0.33333333333333331
2017-02-28,XLK,0
2017-02-28,XLP,0
2017-02-28,XLU,0
2017-02-28,XLV,0
2017-02-28,XLY,0
2017-03-01,GLD,0
2017-03-01,XLB,0
2017-03-01,XLE,0.33333333333333331
2017-03-01,XLF,0.33333333333333331
2017-03-01,XLI,0.33333333333333331
2017-03-01,XLK,0
2017-03-01,XLP,0
2017-03-01,XLU,0
2017-03-01,XLV,0
2017-03-01,XLY,0
2017-03-02,GLD,0
2017-03-02,XLB,0
2017-03-02,XLE,0.33333333333333331
2017-03-02,XLF,0.33333333333333331
2017-03-02,XLI,0.33333333333333331
2017-03-02,XLK,0
2017-03-02,XLP,0
2017-03-02,XLU,0
2017-03-02,XLV,0
2017-03-02,XLY,0
2017-03-03,GLD,0
2017-03-03,XLB,0
2017-03-03,XLE,0
2017-03-03,XLF,0.33333333333333331
2017-03-03,XLI,0.33333333333333331
2017-03-03,XLK,0.33333333333333331
2017-03-03,XLP,0
2017-03-03,XLU,0
2017-03-03,XLV,0
2017-03-03,XLY,0
2017-03-06,GLD,0
2017-03-06,XLB,0
2017-03-06,XLE,0
2017-03-06,XLF,0.33333333333333331
2017-03-06,XLI,0.33333333333333331
2017-03-06,XLK,0.33333333333333331
2017-03-06,XLP,0
2017-03-06,XLU,0
2017-03-06,XLV,0
2017-03-06,XLY,0
2017-03-07,GLD,0
2017-03-07,XLB,0
2017-03-07,XLE,0
2017-03-07,XLF,0.33333333333333331
2017-03-07,XLI,0.33333333333333331
2017-03-07,XLK,0.33333333333333331
2017-03-07,XLP,0
2017-03-07,XLU,0
2017-03-07,XLV,0
2017-03-07,XLY,0
2017-03-08,GLD,0
2017-03-08,XLB,0
2017-03-08,XLE,0
2017-03-08,XLF,0.33333333333333331
2017-03-08,XLI,0.33333333333333331
2017-03-08,XLK,0.33333333333333331
2017-03-08,XLP,0
2017-03-08,XLU,0
2017-03-08,XLV,0
2017-03-08,XLY,0
2017-03-09,GLD,0
2017-03-09,XLB,0
2017-03-09,XLE,0
2017-03-09,XLF,0.33333333333333331
2017-03-09,XLI,0.33333333333333331
2017-03-09,XLK,0.33333333333333331
2017-03-09,XLP,0
2017-03-09,XLU,0
2017-03-09,XLV,0
2017-03-09,XLY,0
2017-03-10,GLD,0
2017-03-10,XLB,0
2017-03-10,XLE,0
2017-03-10,XLF,0.33333333333333331
2017-03-10,XLI,0.33333333333333331
2017-03-10,XLK,0.33333333333333331
2017-03-10,XLP,0
2017-03-10,XLU,0
2017-03-10,XLV,0
2017-03-10,XLY,0
2017-03-13,GLD,0
2017-03-13,XLB,0
2017-03-13,XLE,0
2017-03-13,XLF,0.33333333333333331
2017-03-13,XLI,0.33333333333333331
2017-03-13,XLK,0.33333333333333331
2017-03-13,XLP,0
2017-03-13,XLU,0
2017-03-13,XLV,0
2017-03-13,XLY,0
2017-03-14,GLD,0
2017-03-14,XLB,0
2017-03-14,XLE,0
2017-03-14,XLF,0.33333333333333331
2017-03-14,XLI,0.33333333333333331
2017-03-14,XLK,0.33333333333333331
2017-03-14,XLP,0
2017-03-14,XLU,0
2017-03-14,XLV,0
2017-03-14,XLY,0
2017-03-15,GLD,0
2017-03-15,XLB,0
2017-03-15,XLE,0
2017-03-15,XLF,0.33333333333333331
2017-03-15,XLI,0.33333333333333331
2017-03-15,XLK,0.33333333333333331
2017-03-15,XLP,0
2017-03-15,XLU,0
2017-03-15,XLV,0
2017-03-15,XLY,0
2017-03-16,GLD,0
2017-03-16,XLB,0
2017-03-16,XLE,0
2017-03-16,XLF,0.33333333333333331
2017-03-16,XLI,0.33333333333333331
2017-03-16,XLK,0.33333333333333331
2017-03-16,XLP,0
2017-03-16,XLU,0
2017-03-16,XLV,0
2017-03-16,XLY,0
2017-03-17,GLD,0
2017-03-17,XLB,0
2017-03-17,XLE,0
2017-03-17,XLF,0.33333333333333331
2017-03-17,XLI,0.33333333333333331
2017-03-17,XLK,0.33333333333333331
2017-03-17,XLP,0
2017-03-17,XLU,0
2017-03-17,XLV,0
2017-03-17,XLY,0
2017-03-20,GLD,0
2017-03-20,XLB,0
2017-03-20,XLE,0
2017-03-20,XLF,0.33333333333333331
2017-03-20,XLI,0.33333333333333331
2017-03-20,XLK,0.33333333333333331
2017-03-20,XLP,0
2017-03-20,XLU,0
2017-03-20,XLV,0
2017-03-20,XLY,0
2017-03-21,GLD,0
2017-03-21,XLB,0
2017-03-21,XLE,0
2017-03-21,XLF,0.33333333333333331
2017-03-21,XLI,0.33333333333333331
2017-03-21,XLK,0.33333333333333331
2017-03-21,XLP,0
2017-03-21,XLU,0
2017-03-21,XLV,0
2017-03-21,XLY,0
2017-03-22,GLD,0
2017-03-22,XLB,0
2017-03-22,XLE,0
2017-03-22,XLF,0.33333333333333331
2017-03-22,XLI,0.33333333333333331
2017-03-22,XLK,0.33333333333333331
2017-03-22,XLP,0
2017-03-22,XLU,0
2017-03-22,XLV,0
2017-03-22,XLY,0
2017-03-23,GLD,0
2017-03-23,XLB,0
2017-03-23,XLE,0
2017-03-23,XLF,0.33333333333333331
2017-03-23,XLI,0.33333333333333331
2017-03-23,XLK,0.33333333333333331
2017-03-23,XLP,0
2017-03-23,XLU,0
2017-03-23,XLV,0
2017-03-23,XLY,0
2017-03-24,GLD,0
2017-03-24,XLB,0
2017-03-24,XLE,0
2017-03-24,XLF,0.33333333333333331
2017-03-24,XLI,0.33333333333333331
2017-03-24,XLK,0.33333333333333331
2017-03-24,XLP,0
2017-03-24,XLU,0
2017-03-24,XLV,0
2017-03-24,XLY,0
2017-03-27,GLD,0
2017-03-27,XLB,0
2017-03-27,XLE,0
2017-03-27,XLF,0.33333333333333331
2017-03-27,XLI,0.33333333333333331
2017-03-27,XLK,0.33333333333333331
2017-03-27,XLP,0
2017-03-27,XLU,0
2017-03-27,XLV,0
2017-03-27,XLY,0
2017-03-28,GLD,0
2017-03-28,XLB,0
2017-03-28,XLE,0
2017-03-28,XLF,0.33333333333333331
2017-03-28,XLI,0.33333333333333331
2017-03-28,XLK,0.33333333333333331
2017-03-28,XLP,0
2017-03-28,XLU,0
2017-03-28,XLV,0
2017-03-28,XLY,0
2017-03-29,GLD,0
2017-03-29,XLB,0
2017-03-29,XLE,0
2017-03-29,XLF,0.33333333333333331
2017-03-29,XLI,0.33333333333333331
2017-03-29,XLK,0.33333333333333331
2017-03-29,XLP,0
2017-03-29,XLU,0
2017-03-29,XLV,0
2017-03-29,XLY,0
2017-03-30,GLD,0
2017-03-30,XLB,0
2017-03-30,XLE,0
2017-03-30,XLF,0.33333333333333331
2017-03-30,XLI,0.33333333333333331
2017-03-30,XLK,0.33333333333333331
2017-03-30,XLP,0
2017-03-30,XLU,0
2017-03-30,XLV,0
2017-03-30,XLY,0
2017-03-31,GLD,0
2017-03-31,XLB,0
2017-03-31,XLE,0
2017-03-31,XLF,0.33333333333333331
2017-03-31,XLI,0.33333333333333331
2017-03-31,XLK,0.33333333333333331
2017-03-31,XLP,0
2017-03-31,XLU,0
2017-03-31,XLV,0
2017-03-31,XLY,0
2017-04-03,GLD,0
2017-04-03,XLB,0
2017-04-03,XLE,0
2017-04-03,XLF,0.33333333333333331
2017-04-03,XLI,0.33333333333333331
2017-04-03,XLK,0.33333333333333331
2017-04-03,XLP,0
2017-04-03,XLU,0
2017-04-03,XLV,0
2017-04-03,XLY,0
2017-04-04,GLD,0
2017-04-04,XLB,0
2017-04-04,XLE,0
2017-04-04,XLF,0.33333333333333331
2017-04-04,XLI,0.33333333333333331
2017-04-04,XLK,0.33333333333333331
2017-04-04,XLP,0
2017-04-04,XLU,0
2017-04-04,XLV,0
2017-04-04,XLY,0
2017-04-05,GLD,0
2017-04-05,XLB,0
2017-04-05,XLE,0
2017-04-05,XLF,0.33333333333333331
2017-04-05,XLI,0.33333333333333331
2017-04-05,XLK,0.33333333333333331
2017-04-05,XLP,0
2017-04-05,XLU,0
2017-04-05,XLV,0
2017-04-05,XLY,0
2017-04-06,GLD,0
2017-04-06,XLB,0
2017-04-06,XLE,0
2017-04-06,XLF,0.33333333333333331
2017-04-06,XLI,0.33333333333333331
2017-04-06,XLK,0.33333333333333331
2017-04-06,XLP,0
2017-04-06,XLU,0
2017-04-06,XLV,0
2017-04-06,XLY,0
2017-04-07,GLD,0
2017-04-07,XLB,0
2017-04-07,XLE,0
2017-04-07,XLF,0.33333333333333331
2017-04-07,XLI,0.33333333333333331
2017-04-07,XLK,0.33333333333333331
2017-04-07,XLP,0
2017-04-07,XLU,0
2017-04-07,XLV,0
2017-04-07,XLY,0
2017-04-10,GLD,0
2017-04-10,XLB,0
2017-04-10,XLE,0
2017-04-10,XLF,0.33333333333333331
2017-04-10,XLI,0.33333333333333331
2017-04-10,XLK,0.33333333333333331
2017-04-10,XLP,0
2017-04-10,XLU,0
2017-04-10,XLV,0
2017-04-10,XLY,0
2017-04-11,GLD,0
2017-04-11,XLB,0
2017-04-11,XLE,0
2017-04-11,XLF,0.33333333333333331
2017-04-11,XLI,0.33333333333333331
2017-04-11,XLK,0.33333333333333331
2017-04-11,XLP,0
2017-04-11,XLU,0
2017-04-11,XLV,0
2017-04-11,XLY,0
2017-04-12,GLD,0
2017-04-12,XLB,0
2017-04-12,XLE,0
2017-04-12,XLF,0.33333333333333331
2017-04-12,XLI,0.33333333333333331
2017-04-12,XLK,0.33333333333333331
2017-04-12,XLP,0
2017-04-12,XLU,0
2017-04-12,XLV,0
2017-04-12,XLY,0
2017-04-13,GLD,0
2017-04-13,XLB,0
2017-04-13,XLE,0
2017-04-13,XLF,0.33333333333333331
2017-04-13,XLI,0.33333333333333331
2017-04-13,XLK,0.33333333333333331
2017-04-13,XLP,0
2017-04-13,XLU,0
2017-04-13,XLV,0
2017-04-13,XLY,0
2017-04-17,GLD,0
2017-04-17,XLB,0
2017-04-17,XLE,0
2017-04-17,XLF,0.33333333333333331
2017-04-17,XLI,0.33333333333333331
2017-04-17,XLK,0.33333333333333331
2017-04-17,XLP,0
2017-04-17,XLU,0
2017-04-17,XLV,0
2017-04-17,XLY,0
2017-04-18,GLD,0
2017-04-18,XLB,0
2017-04-18,XLE,0
2017-04-18,XLF,0.33333333333333331
2017-04-18,XLI,0.33333333333333331
2017-04-18,XLK,0.33333333333333331
2017-04-18,XLP,0
2017-04-18,XLU,0
2017-04-18,XLV,0
2017-04-18,XLY,0
2017-04-19,GLD,0
2017-04-19,XLB,0
2017-04-19,XLE,0
2017-04-19,XLF,0.33333333333333331
2017-04-19,XLI,0.33333333333333331
2017-04-19,XLK,0.33333333333333331
2017-04-19,XLP,0
2017-04-19,XLU,0
2017-04-19,XLV,0
2017-04-19,XLY,0
2017-04-20,GLD,0
2017-04-20,XLB,0
2017-04-20,XLE,0
2017-04-20,XLF,0.33333333333333331
2017-04-20,XLI,0.33333333333333331
2017-04-20,XLK,0.33333333333333331
2017-04-20,XLP,0
2017-04-20,XLU,0
2017-04-20,XLV,0
2017-04-20,XLY,0
2017-04-21,GLD,0
2017-04-21,XLB,0
2017-04-21,XLE,0
2017-04-21,XLF,0.33333333333333331
2017-04-21,XLI,0.33333333333333331
2017-04-21,XLK,0.33333333333333331
2017-04-21,XLP,0
2017-04-21,XLU,0
2017-04-21,XLV,0
2017-04-21,XLY,0
2017-04-24,GLD,0
2017-04-24,XLB,0
2017-04-24,XLE,0
2017-04-24,XLF,0.33333333333333331
2017-04-24,XLI,0.33333333333333331
2017-04-24,XLK,0.33333333333333331
2017-04-24,XLP,0
2017-04-24,XLU,0
2017-04-24,XLV,0
2017-04-24,XLY,0
2017-04-25,GLD,0
2017-04-25,XLB,0
2017-04-25,XLE,0
2017-04-25,XLF,0.33333333333333331
2017-04-25,XLI,0.33333333333333331
2017-04-25,XLK,0.33333333333333331
2017-04-25,XLP,0
2017-04-25,XLU,0
2017-04-25,XLV,0
2017-04-25,XLY,0
2017-04-26,GLD,0
2017-04-26,XLB,0
2017-04-26,XLE,0
2017-04-26,XLF,0.33333333333333331
2017-04-26,XLI,0.33333333333333331
2017-04-26,XLK,0.33333333333333331
2017-04-26,XLP,0
2017-04-26,XLU,0
2017-04-26,XLV,0
2017-04-26,XLY,0
2017-04-27,GLD,0
2017-04-27,XLB,0
2017-04-27,XLE,0
2017-04-27,XLF,0.33333333333333331
2017-04-27,XLI,0.33333333333333331
2017-04-27,XLK,0.33333333333333331
2017-04-27,XLP,0
2017-04-27,XLU,0
2017-04-27,XLV,0
2017-04-27,XLY,0
2017-04-28,GLD,0
2017-04-28,XLB,0
2017-04-28,XLE,0
2017-04-28,XLF,0.33333333333333331
2017-04-28,XLI,0.33333333333333331
2017-04-28,XLK,0.33333333333333331
2017-04-28,XLP,0
2017-04-28,XLU,0
2017-04-28,XLV,0
2017-04-28,XLY,0
2017-05-01,GLD,0
2017-05-01,XLB,0
2017-05-01,XLE,0
2017-05-01,XLF,0.33333333333333331
2017-05-01,XLI,0.33333333333333331
2017-05-01,XLK,0.33333333333333331
2017-05-01,XLP,0
2017-05-01,XLU,0
2017-05-01,XLV,0
2017-05-01,XLY,0
2017-05-02,GLD,0
2017-05-02,XLB,0
2017-05-02,XLE,0
2017-05-02,XLF,0.33333333333333331
2017-05-02,XLI,0.33333333333333331
2017-05-02,XLK,0.33333333333333331
2017-05-02,XLP,0
2017-05-02,XLU,0
2017-05-02,XLV,0
2017-05-02,XLY,0
2017-05-03,GLD,0
2017-05-03,XLB,0
2017-05-03,XLE,0
2017-05-03,XLF,0.33333333333333331
2017-05-03,XLI,0.33333333333333331
2017-05-03,XLK,0.33333333333333331
2017-05-03,XLP,0
2017-05-03,XLU,0
2017-05-03,XLV,0
2017-05-03,XLY,0
2017-05-04,GLD,0
2017-05-04,XLB,0
2017-05-04,XLE,0
2017-05-04,XLF,0.33333333333333331
2017-05-04,XLI,0.33333333333333331
2017-05-04,XLK,0.33333333333333331
2017-05-04,XLP,0
2017-05-04,XLU,0
2017-05-04,XLV,0
2017-05-04,XLY,0
2017-05-05,GLD,0
2017-05-05,XLB,0
2017-05-05,XLE,0
2017-05-05,XLF,0.33333333333333331
2017-05-05,XLI,0.33333333333333331
2017-05-05,XLK,0.33333333333333331
2017-05-05,XLP,0
2017-05-05,XLU,0
2017-05-05,XLV,0
2017-05-05,XLY,0
2017-05-08,GLD,0
2017-05-08,XLB,0
2017-05-08,XLE,0
2017-05-08,XLF,0.33333333333333331
2017-05-08,XLI,0.33333333333333331
2017-05-08,XLK,0.33333333333333331
2017-05-08,XLP,0
2017-05-08,XLU,0
2017-05-08,XLV,0
2017-05-08,XLY,0
2017-05-09,GLD,0
2017-05-09,XLB,0
2017-05-09,XLE,0
2017-05-09,XLF,0.33333333333333331
2017-05-09,XLI,0.33333333333333331
2017-05-09,XLK,0.33333333333333331
2017-05-09,XLP,0
2017-05-09,XLU,0
2017-05-09,XLV,0
2017-05-09,XLY,0
2017-05-10,GLD,0
2017-05-10,XLB,0
2017-05-10,XLE,0
2017-05-10,XLF,0.33333333333333331
2017-05-10,XLI,0.33333333333333331
2017-05-10,XLK,0.33333333333333331
2017-05-10,XLP,0
2017-05-10,XLU,0
2017-05-10,XLV,0
2017-05-10,XLY,0
2017-05-11,GLD,0
2017-05-11,XLB,0
2017-05-11,XLE,0
2017-05-11,XLF,0.33333333333333331
2017-05-11,XLI,0.33333333333333331
2017-05-11,XLK,0.33333333333333331
2017-05-11,XLP,0
2017-05-11,XLU,0
2017-05-11,XLV,0
2017-05-11,XLY,0
2017-05-12,GLD,0
2017-05-12,XLB,0
2017-05-12,XLE,0
2017-05-12,XLF,0.33333333333333331
2017-05-12,XLI,0.33333333333333331
2017-05-12,XLK,0.33333333333333331
2017-05-12,XLP,0
2017-05-12,XLU,0
2017-05-12,XLV,0
2017-05-12,XLY,0
2017-05-15,GLD,0
2017-05-15,XLB,0
2017-05-15,XLE,0
2017-05-15,XLF,0.33333333333333331
2017-05-15,XLI,0.33333333333333331
2017-05-15,XLK,0.33333333333333331
2017-05-15,XLP,0
2017-05-15,XLU,0
2017-05-15,XLV,0
2017-05-15,XLY,0
2017-05-16,GLD,0
2017-05-16,XLB,0
2017-05-16,XLE,0
2017-05-16,XLF,0.33333333333333331
2017-05-16,XLI,0.33333333333333331
2017-05-16,XLK,0.33333333333333331
2017-05-16,XLP,0
2017-05-16,XLU,0
2017-05-16,XLV,0
2017-05-16,XLY,0
2017-05-17,GLD,0
2017-05-17,XLB,0
2017-05-17,XLE,0
2017-05-17,XLF,0.33333333333333331
2017-05-17,XLI,0.33333333333333331
2017-05-17,XLK,0.33333333333333331
2017-05-17,XLP,0
2017-05-17,XLU,0
2017-05-17,XLV,0
2017-05-17,XLY,0
2017-05-18,GLD,0
2017-05-18,XLB,0
2017-05-18,XLE,0
2017-05-18,XLF,0.33333333333333331
2017-05-18,XLI,0.33333333333333331
2017-05-18,XLK,0.33333333333333331
2017-05-18,XLP,0
2017-05-18,XLU,0
2017-05-18,XLV,0
2017-05-18,XLY,0
2017-05-19,GLD,0
2017-05-19,XLB,0
2017-05-19,XLE,0
2017-05-19,XLF,0.33333333333333331
2017-05-19,XLI,0.33333333333333331
2017-05-19,XLK,0.33333333333333331
2017-05-19,XLP,0
2017-05-19,XLU,0
2017-05-19,XLV,0
2017-05-19,XLY,0
2017-05-22,GLD,0
2017-05-22,XLB,0
2017-05-22,XLE,0
2017-05-22,XLF,0.33333333333333331
2017-05-22,XLI,0.33333333333333331
2017-05-22,XLK,0.33333333333333331
2017-05-22,XLP,0
2017-05-22,XLU,0
2017-05-22,XLV,0
2017-05-22,XLY,0
2017-05-23,GLD,0
2017-05-23,XLB,0
2017-05-23,XLE,0
2017-05-23,XLF,0.33333333333333331
2017-05-23,XLI,0.33333333333333331
2017-05-23,XLK,0.33333333333333331
2017-05-23,XLP,0
2017-05-23,XLU,0
2017-05-23,XLV,0
2017-05-23,XLY,0
2017-05-24,GLD,0
2017-05-24,XLB,0
2017-05-24,XLE,0
2017-05-24,XLF,0.33333333333333331
2017-05-24,XLI,0.33333333333333331
2017-05-24,XLK,0.33333333333333331
2017-05-24,XLP,0
2017-05-24,XLU,0
2017-05-24,XLV,0
2017-05-24,XLY,0
2017-05-25,GLD,0
2017-05-25,XLB,0
2017-05-25,XLE,0
2017-05-25,XLF,0.33333333333333331
2017-05-25,XLI,0.33333333333333331
2017-05-25,XLK,0.33333333333333331
2017-05-25,XLP,0
2017-05-25,XLU,0
2017-05-25,XLV,0
2017-05-25,XLY,0
2017-05-26,GLD,0
2017-05-26,XLB,0
2017-05-26,XLE,0
2017-05-26,XLF,0.33333333333333331
2017-05-26,XLI,0.33333333333333331
2017-05-26,XLK,0.33333333333333331
2017-05-26,XLP,0
2017-05-26,XLU,0
2017-05-26,XLV,0
2017-05-26,XLY,0
2017-05-30,GLD,0
2017-05-30,XLB,0
2017-05-30,XLE,0
2017-05-30,XLF,0.33333333333333331
2017-05-30,XLI,0.33333333333333331
2017-05-30,XLK,0.33333333333333331
2017-05-30,XLP,0
2017-05-30,XLU,0
2017-05-30,XLV,0
2017-05-30,XLY,0
2017-05-31,GLD,0
2017-05-31,XLB,0
2017-05-31,XLE,0
2017-05-31,XLF,0.33333333333333331
2017-05-31,XLI,0.33333333333333331
2017-05-31,XLK,0.33333333333333331
2017-05-31,XLP,0
2017-05-31,XLU,0
2017-05-31,XLV,0
2017-05-31,XLY,0
2017-06-01,GLD,0
2017-06-01,XLB,0
2017-06-01,XLE,0
2017-06-01,XLF,0.33333333333333331
2017-06-01,XLI,0.33333333333333331
2017-06-01,XLK,0.33333333333333331
2017-06-01,XLP,0
2017-06-01,XLU,0
2017-06-01,XLV,0
2017-06-01,XLY,0
2017-06-02,GLD,0
2017-06-02,XLB,0
2017-06-02,XLE,0
2017-06-02,XLF,0
2017-06-02,XLI,0
2017-06-02,XLK,0.33333333333333331
2017-06-02,XLP,0.33333333333333331
2017-06-02,XLU,0.33333333333333331
2017-06-02,XLV,0
2017-06-02,XLY,0
2017-06-05,GLD,0
2017-06-05,XLB,0
2017-06-05,XLE,0
2017-06-05,XLF,0
2017-06-05,XLI,0
2017-06-05,XLK,0.33333333333333331
2017-06-05,XLP,0.33333333333333331
2017-06-05,XLU,0.33333333333333331
2017-06-05,XLV,0
2017-06-05,XLY,0
2017-06-06,GLD,0
2017-06-06,XLB,0
2017-06-06,XLE,0
2017-06-06,XLF,0
2017-06-06,XLI,0
2017-06-06,XLK,0.33333333333333331
2017-06-06,XLP,0.33333333333333331
2017-06-06,XLU,0.33333333333333331
2017-06-06,XLV,0
2017-06-06,XLY,0
2017-06-07,GLD,0
2017-06-07,XLB,0
2017-06-07,XLE,0
2017-06-07,XLF,0
2017-06-07,XLI,0
2017-06-07,XLK,0.33333333333333331
2017-06-07,XLP,0.33333333333333331
2017-06-07,XLU,0.33333333333333331
2017-06-07,XLV,0
2017-06-07,XLY,0
2017-06-08,GLD,0
2017-06-08,XLB,0
2017-06-08,XLE,0
2017-06-08,XLF,0
2017-06-08,XLI,0
2017-06-08,XLK,0.33333333333333331
2017-06-08,XLP,0.33333333333333331
2017-06-08,XLU,0.33333333333333331
2017-06-08,XLV,0
2017-06-08,XLY,0
2017-06-09,GLD,0
2017-06-09,XLB,0
2017-06-09,XLE,0
2017-06-09,XLF,0
2017-06-09,XLI,0
2017-06-09,XLK,0.33333333333333331
2017-06-09,XLP,0.33333333333333331
2017-06-09,XLU,0.33333333333333331
2017-06-09,XLV,0
2017-06-09,XLY,0
2017-06-12,GLD,0
2017-06-12,XLB,0
2017-06-12,XLE,0
2017-06-12,XLF,0
2017-06-12,XLI,0
2017-06-12,XLK,0.33333333333333331
2017-06-12,XLP,0.33333333333333331
2017-06-12,XLU,0.33333333333333331
2017-06-12,XLV,0
2017-06-12,XLY,0
2017-06-13,GLD,0
2017-06-13,XLB,0
2017-06-13,XLE,0
2017-06-13,XLF,0
2017-06-13,XLI,0
2017-06-13,XLK,0.33333333333333331
2017-06-13,XLP,0.33333333333333331
2017-06-13,XLU,0.33333333333333331
2017-06-13,XLV,0
2017-06-13,XLY,0
2017-06-14,GLD,0
2017-06-14,XLB,0
2017-06-14,XLE,0
2017-06-14,XLF,0
2017-06-14,XLI,0
2017-06-14,XLK,0.33333333333333331
2017-06-14,XLP,0.33333333333333331
2017-06-14,XLU,0.33333333333333331
2017-06-14,XLV,0
2017-06-14,XLY,0
2017-06-15,GLD,0
2017-06-15,XLB,0
2017-06-15,XLE,0
2017-06-15,XLF,0
2017-06-15,XLI,0
2017-06-15,XLK,0.33333333333333331
2017-06-15,XLP,0.33333333333333331
2017-06-15,XLU,0.33333333333333331
2017-06-15,XLV,0
2017-06-15,XLY,0
2017-06-16,GLD,0
2017-06-16,XLB,0
2017-06-16,XLE,0
2017-06-16,XLF,0
2017-06-16,XLI,0
2017-06-16,XLK,0.33333333333333331
2017-06-16,XLP,0.33333333333333331
2017-06-16,XLU,0.33333333333333331
2017-06-16,XLV,0
2017-06-16,XLY,0
2017-06-19,GLD,0
2017-06-19,XLB,0
2017-06-19,XLE,0
2017-06-19,XLF,0
2017-06-19,XLI,0
2017-06-19,XLK,0.33333333333333331
2017-06-19,XLP,0.33333333333333331
2017-06-19,XLU,0.33333333333333331
2017-06-19,XLV,0
2017-06-19,XLY,0
2017-06-20,GLD,0
2017-06-20,XLB,0
2017-06-20,XLE,0
2017-06-20,XLF,0
2017-06-20,XLI,0
2017-06-20,XLK,0.33333333333333331
2017-06-20,XLP,0.33333333333333331
2017-06-20,XLU,0.33333333333333331
2017-06-20,XLV,0
2017-06-20,XLY,0
2017-06-21,GLD,0
2017-06-21,XLB,0
2017-06-21,XLE,0
2017-06-21,XLF,0
2017-06-21,XLI,0
2017-06-21,XLK,0.33333333333333331
2017-06-21,XLP,0.33333333333333331
2017-06-21,XLU,0.33333333333333331
2017-06-21,XLV,0
2017-06-21,XLY,0
2017-06-22,GLD,0
2017-06-22,XLB,0
2017-06-22,XLE,0
2017-06-22,XLF,0
2017-06-22,XLI,0
2017-06-22,XLK,0.33333333333333331
2017-06-22,XLP,0.33333333333333331
2017-06-22,XLU,0.33333333333333331
2017-06-22,XLV,0
2017-06-22,XLY,0
2017-06-23,GLD,0
2017-06-23,XLB,0
2017-06-23,XLE,0
2017-06-23,XLF,0
2017-06-23,XLI,0
2017-06-23,XLK,0.33333333333333331
2017-06-23,XLP,0.33333333333333331
2017-06-23,XLU,0.33333333333333331
2017-06-23,XLV,0
2017-06-23,XLY,0
2017-06-26,GLD,0
2017-06-26,XLB,0
2017-06-26,XLE,0
2017-06-26,XLF,0
2017-06-26,XLI,0
2017-06-26,XLK,0.33333333333333331
2017-06-26,XLP,0.33333333333333331
2017-06-26,XLU,0.33333333333333331
2017-06-26,XLV,0
2017-06-26,XLY,0
2017-06-27,GLD,0
2017-06-27,XLB,0
2017-06-27,XLE,0
2017-06-27,XLF,0
2017-06-27,XLI,0
2017-06-27,XLK,0.33333333333333331
2017-06-27,XLP,0.33333333333333331
2017-06-27,XLU,0.33333333333333331
2017-06-27,XLV,0
2017-06-27,XLY,0
2017-06-28,GLD,0
2017-06-28,XLB,0
2017-06-28,XLE,0
2017-06-28,XLF,0
2017-06-28,XLI,0
2017-06-28,XLK,0.33333333333333331
2017-06-28,XLP,0.33333333333333331
2017-06-28,XLU,0.33333333333333331
2017-06-28,XLV,0
2017-06-28,XLY,0
2017-06-29,GLD,0
2017-06-29,XLB,0
2017-06-29,XLE,0
2017-06-29,XLF,0
2017-06-29,XLI,0
2017-06-29,XLK,0.33333333333333331
2017-06-29,XLP,0.33333333333333331
2017-06-29,XLU,0.33333333333333331
2017-06-29,XLV,0
2017-06-29,XLY,0
2017-06-30,GLD,0
2017-06-30,XLB,0
2017-06-30,XLE,0
2017-06-30,XLF,0
2017-06-30,XLI,0
2017-06-30,XLK,0.33333333333333331
2017-06-30,XLP,0.33333333333333331
2017-06-30,XLU,0.33333333333333331
2017-06-30,XLV,0
2017-06-30,XLY,0
2017-07-03,GLD,0
2017-07-03,XLB,0
2017-07-03,XLE,0
2017-07-03,XLF,0
2017-07-03,XLI,0.33333333333333331
2017-07-03,XLK,0.33333333333333331
2017-07-03,XLP,0
2017-07-03,XLU,0
2017-07-03,XLV,0.33333333333333331
2017-07-03,XLY,0
2017-07-05,GLD,0
2017-07-05,XLB,0
2017-07-05,XLE,0
2017-07-05,XLF,0
2017-07-05,XLI,0.33333333333333331
2017-07-05,XLK,0.33333333333333331
2017-07-05,XLP,0
2017-07-05,XLU,0
2017-07-05,XLV,0.33333333333333331
2017-07-05,XLY,0
2017-07-06,GLD,0
2017-07-06,XLB,0
2017-07-06,XLE,0
2017-07-06,XLF,0
2017-07-06,XLI,0.33333333333333331
2017-07-06,XLK,0.33333333333333331
2017-07-06,XLP,0
2017-07-06,XLU,0
2017-07-06,XLV,0.33333333333333331
2017-07-06,XLY,0
2017-07-07,GLD,0
2017-07-07,XLB,0
2017-07-07,XLE,0
2017-07-07,XLF,0
2017-07-07,XLI,0.33333333333333331
2017-07-07,XLK,0.33333333333333331
2017-07-07,XLP,0
2017-07-07,XLU,0
2017-07-07,XLV,0.33333333333333331
2017-07-07,XLY,0
2017-07-10,GLD,0
2017-07-10,XLB,0
2017-07-10,XLE,0
2017-07-10,XLF,0
2017-07-10,XLI,0.33333333333333331
2017-07-10,XLK,0.33333333333333331
2017-07-10,XLP,0
2017-07-10,XLU,0
2017-07-10,XLV,0.33333333333333331
2017-07-10,XLY,0
2017-07-11,GLD,0
2017-07-11,XLB,0
2017-07-11,XLE,0
2017-07-11,XLF,0
2017-07-11,XLI,0.33333333333333331
2017-07-11,XLK,0.33333333333333331
2017-07-11,XLP,0
2017-07-11,XLU,0
2017-07-11,XLV,0.33333333333333331
2017-07-11,XLY,0
2017-07-12,GLD,0
2017-07-12,XLB,0
2017-07-12,XLE,0
2017-07-12,XLF,0
2017-07-12,XLI,0.33333333333333331
2017-07-12,XLK,0.33333333333333331
2017-07-12,XLP,0
2017-07-12,XLU,0
2017-07-12,XLV,0.33333333333333331
2017-07-12,XLY,0
2017-07-13,GLD,0
2017-07-13,XLB,0
2017-07-13,XLE,0
2017-07-13,XLF,0
2017-07-13,XLI,0.33333333333333331
2017-07-13,XLK,0.33333333333333331
2017-07-13,XLP,0
2017-07-13,XLU,0
2017-07-13,XLV,0.33333333333333331
2017-07-13,XLY,0
2017-07-14,GLD,0
2017-07-14,XLB,0
2017-07-14,XLE,0
2017-07-14,XLF,0
2017-07-14,XLI,0.33333333333333331
2017-07-14,XLK,0.33333333333333331
2017-07-14,XLP,0
2017-07-14,XLU,0
2017-07-14,XLV,0.33333333333333331
2017-07-14,XLY,0
2017-07-17,GLD,0
2017-07-17,XLB,0
2017-07-17,XLE,0
2017-07-17,XLF,0
2017-07-17,XLI,0.33333333333333331
2017-07-17,XLK,0.33333333333333331
2017-07-17,XLP,0
2017-07-17,XLU,0
2017-07-17,XLV,0.33333333333333331
2017-07-17,XLY,0
2017-07-18,GLD,0
2017-07-18,XLB,0
2017-07-18,XLE,0
2017-07-18,XLF,0
2017-07-18,XLI,0.33333333333333331
2017-07-18,XLK,0.33333333333333331
2017-07-18,XLP,0
2017-07-18,XLU,0
2017-07-18,XLV,0.33333333333333331
2017-07-18,XLY,0
2017-07-19,GLD,0
2017-07-19,XLB,0
2017-07-19,XLE,0
2017-07-19,XLF,0
2017-07-19,XLI,0.33333333333333331
2017-07-19,XLK,0.33333333333333331
2017-07-19,XLP,0
2017-07-19,XLU,0
2017-07-19,XLV,0.33333333333333331
2017-07-19,XLY,0
2017-07-20,GLD,0
2017-07-20,XLB,0
2017-07-20,XLE,0
2017-07-20,XLF,0
2017-07-20,XLI,0.33333333333333331
2017-07-20,XLK,0.33333333333333331
2017-07-20,XLP,0
2017-07-20,XLU,0
2017-07-20,XLV,0.33333333333333331
2017-07-20,XLY,0
2017-07-21,GLD,0
2017-07-21,XLB,0
2017-07-21,XLE,0
2017-07-21,XLF,0
2017-07-21,XLI,0.33333333333333331
2017-07-21,XLK,0.33333333333333331
2017-07-21,XLP,0
2017-07-21,XLU,0
2017-07-21,XLV,0.33333333333333331
2017-07-21,XLY,0
2017-07-24,GLD,0
2017-07-24,XLB,0
2017-07-24,XLE,0
2017-07-24,XLF,0
2017-07-24,XLI,0.33333333333333331
2017-07-24,XLK,0.33333333333333331
2017-07-24,XLP,0
2017-07-24,XLU,0
2017-07-24,XLV,0.33333333333333331
2017-07-24,XLY,0
2017-07-25,GLD,0
2017-07-25,XLB,0
2017-07-25,XLE,0
2017-07-25,XLF,0
2017-07-25,XLI,0.33333333333333331
2017-07-25,XLK,0.33333333333333331
2017-07-25,XLP,0
2017-07-25,XLU,0
2017-07-25,XLV,0.33333333333333331
2017-07-25,XLY,0
2017-07-26,GLD,0
2017-07-26,XLB,0
2017-07-26,XLE,0
2017-07-26,XLF,0
2017-07-26,XLI,0.33333333333333331
2017-07-26,XLK,0.33333333333333331
2017-07-26,XLP,0
2017-07-26,XLU,0
2017-07-26,XLV,0.33333333333333331
2017-07-26,XLY,0
2017-07-27,GLD,0
2017-07-27,XLB,0
2017-07-27,XLE,0
2017-07-27,XLF,0
2017-07-27,XLI,0.33333333333333331
2017-07-27,XLK,0.33333333333333331
2017-07-27,XLP,0
2017-07-27,XLU,0
2017-07-27,XLV,0.33333333333333331
2017-07-27,XLY,0
2017-07-28,GLD,0
2017-07-28,XLB,0
2017-07-28,XLE,0
2017-07-28,XLF,0
2017-07-28,XLI,0.33333333333333331
2017-07-28,XLK,0.33333333333333331
2017-07-28,XLP,0
2017-07-28,XLU,0
2017-07-28,XLV,0.33333333333333331
2017-07-28,XLY,0
2017-07-31,GLD,0
2017-07-31,XLB,0
2017-07-31,XLE,0
2017-07-31,XLF,0
2017-07-31,XLI,0.33333333333333331
2017-07-31,XLK,0.33333333333333331
2017-07-31,XLP,0
2017-07-31,XLU,0
2017-07-31,XLV,0.33333333333333331
2017-07-31,XLY,0
2017-08-01,GLD,0
2017-08-01,XLB,0
2017-08-01,XLE,0
2017-08-01,XLF,0
2017-08-01,XLI,0.33333333333333331
2017-08-01,XLK,0.33333333333333331
2017-08-01,XLP,0
2017-08-01,XLU,0
2017-08-01,XLV,0.33333333333333331
2017-08-01,XLY,0
2017-08-02,GLD,0
2017-08-02,XLB,0
2017-08-02,XLE,0
2017-08-02,XLF,0
2017-08-02,XLI,0
2017-08-02,XLK,0.33333333333333331
2017-08-02,XLP,0
2017-08-02,XLU,0.33333333333333331
2017-08-02,XLV,0.33333333333333331
2017-08-02,XLY,0
2017-08-03,GLD,0
2017-08-03,XLB,0
2017-08-03,XLE,0
2017-08-03,XLF,0
2017-08-03,XLI,0
2017-08-03,XLK,0.33333333333333331
2017-08-03,XLP,0
2017-08-03,XLU,0.33333333333333331
2017-08-03,XLV,0.33333333333333331
2017-08-03,XLY,0
2017-08-04,GLD,0
2017-08-04,XLB,0
2017-08-04,XLE,0
2017-08-04,XLF,0
2017-08-04,XLI,0
2017-08-04,XLK,0.33333333333333331
2017-08-04,XLP,0
2017-08-04,XLU,0.33333333333333331
2017-08-04,XLV,0.33333333333333331
2017-08-04,XLY,0
2017-08-07,GLD,0
2017-08-07,XLB,0
2017-08-07,XLE,0
2017-08-07,XLF,0
2017-08-07,XLI,0
2017-08-07,XLK,0.33333333333333331
2017-08-07,XLP,0
2017-08-07,XLU,0.33333333333333331
2017-08-07,XLV,0.33333333333333331
2017-08-07,XLY,0
2017-08-08,GLD,0
2017-08-08,XLB,0
2017-08-08,XLE,0
2017-08-08,XLF,0
2017-08-08,XLI,0
2017-08-08,XLK,0.33333333333333331
2017-08-08,XLP,0
2017-08-08,XLU,0.33333333333333331
2017-08-08,XLV,0.33333333333333331
2017-08-08,XLY,0
2017-08-09,GLD,0
2017-08-09,XLB,0
2017-08-09,XLE,0
2017-08-09,XLF,0
2017-08-09,XLI,0
2017-08-09,XLK,0.33333333333333331
2017-08-09,XLP,0
2017-08-09,XLU,0.33333333333333331
2017-08-09,XLV,0.33333333333333331
2017-08-09,XLY,0
2017-08-10,GLD,0
2017-08-10,XLB,0
2017-08-10,XLE,0
2017-08-10,XLF,0
2017-08-10,XLI,0
2017-08-10,XLK,0.33333333333333331
2017-08-10,XLP,0
2017-08-10,XLU,0.33333333333333331
2017-08-10,XLV,0.33333333333333331
2017-08-10,XLY,0
2017-08-11,GLD,0
2017-08-11,XLB,0
2017-08-11,XLE,0
2017-08-11,XLF,0
2017-08-11,XLI,0
2017-08-11,XLK,0.33333333333333331
2017-08-11,XLP,0
2017-08-11,XLU,0.33333333333333331
2017-08-11,XLV,0.33333333333333331
2017-08-11,XLY,0
2017-08-14,GLD,0
2017-08-14,XLB,0
2017-08-14,XLE,0
2017-08-14,XLF,0
2017-08-14,XLI,0
2017-08-14,XLK,0.33333333333333331
2017-08-14,XLP,0
2017-08-14,XLU,0.33333333333333331
2017-08-14,XLV,0.33333333333333331
2017-08-14,XLY,0
2017-08-15,GLD,0
2017-08-15,XLB,0
2017-08-15,XLE,0
2017-08-15,XLF,0
2017-08-15,XLI,0
2017-08-15,XLK,0.33333333333333331
2017-08-15,XLP,0
2017-08-15,XLU,0.33333333333333331
2017-08-15,XLV,0.33333333333333331
2017-08-15,XLY,0
2017-08-16,GLD,0
2017-08-16,XLB,0
2017-08-16,XLE,0
2017-08-16,XLF,0
2017-08-16,XLI,0
2017-08-16,XLK,0.33333333333333331
2017-08-16,XLP,0
2017-08-16,XLU,0.33333333333333331
2017-08-16,XLV,0.33333333333333331
2017-08-16,XLY,0
2017-08-17,GLD,0
2017-08-17,XLB,0
2017-08-17,XLE,0
2017-08-17,XLF,0
2017-08-17,XLI,0
2017-08-17,XLK,0.33333333333333331
2017-08-17,XLP,0
2017-08-17,XLU,0.33333333333333331
2017-08-17,XLV,0.33333333333333331
2017-08-17,XLY,0
2017-08-18,GLD,0
2017-08-18,XLB,0
2017-08-18,XLE,0
2017-08-18,XLF,0
2017-08-18,XLI,0
2017-08-18,XLK,0.33333333333333331
2017-08-18,XLP,0
2017-08-18,XLU,0.33333333333333331
2017-08-18,XLV,0.33333333333333331
2017-08-18,XLY,0
2017-08-21,GLD,0
2017-08-21,XLB,0
2017-08-21,XLE,0
2017-08-21,XLF,0
2017-08-21,XLI,0
2017-08-21,XLK,0.33333333333333331
2017-08-21,XLP,0
2017-08-21,XLU,0.33333333333333331
2017-08-21,XLV,0.33333333333333331
2017-08-21,XLY,0
2017-08-22,GLD,0
2017-08-22,XLB,0
2017-08-22,XLE,0
2017-08-22,XLF,0
2017-08-22,XLI,0
2017-08-22,XLK,0.33333333333333331
2017-08-22,XLP,0
2017-08-22,XLU,0.33333333333333331
2017-08-22,XLV,0.33333333333333331
2017-08-22,XLY,0
2017-08-23,GLD,0
2017-08-23,XLB,0
2017-08-23,XLE,0
2017-08-23,XLF,0
2017-08-23,XLI,0
2017-08-23,XLK,0.33333333333333331
2017-08-23,XLP,0
2017-08-23,XLU,0.33333333333333331
2017-08-23,XLV,0.33333333333333331
2017-08-23,XLY,0
2017-08-24,GLD,0
2017-08-24,XLB,0
2017-08-24,XLE,0
2017-08-24,XLF,0
2017-08-24,XLI,0
2017-08-24,XLK,0.33333333333333331
2017-08-24,XLP,0
2017-08-24,XLU,0.33333333333333331
2017-08-24,XLV,0.33333333333333331
2017-08-24,XLY,0
2017-08-25,GLD,0
2017-08-25,XLB,0
2017-08-25,XLE,0
2017-08-25,XLF,0
2017-08-25,XLI,0
2017-08-25,XLK,0.33333333333333331
2017-08-25,XLP,0
2017-08-25,XLU,0.33333333333333331
2017-08-25,XLV,0.33333333333333331
2017-08-25,XLY,0
2017-08-28,GLD,0
2017-08-28,XLB,0
2017-08-28,XLE,0
2017-08-28,XLF,0
2017-08-28,XLI,0
2017-08-28,XLK,0.33333333333333331
2017-08-28,XLP,0
2017-08-28,XLU,0.33333333333333331
2017-08-28,XLV,0.33333333333333331
2017-08-28,XLY,0
2017-08-29,GLD,0
2017-08-29,XLB,0
2017-08-29,XLE,0
2017-08-29,XLF,0
2017-08-29,XLI,0
2017-08-29,XLK,0.33333333333333331
2017-08-29,XLP,0
2017-08-29,XLU,0.33333333333333331
2017-08-29,XLV,0.33333333333333331
2017-08-29,XLY,0
2017-08-30,GLD,0
2017-08-30,XLB,0
2017-08-30,XLE,0
2017-08-30,XLF,0
2017-08-30,XLI,0
2017-08-30,XLK,0.33333333333333331
2017-08-30,XLP,0
2017-08-30,XLU,0.33333333333333331
2017-08-30,XLV,0.33333333333333331
2017-08-30,XLY,0
2017-08-31,GLD,0
2017-08-31,XLB,0
2017-08-31,XLE,0
2017-08-31,XLF,0
2017-08-31,XLI,0
2017-08-31,XLK,0.33333333333333331
2017-08-31,XLP,0
2017-08-31,XLU,0.33333333333333331
2017-08-31,XLV,0.33333333333333331
2017-08-31,XLY,0
2017-09-01,GLD,0
2017-09-01,XLB,0
2017-09-01,XLE,0
2017-09-01,XLF,0
2017-09-01,XLI,0
2017-09-01,XLK,0.33333333333333331
2017-09-01,XLP,0
2017-09-01,XLU,0.33333333333333331
2017-09-01,XLV,0.33333333333333331
2017-09-01,XLY,0
2017-09-05,GLD,0
2017-09-05,XLB,0
2017-09-05,XLE,0
2017-09-05,XLF,0
2017-09-05,XLI,0
2017-09-05,XLK,0.33333333333333331
2017-09-05,XLP,0
2017-09-05,XLU,0.33333333333333331
2017-09-05,XLV,0.33333333333333331
2017-09-05,XLY,0
2017-09-06,GLD,0
2017-09-06,XLB,0
2017-09-06,XLE,0
2017-09-06,XLF,0
2017-09-06,XLI,0
2017-09-06,XLK,0.33333333333333331
2017-09-06,XLP,0
2017-09-06,XLU,0.33333333333333331
2017-09-06,XLV,0.33333333333333331
2017-09-06,XLY,0
2017-09-07,GLD,0
2017-09-07,XLB,0
2017-09-07,XLE,0
2017-09-07,XLF,0
2017-09-07,XLI,0
2017-09-07,XLK,0.33333333333333331
2017-09-07,XLP,0
2017-09-07,XLU,0.33333333333333331
2017-09-07,XLV,0.33333333333333331
2017-09-07,XLY,0
2017-09-08,GLD,0
2017-09-08,XLB,0
2017-09-08,XLE,0
2017-09-08,XLF,0
2017-09-08,XLI,0
2017-09-08,XLK,0.33333333333333331
2017-09-08,XLP,0
2017-09-08,XLU,0.33333333333333331
2017-09-08,XLV,0.33333333333333331
2017-09-08,XLY,0
2017-09-11,GLD,0
2017-09-11,XLB,0
2017-09-11,XLE,0
2017-09-11,XLF,0
2017-09-11,XLI,0
2017-09-11,XLK,0.33333333333333331
2017-09-11,XLP,0
2017-09-11,XLU,0.33333333333333331
2017-09-11,XLV,0.33333333333333331
2017-09-11,XLY,0
2017-09-12,GLD,0
2017-09-12,XLB,0
2017-09-12,XLE,0
2017-09-12,XLF,0
2017-09-12,XLI,0
2017-09-12,XLK,0.33333333333333331
2017-09-12,XLP,0
2017-09-12,XLU,0.33333333333333331
2017-09-12,XLV,0.33333333333333331
2017-09-12,XLY,0
2017-09-13,GLD,0
2017-09-13,XLB,0
2017-09-13,XLE,0
2017-09-13,XLF,0
2017-09-13,XLI,0
2017-09-13,XLK,0.33333333333333331
2017-09-13,XLP,0
2017-09-13,XLU,0.33333333333333331
2017-09-13,XLV,0.33333333333333331
2017-09-13,XLY,0
2017-09-14,GLD,0
2017-09-14,XLB,0
2017-09-14,XLE,0
2017-09-14,XLF,0
2017-09-14,XLI,0
2017-09-14,XLK,0.33333333333333331
2017-09-14,XLP,0
2017-09-14,XLU,0.33333333333333331
2017-09-14,XLV,0.33333333333333331
2017-09-14,XLY,0
2017-09-15,GLD,0
2017-09-15,XLB,0
2017-09-15,XLE,0
2017-09-15,XLF,0
2017-09-15,XLI,0
2017-09-15,XLK,0.33333333333333331
2017-09-15,XLP,0
2017-09-15,XLU,0.33333333333333331
2017-09-15,XLV,0.33333333333333331
2017-09-15,XLY,0
2017-09-18,GLD,0
2017-09-18,XLB,0
2017-09-18,XLE,0
2017-09-18,XLF,0
2017-09-18,XLI,0
2017-09-18,XLK,0.33333333333333331
2017-09-18,XLP,0
2017-09-18,XLU,0.33333333333333331
2017-09-18,XLV,0.33333333333333331
2017-09-18,XLY,0
2017-09-19,GLD,0
2017-09-19,XLB,0
2017-09-19,XLE,0
2017-09-19,XLF,0
2017-09-19,XLI,0
2017-09-19,XLK,0.33333333333333331
2017-09-19,XLP,0
2017-09-19,XLU,0.33333333333333331
2017-09-19,XLV,0.33333333333333331
2017-09-19,XLY,0
2017-09-20,GLD,0
2017-09-20,XLB,0
2017-09-20,XLE,0
2017-09-20,XLF,0
2017-09-20,XLI,0
2017-09-20,XLK,0.33333333333333331
2017-09-20,XLP,0
2017-09-20,XLU,0.33333333333333331
2017-09-20,XLV,0.33333333333333331
2017-09-20,XLY,0
2017-09-21,GLD,0
2017-09-21,XLB,0
2017-09-21,XLE,0
2017-09-21,XLF,0
2017-09-21,XLI,0
2017-09-21,XLK,0.33333333333333331
2017-09-21,XLP,0
2017-09-21,XLU,0.33333333333333331
2017-09-21,XLV,0.33333333333333331
2017-09-21,XLY,0
2017-09-22,GLD,0
2017-09-22,XLB,0
2017-09-22,XLE,0
2017-09-22,XLF,0
2017-09-22,XLI,0
2017-09-22,XLK,0.33333333333333331
2017-09-22,XLP,0
2017-09-22,XLU,0.33333333333333331
2017-09-22,XLV,0.33333333333333331
2017-09-22,XLY,0
2017-09-25,GLD,0
2017-09-25,XLB,0
2017-09-25,XLE,0
2017-09-25,XLF,0
2017-09-25,XLI,0
2017-09-25,XLK,0.33333333333333331
2017-09-25,XLP,0
2017-09-25,XLU,0.33333333333333331
2017-09-25,XLV,0.33333333333333331
2017-09-25,XLY,0
2017-09-26,GLD,0
2017-09-26,XLB,0
2017-09-26,XLE,0
2017-09-26,XLF,0
2017-09-26,XLI,0
2017-09-26,XLK,0.33333333333333331
2017-09-26,XLP,0
2017-09-26,XLU,0.33333333333333331
2017-09-26,XLV,0.33333333333333331
2017-09-26,XLY,0
2017-09-27,GLD,0
2017-09-27,XLB,0
2017-09-27,XLE,0
2017-09-27,XLF,0
2017-09-27,XLI,0
2017-09-27,XLK,0.33333333333333331
2017-09-27,XLP,0
2017-09-27,XLU,0.33333333333333331
2017-09-27,XLV,0.33333333333333331
2017-09-27,XLY,0
2017-09-28,GLD,0
2017-09-28,XLB,0
2017-09-28,XLE,0
2017-09-28,XLF,0
2017-09-28,XLI,0
2017-09-28,XLK,0.33333333333333331
2017-09-28,XLP,0
2017-09-28,XLU,0.33333333333333331
2017-09-28,XLV,0.33333333333333331
2017-09-28,XLY,0
2017-09-29,GLD,0
2017-09-29,XLB,0
2017-09-29,XLE,0
2017-09-29,XLF,0
2017-09-29,XLI,0
2017-09-29,XLK,0.33333333333333331
2017-09-29,XLP,0
2017-09-29,XLU,0.33333333333333331
2017-09-29,XLV,0.33333333333333331
2017-09-29,XLY,0
2017-10-02,GLD,0
2017-10-02,XLB,0
2017-10-02,XLE,0
2017-10-02,XLF,0
2017-10-02,XLI,0.33333333333333331
2017-10-02,XLK,0.33333333333333331
2017-10-02,XLP,0
2017-10-02,XLU,0
2017-10-02,XLV,0.33333333333333331
2017-10-02,XLY,0
2017-10-03,GLD,0
2017-10-03,XLB,0
2017-10-03,XLE,0
2017-10-03,XLF,0
2017-10-03,XLI,0.33333333333333331
2017-10-03,XLK,0.33333333333333331
2017-10-03,XLP,0
2017-10-03,XLU,0
2017-10-03,XLV,0.33333333333333331
2017-10-03,XLY,0
2017-10-04,GLD,0
2017-10-04,XLB,0
2017-10-04,XLE,0
2017-10-04,XLF,0
2017-10-04,XLI,0.33333333333333331
2017-10-04,XLK,0.33333333333333331
2017-10-04,XLP,0
2017-10-04,XLU,0
2017-10-04,XLV,0.33333333333333331
2017-10-04,XLY,0
2017-10-05,GLD,0
2017-10-05,XLB,0
2017-10-05,XLE,0
2017-10-05,XLF,0
2017-10-05,XLI,0.33333333333333331
2017-10-05,XLK,0.33333333333333331
2017-10-05,XLP,0
2017-10-05,XLU,0
2017-10-05,XLV,0.33333333333333331
2017-10-05,XLY,0
2017-10-06,GLD,0
2017-10-06,XLB,0
2017-10-06,XLE,0
2017-10-06,XLF,0
2017-10-06,XLI,0.33333333333333331
2017-10-06,XLK,0.33333333333333331
2017-10-06,XLP,0
2017-10-06,XLU,0
2017-10-06,XLV,0.33333333333333331
2017-10-06,XLY,0
2017-10-09,GLD,0
2017-10-09,XLB,0
2017-10-09,XLE,0
2017-10-09,XLF,0
2017-10-09,XLI,0.33333333333333331
2017-10-09,XLK,0.33333333333333331
2017-10-09,XLP,0
2017-10-09,XLU,0
2017-10-09,XLV,0.33333333333333331
2017-10-09,XLY,0
2017-10-10,GLD,0
2017-10-10,XLB,0
2017-10-10,XLE,0
2017-10-10,XLF,0
2017-10-10,XLI,0.33333333333333331
2017-10-10,XLK,0.33333333333333331
2017-10-10,XLP,0
2017-10-10,XLU,0
2017-10-10,XLV,0.33333333333333331
2017-10-10,XLY,0
2017-10-11,GLD,0
2017-10-11,XLB,0
2017-10-11,XLE,0
2017-10-11,XLF,0
2017-10-11,XLI,0.33333333333333331
2017-10-11,XLK,0.33333333333333331
2017-10-11,XLP,0
2017-10-11,XLU,0
2017-10-11,XLV,0.33333333333333331
2017-10-11,XLY,0
2017-10-12,GLD,0
2017-10-12,XLB,0
2017-10-12,XLE,0
2017-10-12,XLF,0
2017-10-12,XLI,0.33333333333333331
2017-10-12,XLK,0.33333333333333331
2017-10-12,XLP,0
2017-10-12,XLU,0
2017-10-12,XLV,0.33333333333333331
2017-10-12,XLY,0
2017-10-13,GLD,0
2017-10-13,XLB,0
2017-10-13,XLE,0
2017-10-13,XLF,0
2017-10-13,XLI,0.33333333333333331
2017-10-13,XLK,0.33333333333333331
2017-10-13,XLP,0
2017-10-13,XLU,0
2017-10-13,XLV,0.33333333333333331
2017-10-13,XLY,0
2017-10-16,GLD,0
2017-10-16,XLB,0
2017-10-16,XLE,0
2017-10-16,XLF,0
2017-10-16,XLI,0.33333333333333331
2017-10-16,XLK,0.33333333333333331
2017-10-16,XLP,0
2017-10-16,XLU,0
2017-10-16,XLV,0.33333333333333331
2017-10-16,XLY,0
2017-10-17,GLD,0
2017-10-17,XLB,0
2017-10-17,XLE,0
2017-10-17,XLF,0
2017-10-17,XLI,0.33333333333333331
2017-10-17,XLK,0.33333333333333331
2017-10-17,XLP,0
2017-10-17,XLU,0
2017-10-17,XLV,0.33333333333333331
2017-10-17,XLY,0
2017-10-18,GLD,0
2017-10-18,XLB,0
2017-10-18,XLE,0
2017-10-18,XLF,0
2017-10-18,XLI,0.33333333333333331
2017-10-18,XLK,0.33333333333333331
2017-10-18,XLP,0
2017-10-18,XLU,0
2017-10-18,XLV,0.33333333333333331
2017-10-18,XLY,0
2017-10-19,GLD,0
2017-10-19,XLB,0
2017-10-19,XLE,0
2017-10-19,XLF,0
2017-10-19,XLI,0.33333333333333331
2017-10-19,XLK,0.33333333333333331
2017-10-19,XLP,0
2017-10-19,XLU,0
2017-10-19,XLV,0.33333333333333331
2017-10-19,XLY,0
2017-10-20,GLD,0
2017-10-20,XLB,0
2017-10-20,XLE,0
2017-10-20,XLF,0
2017-10-20,XLI,0.33333333333333331
2017-10-20,XLK,0.33333333333333331
2017-10-20,XLP,0
2017-10-20,XLU,0
2017-10-20,XLV,0.33333333333333331
2017-10-20,XLY,0
2017-10-23,GLD,0
2017-10-23,XLB,0
2017-10-23,XLE,0
2017-10-23,XLF,0
2017-10-23,XLI,0.33333333333333331
2017-10-23,XLK,0.33333333333333331
2017-10-23,XLP,0
2017-10-23,XLU,0
2017-10-23,XLV,0.33333333333333331
2017-10-23,XLY,0
2017-10-24,GLD,0
2017-10-24,XLB,0
2017-10-24,XLE,0
2017-10-24,XLF,0
2017-10-24,XLI,0.33333333333333331
2017-10-24,XLK,0.33333333333333331
2017-10-24,XLP,0
2017-10-24,XLU,0
2017-10-24,XLV,0.33333333333333331
2017-10-24,XLY,0
2017-10-25,GLD,0
2017-10-25,XLB,0
2017-10-25,XLE,0
2017-10-25,XLF,0
2017-10-25,XLI,0.33333333333333331
2017-10-25,XLK,0.33333333333333331
2017-10-25,XLP,0
2017-10-25,XLU,0
2017-10-25,XLV,0.33333333333333331
2017-10-25,XLY,0
2017-10-26,GLD,0
2017-10-26,XLB,0
2017-10-26,XLE,0
2017-10-26,XLF,0
2017-10-26,XLI,0.33333333333333331
2017-10-26,XLK,0.33333333333333331
2017-10-26,XLP,0
2017-10-26,XLU,0
2017-10-26,XLV,0.33333333333333331
2017-10-26,XLY,0
2017-10-27,GLD,0
2017-10-27,XLB,0
2017-10-27,XLE,0
2017-10-27,XLF,0
2017-10-27,XLI,0.33333333333333331
2017-10-27,XLK,0.33333333333333331
2017-10-27,XLP,0
2017-10-27,XLU,0
2017-10-27,XLV,0.33333333333333331
2017-10-27,XLY,0
2017-10-30,GLD,0
2017-10-30,XLB,0
2017-10-30,XLE,0
2017-10-30,XLF,0
2017-10-30,XLI,0.33333333333333331
2017-10-30,XLK,0.33333333333333331
2017-10-30,XLP,0
2017-10-30,XLU,0
2017-10-30,XLV,0.33333333333333331
2017-10-30,XLY,0
2017-10-31,GLD,0
2017-10-31,XLB,0.33333333333333331
2017-10-31,XLE,0
2017-10-31,XLF,0.33333333333333331
2017-10-31,XLI,0
2017-10-31,XLK,0.33333333333333331
2017-10-31,XLP,0
2017-10-31,XLU,0
2017-10-31,XLV,0
2017-10-31,XLY,0
2017-11-01,GLD,0
2017-11-01,XLB,0.33333333333333331
2017-11-01,XLE,0
2017-11-01,XLF,0.33333333333333331
2017-11-01,XLI,0
2017-11-01,XLK,0.33333333333333331
2017-11-01,XLP,0
2017-11-01,XLU,0
2017-11-01,XLV,0
2017-11-01,XLY,0
2017-11-02,GLD,0
2017-11-02,XLB,0.33333333333333331
2017-11-02,XLE,0
2017-11-02,XLF,0.33333333333333331
2017-11-02,XLI,0
2017-11-02,XLK,0.33333333333333331
2017-11-02,XLP,0
2017-11-02,XLU,0
2017-11-02,XLV,0
2017-11-02,XLY,0
2017-11-03,GLD,0
2017-11-03,XLB,0.33333333333333331
2017-11-03,XLE,0
2017-11-03,XLF,0.33333333333333331
2017-11-03,XLI,0
2017-11-03,XLK,0.33333333333333331
2017-11-03,XLP,0
2017-11-03,XLU,0
2017-11-03,XLV,0
2017-11-03,XLY,0
2017-11-06,GLD,0
2017-11-06,XLB,0.33333333333333331
2017-11-06,XLE,0
2017-11-06,XLF,0.33333333333333331
2017-11-06,XLI,0
2017-11-06,XLK,0.33333333333333331
2017-11-06,XLP,0
2017-11-06,XLU,0
2017-11-06,XLV,0
2017-11-06,XLY,0
2017-11-07,GLD,0
2017-11-07,XLB,0.33333333333333331
2017-11-07,XLE,0
2017-11-07,XLF,0.33333333333333331
2017-11-07,XLI,0
2017-11-07,XLK,0.33333333333333331
2017-11-07,XLP,0
2017-11-07,XLU,0
2017-11-07,XLV,0
2017-11-07,XLY,0
2017-11-08,GLD,0
2017-11-08,XLB,0.33333333333333331
2017-11-08,XLE,0
2017-11-08,XLF,0.33333333333333331
2017-11-08,XLI,0
2017-11-08,XLK,0.33333333333333331
2017-11-08,XLP,0
2017-11-08,XLU,0
2017-11-08,XLV,0
2017-11-08,XLY,0
2017-11-09,GLD,0
2017-11-09,XLB,0.33333333333333331
2017-11-09,XLE,0
2017-11-09,XLF,0.33333333333333331
2017-11-09,XLI,0
2017-11-09,XLK,0.33333333333333331
2017-11-09,XLP,0
2017-11-09,XLU,0
2017-11-09,XLV,0
2017-11-09,XLY,0
2017-11-10,GLD,0
2017-11-10,XLB,0.33333333333333331
2017-11-10,XLE,0
2017-11-10,XLF,0.33333333333333331
2017-11-10,XLI,0
2017-11-10,XLK,0.33333333333333331
2017-11-10,XLP,0
2017-11-10,XLU,0
2017-11-10,XLV,0
2017-11-10,XLY,0
