date,symbol,target_weight
2005-02-25,GLD,1
2005-02-25,IWM,0
2005-02-25,QQQ,0
2005-02-25,SPY,0
2005-02-25,TLT,0
2005-02-28,GLD,1
2005-02-28,IWM,0
2005-02-28,QQQ,0
2005-02-28,SPY,0
2005-02-28,TLT,0
2005-03-01,GLD,1
2005-03-01,IWM,0
2005-03-01,QQQ,0
2005-03-01,SPY,0
2005-03-01,TLT,0
2005-03-02,GLD,1
2005-03-02,IWM,0
2005-03-02,QQQ,0
2005-03-02,SPY,0
2005-03-02,TLT,0
2005-03-03,GLD,1
2005-03-03,IWM,0
2005-03-03,QQQ,0
2005-03-03,SPY,0
2005-03-03,TLT,0
2005-03-04,GLD,1
2005-03-04,IWM,0
2005-03-04,QQQ,0
2005-03-04,SPY,0
2005-03-04,TLT,0
2005-03-07,GLD,1
2005-03-07,IWM,0
2005-03-07,QQQ,0
2005-03-07,SPY,0
2005-03-07,TLT,0
2005-03-08,GLD,1
2005-03-08,IWM,0
2005-03-08,QQQ,0
2005-03-08,SPY,0
2005-03-08,TLT,0
2005-03-09,GLD,1
2005-03-09,IWM,0
2005-03-09,QQQ,0
2005-03-09,SPY,0
2005-03-09,TLT,0
2005-03-10,GLD,1
2005-03-10,IWM,0
2005-03-10,QQQ,0
2005-03-10,SPY,0
2005-03-10,TLT,0
2005-03-11,GLD,1
2005-03-11,IWM,0
2005-03-11,QQQ,0
2005-03-11,SPY,0
2005-03-11,TLT,0
2005-03-14,GLD,1
2005-03-14,IWM,0
2005-03-14,QQQ,0
2005-03-14,SPY,0
2005-03-14,TLT,0
2005-03-15,GLD,1
2005-03-15,IWM,0
2005-03-15,QQQ,0
2005-03-15,SPY,0
2005-03-15,TLT,0
2005-03-16,GLD,1
2005-03-16,IWM,0
2005-03-16,QQQ,0
2005-03-16,SPY,0
2005-03-16,TLT,0
2005-03-17,GLD,1
2005-03-17,IWM,0
2005-03-17,QQQ,0
2005-03-17,SPY,0
2005-03-17,TLT,0
2005-03-18,GLD,1
2005-03-18,IWM,0
2005-03-18,QQQ,0
2005-03-18,SPY,0
2005-03-18,TLT,0
2005-03-21,GLD,1
2005-03-21,IWM,0
2005-03-21,QQQ,0
2005-03-21,SPY,0
2005-03-21,TLT,0
2005-03-22,GLD,1
2005-03-22,IWM,0
2005-03-22,QQQ,0
2005-03-22,SPY,0
2005-03-22,TLT,0
2005-03-23,GLD,1
2005-03-23,IWM,0
2005-03-23,QQQ,0
2005-03-23,SPY,0
2005-03-23,TLT,0
2005-03-24,GLD,1
2005-03-24,IWM,0
2005-03-24,QQQ,0
2005-03-24,SPY,0
2005-03-24,TLT,0
2005-03-28,GLD,1
2005-03-28,IWM,0
2005-03-28,QQQ,0
2005-03-28,SPY,0
2005-03-28,TLT,0
2005-03-29,GLD,1
2005-03-29,IWM,0
2005-03-29,QQQ,0
2005-03-29,SPY,0
2005-03-29,TLT,0
2005-03-30,GLD,1
2005-03-30,IWM,0
2005-03-30,QQQ,0
2005-03-30,SPY,0
2005-03-30,TLT,0
2005-03-31,GLD,1
2005-03-31,IWM,0
2005-03-31,QQQ,0
2005-03-31,SPY,0
2005-03-31,TLT,0
2005-04-01,GLD,1
2005-04-01,IWM,0
2005-04-01,QQQ,0
2005-04-01,SPY,0
2005-04-01,TLT,0
2005-04-04,GLD,1
2005-04-04,IWM,0
2005-04-04,QQQ,0
2005-04-04,SPY,0
2005-04-04,TLT,0
2005-04-05,GLD,1
2005-04-05,IWM,0
2005-04-05,QQQ,0
2005-04-05,SPY,0
2005-04-05,TLT,0
2005-04-06,GLD,1
2005-04-06,IWM,0
2005-04-06,QQQ,0
2005-04-06,SPY,0
2005-04-06,TLT,0
2005-04-07,GLD,1
2005-04-07,IWM,0
2005-04-07,QQQ,0
2005-04-07,SPY,0
2005-04-07,TLT,0
2005-04-08,GLD,1
2005-04-08,IWM,0
2005-04-08,QQQ,0
2005-04-08,SPY,0
2005-04-08,TLT,0
2005-04-11,GLD,1
2005-04-11,IWM,0
2005-04-11,QQQ,0
2005-04-11,SPY,0
2005-04-11,TLT,0
2005-04-12,GLD,1
2005-04-12,IWM,0
2005-04-12,QQQ,0
2005-04-12,SPY,0
2005-04-12,TLT,0
2005-04-13,GLD,1
2005-04-13,IWM,0
2005-04-13,QQQ,0
2005-04-13,SPY,0
2005-04-13,TLT,0
2005-04-14,GLD,1
2005-04-14,IWM,0
2005-04-14,QQQ,0
2005-04-14,SPY,0
2005-04-14,TLT,0
2005-04-15,GLD,1
2005-04-15,IWM,0
2005-04-15,QQQ,0
2005-04-15,SPY,0
2005-04-15,TLT,0
2005-04-18,GLD,1
2005-04-18,IWM,0
2005-04-18,QQQ,0
2005-04-18,SPY,0
2005-04-18,TLT,0
2005-04-19,GLD,1
2005-04-19,IWM,0
2005-04-19,QQQ,0
2005-04-19,SPY,0
2005-04-19,TLT,0
2005-04-20,GLD,1
2005-04-20,IWM,0
2005-04-20,QQQ,0
2005-04-20,SPY,0
2005-04-20,TLT,0
2005-04-21,GLD,1
2005-04-21,IWM,0
2005-04-21,QQQ,0
2005-04-21,SPY,0
2005-04-21,TLT,0
2005-04-22,GLD,1
2005-04-22,IWM,0
2005-04-22,QQQ,0
2005-04-22,SPY,0
2005-04-22,TLT,0
2005-04-25,GLD,1
2005-04-25,IWM,0
2005-04-25,QQQ,0
2005-04-25,SPY,0
2005-04-25,TLT,0
2005-04-26,GLD,1
2005-04-26,IWM,0
2005-04-26,QQQ,0
2005-04-26,SPY,0
2005-04-26,TLT,0
2005-04-27,GLD,1
2005-04-27,IWM,0
2005-04-27,QQQ,0
2005-04-27,SPY,0
2005-04-27,TLT,0
2005-04-28,GLD,1
2005-04-28,IWM,0
2005-04-28,QQQ,0
2005-04-28,SPY,0
2005-04-28,TLT,0
2005-04-29,GLD,1
2005-04-29,IWM,0
2005-04-29,QQQ,0
2005-04-29,SPY,0
2005-04-29,TLT,0
2005-05-02,GLD,1
2005-05-02,IWM,0
2005-05-02,QQQ,0
2005-05-02,SPY,0
2005-05-02,TLT,0
2005-05-03,GLD,1
2005-05-03,IWM,0
2005-05-03,QQQ,0
2005-05-03,SPY,0
2005-05-03,TLT,0
2005-05-04,GLD,1
2005-05-04,IWM,0
2005-05-04,QQQ,0
2005-05-04,SPY,0
2005-05-04,TLT,0
2005-05-05,GLD,1
2005-05-05,IWM,0
2005-05-05,QQQ,0
2005-05-05,SPY,0
2005-05-05,TLT,0
2005-05-06,GLD,1
2005-05-06,IWM,0
2005-05-06,QQQ,0
2005-05-06,SPY,0
2005-05-06,TLT,0
2005-05-09,GLD,1
2005-05-09,IWM,0
2005-05-09,QQQ,0
2005-05-09,SPY,0
2005-05-09,TLT,0
2005-05-10,GLD,1
2005-05-10,IWM,0
2005-05-10,QQQ,0
2005-05-10,SPY,0
2005-05-10,TLT,0
2005-05-11,GLD,1
2005-05-11,IWM,0
2005-05-11,QQQ,0
2005-05-11,SPY,0
2005-05-11,TLT,0
2005-05-12,GLD,1
2005-05-12,IWM,0
2005-05-12,QQQ,0
2005-05-12,SPY,0
2005-05-12,TLT,0
2005-05-13,GLD,1
2005-05-13,IWM,0
2005-05-13,QQQ,0
2005-05-13,SPY,0
2005-05-13,TLT,0
2005-05-16,GLD,1
2005-05-16,IWM,0
2005-05-16,QQQ,0
2005-05-16,SPY,0
2005-05-16,TLT,0
2005-05-17,GLD,1
2005-05-17,IWM,0
2005-05-17,QQQ,0
2005-05-17,SPY,0
2005-05-17,TLT,0
2005-05-18,GLD,1
2005-05-18,IWM,0
2005-05-18,QQQ,0
2005-05-18,SPY,0
2005-05-18,TLT,0
2005-05-19,GLD,1
2005-05-19,IWM,0
2005-05-19,QQQ,0
2005-05-19,SPY,0
2005-05-19,TLT,0
2005-05-20,GLD,1
2005-05-20,IWM,0
2005-05-20,QQQ,0
2005-05-20,SPY,0
2005-05-20,TLT,0
2005-05-23,GLD,1
2005-05-23,IWM,0
2005-05-23,QQQ,0
2005-05-23,SPY,0
2005-05-23,TLT,0
2005-05-24,GLD,1
2005-05-24,IWM,0
2005-05-24,QQQ,0
2005-05-24,SPY,0
2005-05-24,TLT,0
2005-05-25,GLD,1
2005-05-25,IWM,0
2005-05-25,QQQ,0
2005-05-25,SPY,0
2005-05-25,TLT,0
2005-05-26,GLD,1
2005-05-26,IWM,0
2005-05-26,QQQ,0
2005-05-26,SPY,0
2005-05-26,TLT,0
2005-05-27,GLD,1
2005-05-27,IWM,0
2005-05-27,QQQ,0
2005-05-27,SPY,0
2005-05-27,TLT,0
2005-05-31,GLD,1
2005-05-31,IWM,0
2005-05-31,QQQ,0
2005-05-31,SPY,0
2005-05-31,TLT,0
2005-06-01,GLD,1
2005-06-01,IWM,0
2005-06-01,QQQ,0
2005-06-01,SPY,0
2005-06-01,TLT,0
2005-06-02,GLD,1
2005-06-02,IWM,0
2005-06-02,QQQ,0
2005-06-02,SPY,0
2005-06-02,TLT,0
2005-06-03,GLD,1
2005-06-03,IWM,0
2005-06-03,QQQ,0
2005-06-03,SPY,0
2005-06-03,TLT,0
2005-06-06,GLD,1
2005-06-06,IWM,0
2005-06-06,QQQ,0
2005-06-06,SPY,0
2005-06-06,TLT,0
2005-06-07,GLD,1
2005-06-07,IWM,0
2005-06-07,QQQ,0
2005-06-07,SPY,0
2005-06-07,TLT,0
2005-06-08,GLD,1
2005-06-08,IWM,0
2005-06-08,QQQ,0
2005-06-08,SPY,0
2005-06-08,TLT,0
2005-06-09,GLD,1
2005-06-09,IWM,0
2005-06-09,QQQ,0
2005-06-09,SPY,0
2005-06-09,TLT,0
2005-06-10,GLD,1
2005-06-10,IWM,0
2005-06-10,QQQ,0
2005-06-10,SPY,0
2005-06-10,TLT,0
2005-06-13,GLD,1
2005-06-13,IWM,0
2005-06-13,QQQ,0
2005-06-13,SPY,0
2005-06-13,TLT,0
2005-06-14,GLD,1
2005-06-14,IWM,0
2005-06-14,QQQ,0
2005-06-14,SPY,0
2005-06-14,TLT,0
2005-06-15,GLD,1
2005-06-15,IWM,0
2005-06-15,QQQ,0
2005-06-15,SPY,0
2005-06-15,TLT,0
2005-06-16,GLD,1
2005-06-16,IWM,0
2005-06-16,QQQ,0
2005-06-16,SPY,0
2005-06-16,TLT,0
2005-06-17,GLD,1
2005-06-17,IWM,0
2005-06-17,QQQ,0
2005-06-17,SPY,0
2005-06-17,TLT,0
2005-06-20,GLD,1
2005-06-20,IWM,0
2005-06-20,QQQ,0
2005-06-20,SPY,0
2005-06-20,TLT,0
2005-06-21,GLD,1
2005-06-21,IWM,0
2005-06-21,QQQ,0
2005-06-21,SPY,0
2005-06-21,TLT,0
2005-06-22,GLD,1
2005-06-22,IWM,0
2005-06-22,QQQ,0
2005-06-22,SPY,0
2005-06-22,TLT,0
2005-06-23,GLD,1
2005-06-23,IWM,0
2005-06-23,QQQ,0
2005-06-23,SPY,0
2005-06-23,TLT,0
2005-06-24,GLD,1
2005-06-24,IWM,0
2005-06-24,QQQ,0
2005-06-24,SPY,0
2005-06-24,TLT,0
2005-06-27,GLD,1
2005-06-27,IWM,0
2005-06-27,QQQ,0
2005-06-27,SPY,0
2005-06-27,TLT,0
2005-06-28,GLD,1
2005-06-28,IWM,0
2005-06-28,QQQ,0
2005-06-28,SPY,0
2005-06-28,TLT,0
2005-06-29,GLD,1
2005-06-29,IWM,0
2005-06-29,QQQ,0
2005-06-29,SPY,0
2005-06-29,TLT,0
2005-06-30,GLD,1
2005-06-30,IWM,0
2005-06-30,QQQ,0
2005-06-30,SPY,0
2005-06-30,TLT,0
2005-07-01,GLD,1
2005-07-01,IWM,0
2005-07-01,QQQ,0
2005-07-01,SPY,0
2005-07-01,TLT,0
2005-07-05,GLD,1
2005-07-05,IWM,0
2005-07-05,QQQ,0
2005-07-05,SPY,0
2005-07-05,TLT,0
2005-07-06,GLD,1
2005-07-06,IWM,0
2005-07-06,QQQ,0
2005-07-06,SPY,0
2005-07-06,TLT,0
2005-07-07,GLD,1
2005-07-07,IWM,0
2005-07-07,QQQ,0
2005-07-07,SPY,0
2005-07-07,TLT,0
2005-07-08,GLD,1
2005-07-08,IWM,0
2005-07-08,QQQ,0
2005-07-08,SPY,0
2005-07-08,TLT,0
2005-07-11,GLD,1
2005-07-11,IWM,0
2005-07-11,QQQ,0
2005-07-11,SPY,0
2005-07-11,TLT,0
2005-07-12,GLD,1
2005-07-12,IWM,0
2005-07-12,QQQ,0
2005-07-12,SPY,0
2005-07-12,TLT,0
2005-07-13,GLD,1
2005-07-13,IWM,0
2005-07-13,QQQ,0
2005-07-13,SPY,0
2005-07-13,TLT,0
2005-07-14,GLD,1
2005-07-14,IWM,0
2005-07-14,QQQ,0
2005-07-14,SPY,0
2005-07-14,TLT,0
2005-07-15,GLD,1
2005-07-15,IWM,0
2005-07-15,QQQ,0
2005-07-15,SPY,0
2005-07-15,TLT,0
2005-07-18,GLD,1
2005-07-18,IWM,0
2005-07-18,QQQ,0
2005-07-18,SPY,0
2005-07-18,TLT,0
2005-07-19,GLD,1
2005-07-19,IWM,0
2005-07-19,QQQ,0
2005-07-19,SPY,0
2005-07-19,TLT,0
2005-07-20,GLD,1
2005-07-20,IWM,0
2005-07-20,QQQ,0
2005-07-20,SPY,0
2005-07-20,TLT,0
2005-07-21,GLD,1
2005-07-21,IWM,0
2005-07-21,QQQ,0
2005-07-21,SPY,0
2005-07-21,TLT,0
2005-07-22,GLD,1
2005-07-22,IWM,0
2005-07-22,QQQ,0
2005-07-22,SPY,0
2005-07-22,TLT,0
2005-07-25,GLD,1
2005-07-25,IWM,0
2005-07-25,QQQ,0
2005-07-25,SPY,0
2005-07-25,TLT,0
2005-07-26,GLD,1
2005-07-26,IWM,0
2005-07-26,QQQ,0
2005-07-26,SPY,0
2005-07-26,TLT,0
2005-07-27,GLD,1
2005-07-27,IWM,0
2005-07-27,QQQ,0
2005-07-27,SPY,0
2005-07-27,TLT,0
2005-07-28,GLD,1
2005-07-28,IWM,0
2005-07-28,QQQ,0
2005-07-28,SPY,0
2005-07-28,TLT,0
2005-07-29,GLD,1
2005-07-29,IWM,0
2005-07-29,QQQ,0
2005-07-29,SPY,0
2005-07-29,TLT,0
2005-08-01,GLD,1
2005-08-01,IWM,0
2005-08-01,QQQ,0
2005-08-01,SPY,0
2005-08-01,TLT,0
2005-08-02,GLD,1
2005-08-02,IWM,0
2005-08-02,QQQ,0
2005-08-02,SPY,0
2005-08-02,TLT,0
2005-08-03,GLD,1
2005-08-03,IWM,0
2005-08-03,QQQ,0
2005-08-03,SPY,0
2005-08-03,TLT,0
2005-08-04,GLD,1
2005-08-04,IWM,0
2005-08-04,QQQ,0
2005-08-04,SPY,0
2005-08-04,TLT,0
2005-08-05,GLD,1
2005-08-05,IWM,0
2005-08-05,QQQ,0
2005-08-05,SPY,0
2005-08-05,TLT,0
2005-08-08,GLD,1
2005-08-08,IWM,0
2005-08-08,QQQ,0
2005-08-08,SPY,0
2005-08-08,TLT,0
2005-08-09,GLD,1
2005-08-09,IWM,0
2005-08-09,QQQ,0
2005-08-09,SPY,0
2005-08-09,TLT,0
2005-08-10,GLD,1
2005-08-10,IWM,0
2005-08-10,QQQ,0
2005-08-10,SPY,0
2005-08-10,TLT,0
2005-08-11,GLD,1
2005-08-11,IWM,0
2005-08-11,QQQ,0
2005-08-11,SPY,0
2005-08-11,TLT,0
2005-08-12,GLD,1
2005-08-12,IWM,0
2005-08-12,QQQ,0
2005-08-12,SPY,0
2005-08-12,TLT,0
2005-08-15,GLD,1
2005-08-15,IWM,0
2005-08-15,QQQ,0
2005-08-15,SPY,0
2005-08-15,TLT,0
2005-08-16,GLD,1
2005-08-16,IWM,0
2005-08-16,QQQ,0
2005-08-16,SPY,0
2005-08-16,TLT,0
2005-08-17,GLD,1
2005-08-17,IWM,0
2005-08-17,QQQ,0
2005-08-17,SPY,0
2005-08-17,TLT,0
2005-08-18,GLD,1
2005-08-18,IWM,0
2005-08-18,QQQ,0
2005-08-18,SPY,0
2005-08-18,TLT,0
2005-08-19,GLD,1
2005-08-19,IWM,0
2005-08-19,QQQ,0
2005-08-19,SPY,0
2005-08-19,TLT,0
2005-08-22,GLD,1
2005-08-22,IWM,0
2005-08-22,QQQ,0
2005-08-22,SPY,0
2005-08-22,TLT,0
2005-08-23,GLD,1
2005-08-23,IWM,0
2005-08-23,QQQ,0
2005-08-23,SPY,0
2005-08-23,TLT,0
2005-08-24,GLD,1
2005-08-24,IWM,0
2005-08-24,QQQ,0
2005-08-24,SPY,0
2005-08-24,TLT,0
2005-08-25,GLD,1
2005-08-25,IWM,0
2005-08-25,QQQ,0
2005-08-25,SPY,0
2005-08-25,TLT,0
2005-08-26,GLD,1
2005-08-26,IWM,0
2005-08-26,QQQ,0
2005-08-26,SPY,0
2005-08-26,TLT,0
2005-08-29,GLD,1
2005-08-29,IWM,0
2005-08-29,QQQ,0
2005-08-29,SPY,0
2005-08-29,TLT,0
2005-08-30,GLD,1
2005-08-30,IWM,0
2005-08-30,QQQ,0
2005-08-30,SPY,0
2005-08-30,TLT,0
2005-08-31,GLD,1
2005-08-31,IWM,0
2005-08-31,QQQ,0
2005-08-31,SPY,0
2005-08-31,TLT,0
2005-09-01,GLD,1
2005-09-01,IWM,0
2005-09-01,QQQ,0
2005-09-01,SPY,0
2005-09-01,TLT,0
2005-09-02,GLD,1
2005-09-02,IWM,0
2005-09-02,QQQ,0
2005-09-02,SPY,0
2005-09-02,TLT,0
2005-09-06,GLD,1
2005-09-06,IWM,0
2005-09-06,QQQ,0
2005-09-06,SPY,0
2005-09-06,TLT,0
2005-09-07,GLD,1
2005-09-07,IWM,0
2005-09-07,QQQ,0
2005-09-07,SPY,0
2005-09-07,TLT,0
2005-09-08,GLD,1
2005-09-08,IWM,0
2005-09-08,QQQ,0
2005-09-08,SPY,0
2005-09-08,TLT,0
2005-09-09,GLD,1
2005-09-09,IWM,0
2005-09-09,QQQ,0
2005-09-09,SPY,0
2005-09-09,TLT,0
2005-09-12,GLD,1
2005-09-12,IWM,0
2005-09-12,QQQ,0
2005-09-12,SPY,0
2005-09-12,TLT,0
2005-09-13,GLD,1
2005-09-13,IWM,0
2005-09-13,QQQ,0
2005-09-13,SPY,0
2005-09-13,TLT,0
2005-09-14,GLD,1
2005-09-14,IWM,0
2005-09-14,QQQ,0
2005-09-14,SPY,0
2005-09-14,TLT,0
2005-09-15,GLD,1
2005-09-15,IWM,0
2005-09-15,QQQ,0
2005-09-15,SPY,0
2005-09-15,TLT,0
2005-09-16,GLD,1
2005-09-16,IWM,0
2005-09-16,QQQ,0
2005-09-16,SPY,0
2005-09-16,TLT,0
2005-09-19,GLD,1
2005-09-19,IWM,0
2005-09-19,QQQ,0
2005-09-19,SPY,0
2005-09-19,TLT,0
2005-09-20,GLD,1
2005-09-20,IWM,0
2005-09-20,QQQ,0
2005-09-20,SPY,0
2005-09-20,TLT,0
2005-09-21,GLD,1
2005-09-21,IWM,0
2005-09-21,QQQ,0
2005-09-21,SPY,0
2005-09-21,TLT,0
2005-09-22,GLD,1
2005-09-22,IWM,0
2005-09-22,QQQ,0
2005-09-22,SPY,0
2005-09-22,TLT,0
2005-09-23,GLD,1
2005-09-23,IWM,0
2005-09-23,QQQ,0
2005-09-23,SPY,0
2005-09-23,TLT,0
2005-09-26,GLD,1
2005-09-26,IWM,0
2005-09-26,QQQ,0
2005-09-26,SPY,0
2005-09-26,TLT,0
2005-09-27,GLD,1
2005-09-27,IWM,0
2005-09-27,QQQ,0
2005-09-27,SPY,0
2005-09-27,TLT,0
2005-09-28,GLD,1
2005-09-28,IWM,0
2005-09-28,QQQ,0
2005-09-28,SPY,0
2005-09-28,TLT,0
2005-09-29,GLD,1
2005-09-29,IWM,0
2005-09-29,QQQ,0
2005-09-29,SPY,0
2005-09-29,TLT,0
2005-09-30,GLD,1
2005-09-30,IWM,0
2005-09-30,QQQ,0
2005-09-30,SPY,0
2005-09-30,TLT,0
2005-10-03,GLD,1
2005-10-03,IWM,0
2005-10-03,QQQ,0
2005-10-03,SPY,0
2005-10-03,TLT,0
2005-10-04,GLD,1
2005-10-04,IWM,0
2005-10-04,QQQ,0
2005-10-04,SPY,0
2005-10-04,TLT,0
2005-10-05,GLD,1
2005-10-05,IWM,0
2005-10-05,QQQ,0
2005-10-05,SPY,0
2005-10-05,TLT,0
2005-10-06,GLD,1
2005-10-06,IWM,0
2005-10-06,QQQ,0
2005-10-06,SPY,0
2005-10-06,TLT,0
2005-10-07,GLD,1
2005-10-07,IWM,0
2005-10-07,QQQ,0
2005-10-07,SPY,0
2005-10-07,TLT,0
2005-10-10,GLD,1
2005-10-10,IWM,0
2005-10-10,QQQ,0
2005-10-10,SPY,0
2005-10-10,TLT,0
2005-10-11,GLD,1
2005-10-11,IWM,0
2005-10-11,QQQ,0
2005-10-11,SPY,0
2005-10-11,TLT,0
2005-10-12,GLD,1
2005-10-12,IWM,0
2005-10-12,QQQ,0
2005-10-12,SPY,0
2005-10-12,TLT,0
2005-10-13,GLD,1
2005-10-13,IWM,0
2005-10-13,QQQ,0
2005-10-13,SPY,0
2005-10-13,TLT,0
2005-10-14,GLD,1
2005-10-14,IWM,0
2005-10-14,QQQ,0
2005-10-14,SPY,0
2005-10-14,TLT,0
2005-10-17,GLD,1
2005-10-17,IWM,0
2005-10-17,QQQ,0
2005-10-17,SPY,0
2005-10-17,TLT,0
2005-10-18,GLD,1
2005-10-18,IWM,0
2005-10-18,QQQ,0
2005-10-18,SPY,0
2005-10-18,TLT,0
2005-10-19,GLD,1
2005-10-19,IWM,0
2005-10-19,QQQ,0
2005-10-19,SPY,0
2005-10-19,TLT,0
2005-10-20,GLD,1
2005-10-20,IWM,0
2005-10-20,QQQ,0
2005-10-20,SPY,0
2005-10-20,TLT,0
2005-10-21,GLD,1
2005-10-21,IWM,0
2005-10-21,QQQ,0
2005-10-21,SPY,0
2005-10-21,TLT,0
2005-10-24,GLD,1
2005-10-24,IWM,0
2005-10-24,QQQ,0
2005-10-24,SPY,0
2005-10-24,TLT,0
2005-10-25,GLD,1
2005-10-25,IWM,0
2005-10-25,QQQ,0
2005-10-25,SPY,0
2005-10-25,TLT,0
2005-10-26,GLD,1
2005-10-26,IWM,0
2005-10-26,QQQ,0
2005-10-26,SPY,0
2005-10-26,TLT,0
2005-10-27,GLD,1
2005-10-27,IWM,0
2005-10-27,QQQ,0
2005-10-27,SPY,0
2005-10-27,TLT,0
2005-10-28,GLD,1
2005-10-28,IWM,0
2005-10-28,QQQ,0
2005-10-28,SPY,0
2005-10-28,TLT,0
2005-10-31,GLD,1
2005-10-31,IWM,0
2005-10-31,QQQ,0
2005-10-31,SPY,0
2005-10-31,TLT,0
2005-11-01,GLD,1
2005-11-01,IWM,0
2005-11-01,QQQ,0
2005-11-01,SPY,0
2005-11-01,TLT,0
2005-11-02,GLD,1
2005-11-02,IWM,0
2005-11-02,QQQ,0
2005-11-02,SPY,0
2005-11-02,TLT,0
2005-11-03,GLD,1
2005-11-03,IWM,0
2005-11-03,QQQ,0
2005-11-03,SPY,0
2005-11-03,TLT,0
2005-11-04,GLD,1
2005-11-04,IWM,0
2005-11-04,QQQ,0
2005-11-04,SPY,0
2005-11-04,TLT,0
2005-11-07,GLD,1
2005-11-07,IWM,0
2005-11-07,QQQ,0
2005-11-07,SPY,0
2005-11-07,TLT,0
2005-11-08,GLD,1
2005-11-08,IWM,0
2005-11-08,QQQ,0
2005-11-08,SPY,0
2005-11-08,TLT,0
2005-11-09,GLD,1
2005-11-09,IWM,0
2005-11-09,QQQ,0
2005-11-09,SPY,0
2005-11-09,TLT,0
2005-11-10,GLD,1
2005-11-10,IWM,0
2005-11-10,QQQ,0
2005-11-10,SPY,0
2005-11-10,TLT,0
2005-11-11,GLD,1
2005-11-11,IWM,0
2005-11-11,QQQ,0
2005-11-11,SPY,0
2005-11-11,TLT,0
2005-11-14,GLD,1
2005-11-14,IWM,0
2005-11-14,QQQ,0
2005-11-14,SPY,0
2005-11-14,TLT,0
2005-11-15,GLD,1
2005-11-15,IWM,0
2005-11-15,QQQ,0
2005-11-15,SPY,0
2005-11-15,TLT,0
2005-11-16,GLD,1
2005-11-16,IWM,0
2005-11-16,QQQ,0
2005-11-16,SPY,0
2005-11-16,TLT,0
2005-11-17,GLD,1
2005-11-17,IWM,0
2005-11-17,QQQ,0
2005-11-17,SPY,0
2005-11-17,TLT,0
2005-11-18,GLD,1
2005-11-18,IWM,0
2005-11-18,QQQ,0
2005-11-18,SPY,0
2005-11-18,TLT,0
2005-11-21,GLD,1
2005-11-21,IWM,0
2005-11-21,QQQ,0
2005-11-21,SPY,0
2005-11-21,TLT,0
2005-11-22,GLD,1
2005-11-22,IWM,0
2005-11-22,QQQ,0
2005-11-22,SPY,0
2005-11-22,TLT,0
2005-11-23,GLD,1
2005-11-23,IWM,0
2005-11-23,QQQ,0
2005-11-23,SPY,0
2005-11-23,TLT,0
2005-11-25,GLD,1
2005-11-25,IWM,0
2005-11-25,QQQ,0
2005-11-25,SPY,0
2005-11-25,TLT,0
2005-11-28,GLD,1
2005-11-28,IWM,0
2005-11-28,QQQ,0
2005-11-28,SPY,0
2005-11-28,TLT,0
2005-11-29,GLD,1
2005-11-29,IWM,0
2005-11-29,QQQ,0
2005-11-29,SPY,0
2005-11-29,TLT,0
2005-11-30,GLD,1
2005-11-30,IWM,0
2005-11-30,QQQ,0
2005-11-30,SPY,0
2005-11-30,TLT,0
2005-12-01,GLD,1
2005-12-01,IWM,0
2005-12-01,QQQ,0
2005-12-01,SPY,0
2005-12-01,TLT,0
2005-12-02,GLD,1
2005-12-02,IWM,0
2005-12-02,QQQ,0
2005-12-02,SPY,0
2005-12-02,TLT,0
2005-12-05,GLD,1
2005-12-05,IWM,0
2005-12-05,QQQ,0
2005-12-05,SPY,0
2005-12-05,TLT,0
2005-12-06,GLD,1
2005-12-06,IWM,0
2005-12-06,QQQ,0
2005-12-06,SPY,0
2005-12-06,TLT,0
2005-12-07,GLD,1
2005-12-07,IWM,0
2005-12-07,QQQ,0
2005-12-07,SPY,0
2005-12-07,TLT,0
2005-12-08,GLD,1
2005-12-08,IWM,0
2005-12-08,QQQ,0
2005-12-08,SPY,0
2005-12-08,TLT,0
2005-12-09,GLD,1
2005-12-09,IWM,0
2005-12-09,QQQ,0
2005-12-09,SPY,0
2005-12-09,TLT,0
2005-12-12,GLD,1
2005-12-12,IWM,0
2005-12-12,QQQ,0
2005-12-12,SPY,0
2005-12-12,TLT,0
2005-12-13,GLD,1
2005-12-13,IWM,0
2005-12-13,QQQ,0
2005-12-13,SPY,0
2005-12-13,TLT,0
2005-12-14,GLD,1
2005-12-14,IWM,0
2005-12-14,QQQ,0
2005-12-14,SPY,0
2005-12-14,TLT,0
2005-12-15,GLD,1
2005-12-15,IWM,0
2005-12-15,QQQ,0
2005-12-15,SPY,0
2005-12-15,TLT,0
2005-12-16,GLD,1
2005-12-16,IWM,0
2005-12-16,QQQ,0
2005-12-16,SPY,0
2005-12-16,TLT,0
2005-12-19,GLD,1
2005-12-19,IWM,0
2005-12-19,QQQ,0
2005-12-19,SPY,0
2005-12-19,TLT,0
2005-12-20,GLD,1
2005-12-20,IWM,0
2005-12-20,QQQ,0
2005-12-20,SPY,0
2005-12-20,TLT,0
2005-12-21,GLD,1
2005-12-21,IWM,0
2005-12-21,QQQ,0
2005-12-21,SPY,0
2005-12-21,TLT,0
2005-12-22,GLD,1
2005-12-22,IWM,0
2005-12-22,QQQ,0
2005-12-22,SPY,0
2005-12-22,TLT,0
2005-12-23,GLD,1
2005-12-23,IWM,0
2005-12-23,QQQ,0
2005-12-23,SPY,0
2005-12-23,TLT,0
2005-12-27,GLD,1
2005-12-27,IWM,0
2005-12-27,QQQ,0
2005-12-27,SPY,0
2005-12-27,TLT,0
2005-12-28,GLD,1
2005-12-28,IWM,0
2005-12-28,QQQ,0
2005-12-28,SPY,0
2005-12-28,TLT,0
2005-12-29,GLD,1
2005-12-29,IWM,0
2005-12-29,QQQ,0
2005-12-29,SPY,0
2005-12-29,TLT,0
2005-12-30,GLD,1
2005-12-30,IWM,0
2005-12-30,QQQ,0
2005-12-30,SPY,0
2005-12-30,TLT,0
2006-01-03,GLD,1
2006-01-03,IWM,0
2006-01-03,QQQ,0
2006-01-03,SPY,0
2006-01-03,TLT,0
2006-01-04,GLD,1
2006-01-04,IWM,0
2006-01-04,QQQ,0
2006-01-04,SPY,0
2006-01-04,TLT,0
2006-01-05,GLD,1
2006-01-05,IWM,0
2006-01-05,QQQ,0
2006-01-05,SPY,0
2006-01-05,TLT,0
2006-01-06,GLD,1
2006-01-06,IWM,0
2006-01-06,QQQ,0
2006-01-06,SPY,0
2006-01-06,TLT,0
2006-01-09,GLD,1
2006-01-09,IWM,0
2006-01-09,QQQ,0
2006-01-09,SPY,0
2006-01-09,TLT,0
2006-01-10,GLD,1
2006-01-10,IWM,0
2006-01-10,QQQ,0
2006-01-10,SPY,0
2006-01-10,TLT,0
2006-01-11,GLD,1
2006-01-11,IWM,0
2006-01-11,QQQ,0
2006-01-11,SPY,0
2006-01-11,TLT,0
2006-01-12,GLD,1
2006-01-12,IWM,0
2006-01-12,QQQ,0
2006-01-12,SPY,0
2006-01-12,TLT,0
2006-01-13,GLD,1
2006-01-13,IWM,0
2006-01-13,QQQ,0
2006-01-13,SPY,0
2006-01-13,TLT,0
2006-01-17,GLD,1
2006-01-17,IWM,0
2006-01-17,QQQ,0
2006-01-17,SPY,0
2006-01-17,TLT,0
2006-01-18,GLD,1
2006-01-18,IWM,0
2006-01-18,QQQ,0
2006-01-18,SPY,0
2006-01-18,TLT,0
2006-01-19,GLD,1
2006-01-19,IWM,0
2006-01-19,QQQ,0
2006-01-19,SPY,0
2006-01-19,TLT,0
2006-01-20,GLD,1
2006-01-20,IWM,0
2006-01-20,QQQ,0
2006-01-20,SPY,0
2006-01-20,TLT,0
2006-01-23,GLD,1
2006-01-23,IWM,0
2006-01-23,QQQ,0
2006-01-23,SPY,0
2006-01-23,TLT,0
2006-01-24,GLD,1
2006-01-24,IWM,0
2006-01-24,QQQ,0
2006-01-24,SPY,0
2006-01-24,TLT,0
2006-01-25,GLD,1
2006-01-25,IWM,0
2006-01-25,QQQ,0
2006-01-25,SPY,0
2006-01-25,TLT,0
2006-01-26,GLD,1
2006-01-26,IWM,0
2006-01-26,QQQ,0
2006-01-26,SPY,0
2006-01-26,TLT,0
2006-01-27,GLD,1
2006-01-27,IWM,0
2006-01-27,QQQ,0
2006-01-27,SPY,0
2006-01-27,TLT,0
2006-01-30,GLD,1
2006-01-30,IWM,0
2006-01-30,QQQ,0
2006-01-30,SPY,0
2006-01-30,TLT,0
2006-01-31,GLD,1
2006-01-31,IWM,0
2006-01-31,QQQ,0
2006-01-31,SPY,0
2006-01-31,TLT,0
2006-02-01,GLD,1
2006-02-01,IWM,0
2006-02-01,QQQ,0
2006-02-01,SPY,0
2006-02-01,TLT,0
2006-02-02,GLD,1
2006-02-02,IWM,0
2006-02-02,QQQ,0
2006-02-02,SPY,0
2006-02-02,TLT,0
2006-02-03,GLD,1
2006-02-03,IWM,0
2006-02-03,QQQ,0
2006-02-03,SPY,0
2006-02-03,TLT,0
2006-02-06,GLD,1
2006-02-06,IWM,0
2006-02-06,QQQ,0
2006-02-06,SPY,0
2006-02-06,TLT,0
2006-02-07,GLD,1
2006-02-07,IWM,0
2006-02-07,QQQ,0
2006-02-07,SPY,0
2006-02-07,TLT,0
2006-02-08,GLD,1
2006-02-08,IWM,0
2006-02-08,QQQ,0
2006-02-08,SPY,0
2006-02-08,TLT,0
2006-02-09,GLD,1
2006-02-09,IWM,0
2006-02-09,QQQ,0
2006-02-09,SPY,0
2006-02-09,TLT,0
2006-02-10,GLD,1
2006-02-10,IWM,0
2006-02-10,QQQ,0
2006-02-10,SPY,0
2006-02-10,TLT,0
2006-02-13,GLD,1
2006-02-13,IWM,0
2006-02-13,QQQ,0
2006-02-13,SPY,0
2006-02-13,TLT,0
2006-02-14,GLD,1
2006-02-14,IWM,0
2006-02-14,QQQ,0
2006-02-14,SPY,0
2006-02-14,TLT,0
2006-02-15,GLD,1
2006-02-15,IWM,0
2006-02-15,QQQ,0
2006-02-15,SPY,0
2006-02-15,TLT,0
2006-02-16,GLD,1
2006-02-16,IWM,0
2006-02-16,QQQ,0
2006-02-16,SPY,0
2006-02-16,TLT,0
2006-02-17,GLD,1
2006-02-17,IWM,0
2006-02-17,QQQ,0
2006-02-17,SPY,0
2006-02-17,TLT,0
2006-02-21,GLD,1
2006-02-21,IWM,0
2006-02-21,QQQ,0
2006-02-21,SPY,0
2006-02-21,TLT,0
2006-02-22,GLD,1
2006-02-22,IWM,0
2006-02-22,QQQ,0
2006-02-22,SPY,0
2006-02-22,TLT,0
2006-02-23,GLD,1
2006-02-23,IWM,0
2006-02-23,QQQ,0
2006-02-23,SPY,0
2006-02-23,TLT,0
2006-02-24,GLD,1
2006-02-24,IWM,0
2006-02-24,QQQ,0
2006-02-24,SPY,0
2006-02-24,TLT,0
2006-02-27,GLD,0.25
2006-02-27,IWM,0.23191424192676133
2006-02-27,QQQ,0.20399519138768524
2006-02-27,SPY,0.31409056668555346
2006-02-27,TLT,0
2006-02-28,GLD,0.25
2006-02-28,IWM,0.23191424192676133
2006-02-28,QQQ,0.20399519138768524
2006-02-28,SPY,0.31409056668555346
2006-02-28,TLT,0
2006-03-01,GLD,0.25
2006-03-01,IWM,0.23191424192676133
2006-03-01,QQQ,0.20399519138768524
2006-03-01,SPY,0.31409056668555346
2006-03-01,TLT,0
2006-03-02,GLD,0.25
2006-03-02,IWM,0.23191424192676133
2006-03-02,QQQ,0.20399519138768524
2006-03-02,SPY,0.31409056668555346
2006-03-02,TLT,0
2006-03-03,GLD,0.25
2006-03-03,IWM,0.23191424192676133
2006-03-03,QQQ,0.20399519138768524
2006-03-03,SPY,0.31409056668555346
2006-03-03,TLT,0
2006-03-06,GLD,0.25
2006-03-06,IWM,0.23191424192676133
2006-03-06,QQQ,0.20399519138768524
2006-03-06,SPY,0.31409056668555346
2006-03-06,TLT,0
2006-03-07,GLD,0.25
2006-03-07,IWM,0.23191424192676133
2006-03-07,QQQ,0.20399519138768524
2006-03-07,SPY,0.31409056668555346
2006-03-07,TLT,0
2006-03-08,GLD,0.25
2006-03-08,IWM,0.23191424192676133
2006-03-08,QQQ,0.20399519138768524
2006-03-08,SPY,0.31409056668555346
2006-03-08,TLT,0
2006-03-09,GLD,0.25
2006-03-09,IWM,0.23191424192676133
2006-03-09,QQQ,0.20399519138768524
2006-03-09,SPY,0.31409056668555346
2006-03-09,TLT,0
2006-03-10,GLD,0.25
2006-03-10,IWM,0.23191424192676133
2006-03-10,QQQ,0.20399519138768524
2006-03-10,SPY,0.31409056668555346
2006-03-10,TLT,0
2006-03-13,GLD,0.25
2006-03-13,IWM,0.23191424192676133
2006-03-13,QQQ,0.20399519138768524
2006-03-13,SPY,0.31409056668555346
2006-03-13,TLT,0
2006-03-14,GLD,0.25
2006-03-14,IWM,0.23191424192676133
2006-03-14,QQQ,0.20399519138768524
2006-03-14,SPY,0.31409056668555346
2006-03-14,TLT,0
2006-03-15,GLD,0.25
2006-03-15,IWM,0.23191424192676133
2006-03-15,QQQ,0.20399519138768524
2006-03-15,SPY,0.31409056668555346
2006-03-15,TLT,0
2006-03-16,GLD,0.25
2006-03-16,IWM,0.23191424192676133
2006-03-16,QQQ,0.20399519138768524
2006-03-16,SPY,0.31409056668555346
2006-03-16,TLT,0
2006-03-17,GLD,0.25
2006-03-17,IWM,0.23191424192676133
2006-03-17,QQQ,0.20399519138768524
2006-03-17,SPY,0.31409056668555346
2006-03-17,TLT,0
2006-03-20,GLD,0.25
2006-03-20,IWM,0.23191424192676133
2006-03-20,QQQ,0.20399519138768524
2006-03-20,SPY,0.31409056668555346
2006-03-20,TLT,0
2006-03-21,GLD,0.25
2006-03-21,IWM,0.23191424192676133
2006-03-21,QQQ,0.20399519138768524
2006-03-21,SPY,0.31409056668555346
2006-03-21,TLT,0
2006-03-22,GLD,0.25
2006-03-22,IWM,0.23191424192676133
2006-03-22,QQQ,0.20399519138768524
2006-03-22,SPY,0.31409056668555346
2006-03-22,TLT,0
2006-03-23,GLD,0.25
2006-03-23,IWM,0.23191424192676133
2006-03-23,QQQ,0.20399519138768524
2006-03-23,SPY,0.31409056668555346
2006-03-23,TLT,0
2006-03-24,GLD,0.25
2006-03-24,IWM,0.23191424192676133
2006-03-24,QQQ,0.20399519138768524
2006-03-24,SPY,0.31409056668555346
2006-03-24,TLT,0
2006-03-27,GLD,0.25
2006-03-27,IWM,0.23191424192676133
2006-03-27,QQQ,0.20399519138768524
2006-03-27,SPY,0.31409056668555346
2006-03-27,TLT,0
2006-03-28,GLD,0.25
2006-03-28,IWM,0.22286207721930848
2006-03-28,QQQ,0.20986639215434724
2006-03-28,SPY,0.31727153062634428
2006-03-28,TLT,0
2006-03-29,GLD,0.25
2006-03-29,IWM,0.22286207721930848
2006-03-29,QQQ,0.20986639215434724
2006-03-29,SPY,0.31727153062634428
2006-03-29,TLT,0
2006-03-30,GLD,0.25
2006-03-30,IWM,0.22286207721930848
2006-03-30,QQQ,0.20986639215434724
2006-03-30,SPY,0.31727153062634428
2006-03-30,TLT,0
2006-03-31,GLD,0.25
2006-03-31,IWM,0.22286207721930848
2006-03-31,QQQ,0.20986639215434724
2006-03-31,SPY,0.31727153062634428
2006-03-31,TLT,0
2006-04-03,GLD,0.25
2006-04-03,IWM,0.22286207721930848
2006-04-03,QQQ,0.20986639215434724
2006-04-03,SPY,0.31727153062634428
2006-04-03,TLT,0
2006-04-04,GLD,0.25
2006-04-04,IWM,0.22286207721930848
2006-04-04,QQQ,0.20986639215434724
2006-04-04,SPY,0.31727153062634428
2006-04-04,TLT,0
2006-04-05,GLD,0.25
2006-04-05,IWM,0.22286207721930848
2006-04-05,QQQ,0.20986639215434724
2006-04-05,SPY,0.31727153062634428
2006-04-05,TLT,0
2006-04-06,GLD,0.25
2006-04-06,IWM,0.22286207721930848
2006-04-06,QQQ,0.20986639215434724
2006-04-06,SPY,0.31727153062634428
2006-04-06,TLT,0
2006-04-07,GLD,0.25
2006-04-07,IWM,0.22286207721930848
2006-04-07,QQQ,0.20986639215434724
2006-04-07,SPY,0.31727153062634428
2006-04-07,TLT,0
2006-04-10,GLD,0.25
2006-04-10,IWM,0.22286207721930848
2006-04-10,QQQ,0.20986639215434724
2006-04-10,SPY,0.31727153062634428
2006-04-10,TLT,0
2006-04-11,GLD,0.25
2006-04-11,IWM,0.22286207721930848
2006-04-11,QQQ,0.20986639215434724
2006-04-11,SPY,0.31727153062634428
2006-04-11,TLT,0
2006-04-12,GLD,0.25
2006-04-12,IWM,0.22286207721930848
2006-04-12,QQQ,0.20986639215434724
2006-04-12,SPY,0.31727153062634428
2006-04-12,TLT,0
2006-04-13,GLD,0.25
2006-04-13,IWM,0.22286207721930848
2006-04-13,QQQ,0.20986639215434724
2006-04-13,SPY,0.31727153062634428
2006-04-13,TLT,0
2006-04-17,GLD,0.25
2006-04-17,IWM,0.22286207721930848
2006-04-17,QQQ,0.20986639215434724
2006-04-17,SPY,0.31727153062634428
2006-04-17,TLT,0
2006-04-18,GLD,0.25
2006-04-18,IWM,0.22286207721930848
2006-04-18,QQQ,0.20986639215434724
2006-04-18,SPY,0.31727153062634428
2006-04-18,TLT,0
2006-04-19,GLD,0.25
2006-04-19,IWM,0.22286207721930848
2006-04-19,QQQ,0.20986639215434724
2006-04-19,SPY,0.31727153062634428
2006-04-19,TLT,0
2006-04-20,GLD,0.25
2006-04-20,IWM,0.22286207721930848
2006-04-20,QQQ,0.20986639215434724
2006-04-20,SPY,0.31727153062634428
2006-04-20,TLT,0
2006-04-21,GLD,0.25
2006-04-21,IWM,0.22286207721930848
2006-04-21,QQQ,0.20986639215434724
2006-04-21,SPY,0.31727153062634428
2006-04-21,TLT,0
2006-04-24,GLD,0.25
2006-04-24,IWM,0.22286207721930848
2006-04-24,QQQ,0.20986639215434724
2006-04-24,SPY,0.31727153062634428
2006-04-24,TLT,0
2006-04-25,GLD,0.25
2006-04-25,IWM,0.22286207721930848
2006-04-25,QQQ,0.20986639215434724
2006-04-25,SPY,0.31727153062634428
2006-04-25,TLT,0
2006-04-26,GLD,0.25
2006-04-26,IWM,0.22286207721930848
2006-04-26,QQQ,0.20986639215434724
2006-04-26,SPY,0.31727153062634428
2006-04-26,TLT,0
2006-04-27,GLD,0.25
2006-04-27,IWM,0.20043531773307499
2006-04-27,QQQ,0.2190230183354509
2006-04-27,SPY,0.33054166393147411
2006-04-27,TLT,0
2006-04-28,GLD,0.25
2006-04-28,IWM,0.20043531773307499
2006-04-28,QQQ,0.2190230183354509
2006-04-28,SPY,0.33054166393147411
2006-04-28,TLT,0
2006-05-01,GLD,0.25
2006-05-01,IWM,0.20043531773307499
2006-05-01,QQQ,0.2190230183354509
2006-05-01,SPY,0.33054166393147411
2006-05-01,TLT,0
2006-05-02,GLD,0.25
2006-05-02,IWM,0.20043531773307499
2006-05-02,QQQ,0.2190230183354509
2006-05-02,SPY,0.33054166393147411
2006-05-02,TLT,0
2006-05-03,GLD,0.25
2006-05-03,IWM,0.20043531773307499
2006-05-03,QQQ,0.2190230183354509
2006-05-03,SPY,0.33054166393147411
2006-05-03,TLT,0
2006-05-04,GLD,0.25
2006-05-04,IWM,0.20043531773307499
2006-05-04,QQQ,0.2190230183354509
2006-05-04,SPY,0.33054166393147411
2006-05-04,TLT,0
2006-05-05,GLD,0.25
2006-05-05,IWM,0.20043531773307499
2006-05-05,QQQ,0.2190230183354509
2006-05-05,SPY,0.33054166393147411
2006-05-05,TLT,0
2006-05-08,GLD,0.25
2006-05-08,IWM,0.20043531773307499
2006-05-08,QQQ,0.2190230183354509
2006-05-08,SPY,0.33054166393147411
2006-05-08,TLT,0
2006-05-09,GLD,0.25
2006-05-09,IWM,0.20043531773307499
2006-05-09,QQQ,0.2190230183354509
2006-05-09,SPY,0.33054166393147411
2006-05-09,TLT,0
2006-05-10,GLD,0.25
2006-05-10,IWM,0.20043531773307499
2006-05-10,QQQ,0.2190230183354509
2006-05-10,SPY,0.33054166393147411
2006-05-10,TLT,0
2006-05-11,GLD,0.25
2006-05-11,IWM,0.20043531773307499
2006-05-11,QQQ,0.2190230183354509
2006-05-11,SPY,0.33054166393147411
2006-05-11,TLT,0
2006-05-12,GLD,0.25
2006-05-12,IWM,0.20043531773307499
2006-05-12,QQQ,0.2190230183354509
2006-05-12,SPY,0.33054166393147411
2006-05-12,TLT,0
2006-05-15,GLD,0.25
2006-05-15,IWM,0.20043531773307499
2006-05-15,QQQ,0.2190230183354509
2006-05-15,SPY,0.33054166393147411
2006-05-15,TLT,0
2006-05-16,GLD,0.25
2006-05-16,IWM,0.20043531773307499
2006-05-16,QQQ,0.2190230183354509
2006-05-16,SPY,0.33054166393147411
2006-05-16,TLT,0
2006-05-17,GLD,0.25
2006-05-17,IWM,0.20043531773307499
2006-05-17,QQQ,0.2190230183354509
2006-05-17,SPY,0.33054166393147411
2006-05-17,TLT,0
2006-05-18,GLD,0.25
2006-05-18,IWM,0.20043531773307499
2006-05-18,QQQ,0.2190230183354509
2006-05-18,SPY,0.33054166393147411
2006-05-18,TLT,0
2006-05-19,GLD,0.25
2006-05-19,IWM,0.20043531773307499
2006-05-19,QQQ,0.2190230183354509
2006-05-19,SPY,0.33054166393147411
2006-05-19,TLT,0
2006-05-22,GLD,0.25
2006-05-22,IWM,0.20043531773307499
2006-05-22,QQQ,0.2190230183354509
2006-05-22,SPY,0.33054166393147411
2006-05-22,TLT,0
2006-05-23,GLD,0.25
2006-05-23,IWM,0.20043531773307499
2006-05-23,QQQ,0.2190230183354509
2006-05-23,SPY,0.33054166393147411
2006-05-23,TLT,0
2006-05-24,GLD,0.25
2006-05-24,IWM,0.20043531773307499
2006-05-24,QQQ,0.2190230183354509
2006-05-24,SPY,0.33054166393147411
2006-05-24,TLT,0
2006-05-25,GLD,0.25
2006-05-25,IWM,0.20043531773307499
2006-05-25,QQQ,0.2190230183354509
2006-05-25,SPY,0.33054166393147411
2006-05-25,TLT,0
2006-05-26,GLD,0.5
2006-05-26,IWM,0.1873171816595984
2006-05-26,QQQ,0
2006-05-26,SPY,0.31268281834040157
2006-05-26,TLT,0
2006-05-30,GLD,0.5
2006-05-30,IWM,0.1873171816595984
2006-05-30,QQQ,0
2006-05-30,SPY,0.31268281834040157
2006-05-30,TLT,0
2006-05-31,GLD,0.5
2006-05-31,IWM,0.1873171816595984
2006-05-31,QQQ,0
2006-05-31,SPY,0.31268281834040157
2006-05-31,TLT,0
2006-06-01,GLD,0.5
2006-06-01,IWM,0.1873171816595984
2006-06-01,QQQ,0
2006-06-01,SPY,0.31268281834040157
2006-06-01,TLT,0
2006-06-02,GLD,0.5
2006-06-02,IWM,0.1873171816595984
2006-06-02,QQQ,0
2006-06-02,SPY,0.31268281834040157
2006-06-02,TLT,0
2006-06-05,GLD,0.5
2006-06-05,IWM,0.1873171816595984
2006-06-05,QQQ,0
2006-06-05,SPY,0.31268281834040157
2006-06-05,TLT,0
2006-06-06,GLD,0.5
2006-06-06,IWM,0.1873171816595984
2006-06-06,QQQ,0
2006-06-06,SPY,0.31268281834040157
2006-06-06,TLT,0
2006-06-07,GLD,0.5
2006-06-07,IWM,0.1873171816595984
2006-06-07,QQQ,0
2006-06-07,SPY,0.31268281834040157
2006-06-07,TLT,0
2006-06-08,GLD,0.5
2006-06-08,IWM,0.1873171816595984
2006-06-08,QQQ,0
2006-06-08,SPY,0.31268281834040157
2006-06-08,TLT,0
2006-06-09,GLD,0.5
2006-06-09,IWM,0.1873171816595984
2006-06-09,QQQ,0
2006-06-09,SPY,0.31268281834040157
2006-06-09,TLT,0
2006-06-12,GLD,0.5
2006-06-12,IWM,0.1873171816595984
2006-06-12,QQQ,0
2006-06-12,SPY,0.31268281834040157
2006-06-12,TLT,0
2006-06-13,GLD,0.5
2006-06-13,IWM,0.1873171816595984
2006-06-13,QQQ,0
2006-06-13,SPY,0.31268281834040157
2006-06-13,TLT,0
2006-06-14,GLD,0.5
2006-06-14,IWM,0.1873171816595984
2006-06-14,QQQ,0
2006-06-14,SPY,0.31268281834040157
2006-06-14,TLT,0
2006-06-15,GLD,0.5
2006-06-15,IWM,0.1873171816595984
2006-06-15,QQQ,0
2006-06-15,SPY,0.31268281834040157
2006-06-15,TLT,0
2006-06-16,GLD,0.5
2006-06-16,IWM,0.1873171816595984
2006-06-16,QQQ,0
2006-06-16,SPY,0.31268281834040157
2006-06-16,TLT,0
2006-06-19,GLD,0.5
2006-06-19,IWM,0.1873171816595984
2006-06-19,QQQ,0
2006-06-19,SPY,0.31268281834040157
2006-06-19,TLT,0
2006-06-20,GLD,0.5
2006-06-20,IWM,0.1873171816595984
2006-06-20,QQQ,0
2006-06-20,SPY,0.31268281834040157
2006-06-20,TLT,0
2006-06-21,GLD,0.5
2006-06-21,IWM,0.1873171816595984
2006-06-21,QQQ,0
2006-06-21,SPY,0.31268281834040157
2006-06-21,TLT,0
2006-06-22,GLD,0.5
2006-06-22,IWM,0.1873171816595984
2006-06-22,QQQ,0
2006-06-22,SPY,0.31268281834040157
2006-06-22,TLT,0
2006-06-23,GLD,0.5
2006-06-23,IWM,0.1873171816595984
2006-06-23,QQQ,0
2006-06-23,SPY,0.31268281834040157
2006-06-23,TLT,0
2006-06-26,GLD,0.5
2006-06-26,IWM,0.1873171816595984
2006-06-26,QQQ,0
2006-06-26,SPY,0.31268281834040157
2006-06-26,TLT,0
2006-06-27,GLD,1
2006-06-27,IWM,0
2006-06-27,QQQ,0
2006-06-27,SPY,0
2006-06-27,TLT,0
2006-06-28,GLD,1
2006-06-28,IWM,0
2006-06-28,QQQ,0
2006-06-28,SPY,0
2006-06-28,TLT,0
2006-06-29,GLD,1
2006-06-29,IWM,0
2006-06-29,QQQ,0
2006-06-29,SPY,0
2006-06-29,TLT,0
2006-06-30,GLD,1
2006-06-30,IWM,0
2006-06-30,QQQ,0
2006-06-30,SPY,0
2006-06-30,TLT,0
2006-07-03,GLD,1
2006-07-03,IWM,0
2006-07-03,QQQ,0
2006-07-03,SPY,0
2006-07-03,TLT,0
2006-07-05,GLD,1
2006-07-05,IWM,0
2006-07-05,QQQ,0
2006-07-05,SPY,0
2006-07-05,TLT,0
2006-07-06,GLD,1
2006-07-06,IWM,0
2006-07-06,QQQ,0
2006-07-06,SPY,0
2006-07-06,TLT,0
2006-07-07,GLD,1
2006-07-07,IWM,0
2006-07-07,QQQ,0
2006-07-07,SPY,0
2006-07-07,TLT,0
2006-07-10,GLD,1
2006-07-10,IWM,0
2006-07-10,QQQ,0
2006-07-10,SPY,0
2006-07-10,TLT,0
2006-07-11,GLD,1
2006-07-11,IWM,0
2006-07-11,QQQ,0
2006-07-11,SPY,0
2006-07-11,TLT,0
2006-07-12,GLD,1
2006-07-12,IWM,0
2006-07-12,QQQ,0
2006-07-12,SPY,0
2006-07-12,TLT,0
2006-07-13,GLD,1
2006-07-13,IWM,0
2006-07-13,QQQ,0
2006-07-13,SPY,0
2006-07-13,TLT,0
2006-07-14,GLD,1
2006-07-14,IWM,0
2006-07-14,QQQ,0
2006-07-14,SPY,0
2006-07-14,TLT,0
2006-07-17,GLD,1
2006-07-17,IWM,0
2006-07-17,QQQ,0
2006-07-17,SPY,0
2006-07-17,TLT,0
2006-07-18,GLD,1
2006-07-18,IWM,0
2006-07-18,QQQ,0
2006-07-18,SPY,0
2006-07-18,TLT,0
2006-07-19,GLD,1
2006-07-19,IWM,0
2006-07-19,QQQ,0
2006-07-19,SPY,0
2006-07-19,TLT,0
2006-07-20,GLD,1
2006-07-20,IWM,0
2006-07-20,QQQ,0
2006-07-20,SPY,0
2006-07-20,TLT,0
2006-07-21,GLD,1
2006-07-21,IWM,0
2006-07-21,QQQ,0
2006-07-21,SPY,0
2006-07-21,TLT,0
2006-07-24,GLD,1
2006-07-24,IWM,0
2006-07-24,QQQ,0
2006-07-24,SPY,0
2006-07-24,TLT,0
2006-07-25,GLD,1
2006-07-25,IWM,0
2006-07-25,QQQ,0
2006-07-25,SPY,0
2006-07-25,TLT,0
2006-07-26,GLD,1
2006-07-26,IWM,0
2006-07-26,QQQ,0
2006-07-26,SPY,0
2006-07-26,TLT,0
2006-07-27,GLD,0.75
2006-07-27,IWM,0
2006-07-27,QQQ,0
2006-07-27,SPY,0.25
2006-07-27,TLT,0
2006-07-28,GLD,0.75
2006-07-28,IWM,0
2006-07-28,QQQ,0
2006-07-28,SPY,0.25
2006-07-28,TLT,0
2006-07-31,GLD,0.75
2006-07-31,IWM,0
2006-07-31,QQQ,0
2006-07-31,SPY,0.25
2006-07-31,TLT,0
2006-08-01,GLD,0.75
2006-08-01,IWM,0
2006-08-01,QQQ,0
2006-08-01,SPY,0.25
2006-08-01,TLT,0
2006-08-02,GLD,0.75
2006-08-02,IWM,0
2006-08-02,QQQ,0
2006-08-02,SPY,0.25
2006-08-02,TLT,0
2006-08-03,GLD,0.75
2006-08-03,IWM,0
2006-08-03,QQQ,0
2006-08-03,SPY,0.25
2006-08-03,TLT,0
2006-08-04,GLD,0.75
2006-08-04,IWM,0
2006-08-04,QQQ,0
2006-08-04,SPY,0.25
2006-08-04,TLT,0
2006-08-07,GLD,0.75
2006-08-07,IWM,0
2006-08-07,QQQ,0
2006-08-07,SPY,0.25
2006-08-07,TLT,0
2006-08-08,GLD,0.75
2006-08-08,IWM,0
2006-08-08,QQQ,0
2006-08-08,SPY,0.25
2006-08-08,TLT,0
2006-08-09,GLD,0.75
2006-08-09,IWM,0
2006-08-09,QQQ,0
2006-08-09,SPY,0.25
2006-08-09,TLT,0
2006-08-10,GLD,0.75
2006-08-10,IWM,0
2006-08-10,QQQ,0
2006-08-10,SPY,0.25
2006-08-10,TLT,0
2006-08-11,GLD,0.75
2006-08-11,IWM,0
2006-08-11,QQQ,0
2006-08-11,SPY,0.25
2006-08-11,TLT,0
2006-08-14,GLD,0.75
2006-08-14,IWM,0
2006-08-14,QQQ,0
2006-08-14,SPY,0.25
2006-08-14,TLT,0
2006-08-15,GLD,0.75
2006-08-15,IWM,0
2006-08-15,QQQ,0
2006-08-15,SPY,0.25
2006-08-15,TLT,0
2006-08-16,GLD,0.75
2006-08-16,IWM,0
2006-08-16,QQQ,0
2006-08-16,SPY,0.25
2006-08-16,TLT,0
2006-08-17,GLD,0.75
2006-08-17,IWM,0
2006-08-17,QQQ,0
2006-08-17,SPY,0.25
2006-08-17,TLT,0
2006-08-18,GLD,0.75
2006-08-18,IWM,0
2006-08-18,QQQ,0
2006-08-18,SPY,0.25
2006-08-18,TLT,0
2006-08-21,GLD,0.75
2006-08-21,IWM,0
2006-08-21,QQQ,0
2006-08-21,SPY,0.25
2006-08-21,TLT,0
2006-08-22,GLD,0.75
2006-08-22,IWM,0
2006-08-22,QQQ,0
2006-08-22,SPY,0.25
2006-08-22,TLT,0
2006-08-23,GLD,0.75
2006-08-23,IWM,0
2006-08-23,QQQ,0
2006-08-23,SPY,0.25
2006-08-23,TLT,0
2006-08-24,GLD,0.75
2006-08-24,IWM,0
2006-08-24,QQQ,0
2006-08-24,SPY,0.25
2006-08-24,TLT,0
2006-08-25,GLD,0.75
2006-08-25,IWM,0
2006-08-25,QQQ,0
2006-08-25,SPY,0.25
2006-08-25,TLT,0
2006-08-28,GLD,0.75
2006-08-28,IWM,0
2006-08-28,QQQ,0
2006-08-28,SPY,0.25
2006-08-28,TLT,0
2006-08-29,GLD,0.75
2006-08-29,IWM,0
2006-08-29,QQQ,0
2006-08-29,SPY,0.25
2006-08-29,TLT,0
2006-08-30,GLD,0.75
2006-08-30,IWM,0
2006-08-30,QQQ,0
2006-08-30,SPY,0.25
2006-08-30,TLT,0
2006-08-31,GLD,0.75
2006-08-31,IWM,0
2006-08-31,QQQ,0
2006-08-31,SPY,0.25
2006-08-31,TLT,0
2006-09-01,GLD,0.75
2006-09-01,IWM,0
2006-09-01,QQQ,0
2006-09-01,SPY,0.25
2006-09-01,TLT,0
2006-09-05,GLD,0.75
2006-09-05,IWM,0
2006-09-05,QQQ,0
2006-09-05,SPY,0.25
2006-09-05,TLT,0
2006-09-06,GLD,0.75
2006-09-06,IWM,0
2006-09-06,QQQ,0
2006-09-06,SPY,0.25
2006-09-06,TLT,0
2006-09-07,GLD,0.75
2006-09-07,IWM,0
2006-09-07,QQQ,0
2006-09-07,SPY,0.25
2006-09-07,TLT,0
2006-09-08,GLD,0.75
2006-09-08,IWM,0
2006-09-08,QQQ,0
2006-09-08,SPY,0.25
2006-09-08,TLT,0
2006-09-11,GLD,0.75
2006-09-11,IWM,0
2006-09-11,QQQ,0
2006-09-11,SPY,0.25
2006-09-11,TLT,0
2006-09-12,GLD,0.75
2006-09-12,IWM,0
2006-09-12,QQQ,0
2006-09-12,SPY,0.25
2006-09-12,TLT,0
2006-09-13,GLD,0.75
2006-09-13,IWM,0
2006-09-13,QQQ,0
2006-09-13,SPY,0.25
2006-09-13,TLT,0
2006-09-14,GLD,0.75
2006-09-14,IWM,0
2006-09-14,QQQ,0
2006-09-14,SPY,0.25
2006-09-14,TLT,0
2006-09-15,GLD,0.75
2006-09-15,IWM,0
2006-09-15,QQQ,0
2006-09-15,SPY,0.25
2006-09-15,TLT,0
2006-09-18,GLD,0.75
2006-09-18,IWM,0
2006-09-18,QQQ,0
2006-09-18,SPY,0.25
2006-09-18,TLT,0
2006-09-19,GLD,0.75
2006-09-19,IWM,0
2006-09-19,QQQ,0
2006-09-19,SPY,0.25
2006-09-19,TLT,0
2006-09-20,GLD,0.75
2006-09-20,IWM,0
2006-09-20,QQQ,0
2006-09-20,SPY,0.25
2006-09-20,TLT,0
2006-09-21,GLD,0.75
2006-09-21,IWM,0
2006-09-21,QQQ,0
2006-09-21,SPY,0.25
2006-09-21,TLT,0
2006-09-22,GLD,0.75
2006-09-22,IWM,0
2006-09-22,QQQ,0
2006-09-22,SPY,0.25
2006-09-22,TLT,0
2006-09-25,GLD,0.75
2006-09-25,IWM,0
2006-09-25,QQQ,0
2006-09-25,SPY,0.25
2006-09-25,TLT,0
2006-09-26,GLD,0
2006-09-26,IWM,0.13751084957511517
2006-09-26,QQQ,0.16158851940309008
2006-09-26,SPY,0.27893584102866575
2006-09-26,TLT,0.42196478999312909
2006-09-27,GLD,0
2006-09-27,IWM,0.13751084957511517
2006-09-27,QQQ,0.16158851940309008
2006-09-27,SPY,0.27893584102866575
2006-09-27,TLT,0.42196478999312909
2006-09-28,GLD,0
2006-09-28,IWM,0.13751084957511517
2006-09-28,QQQ,0.16158851940309008
2006-09-28,SPY,0.27893584102866575
2006-09-28,TLT,0.42196478999312909
2006-09-29,GLD,0
2006-09-29,IWM,0.13751084957511517
2006-09-29,QQQ,0.16158851940309008
2006-09-29,SPY,0.27893584102866575
2006-09-29,TLT,0.42196478999312909
2006-10-02,GLD,0
2006-10-02,IWM,0.13751084957511517
2006-10-02,QQQ,0.16158851940309008
2006-10-02,SPY,0.27893584102866575
2006-10-02,TLT,0.42196478999312909
2006-10-03,GLD,0
2006-10-03,IWM,0.13751084957511517
2006-10-03,QQQ,0.16158851940309008
2006-10-03,SPY,0.27893584102866575
2006-10-03,TLT,0.42196478999312909
2006-10-04,GLD,0
2006-10-04,IWM,0.13751084957511517
2006-10-04,QQQ,0.16158851940309008
2006-10-04,SPY,0.27893584102866575
2006-10-04,TLT,0.42196478999312909
2006-10-05,GLD,0
2006-10-05,IWM,0.13751084957511517
2006-10-05,QQQ,0.16158851940309008
2006-10-05,SPY,0.27893584102866575
2006-10-05,TLT,0.42196478999312909
2006-10-06,GLD,0
2006-10-06,IWM,0.13751084957511517
2006-10-06,QQQ,0.16158851940309008
2006-10-06,SPY,0.27893584102866575
2006-10-06,TLT,0.42196478999312909
2006-10-09,GLD,0
2006-10-09,IWM,0.13751084957511517
2006-10-09,QQQ,0.16158851940309008
2006-10-09,SPY,0.27893584102866575
2006-10-09,TLT,0.42196478999312909
2006-10-10,GLD,0
2006-10-10,IWM,0.13751084957511517
2006-10-10,QQQ,0.16158851940309008
2006-10-10,SPY,0.27893584102866575
2006-10-10,TLT,0.42196478999312909
2006-10-11,GLD,0
2006-10-11,IWM,0.13751084957511517
2006-10-11,QQQ,0.16158851940309008
2006-10-11,SPY,0.27893584102866575
2006-10-11,TLT,0.42196478999312909
2006-10-12,GLD,0
2006-10-12,IWM,0.13751084957511517
2006-10-12,QQQ,0.16158851940309008
2006-10-12,SPY,0.27893584102866575
2006-10-12,TLT,0.42196478999312909
2006-10-13,GLD,0
2006-10-13,IWM,0.13751084957511517
2006-10-13,QQQ,0.16158851940309008
2006-10-13,SPY,0.27893584102866575
2006-10-13,TLT,0.42196478999312909
2006-10-16,GLD,0
2006-10-16,IWM,0.13751084957511517
2006-10-16,QQQ,0.16158851940309008
2006-10-16,SPY,0.27893584102866575
2006-10-16,TLT,0.42196478999312909
2006-10-17,GLD,0
2006-10-17,IWM,0.13751084957511517
2006-10-17,QQQ,0.16158851940309008
2006-10-17,SPY,0.27893584102866575
2006-10-17,TLT,0.42196478999312909
2006-10-18,GLD,0
2006-10-18,IWM,0.13751084957511517
2006-10-18,QQQ,0.16158851940309008
2006-10-18,SPY,0.27893584102866575
2006-10-18,TLT,0.42196478999312909
2006-10-19,GLD,0
2006-10-19,IWM,0.13751084957511517
2006-10-19,QQQ,0.16158851940309008
2006-10-19,SPY,0.27893584102866575
2006-10-19,TLT,0.42196478999312909
2006-10-20,GLD,0
2006-10-20,IWM,0.13751084957511517
2006-10-20,QQQ,0.16158851940309008
2006-10-20,SPY,0.27893584102866575
2006-10-20,TLT,0.42196478999312909
2006-10-23,GLD,0
2006-10-23,IWM,0.13751084957511517
2006-10-23,QQQ,0.16158851940309008
2006-10-23,SPY,0.27893584102866575
2006-10-23,TLT,0.42196478999312909
2006-10-24,GLD,0
2006-10-24,IWM,0.13751084957511517
2006-10-24,QQQ,0.16158851940309008
2006-10-24,SPY,0.27893584102866575
2006-10-24,TLT,0.42196478999312909
2006-10-25,GLD,0
2006-10-25,IWM,0.14660619761472804
2006-10-25,QQQ,0.1597577707155704
2006-10-25,SPY,0.34008554830167737
2006-10-25,TLT,0.35355048336802419
2006-10-26,GLD,0
2006-10-26,IWM,0.14660619761472804
2006-10-26,QQQ,0.1597577707155704
2006-10-26,SPY,0.34008554830167737
2006-10-26,TLT,0.35355048336802419
2006-10-27,GLD,0
2006-10-27,IWM,0.14660619761472804
2006-10-27,QQQ,0.1597577707155704
2006-10-27,SPY,0.34008554830167737
2006-10-27,TLT,0.35355048336802419
2006-10-30,GLD,0
2006-10-30,IWM,0.14660619761472804
2006-10-30,QQQ,0.1597577707155704
2006-10-30,SPY,0.34008554830167737
2006-10-30,TLT,0.35355048336802419
2006-10-31,GLD,0
2006-10-31,IWM,0.14660619761472804
2006-10-31,QQQ,0.1597577707155704
2006-10-31,SPY,0.34008554830167737
2006-10-31,TLT,0.35355048336802419
2006-11-01,GLD,0
2006-11-01,IWM,0.14660619761472804
2006-11-01,QQQ,0.1597577707155704
2006-11-01,SPY,0.34008554830167737
2006-11-01,TLT,0.35355048336802419
2006-11-02,GLD,0
2006-11-02,IWM,0.14660619761472804
2006-11-02,QQQ,0.1597577707155704
2006-11-02,SPY,0.34008554830167737
2006-11-02,TLT,0.35355048336802419
2006-11-03,GLD,0
2006-11-03,IWM,0.14660619761472804
2006-11-03,QQQ,0.1597577707155704
2006-11-03,SPY,0.34008554830167737
2006-11-03,TLT,0.35355048336802419
2006-11-06,GLD,0
2006-11-06,IWM,0.14660619761472804
2006-11-06,QQQ,0.1597577707155704
2006-11-06,SPY,0.34008554830167737
2006-11-06,TLT,0.35355048336802419
2006-11-07,GLD,0
2006-11-07,IWM,0.14660619761472804
2006-11-07,QQQ,0.1597577707155704
2006-11-07,SPY,0.34008554830167737
2006-11-07,TLT,0.35355048336802419
2006-11-08,GLD,0
2006-11-08,IWM,0.14660619761472804
2006-11-08,QQQ,0.1597577707155704
2006-11-08,SPY,0.34008554830167737
2006-11-08,TLT,0.35355048336802419
2006-11-09,GLD,0
2006-11-09,IWM,0.14660619761472804
2006-11-09,QQQ,0.1597577707155704
2006-11-09,SPY,0.34008554830167737
2006-11-09,TLT,0.35355048336802419
2006-11-10,GLD,0
2006-11-10,IWM,0.14660619761472804
2006-11-10,QQQ,0.1597577707155704
2006-11-10,SPY,0.34008554830167737
2006-11-10,TLT,0.35355048336802419
2006-11-13,GLD,0
2006-11-13,IWM,0.14660619761472804
2006-11-13,QQQ,0.1597577707155704
2006-11-13,SPY,0.34008554830167737
2006-11-13,TLT,0.35355048336802419
2006-11-14,GLD,0
2006-11-14,IWM,0.14660619761472804
2006-11-14,QQQ,0.1597577707155704
2006-11-14,SPY,0.34008554830167737
2006-11-14,TLT,0.35355048336802419
2006-11-15,GLD,0
2006-11-15,IWM,0.14660619761472804
2006-11-15,QQQ,0.1597577707155704
2006-11-15,SPY,0.34008554830167737
2006-11-15,TLT,0.35355048336802419
2006-11-16,GLD,0
2006-11-16,IWM,0.14660619761472804
2006-11-16,QQQ,0.1597577707155704
2006-11-16,SPY,0.34008554830167737
2006-11-16,TLT,0.35355048336802419
2006-11-17,GLD,0
2006-11-17,IWM,0.14660619761472804
2006-11-17,QQQ,0.1597577707155704
2006-11-17,SPY,0.34008554830167737
2006-11-17,TLT,0.35355048336802419
2006-11-20,GLD,0
2006-11-20,IWM,0.14660619761472804
2006-11-20,QQQ,0.1597577707155704
2006-11-20,SPY,0.34008554830167737
2006-11-20,TLT,0.35355048336802419
2006-11-21,GLD,0
2006-11-21,IWM,0.14660619761472804
2006-11-21,QQQ,0.1597577707155704
2006-11-21,SPY,0.34008554830167737
2006-11-21,TLT,0.35355048336802419
2006-11-22,GLD,0
2006-11-22,IWM,0.14660619761472804
2006-11-22,QQQ,0.1597577707155704
2006-11-22,SPY,0.34008554830167737
2006-11-22,TLT,0.35355048336802419
2006-11-24,GLD,0
2006-11-24,IWM,0.15582215154052159
2006-11-24,QQQ,0.17823193101108598
2006-11-24,SPY,0.35023578915277737
2006-11-24,TLT,0.31571012829561501
2006-11-27,GLD,0
2006-11-27,IWM,0.15582215154052159
2006-11-27,QQQ,0.17823193101108598
2006-11-27,SPY,0.35023578915277737
2006-11-27,TLT,0.31571012829561501
2006-11-28,GLD,0
2006-11-28,IWM,0.15582215154052159
2006-11-28,QQQ,0.17823193101108598
2006-11-28,SPY,0.35023578915277737
2006-11-28,TLT,0.31571012829561501
2006-11-29,GLD,0
2006-11-29,IWM,0.15582215154052159
2006-11-29,QQQ,0.17823193101108598
2006-11-29,SPY,0.35023578915277737
2006-11-29,TLT,0.31571012829561501
2006-11-30,GLD,0
2006-11-30,IWM,0.15582215154052159
2006-11-30,QQQ,0.17823193101108598
2006-11-30,SPY,0.35023578915277737
2006-11-30,TLT,0.31571012829561501
2006-12-01,GLD,0
2006-12-01,IWM,0.15582215154052159
2006-12-01,QQQ,0.17823193101108598
2006-12-01,SPY,0.35023578915277737
2006-12-01,TLT,0.31571012829561501
2006-12-04,GLD,0
2006-12-04,IWM,0.15582215154052159
2006-12-04,QQQ,0.17823193101108598
2006-12-04,SPY,0.35023578915277737
2006-12-04,TLT,0.31571012829561501
2006-12-05,GLD,0
2006-12-05,IWM,0.15582215154052159
2006-12-05,QQQ,0.17823193101108598
2006-12-05,SPY,0.35023578915277737
2006-12-05,TLT,0.31571012829561501
2006-12-06,GLD,0
2006-12-06,IWM,0.15582215154052159
2006-12-06,QQQ,0.17823193101108598
2006-12-06,SPY,0.35023578915277737
2006-12-06,TLT,0.31571012829561501
2006-12-07,GLD,0
2006-12-07,IWM,0.15582215154052159
2006-12-07,QQQ,0.17823193101108598
2006-12-07,SPY,0.35023578915277737
2006-12-07,TLT,0.31571012829561501
2006-12-08,GLD,0
2006-12-08,IWM,0.15582215154052159
2006-12-08,QQQ,0.17823193101108598
2006-12-08,SPY,0.35023578915277737
2006-12-08,TLT,0.31571012829561501
2006-12-11,GLD,0
2006-12-11,IWM,0.15582215154052159
2006-12-11,QQQ,0.17823193101108598
2006-12-11,SPY,0.35023578915277737
2006-12-11,TLT,0.31571012829561501
2006-12-12,GLD,0
2006-12-12,IWM,0.15582215154052159
2006-12-12,QQQ,0.17823193101108598
2006-12-12,SPY,0.35023578915277737
2006-12-12,TLT,0.31571012829561501
2006-12-13,GLD,0
2006-12-13,IWM,0.15582215154052159
2006-12-13,QQQ,0.17823193101108598
2006-12-13,SPY,0.35023578915277737
2006-12-13,TLT,0.31571012829561501
2006-12-14,GLD,0
2006-12-14,IWM,0.15582215154052159
2006-12-14,QQQ,0.17823193101108598
2006-12-14,SPY,0.35023578915277737
2006-12-14,TLT,0.31571012829561501
2006-12-15,GLD,0
2006-12-15,IWM,0.15582215154052159
2006-12-15,QQQ,0.17823193101108598
2006-12-15,SPY,0.35023578915277737
2006-12-15,TLT,0.31571012829561501
2006-12-18,GLD,0
2006-12-18,IWM,0.15582215154052159
2006-12-18,QQQ,0.17823193101108598
2006-12-18,SPY,0.35023578915277737
2006-12-18,TLT,0.31571012829561501
2006-12-19,GLD,0
2006-12-19,IWM,0.15582215154052159
2006-12-19,QQQ,0.17823193101108598
2006-12-19,SPY,0.35023578915277737
2006-12-19,TLT,0.31571012829561501
2006-12-20,GLD,0
2006-12-20,IWM,0.15582215154052159
2006-12-20,QQQ,0.17823193101108598
2006-12-20,SPY,0.35023578915277737
2006-12-20,TLT,0.31571012829561501
2006-12-21,GLD,0
2006-12-21,IWM,0.15582215154052159
2006-12-21,QQQ,0.17823193101108598
2006-12-21,SPY,0.35023578915277737
2006-12-21,TLT,0.31571012829561501
2006-12-22,GLD,0
2006-12-22,IWM,0.15582215154052159
2006-12-22,QQQ,0.17823193101108598
2006-12-22,SPY,0.35023578915277737
2006-12-22,TLT,0.31571012829561501
2006-12-26,GLD,0
2006-12-26,IWM,0.16686572767227925
2006-12-26,QQQ,0.18133238549201039
2006-12-26,SPY,0.32887986047841866
2006-12-26,TLT,0.32292202635729172
2006-12-27,GLD,0
2006-12-27,IWM,0.16686572767227925
2006-12-27,QQQ,0.18133238549201039
2006-12-27,SPY,0.32887986047841866
2006-12-27,TLT,0.32292202635729172
2006-12-28,GLD,0
2006-12-28,IWM,0.16686572767227925
2006-12-28,QQQ,0.18133238549201039
2006-12-28,SPY,0.32887986047841866
2006-12-28,TLT,0.32292202635729172
2006-12-29,GLD,0
2006-12-29,IWM,0.16686572767227925
2006-12-29,QQQ,0.18133238549201039
2006-12-29,SPY,0.32887986047841866
2006-12-29,TLT,0.32292202635729172
2007-01-03,GLD,0
2007-01-03,IWM,0.16686572767227925
2007-01-03,QQQ,0.18133238549201039
2007-01-03,SPY,0.32887986047841866
2007-01-03,TLT,0.32292202635729172
2007-01-04,GLD,0
2007-01-04,IWM,0.16686572767227925
2007-01-04,QQQ,0.18133238549201039
2007-01-04,SPY,0.32887986047841866
2007-01-04,TLT,0.32292202635729172
2007-01-05,GLD,0
2007-01-05,IWM,0.16686572767227925
2007-01-05,QQQ,0.18133238549201039
2007-01-05,SPY,0.32887986047841866
2007-01-05,TLT,0.32292202635729172
2007-01-08,GLD,0
2007-01-08,IWM,0.16686572767227925
2007-01-08,QQQ,0.18133238549201039
2007-01-08,SPY,0.32887986047841866
2007-01-08,TLT,0.32292202635729172
2007-01-09,GLD,0
2007-01-09,IWM,0.16686572767227925
2007-01-09,QQQ,0.18133238549201039
2007-01-09,SPY,0.32887986047841866
2007-01-09,TLT,0.32292202635729172
2007-01-10,GLD,0
2007-01-10,IWM,0.16686572767227925
2007-01-10,QQQ,0.18133238549201039
2007-01-10,SPY,0.32887986047841866
2007-01-10,TLT,0.32292202635729172
2007-01-11,GLD,0
2007-01-11,IWM,0.16686572767227925
2007-01-11,QQQ,0.18133238549201039
2007-01-11,SPY,0.32887986047841866
2007-01-11,TLT,0.32292202635729172
2007-01-12,GLD,0
2007-01-12,IWM,0.16686572767227925
2007-01-12,QQQ,0.18133238549201039
2007-01-12,SPY,0.32887986047841866
2007-01-12,TLT,0.32292202635729172
2007-01-16,GLD,0
2007-01-16,IWM,0.16686572767227925
2007-01-16,QQQ,0.18133238549201039
2007-01-16,SPY,0.32887986047841866
2007-01-16,TLT,0.32292202635729172
2007-01-17,GLD,0
2007-01-17,IWM,0.16686572767227925
2007-01-17,QQQ,0.18133238549201039
2007-01-17,SPY,0.32887986047841866
2007-01-17,TLT,0.32292202635729172
2007-01-18,GLD,0
2007-01-18,IWM,0.16686572767227925
2007-01-18,QQQ,0.18133238549201039
2007-01-18,SPY,0.32887986047841866
2007-01-18,TLT,0.32292202635729172
2007-01-19,GLD,0
2007-01-19,IWM,0.16686572767227925
2007-01-19,QQQ,0.18133238549201039
2007-01-19,SPY,0.32887986047841866
2007-01-19,TLT,0.32292202635729172
2007-01-22,GLD,0
2007-01-22,IWM,0.16686572767227925
2007-01-22,QQQ,0.18133238549201039
2007-01-22,SPY,0.32887986047841866
2007-01-22,TLT,0.32292202635729172
2007-01-23,GLD,0
2007-01-23,IWM,0.16686572767227925
2007-01-23,QQQ,0.18133238549201039
2007-01-23,SPY,0.32887986047841866
2007-01-23,TLT,0.32292202635729172
2007-01-24,GLD,0
2007-01-24,IWM,0.16686572767227925
2007-01-24,QQQ,0.18133238549201039
2007-01-24,SPY,0.32887986047841866
2007-01-24,TLT,0.32292202635729172
2007-01-25,GLD,0
2007-01-25,IWM,0.16686572767227925
2007-01-25,QQQ,0.18133238549201039
2007-01-25,SPY,0.32887986047841866
2007-01-25,TLT,0.32292202635729172
2007-01-26,GLD,0
2007-01-26,IWM,0.16686572767227925
2007-01-26,QQQ,0.18133238549201039
2007-01-26,SPY,0.32887986047841866
2007-01-26,TLT,0.32292202635729172
2007-01-29,GLD,0.25
2007-01-29,IWM,0.19439518248705823
2007-01-29,QQQ,0.20356604552396362
2007-01-29,SPY,0.35203877198897815
2007-01-29,TLT,0
2007-01-30,GLD,0.25
2007-01-30,IWM,0.19439518248705823
2007-01-30,QQQ,0.20356604552396362
2007-01-30,SPY,0.35203877198897815
2007-01-30,TLT,0
2007-01-31,GLD,0.25
2007-01-31,IWM,0.19439518248705823
2007-01-31,QQQ,0.20356604552396362
2007-01-31,SPY,0.35203877198897815
2007-01-31,TLT,0
2007-02-01,GLD,0.25
2007-02-01,IWM,0.19439518248705823
2007-02-01,QQQ,0.20356604552396362
2007-02-01,SPY,0.35203877198897815
2007-02-01,TLT,0
2007-02-02,GLD,0.25
2007-02-02,IWM,0.19439518248705823
2007-02-02,QQQ,0.20356604552396362
2007-02-02,SPY,0.35203877198897815
2007-02-02,TLT,0
2007-02-05,GLD,0.25
2007-02-05,IWM,0.19439518248705823
2007-02-05,QQQ,0.20356604552396362
2007-02-05,SPY,0.35203877198897815
2007-02-05,TLT,0
2007-02-06,GLD,0.25
2007-02-06,IWM,0.19439518248705823
2007-02-06,QQQ,0.20356604552396362
2007-02-06,SPY,0.35203877198897815
2007-02-06,TLT,0
2007-02-07,GLD,0.25
2007-02-07,IWM,0.19439518248705823
2007-02-07,QQQ,0.20356604552396362
2007-02-07,SPY,0.35203877198897815
2007-02-07,TLT,0
2007-02-08,GLD,0.25
2007-02-08,IWM,0.19439518248705823
2007-02-08,QQQ,0.20356604552396362
2007-02-08,SPY,0.35203877198897815
2007-02-08,TLT,0
2007-02-09,GLD,0.25
2007-02-09,IWM,0.19439518248705823
2007-02-09,QQQ,0.20356604552396362
2007-02-09,SPY,0.35203877198897815
2007-02-09,TLT,0
2007-02-12,GLD,0.25
2007-02-12,IWM,0.19439518248705823
2007-02-12,QQQ,0.20356604552396362
2007-02-12,SPY,0.35203877198897815
2007-02-12,TLT,0
2007-02-13,GLD,0.25
2007-02-13,IWM,0.19439518248705823
2007-02-13,QQQ,0.20356604552396362
2007-02-13,SPY,0.35203877198897815
2007-02-13,TLT,0
2007-02-14,GLD,0.25
2007-02-14,IWM,0.19439518248705823
2007-02-14,QQQ,0.20356604552396362
2007-02-14,SPY,0.35203877198897815
2007-02-14,TLT,0
2007-02-15,GLD,0.25
2007-02-15,IWM,0.19439518248705823
2007-02-15,QQQ,0.20356604552396362
2007-02-15,SPY,0.35203877198897815
2007-02-15,TLT,0
2007-02-16,GLD,0.25
2007-02-16,IWM,0.19439518248705823
2007-02-16,QQQ,0.20356604552396362
2007-02-16,SPY,0.35203877198897815
2007-02-16,TLT,0
2007-02-20,GLD,0.25
2007-02-20,IWM,0.19439518248705823
2007-02-20,QQQ,0.20356604552396362
2007-02-20,SPY,0.35203877198897815
2007-02-20,TLT,0
2007-02-21,GLD,0.25
2007-02-21,IWM,0.19439518248705823
2007-02-21,QQQ,0.20356604552396362
2007-02-21,SPY,0.35203877198897815
2007-02-21,TLT,0
2007-02-22,GLD,0.25
2007-02-22,IWM,0.19439518248705823
2007-02-22,QQQ,0.20356604552396362
2007-02-22,SPY,0.35203877198897815
2007-02-22,TLT,0
2007-02-23,GLD,0.25
2007-02-23,IWM,0.19439518248705823
2007-02-23,QQQ,0.20356604552396362
2007-02-23,SPY,0.35203877198897815
2007-02-23,TLT,0
2007-02-26,GLD,0.25
2007-02-26,IWM,0.19439518248705823
2007-02-26,QQQ,0.20356604552396362
2007-02-26,SPY,0.35203877198897815
2007-02-26,TLT,0
2007-02-27,GLD,0.25
2007-02-27,IWM,0.19439518248705823
2007-02-27,QQQ,0.20356604552396362
2007-02-27,SPY,0.35203877198897815
2007-02-27,TLT,0
2007-02-28,GLD,0
2007-02-28,IWM,0.18269119283267865
2007-02-28,QQQ,0.18590563468636329
2007-02-28,SPY,0.25531973355941062
2007-02-28,TLT,0.3760834389215475
2007-03-01,GLD,0
2007-03-01,IWM,0.18269119283267865
2007-03-01,QQQ,0.18590563468636329
2007-03-01,SPY,0.25531973355941062
2007-03-01,TLT,0.3760834389215475
2007-03-02,GLD,0
2007-03-02,IWM,0.18269119283267865
2007-03-02,QQQ,0.18590563468636329
2007-03-02,SPY,0.25531973355941062
2007-03-02,TLT,0.3760834389215475
2007-03-05,GLD,0
2007-03-05,IWM,0.18269119283267865
2007-03-05,QQQ,0.18590563468636329
2007-03-05,SPY,0.25531973355941062
2007-03-05,TLT,0.3760834389215475
2007-03-06,GLD,0
2007-03-06,IWM,0.18269119283267865
2007-03-06,QQQ,0.18590563468636329
2007-03-06,SPY,0.25531973355941062
2007-03-06,TLT,0.3760834389215475
2007-03-07,GLD,0
2007-03-07,IWM,0.18269119283267865
2007-03-07,QQQ,0.18590563468636329
2007-03-07,SPY,0.25531973355941062
2007-03-07,TLT,0.3760834389215475
2007-03-08,GLD,0
2007-03-08,IWM,0.18269119283267865
2007-03-08,QQQ,0.18590563468636329
2007-03-08,SPY,0.25531973355941062
2007-03-08,TLT,0.3760834389215475
2007-03-09,GLD,0
2007-03-09,IWM,0.18269119283267865
2007-03-09,QQQ,0.18590563468636329
2007-03-09,SPY,0.25531973355941062
2007-03-09,TLT,0.3760834389215475
2007-03-12,GLD,0
2007-03-12,IWM,0.18269119283267865
2007-03-12,QQQ,0.18590563468636329
2007-03-12,SPY,0.25531973355941062
2007-03-12,TLT,0.3760834389215475
2007-03-13,GLD,0
2007-03-13,IWM,0.18269119283267865
2007-03-13,QQQ,0.18590563468636329
2007-03-13,SPY,0.25531973355941062
2007-03-13,TLT,0.3760834389215475
2007-03-14,GLD,0
2007-03-14,IWM,0.18269119283267865
2007-03-14,QQQ,0.18590563468636329
2007-03-14,SPY,0.25531973355941062
2007-03-14,TLT,0.3760834389215475
2007-03-15,GLD,0
2007-03-15,IWM,0.18269119283267865
2007-03-15,QQQ,0.18590563468636329
2007-03-15,SPY,0.25531973355941062
2007-03-15,TLT,0.3760834389215475
2007-03-16,GLD,0
2007-03-16,IWM,0.18269119283267865
2007-03-16,QQQ,0.18590563468636329
2007-03-16,SPY,0.25531973355941062
2007-03-16,TLT,0.3760834389215475
2007-03-19,GLD,0
2007-03-19,IWM,0.18269119283267865
2007-03-19,QQQ,0.18590563468636329
2007-03-19,SPY,0.25531973355941062
2007-03-19,TLT,0.3760834389215475
2007-03-20,GLD,0
2007-03-20,IWM,0.18269119283267865
2007-03-20,QQQ,0.18590563468636329
2007-03-20,SPY,0.25531973355941062
2007-03-20,TLT,0.3760834389215475
2007-03-21,GLD,0
2007-03-21,IWM,0.18269119283267865
2007-03-21,QQQ,0.18590563468636329
2007-03-21,SPY,0.25531973355941062
2007-03-21,TLT,0.3760834389215475
2007-03-22,GLD,0
2007-03-22,IWM,0.18269119283267865
2007-03-22,QQQ,0.18590563468636329
2007-03-22,SPY,0.25531973355941062
2007-03-22,TLT,0.3760834389215475
2007-03-23,GLD,0
2007-03-23,IWM,0.18269119283267865
2007-03-23,QQQ,0.18590563468636329
2007-03-23,SPY,0.25531973355941062
2007-03-23,TLT,0.3760834389215475
2007-03-26,GLD,0
2007-03-26,IWM,0.18269119283267865
2007-03-26,QQQ,0.18590563468636329
2007-03-26,SPY,0.25531973355941062
2007-03-26,TLT,0.3760834389215475
2007-03-27,GLD,0
2007-03-27,IWM,0.18269119283267865
2007-03-27,QQQ,0.18590563468636329
2007-03-27,SPY,0.25531973355941062
2007-03-27,TLT,0.3760834389215475
2007-03-28,GLD,0
2007-03-28,IWM,0.18269119283267865
2007-03-28,QQQ,0.18590563468636329
2007-03-28,SPY,0.25531973355941062
2007-03-28,TLT,0.3760834389215475
2007-03-29,GLD,0
2007-03-29,IWM,0.17240139940952498
2007-03-29,QQQ,0.18906351271682578
2007-03-29,SPY,0.23586159732954834
2007-03-29,TLT,0.40267349054410084
2007-03-30,GLD,0
2007-03-30,IWM,0.17240139940952498
2007-03-30,QQQ,0.18906351271682578
2007-03-30,SPY,0.23586159732954834
2007-03-30,TLT,0.40267349054410084
2007-04-02,GLD,0
2007-04-02,IWM,0.17240139940952498
2007-04-02,QQQ,0.18906351271682578
2007-04-02,SPY,0.23586159732954834
2007-04-02,TLT,0.40267349054410084
2007-04-03,GLD,0
2007-04-03,IWM,0.17240139940952498
2007-04-03,QQQ,0.18906351271682578
2007-04-03,SPY,0.23586159732954834
2007-04-03,TLT,0.40267349054410084
2007-04-04,GLD,0
2007-04-04,IWM,0.17240139940952498
2007-04-04,QQQ,0.18906351271682578
2007-04-04,SPY,0.23586159732954834
2007-04-04,TLT,0.40267349054410084
2007-04-05,GLD,0
2007-04-05,IWM,0.17240139940952498
2007-04-05,QQQ,0.18906351271682578
2007-04-05,SPY,0.23586159732954834
2007-04-05,TLT,0.40267349054410084
2007-04-09,GLD,0
2007-04-09,IWM,0.17240139940952498
2007-04-09,QQQ,0.18906351271682578
2007-04-09,SPY,0.23586159732954834
2007-04-09,TLT,0.40267349054410084
2007-04-10,GLD,0
2007-04-10,IWM,0.17240139940952498
2007-04-10,QQQ,0.18906351271682578
2007-04-10,SPY,0.23586159732954834
2007-04-10,TLT,0.40267349054410084
2007-04-11,GLD,0
2007-04-11,IWM,0.17240139940952498
2007-04-11,QQQ,0.18906351271682578
2007-04-11,SPY,0.23586159732954834
2007-04-11,TLT,0.40267349054410084
2007-04-12,GLD,0
2007-04-12,IWM,0.17240139940952498
2007-04-12,QQQ,0.18906351271682578
2007-04-12,SPY,0.23586159732954834
2007-04-12,TLT,0.40267349054410084
2007-04-13,GLD,0
2007-04-13,IWM,0.17240139940952498
2007-04-13,QQQ,0.18906351271682578
2007-04-13,SPY,0.23586159732954834
2007-04-13,TLT,0.40267349054410084
2007-04-16,GLD,0
2007-04-16,IWM,0.17240139940952498
2007-04-16,QQQ,0.18906351271682578
2007-04-16,SPY,0.23586159732954834
2007-04-16,TLT,0.40267349054410084
2007-04-17,GLD,0
2007-04-17,IWM,0.17240139940952498
2007-04-17,QQQ,0.18906351271682578
2007-04-17,SPY,0.23586159732954834
2007-04-17,TLT,0.40267349054410084
2007-04-18,GLD,0
2007-04-18,IWM,0.17240139940952498
2007-04-18,QQQ,0.18906351271682578
2007-04-18,SPY,0.23586159732954834
2007-04-18,TLT,0.40267349054410084
2007-04-19,GLD,0
2007-04-19,IWM,0.17240139940952498
2007-04-19,QQQ,0.18906351271682578
2007-04-19,SPY,0.23586159732954834
2007-04-19,TLT,0.40267349054410084
2007-04-20,GLD,0
2007-04-20,IWM,0.17240139940952498
2007-04-20,QQQ,0.18906351271682578
2007-04-20,SPY,0.23586159732954834
2007-04-20,TLT,0.40267349054410084
2007-04-23,GLD,0
2007-04-23,IWM,0.17240139940952498
2007-04-23,QQQ,0.18906351271682578
2007-04-23,SPY,0.23586159732954834
2007-04-23,TLT,0.40267349054410084
2007-04-24,GLD,0
2007-04-24,IWM,0.17240139940952498
2007-04-24,QQQ,0.18906351271682578
2007-04-24,SPY,0.23586159732954834
2007-04-24,TLT,0.40267349054410084
2007-04-25,GLD,0
2007-04-25,IWM,0.17240139940952498
2007-04-25,QQQ,0.18906351271682578
2007-04-25,SPY,0.23586159732954834
2007-04-25,TLT,0.40267349054410084
2007-04-26,GLD,0
2007-04-26,IWM,0.17240139940952498
2007-04-26,QQQ,0.18906351271682578
2007-04-26,SPY,0.23586159732954834
2007-04-26,TLT,0.40267349054410084
2007-04-27,GLD,0
2007-04-27,IWM,0.17240139940952498
2007-04-27,QQQ,0.18906351271682578
2007-04-27,SPY,0.23586159732954834
2007-04-27,TLT,0.40267349054410084
2007-04-30,GLD,0
2007-04-30,IWM,0.17305106251295113
2007-04-30,QQQ,0.19726934879530711
2007-04-30,SPY,0.22867545877092016
2007-04-30,TLT,0.40100412992082163
2007-05-01,GLD,0
2007-05-01,IWM,0.17305106251295113
2007-05-01,QQQ,0.19726934879530711
2007-05-01,SPY,0.22867545877092016
2007-05-01,TLT,0.40100412992082163
2007-05-02,GLD,0
2007-05-02,IWM,0.17305106251295113
2007-05-02,QQQ,0.19726934879530711
2007-05-02,SPY,0.22867545877092016
2007-05-02,TLT,0.40100412992082163
2007-05-03,GLD,0
2007-05-03,IWM,0.17305106251295113
2007-05-03,QQQ,0.19726934879530711
2007-05-03,SPY,0.22867545877092016
2007-05-03,TLT,0.40100412992082163
2007-05-04,GLD,0
2007-05-04,IWM,0.17305106251295113
2007-05-04,QQQ,0.19726934879530711
2007-05-04,SPY,0.22867545877092016
2007-05-04,TLT,0.40100412992082163
2007-05-07,GLD,0
2007-05-07,IWM,0.17305106251295113
2007-05-07,QQQ,0.19726934879530711
2007-05-07,SPY,0.22867545877092016
2007-05-07,TLT,0.40100412992082163
2007-05-08,GLD,0
2007-05-08,IWM,0.17305106251295113
2007-05-08,QQQ,0.19726934879530711
2007-05-08,SPY,0.22867545877092016
2007-05-08,TLT,0.40100412992082163
2007-05-09,GLD,0
2007-05-09,IWM,0.17305106251295113
2007-05-09,QQQ,0.19726934879530711
2007-05-09,SPY,0.22867545877092016
2007-05-09,TLT,0.40100412992082163
2007-05-10,GLD,0
2007-05-10,IWM,0.17305106251295113
2007-05-10,QQQ,0.19726934879530711
2007-05-10,SPY,0.22867545877092016
2007-05-10,TLT,0.40100412992082163
2007-05-11,GLD,0
2007-05-11,IWM,0.17305106251295113
2007-05-11,QQQ,0.19726934879530711
2007-05-11,SPY,0.22867545877092016
2007-05-11,TLT,0.40100412992082163
2007-05-14,GLD,0
2007-05-14,IWM,0.17305106251295113
2007-05-14,QQQ,0.19726934879530711
2007-05-14,SPY,0.22867545877092016
2007-05-14,TLT,0.40100412992082163
2007-05-15,GLD,0
2007-05-15,IWM,0.17305106251295113
2007-05-15,QQQ,0.19726934879530711
2007-05-15,SPY,0.22867545877092016
2007-05-15,TLT,0.40100412992082163
2007-05-16,GLD,0
2007-05-16,IWM,0.17305106251295113
2007-05-16,QQQ,0.19726934879530711
2007-05-16,SPY,0.22867545877092016
2007-05-16,TLT,0.40100412992082163
2007-05-17,GLD,0
2007-05-17,IWM,0.17305106251295113
2007-05-17,QQQ,0.19726934879530711
2007-05-17,SPY,0.22867545877092016
2007-05-17,TLT,0.40100412992082163
2007-05-18,GLD,0
2007-05-18,IWM,0.17305106251295113
2007-05-18,QQQ,0.19726934879530711
2007-05-18,SPY,0.22867545877092016
2007-05-18,TLT,0.40100412992082163
2007-05-21,GLD,0
2007-05-21,IWM,0.17305106251295113
2007-05-21,QQQ,0.19726934879530711
2007-05-21,SPY,0.22867545877092016
2007-05-21,TLT,0.40100412992082163
2007-05-22,GLD,0
2007-05-22,IWM,0.17305106251295113
2007-05-22,QQQ,0.19726934879530711
2007-05-22,SPY,0.22867545877092016
2007-05-22,TLT,0.40100412992082163
2007-05-23,GLD,0
2007-05-23,IWM,0.17305106251295113
2007-05-23,QQQ,0.19726934879530711
2007-05-23,SPY,0.22867545877092016
2007-05-23,TLT,0.40100412992082163
2007-05-24,GLD,0
2007-05-24,IWM,0.17305106251295113
2007-05-24,QQQ,0.19726934879530711
2007-05-24,SPY,0.22867545877092016
2007-05-24,TLT,0.40100412992082163
2007-05-25,GLD,0
2007-05-25,IWM,0.17305106251295113
2007-05-25,QQQ,0.19726934879530711
2007-05-25,SPY,0.22867545877092016
2007-05-25,TLT,0.40100412992082163
2007-05-29,GLD,0
2007-05-29,IWM,0.17305106251295113
2007-05-29,QQQ,0.19726934879530711
2007-05-29,SPY,0.22867545877092016
2007-05-29,TLT,0.40100412992082163
2007-05-30,GLD,0.25
2007-05-30,IWM,0.20366261313576173
2007-05-30,QQQ,0.24473943933350537
2007-05-30,SPY,0.30159794753073293
2007-05-30,TLT,0
2007-05-31,GLD,0.25
2007-05-31,IWM,0.20366261313576173
2007-05-31,QQQ,0.24473943933350537
2007-05-31,SPY,0.30159794753073293
2007-05-31,TLT,0
2007-06-01,GLD,0.25
2007-06-01,IWM,0.20366261313576173
2007-06-01,QQQ,0.24473943933350537
2007-06-01,SPY,0.30159794753073293
2007-06-01,TLT,0
2007-06-04,GLD,0.25
2007-06-04,IWM,0.20366261313576173
2007-06-04,QQQ,0.24473943933350537
2007-06-04,SPY,0.30159794753073293
2007-06-04,TLT,0
2007-06-05,GLD,0.25
2007-06-05,IWM,0.20366261313576173
2007-06-05,QQQ,0.24473943933350537
2007-06-05,SPY,0.30159794753073293
2007-06-05,TLT,0
2007-06-06,GLD,0.25
2007-06-06,IWM,0.20366261313576173
2007-06-06,QQQ,0.24473943933350537
2007-06-06,SPY,0.30159794753073293
2007-06-06,TLT,0
2007-06-07,GLD,0.25
2007-06-07,IWM,0.20366261313576173
2007-06-07,QQQ,0.24473943933350537
2007-06-07,SPY,0.30159794753073293
2007-06-07,TLT,0
2007-06-08,GLD,0.25
2007-06-08,IWM,0.20366261313576173
2007-06-08,QQQ,0.24473943933350537
2007-06-08,SPY,0.30159794753073293
2007-06-08,TLT,0
2007-06-11,GLD,0.25
2007-06-11,IWM,0.20366261313576173
2007-06-11,QQQ,0.24473943933350537
2007-06-11,SPY,0.30159794753073293
2007-06-11,TLT,0
2007-06-12,GLD,0.25
2007-06-12,IWM,0.20366261313576173
2007-06-12,QQQ,0.24473943933350537
2007-06-12,SPY,0.30159794753073293
2007-06-12,TLT,0
2007-06-13,GLD,0.25
2007-06-13,IWM,0.20366261313576173
2007-06-13,QQQ,0.24473943933350537
2007-06-13,SPY,0.30159794753073293
2007-06-13,TLT,0
2007-06-14,GLD,0.25
2007-06-14,IWM,0.20366261313576173
2007-06-14,QQQ,0.24473943933350537
2007-06-14,SPY,0.30159794753073293
2007-06-14,TLT,0
2007-06-15,GLD,0.25
2007-06-15,IWM,0.20366261313576173
2007-06-15,QQQ,0.24473943933350537
2007-06-15,SPY,0.30159794753073293
2007-06-15,TLT,0
2007-06-18,GLD,0.25
2007-06-18,IWM,0.20366261313576173
2007-06-18,QQQ,0.24473943933350537
2007-06-18,SPY,0.30159794753073293
2007-06-18,TLT,0
2007-06-19,GLD,0.25
2007-06-19,IWM,0.20366261313576173
2007-06-19,QQQ,0.24473943933350537
2007-06-19,SPY,0.30159794753073293
2007-06-19,TLT,0
2007-06-20,GLD,0.25
2007-06-20,IWM,0.20366261313576173
2007-06-20,QQQ,0.24473943933350537
2007-06-20,SPY,0.30159794753073293
2007-06-20,TLT,0
2007-06-21,GLD,0.25
2007-06-21,IWM,0.20366261313576173
2007-06-21,QQQ,0.24473943933350537
2007-06-21,SPY,0.30159794753073293
2007-06-21,TLT,0
2007-06-22,GLD,0.25
2007-06-22,IWM,0.20366261313576173
2007-06-22,QQQ,0.24473943933350537
2007-06-22,SPY,0.30159794753073293
2007-06-22,TLT,0
2007-06-25,GLD,0.25
2007-06-25,IWM,0.20366261313576173
2007-06-25,QQQ,0.24473943933350537
2007-06-25,SPY,0.30159794753073293
2007-06-25,TLT,0
2007-06-26,GLD,0.25
2007-06-26,IWM,0.20366261313576173
2007-06-26,QQQ,0.24473943933350537
2007-06-26,SPY,0.30159794753073293
2007-06-26,TLT,0
2007-06-27,GLD,0.25
2007-06-27,IWM,0.20366261313576173
2007-06-27,QQQ,0.24473943933350537
2007-06-27,SPY,0.30159794753073293
2007-06-27,TLT,0
2007-06-28,GLD,0.25
2007-06-28,IWM,0.21029856814509529
2007-06-28,QQQ,0.25690709641503306
2007-06-28,SPY,0.28279433543987154
2007-06-28,TLT,0
2007-06-29,GLD,0.25
2007-06-29,IWM,0.21029856814509529
2007-06-29,QQQ,0.25690709641503306
2007-06-29,SPY,0.28279433543987154
2007-06-29,TLT,0
2007-07-02,GLD,0.25
2007-07-02,IWM,0.21029856814509529
2007-07-02,QQQ,0.25690709641503306
2007-07-02,SPY,0.28279433543987154
2007-07-02,TLT,0
2007-07-03,GLD,0.25
2007-07-03,IWM,0.21029856814509529
2007-07-03,QQQ,0.25690709641503306
2007-07-03,SPY,0.28279433543987154
2007-07-03,TLT,0
2007-07-05,GLD,0.25
2007-07-05,IWM,0.21029856814509529
2007-07-05,QQQ,0.25690709641503306
2007-07-05,SPY,0.28279433543987154
2007-07-05,TLT,0
2007-07-06,GLD,0.25
2007-07-06,IWM,0.21029856814509529
2007-07-06,QQQ,0.25690709641503306
2007-07-06,SPY,0.28279433543987154
2007-07-06,TLT,0
2007-07-09,GLD,0.25
2007-07-09,IWM,0.21029856814509529
2007-07-09,QQQ,0.25690709641503306
2007-07-09,SPY,0.28279433543987154
2007-07-09,TLT,0
2007-07-10,GLD,0.25
2007-07-10,IWM,0.21029856814509529
2007-07-10,QQQ,0.25690709641503306
2007-07-10,SPY,0.28279433543987154
2007-07-10,TLT,0
2007-07-11,GLD,0.25
2007-07-11,IWM,0.21029856814509529
2007-07-11,QQQ,0.25690709641503306
2007-07-11,SPY,0.28279433543987154
2007-07-11,TLT,0
2007-07-12,GLD,0.25
2007-07-12,IWM,0.21029856814509529
2007-07-12,QQQ,0.25690709641503306
2007-07-12,SPY,0.28279433543987154
2007-07-12,TLT,0
2007-07-13,GLD,0.25
2007-07-13,IWM,0.21029856814509529
2007-07-13,QQQ,0.25690709641503306
2007-07-13,SPY,0.28279433543987154
2007-07-13,TLT,0
2007-07-16,GLD,0.25
2007-07-16,IWM,0.21029856814509529
2007-07-16,QQQ,0.25690709641503306
2007-07-16,SPY,0.28279433543987154
2007-07-16,TLT,0
2007-07-17,GLD,0.25
2007-07-17,IWM,0.21029856814509529
2007-07-17,QQQ,0.25690709641503306
2007-07-17,SPY,0.28279433543987154
2007-07-17,TLT,0
2007-07-18,GLD,0.25
2007-07-18,IWM,0.21029856814509529
2007-07-18,QQQ,0.25690709641503306
2007-07-18,SPY,0.28279433543987154
2007-07-18,TLT,0
2007-07-19,GLD,0.25
2007-07-19,IWM,0.21029856814509529
2007-07-19,QQQ,0.25690709641503306
2007-07-19,SPY,0.28279433543987154
2007-07-19,TLT,0
2007-07-20,GLD,0.25
2007-07-20,IWM,0.21029856814509529
2007-07-20,QQQ,0.25690709641503306
2007-07-20,SPY,0.28279433543987154
2007-07-20,TLT,0
2007-07-23,GLD,0.25
2007-07-23,IWM,0.21029856814509529
2007-07-23,QQQ,0.25690709641503306
2007-07-23,SPY,0.28279433543987154
2007-07-23,TLT,0
2007-07-24,GLD,0.25
2007-07-24,IWM,0.21029856814509529
2007-07-24,QQQ,0.25690709641503306
2007-07-24,SPY,0.28279433543987154
2007-07-24,TLT,0
2007-07-25,GLD,0.25
2007-07-25,IWM,0.21029856814509529
2007-07-25,QQQ,0.25690709641503306
2007-07-25,SPY,0.28279433543987154
2007-07-25,TLT,0
2007-07-26,GLD,0.25
2007-07-26,IWM,0.21029856814509529
2007-07-26,QQQ,0.25690709641503306
2007-07-26,SPY,0.28279433543987154
2007-07-26,TLT,0
2007-07-27,GLD,0.25
2007-07-27,IWM,0.21029856814509529
2007-07-27,QQQ,0.25690709641503306
2007-07-27,SPY,0.28279433543987154
2007-07-27,TLT,0
2007-07-30,GLD,0.5
2007-07-30,IWM,0
2007-07-30,QQQ,0.25762854961395082
2007-07-30,SPY,0.24237145038604915
2007-07-30,TLT,0
2007-07-31,GLD,0.5
2007-07-31,IWM,0
2007-07-31,QQQ,0.25762854961395082
2007-07-31,SPY,0.24237145038604915
2007-07-31,TLT,0
2007-08-01,GLD,0.5
2007-08-01,IWM,0
2007-08-01,QQQ,0.25762854961395082
2007-08-01,SPY,0.24237145038604915
2007-08-01,TLT,0
2007-08-02,GLD,0.5
2007-08-02,IWM,0
2007-08-02,QQQ,0.25762854961395082
2007-08-02,SPY,0.24237145038604915
2007-08-02,TLT,0
2007-08-03,GLD,0.5
2007-08-03,IWM,0
2007-08-03,QQQ,0.25762854961395082
2007-08-03,SPY,0.24237145038604915
2007-08-03,TLT,0
2007-08-06,GLD,0.5
2007-08-06,IWM,0
2007-08-06,QQQ,0.25762854961395082
2007-08-06,SPY,0.24237145038604915
2007-08-06,TLT,0
2007-08-07,GLD,0.5
2007-08-07,IWM,0
2007-08-07,QQQ,0.25762854961395082
2007-08-07,SPY,0.24237145038604915
2007-08-07,TLT,0
2007-08-08,GLD,0.5
2007-08-08,IWM,0
2007-08-08,QQQ,0.25762854961395082
2007-08-08,SPY,0.24237145038604915
2007-08-08,TLT,0
2007-08-09,GLD,0.5
2007-08-09,IWM,0
2007-08-09,QQQ,0.25762854961395082
2007-08-09,SPY,0.24237145038604915
2007-08-09,TLT,0
2007-08-10,GLD,0.5
2007-08-10,IWM,0
2007-08-10,QQQ,0.25762854961395082
2007-08-10,SPY,0.24237145038604915
2007-08-10,TLT,0
2007-08-13,GLD,0.5
2007-08-13,IWM,0
2007-08-13,QQQ,0.25762854961395082
2007-08-13,SPY,0.24237145038604915
2007-08-13,TLT,0
2007-08-14,GLD,0.5
2007-08-14,IWM,0
2007-08-14,QQQ,0.25762854961395082
2007-08-14,SPY,0.24237145038604915
2007-08-14,TLT,0
2007-08-15,GLD,0.5
2007-08-15,IWM,0
2007-08-15,QQQ,0.25762854961395082
2007-08-15,SPY,0.24237145038604915
2007-08-15,TLT,0
2007-08-16,GLD,0.5
2007-08-16,IWM,0
2007-08-16,QQQ,0.25762854961395082
2007-08-16,SPY,0.24237145038604915
2007-08-16,TLT,0
2007-08-17,GLD,0.5
2007-08-17,IWM,0
2007-08-17,QQQ,0.25762854961395082
2007-08-17,SPY,0.24237145038604915
2007-08-17,TLT,0
2007-08-20,GLD,0.5
2007-08-20,IWM,0
2007-08-20,QQQ,0.25762854961395082
2007-08-20,SPY,0.24237145038604915
2007-08-20,TLT,0
2007-08-21,GLD,0.5
2007-08-21,IWM,0
2007-08-21,QQQ,0.25762854961395082
2007-08-21,SPY,0.24237145038604915
2007-08-21,TLT,0
2007-08-22,GLD,0.5
2007-08-22,IWM,0
2007-08-22,QQQ,0.25762854961395082
2007-08-22,SPY,0.24237145038604915
2007-08-22,TLT,0
2007-08-23,GLD,0.5
2007-08-23,IWM,0
2007-08-23,QQQ,0.25762854961395082
2007-08-23,SPY,0.24237145038604915
2007-08-23,TLT,0
2007-08-24,GLD,0.5
2007-08-24,IWM,0
2007-08-24,QQQ,0.25762854961395082
2007-08-24,SPY,0.24237145038604915
2007-08-24,TLT,0
2007-08-27,GLD,0.5
2007-08-27,IWM,0
2007-08-27,QQQ,0.25762854961395082
2007-08-27,SPY,0.24237145038604915
2007-08-27,TLT,0
2007-08-28,GLD,0.25
2007-08-28,IWM,0
2007-08-28,QQQ,0.21134967038504654
2007-08-28,SPY,0.19889435575810249
2007-08-28,TLT,0.33975597385685102
2007-08-29,GLD,0.25
2007-08-29,IWM,0
2007-08-29,QQQ,0.21134967038504654
2007-08-29,SPY,0.19889435575810249
2007-08-29,TLT,0.33975597385685102
2007-08-30,GLD,0.25
2007-08-30,IWM,0
2007-08-30,QQQ,0.21134967038504654
2007-08-30,SPY,0.19889435575810249
2007-08-30,TLT,0.33975597385685102
2007-08-31,GLD,0.25
2007-08-31,IWM,0
2007-08-31,QQQ,0.21134967038504654
2007-08-31,SPY,0.19889435575810249
2007-08-31,TLT,0.33975597385685102
2007-09-04,GLD,0.25
2007-09-04,IWM,0
2007-09-04,QQQ,0.21134967038504654
2007-09-04,SPY,0.19889435575810249
2007-09-04,TLT,0.33975597385685102
2007-09-05,GLD,0.25
2007-09-05,IWM,0
2007-09-05,QQQ,0.21134967038504654
2007-09-05,SPY,0.19889435575810249
2007-09-05,TLT,0.33975597385685102
2007-09-06,GLD,0.25
2007-09-06,IWM,0
2007-09-06,QQQ,0.21134967038504654
2007-09-06,SPY,0.19889435575810249
2007-09-06,TLT,0.33975597385685102
2007-09-07,GLD,0.25
2007-09-07,IWM,0
2007-09-07,QQQ,0.21134967038504654
2007-09-07,SPY,0.19889435575810249
2007-09-07,TLT,0.33975597385685102
2007-09-10,GLD,0.25
2007-09-10,IWM,0
2007-09-10,QQQ,0.21134967038504654
2007-09-10,SPY,0.19889435575810249
2007-09-10,TLT,0.33975597385685102
2007-09-11,GLD,0.25
2007-09-11,IWM,0
2007-09-11,QQQ,0.21134967038504654
2007-09-11,SPY,0.19889435575810249
2007-09-11,TLT,0.33975597385685102
2007-09-12,GLD,0.25
2007-09-12,IWM,0
2007-09-12,QQQ,0.21134967038504654
2007-09-12,SPY,0.19889435575810249
2007-09-12,TLT,0.33975597385685102
2007-09-13,GLD,0.25
2007-09-13,IWM,0
2007-09-13,QQQ,0.21134967038504654
2007-09-13,SPY,0.19889435575810249
2007-09-13,TLT,0.33975597385685102
2007-09-14,GLD,0.25
2007-09-14,IWM,0
2007-09-14,QQQ,0.21134967038504654
2007-09-14,SPY,0.19889435575810249
2007-09-14,TLT,0.33975597385685102
2007-09-17,GLD,0.25
2007-09-17,IWM,0
2007-09-17,QQQ,0.21134967038504654
2007-09-17,SPY,0.19889435575810249
2007-09-17,TLT,0.33975597385685102
2007-09-18,GLD,0.25
2007-09-18,IWM,0
2007-09-18,QQQ,0.21134967038504654
2007-09-18,SPY,0.19889435575810249
2007-09-18,TLT,0.33975597385685102
2007-09-19,GLD,0.25
2007-09-19,IWM,0
2007-09-19,QQQ,0.21134967038504654
2007-09-19,SPY,0.19889435575810249
2007-09-19,TLT,0.33975597385685102
2007-09-20,GLD,0.25
2007-09-20,IWM,0
2007-09-20,QQQ,0.21134967038504654
2007-09-20,SPY,0.19889435575810249
2007-09-20,TLT,0.33975597385685102
2007-09-21,GLD,0.25
2007-09-21,IWM,0
2007-09-21,QQQ,0.21134967038504654
2007-09-21,SPY,0.19889435575810249
2007-09-21,TLT,0.33975597385685102
2007-09-24,GLD,0.25
2007-09-24,IWM,0
2007-09-24,QQQ,0.21134967038504654
2007-09-24,SPY,0.19889435575810249
2007-09-24,TLT,0.33975597385685102
2007-09-25,GLD,0.25
2007-09-25,IWM,0
2007-09-25,QQQ,0.21134967038504654
2007-09-25,SPY,0.19889435575810249
2007-09-25,TLT,0.33975597385685102
2007-09-26,GLD,0.25
2007-09-26,IWM,0
2007-09-26,QQQ,0.21134967038504654
2007-09-26,SPY,0.19889435575810249
2007-09-26,TLT,0.33975597385685102
2007-09-27,GLD,0
2007-09-27,IWM,0.17022583572353081
2007-09-27,QQQ,0.22075334308065245
2007-09-27,SPY,0.22058799575554333
2007-09-27,TLT,0.38843282544027347
2007-09-28,GLD,0
2007-09-28,IWM,0.17022583572353081
2007-09-28,QQQ,0.22075334308065245
2007-09-28,SPY,0.22058799575554333
2007-09-28,TLT,0.38843282544027347
2007-10-01,GLD,0
2007-10-01,IWM,0.17022583572353081
2007-10-01,QQQ,0.22075334308065245
2007-10-01,SPY,0.22058799575554333
2007-10-01,TLT,0.38843282544027347
2007-10-02,GLD,0
2007-10-02,IWM,0.17022583572353081
2007-10-02,QQQ,0.22075334308065245
2007-10-02,SPY,0.22058799575554333
2007-10-02,TLT,0.38843282544027347
2007-10-03,GLD,0
2007-10-03,IWM,0.17022583572353081
2007-10-03,QQQ,0.22075334308065245
2007-10-03,SPY,0.22058799575554333
2007-10-03,TLT,0.38843282544027347
2007-10-04,GLD,0
2007-10-04,IWM,0.17022583572353081
2007-10-04,QQQ,0.22075334308065245
2007-10-04,SPY,0.22058799575554333
2007-10-04,TLT,0.38843282544027347
2007-10-05,GLD,0
2007-10-05,IWM,0.17022583572353081
2007-10-05,QQQ,0.22075334308065245
2007-10-05,SPY,0.22058799575554333
2007-10-05,TLT,0.38843282544027347
2007-10-08,GLD,0
2007-10-08,IWM,0.17022583572353081
2007-10-08,QQQ,0.22075334308065245
2007-10-08,SPY,0.22058799575554333
2007-10-08,TLT,0.38843282544027347
2007-10-09,GLD,0
2007-10-09,IWM,0.17022583572353081
2007-10-09,QQQ,0.22075334308065245
2007-10-09,SPY,0.22058799575554333
2007-10-09,TLT,0.38843282544027347
2007-10-10,GLD,0
2007-10-10,IWM,0.17022583572353081
2007-10-10,QQQ,0.22075334308065245
2007-10-10,SPY,0.22058799575554333
2007-10-10,TLT,0.38843282544027347
2007-10-11,GLD,0
2007-10-11,IWM,0.17022583572353081
2007-10-11,QQQ,0.22075334308065245
2007-10-11,SPY,0.22058799575554333
2007-10-11,TLT,0.38843282544027347
2007-10-12,GLD,0
2007-10-12,IWM,0.17022583572353081
2007-10-12,QQQ,0.22075334308065245
2007-10-12,SPY,0.22058799575554333
2007-10-12,TLT,0.38843282544027347
2007-10-15,GLD,0
2007-10-15,IWM,0.17022583572353081
2007-10-15,QQQ,0.22075334308065245
2007-10-15,SPY,0.22058799575554333
2007-10-15,TLT,0.38843282544027347
2007-10-16,GLD,0
2007-10-16,IWM,0.17022583572353081
2007-10-16,QQQ,0.22075334308065245
2007-10-16,SPY,0.22058799575554333
2007-10-16,TLT,0.38843282544027347
2007-10-17,GLD,0
2007-10-17,IWM,0.17022583572353081
2007-10-17,QQQ,0.22075334308065245
2007-10-17,SPY,0.22058799575554333
2007-10-17,TLT,0.38843282544027347
2007-10-18,GLD,0
2007-10-18,IWM,0.17022583572353081
2007-10-18,QQQ,0.22075334308065245
2007-10-18,SPY,0.22058799575554333
2007-10-18,TLT,0.38843282544027347
2007-10-19,GLD,0
2007-10-19,IWM,0.17022583572353081
2007-10-19,QQQ,0.22075334308065245
2007-10-19,SPY,0.22058799575554333
2007-10-19,TLT,0.38843282544027347
2007-10-22,GLD,0
2007-10-22,IWM,0.17022583572353081
2007-10-22,QQQ,0.22075334308065245
2007-10-22,SPY,0.22058799575554333
2007-10-22,TLT,0.38843282544027347
2007-10-23,GLD,0
2007-10-23,IWM,0.17022583572353081
2007-10-23,QQQ,0.22075334308065245
2007-10-23,SPY,0.22058799575554333
2007-10-23,TLT,0.38843282544027347
2007-10-24,GLD,0
2007-10-24,IWM,0.17022583572353081
2007-10-24,QQQ,0.22075334308065245
2007-10-24,SPY,0.22058799575554333
2007-10-24,TLT,0.38843282544027347
2007-10-25,GLD,0
2007-10-25,IWM,0.17022583572353081
2007-10-25,QQQ,0.22075334308065245
2007-10-25,SPY,0.22058799575554333
2007-10-25,TLT,0.38843282544027347
2007-10-26,GLD,0
2007-10-26,IWM,0.16682075714655659
2007-10-26,QQQ,0.19850517209248442
2007-10-26,SPY,0.22588107946813962
2007-10-26,TLT,0.40879299129281937
2007-10-29,GLD,0
2007-10-29,IWM,0.16682075714655659
2007-10-29,QQQ,0.19850517209248442
2007-10-29,SPY,0.22588107946813962
2007-10-29,TLT,0.40879299129281937
2007-10-30,GLD,0
2007-10-30,IWM,0.16682075714655659
2007-10-30,QQQ,0.19850517209248442
2007-10-30,SPY,0.22588107946813962
2007-10-30,TLT,0.40879299129281937
2007-10-31,GLD,0
2007-10-31,IWM,0.16682075714655659
2007-10-31,QQQ,0.19850517209248442
2007-10-31,SPY,0.22588107946813962
2007-10-31,TLT,0.40879299129281937
2007-11-01,GLD,0
2007-11-01,IWM,0.16682075714655659
2007-11-01,QQQ,0.19850517209248442
2007-11-01,SPY,0.22588107946813962
2007-11-01,TLT,0.40879299129281937
2007-11-02,GLD,0
2007-11-02,IWM,0.16682075714655659
2007-11-02,QQQ,0.19850517209248442
2007-11-02,SPY,0.22588107946813962
2007-11-02,TLT,0.40879299129281937
2007-11-05,GLD,0
2007-11-05,IWM,0.16682075714655659
2007-11-05,QQQ,0.19850517209248442
2007-11-05,SPY,0.22588107946813962
2007-11-05,TLT,0.40879299129281937
2007-11-06,GLD,0
2007-11-06,IWM,0.16682075714655659
2007-11-06,QQQ,0.19850517209248442
2007-11-06,SPY,0.22588107946813962
2007-11-06,TLT,0.40879299129281937
2007-11-07,GLD,0
2007-11-07,IWM,0.16682075714655659
2007-11-07,QQQ,0.19850517209248442
2007-11-07,SPY,0.22588107946813962
2007-11-07,TLT,0.40879299129281937
2007-11-08,GLD,0
2007-11-08,IWM,0.16682075714655659
2007-11-08,QQQ,0.19850517209248442
2007-11-08,SPY,0.22588107946813962
2007-11-08,TLT,0.40879299129281937
2007-11-09,GLD,0
2007-11-09,IWM,0.16682075714655659
2007-11-09,QQQ,0.19850517209248442
2007-11-09,SPY,0.22588107946813962
2007-11-09,TLT,0.40879299129281937
2007-11-12,GLD,0
2007-11-12,IWM,0.16682075714655659
2007-11-12,QQQ,0.19850517209248442
2007-11-12,SPY,0.22588107946813962
2007-11-12,TLT,0.40879299129281937
2007-11-13,GLD,0
2007-11-13,IWM,0.16682075714655659
2007-11-13,QQQ,0.19850517209248442
2007-11-13,SPY,0.22588107946813962
2007-11-13,TLT,0.40879299129281937
2007-11-14,GLD,0
2007-11-14,IWM,0.16682075714655659
2007-11-14,QQQ,0.19850517209248442
2007-11-14,SPY,0.22588107946813962
2007-11-14,TLT,0.40879299129281937
2007-11-15,GLD,0
2007-11-15,IWM,0.16682075714655659
2007-11-15,QQQ,0.19850517209248442
2007-11-15,SPY,0.22588107946813962
2007-11-15,TLT,0.40879299129281937
2007-11-16,GLD,0
2007-11-16,IWM,0.16682075714655659
2007-11-16,QQQ,0.19850517209248442
2007-11-16,SPY,0.22588107946813962
2007-11-16,TLT,0.40879299129281937
2007-11-19,GLD,0
2007-11-19,IWM,0.16682075714655659
2007-11-19,QQQ,0.19850517209248442
2007-11-19,SPY,0.22588107946813962
2007-11-19,TLT,0.40879299129281937
2007-11-20,GLD,0
2007-11-20,IWM,0.16682075714655659
2007-11-20,QQQ,0.19850517209248442
2007-11-20,SPY,0.22588107946813962
2007-11-20,TLT,0.40879299129281937
2007-11-21,GLD,0
2007-11-21,IWM,0.16682075714655659
2007-11-21,QQQ,0.19850517209248442
2007-11-21,SPY,0.22588107946813962
2007-11-21,TLT,0.40879299129281937
2007-11-23,GLD,0
2007-11-23,IWM,0.16682075714655659
2007-11-23,QQQ,0.19850517209248442
2007-11-23,SPY,0.22588107946813962
2007-11-23,TLT,0.40879299129281937
2007-11-26,GLD,0
2007-11-26,IWM,0.16682075714655659
2007-11-26,QQQ,0.19850517209248442
2007-11-26,SPY,0.22588107946813962
2007-11-26,TLT,0.40879299129281937
2007-11-27,GLD,0.5
2007-11-27,IWM,0
2007-11-27,QQQ,0.1557659512502769
2007-11-27,SPY,0
2007-11-27,TLT,0.34423404874972313
2007-11-28,GLD,0.5
2007-11-28,IWM,0
2007-11-28,QQQ,0.1557659512502769
2007-11-28,SPY,0
2007-11-28,TLT,0.34423404874972313
2007-11-29,GLD,0.5
2007-11-29,IWM,0
2007-11-29,QQQ,0.1557659512502769
2007-11-29,SPY,0
2007-11-29,TLT,0.34423404874972313
2007-11-30,GLD,0.5
2007-11-30,IWM,0
2007-11-30,QQQ,0.1557659512502769
2007-11-30,SPY,0
2007-11-30,TLT,0.34423404874972313
2007-12-03,GLD,0.5
2007-12-03,IWM,0
2007-12-03,QQQ,0.1557659512502769
2007-12-03,SPY,0
2007-12-03,TLT,0.34423404874972313
2007-12-04,GLD,0.5
2007-12-04,IWM,0
2007-12-04,QQQ,0.1557659512502769
2007-12-04,SPY,0
2007-12-04,TLT,0.34423404874972313
2007-12-05,GLD,0.5
2007-12-05,IWM,0
2007-12-05,QQQ,0.1557659512502769
2007-12-05,SPY,0
2007-12-05,TLT,0.34423404874972313
2007-12-06,GLD,0.5
2007-12-06,IWM,0
2007-12-06,QQQ,0.1557659512502769
2007-12-06,SPY,0
2007-12-06,TLT,0.34423404874972313
2007-12-07,GLD,0.5
2007-12-07,IWM,0
2007-12-07,QQQ,0.1557659512502769
2007-12-07,SPY,0
2007-12-07,TLT,0.34423404874972313
2007-12-10,GLD,0.5
2007-12-10,IWM,0
2007-12-10,QQQ,0.1557659512502769
2007-12-10,SPY,0
2007-12-10,TLT,0.34423404874972313
2007-12-11,GLD,0.5
2007-12-11,IWM,0
2007-12-11,QQQ,0.1557659512502769
2007-12-11,SPY,0
2007-12-11,TLT,0.34423404874972313
2007-12-12,GLD,0.5
2007-12-12,IWM,0
2007-12-12,QQQ,0.1557659512502769
2007-12-12,SPY,0
2007-12-12,TLT,0.34423404874972313
2007-12-13,GLD,0.5
2007-12-13,IWM,0
2007-12-13,QQQ,0.1557659512502769
2007-12-13,SPY,0
2007-12-13,TLT,0.34423404874972313
2007-12-14,GLD,0.5
2007-12-14,IWM,0
2007-12-14,QQQ,0.1557659512502769
2007-12-14,SPY,0
2007-12-14,TLT,0.34423404874972313
2007-12-17,GLD,0.5
2007-12-17,IWM,0
2007-12-17,QQQ,0.1557659512502769
2007-12-17,SPY,0
2007-12-17,TLT,0.34423404874972313
2007-12-18,GLD,0.5
2007-12-18,IWM,0
2007-12-18,QQQ,0.1557659512502769
2007-12-18,SPY,0
2007-12-18,TLT,0.34423404874972313
2007-12-19,GLD,0.5
2007-12-19,IWM,0
2007-12-19,QQQ,0.1557659512502769
2007-12-19,SPY,0
2007-12-19,TLT,0.34423404874972313
2007-12-20,GLD,0.5
2007-12-20,IWM,0
2007-12-20,QQQ,0.1557659512502769
2007-12-20,SPY,0
2007-12-20,TLT,0.34423404874972313
2007-12-21,GLD,0.5
2007-12-21,IWM,0
2007-12-21,QQQ,0.1557659512502769
2007-12-21,SPY,0
2007-12-21,TLT,0.34423404874972313
2007-12-24,GLD,0.5
2007-12-24,IWM,0
2007-12-24,QQQ,0.1557659512502769
2007-12-24,SPY,0
2007-12-24,TLT,0.34423404874972313
2007-12-26,GLD,0.5
2007-12-26,IWM,0
2007-12-26,QQQ,0.1557659512502769
2007-12-26,SPY,0
2007-12-26,TLT,0.34423404874972313
2007-12-27,GLD,0.5
2007-12-27,IWM,0
2007-12-27,QQQ,0.16409284756260908
2007-12-27,SPY,0
2007-12-27,TLT,0.33590715243739094
2007-12-28,GLD,0.5
2007-12-28,IWM,0
2007-12-28,QQQ,0.16409284756260908
2007-12-28,SPY,0
2007-12-28,TLT,0.33590715243739094
2007-12-31,GLD,0.5
2007-12-31,IWM,0
2007-12-31,QQQ,0.16409284756260908
2007-12-31,SPY,0
2007-12-31,TLT,0.33590715243739094
2008-01-02,GLD,0.5
2008-01-02,IWM,0
2008-01-02,QQQ,0.16409284756260908
2008-01-02,SPY,0
2008-01-02,TLT,0.33590715243739094
2008-01-03,GLD,0.5
2008-01-03,IWM,0
2008-01-03,QQQ,0.16409284756260908
2008-01-03,SPY,0
2008-01-03,TLT,0.33590715243739094
2008-01-04,GLD,0.5
2008-01-04,IWM,0
2008-01-04,QQQ,0.16409284756260908
2008-01-04,SPY,0
2008-01-04,TLT,0.33590715243739094
2008-01-07,GLD,0.5
2008-01-07,IWM,0
2008-01-07,QQQ,0.16409284756260908
2008-01-07,SPY,0
2008-01-07,TLT,0.33590715243739094
2008-01-08,GLD,0.5
2008-01-08,IWM,0
2008-01-08,QQQ,0.16409284756260908
2008-01-08,SPY,0
2008-01-08,TLT,0.33590715243739094
2008-01-09,GLD,0.5
2008-01-09,IWM,0
2008-01-09,QQQ,0.16409284756260908
2008-01-09,SPY,0
2008-01-09,TLT,0.33590715243739094
2008-01-10,GLD,0.5
2008-01-10,IWM,0
2008-01-10,QQQ,0.16409284756260908
2008-01-10,SPY,0
2008-01-10,TLT,0.33590715243739094
2008-01-11,GLD,0.5
2008-01-11,IWM,0
2008-01-11,QQQ,0.16409284756260908
2008-01-11,SPY,0
2008-01-11,TLT,0.33590715243739094
2008-01-14,GLD,0.5
2008-01-14,IWM,0
2008-01-14,QQQ,0.16409284756260908
2008-01-14,SPY,0
2008-01-14,TLT,0.33590715243739094
2008-01-15,GLD,0.5
2008-01-15,IWM,0
2008-01-15,QQQ,0.16409284756260908
2008-01-15,SPY,0
2008-01-15,TLT,0.33590715243739094
2008-01-16,GLD,0.5
2008-01-16,IWM,0
2008-01-16,QQQ,0.16409284756260908
2008-01-16,SPY,0
2008-01-16,TLT,0.33590715243739094
2008-01-17,GLD,0.5
2008-01-17,IWM,0
2008-01-17,QQQ,0.16409284756260908
2008-01-17,SPY,0
2008-01-17,TLT,0.33590715243739094
2008-01-18,GLD,0.5
2008-01-18,IWM,0
2008-01-18,QQQ,0.16409284756260908
2008-01-18,SPY,0
2008-01-18,TLT,0.33590715243739094
2008-01-22,GLD,0.5
2008-01-22,IWM,0
2008-01-22,QQQ,0.16409284756260908
2008-01-22,SPY,0
2008-01-22,TLT,0.33590715243739094
2008-01-23,GLD,0.5
2008-01-23,IWM,0
2008-01-23,QQQ,0.16409284756260908
2008-01-23,SPY,0
2008-01-23,TLT,0.33590715243739094
2008-01-24,GLD,0.5
2008-01-24,IWM,0
2008-01-24,QQQ,0.16409284756260908
2008-01-24,SPY,0
2008-01-24,TLT,0.33590715243739094
2008-01-25,GLD,0.5
2008-01-25,IWM,0
2008-01-25,QQQ,0.16409284756260908
2008-01-25,SPY,0
2008-01-25,TLT,0.33590715243739094
2008-01-28,GLD,0.5
2008-01-28,IWM,0
2008-01-28,QQQ,0.16409284756260908
2008-01-28,SPY,0
2008-01-28,TLT,0.33590715243739094
2008-01-29,GLD,0.75
2008-01-29,IWM,0
2008-01-29,QQQ,0
2008-01-29,SPY,0
2008-01-29,TLT,0.25
2008-01-30,GLD,0.75
2008-01-30,IWM,0
2008-01-30,QQQ,0
2008-01-30,SPY,0
2008-01-30,TLT,0.25
2008-01-31,GLD,0.75
2008-01-31,IWM,0
2008-01-31,QQQ,0
2008-01-31,SPY,0
2008-01-31,TLT,0.25
2008-02-01,GLD,0.75
2008-02-01,IWM,0
2008-02-01,QQQ,0
2008-02-01,SPY,0
2008-02-01,TLT,0.25
2008-02-04,GLD,0.75
2008-02-04,IWM,0
2008-02-04,QQQ,0
2008-02-04,SPY,0
2008-02-04,TLT,0.25
2008-02-05,GLD,0.75
2008-02-05,IWM,0
2008-02-05,QQQ,0
2008-02-05,SPY,0
2008-02-05,TLT,0.25
2008-02-06,GLD,0.75
2008-02-06,IWM,0
2008-02-06,QQQ,0
2008-02-06,SPY,0
2008-02-06,TLT,0.25
2008-02-07,GLD,0.75
2008-02-07,IWM,0
2008-02-07,QQQ,0
2008-02-07,SPY,0
2008-02-07,TLT,0.25
2008-02-08,GLD,0.75
2008-02-08,IWM,0
2008-02-08,QQQ,0
2008-02-08,SPY,0
2008-02-08,TLT,0.25
2008-02-11,GLD,0.75
2008-02-11,IWM,0
2008-02-11,QQQ,0
2008-02-11,SPY,0
2008-02-11,TLT,0.25
2008-02-12,GLD,0.75
2008-02-12,IWM,0
2008-02-12,QQQ,0
2008-02-12,SPY,0
2008-02-12,TLT,0.25
2008-02-13,GLD,0.75
2008-02-13,IWM,0
2008-02-13,QQQ,0
2008-02-13,SPY,0
2008-02-13,TLT,0.25
2008-02-14,GLD,0.75
2008-02-14,IWM,0
2008-02-14,QQQ,0
2008-02-14,SPY,0
2008-02-14,TLT,0.25
2008-02-15,GLD,0.75
2008-02-15,IWM,0
2008-02-15,QQQ,0
2008-02-15,SPY,0
2008-02-15,TLT,0.25
2008-02-19,GLD,0.75
2008-02-19,IWM,0
2008-02-19,QQQ,0
2008-02-19,SPY,0
2008-02-19,TLT,0.25
2008-02-20,GLD,0.75
2008-02-20,IWM,0
2008-02-20,QQQ,0
2008-02-20,SPY,0
2008-02-20,TLT,0.25
2008-02-21,GLD,0.75
2008-02-21,IWM,0
2008-02-21,QQQ,0
2008-02-21,SPY,0
2008-02-21,TLT,0.25
2008-02-22,GLD,0.75
2008-02-22,IWM,0
2008-02-22,QQQ,0
2008-02-22,SPY,0
2008-02-22,TLT,0.25
2008-02-25,GLD,0.75
2008-02-25,IWM,0
2008-02-25,QQQ,0
2008-02-25,SPY,0
2008-02-25,TLT,0.25
2008-02-26,GLD,0.75
2008-02-26,IWM,0
2008-02-26,QQQ,0
2008-02-26,SPY,0
2008-02-26,TLT,0.25
2008-02-27,GLD,0.75
2008-02-27,IWM,0
2008-02-27,QQQ,0
2008-02-27,SPY,0
2008-02-27,TLT,0.25
2008-02-28,GLD,0.75
2008-02-28,IWM,0
2008-02-28,QQQ,0
2008-02-28,SPY,0
2008-02-28,TLT,0.25
2008-02-29,GLD,0.75
2008-02-29,IWM,0
2008-02-29,QQQ,0
2008-02-29,SPY,0
2008-02-29,TLT,0.25
2008-03-03,GLD,0.75
2008-03-03,IWM,0
2008-03-03,QQQ,0
2008-03-03,SPY,0
2008-03-03,TLT,0.25
2008-03-04,GLD,0.75
2008-03-04,IWM,0
2008-03-04,QQQ,0
2008-03-04,SPY,0
2008-03-04,TLT,0.25
2008-03-05,GLD,0.75
2008-03-05,IWM,0
2008-03-05,QQQ,0
2008-03-05,SPY,0
2008-03-05,TLT,0.25
2008-03-06,GLD,0.75
2008-03-06,IWM,0
2008-03-06,QQQ,0
2008-03-06,SPY,0
2008-03-06,TLT,0.25
2008-03-07,GLD,0.75
2008-03-07,IWM,0
2008-03-07,QQQ,0
2008-03-07,SPY,0
2008-03-07,TLT,0.25
2008-03-10,GLD,0.75
2008-03-10,IWM,0
2008-03-10,QQQ,0
2008-03-10,SPY,0
2008-03-10,TLT,0.25
2008-03-11,GLD,0.75
2008-03-11,IWM,0
2008-03-11,QQQ,0
2008-03-11,SPY,0
2008-03-11,TLT,0.25
2008-03-12,GLD,0.75
2008-03-12,IWM,0
2008-03-12,QQQ,0
2008-03-12,SPY,0
2008-03-12,TLT,0.25
2008-03-13,GLD,0.75
2008-03-13,IWM,0
2008-03-13,QQQ,0
2008-03-13,SPY,0
2008-03-13,TLT,0.25
2008-03-14,GLD,0.75
2008-03-14,IWM,0
2008-03-14,QQQ,0
2008-03-14,SPY,0
2008-03-14,TLT,0.25
2008-03-17,GLD,0.75
2008-03-17,IWM,0
2008-03-17,QQQ,0
2008-03-17,SPY,0
2008-03-17,TLT,0.25
2008-03-18,GLD,0.75
2008-03-18,IWM,0
2008-03-18,QQQ,0
2008-03-18,SPY,0
2008-03-18,TLT,0.25
2008-03-19,GLD,0.75
2008-03-19,IWM,0
2008-03-19,QQQ,0
2008-03-19,SPY,0
2008-03-19,TLT,0.25
2008-03-20,GLD,0.75
2008-03-20,IWM,0
2008-03-20,QQQ,0
2008-03-20,SPY,0
2008-03-20,TLT,0.25
2008-03-24,GLD,0.75
2008-03-24,IWM,0
2008-03-24,QQQ,0
2008-03-24,SPY,0
2008-03-24,TLT,0.25
2008-03-25,GLD,0.75
2008-03-25,IWM,0
2008-03-25,QQQ,0
2008-03-25,SPY,0
2008-03-25,TLT,0.25
2008-03-26,GLD,0.75
2008-03-26,IWM,0
2008-03-26,QQQ,0
2008-03-26,SPY,0
2008-03-26,TLT,0.25
2008-03-27,GLD,0.75
2008-03-27,IWM,0
2008-03-27,QQQ,0
2008-03-27,SPY,0
2008-03-27,TLT,0.25
2008-03-28,GLD,0.75
2008-03-28,IWM,0
2008-03-28,QQQ,0
2008-03-28,SPY,0
2008-03-28,TLT,0.25
2008-03-31,GLD,0.75
2008-03-31,IWM,0
2008-03-31,QQQ,0
2008-03-31,SPY,0
2008-03-31,TLT,0.25
2008-04-01,GLD,0.75
2008-04-01,IWM,0
2008-04-01,QQQ,0
2008-04-01,SPY,0
2008-04-01,TLT,0.25
2008-04-02,GLD,0.75
2008-04-02,IWM,0
2008-04-02,QQQ,0
2008-04-02,SPY,0
2008-04-02,TLT,0.25
2008-04-03,GLD,0.75
2008-04-03,IWM,0
2008-04-03,QQQ,0
2008-04-03,SPY,0
2008-04-03,TLT,0.25
2008-04-04,GLD,0.75
2008-04-04,IWM,0
2008-04-04,QQQ,0
2008-04-04,SPY,0
2008-04-04,TLT,0.25
2008-04-07,GLD,0.75
2008-04-07,IWM,0
2008-04-07,QQQ,0
2008-04-07,SPY,0
2008-04-07,TLT,0.25
2008-04-08,GLD,0.75
2008-04-08,IWM,0
2008-04-08,QQQ,0
2008-04-08,SPY,0
2008-04-08,TLT,0.25
2008-04-09,GLD,0.75
2008-04-09,IWM,0
2008-04-09,QQQ,0
2008-04-09,SPY,0
2008-04-09,TLT,0.25
2008-04-10,GLD,0.75
2008-04-10,IWM,0
2008-04-10,QQQ,0
2008-04-10,SPY,0
2008-04-10,TLT,0.25
2008-04-11,GLD,0.75
2008-04-11,IWM,0
2008-04-11,QQQ,0
2008-04-11,SPY,0
2008-04-11,TLT,0.25
2008-04-14,GLD,0.75
2008-04-14,IWM,0
2008-04-14,QQQ,0
2008-04-14,SPY,0
2008-04-14,TLT,0.25
2008-04-15,GLD,0.75
2008-04-15,IWM,0
2008-04-15,QQQ,0
2008-04-15,SPY,0
2008-04-15,TLT,0.25
2008-04-16,GLD,0.75
2008-04-16,IWM,0
2008-04-16,QQQ,0
2008-04-16,SPY,0
2008-04-16,TLT,0.25
2008-04-17,GLD,0.75
2008-04-17,IWM,0
2008-04-17,QQQ,0
2008-04-17,SPY,0
2008-04-17,TLT,0.25
2008-04-18,GLD,0.75
2008-04-18,IWM,0
2008-04-18,QQQ,0
2008-04-18,SPY,0
2008-04-18,TLT,0.25
2008-04-21,GLD,0.75
2008-04-21,IWM,0
2008-04-21,QQQ,0
2008-04-21,SPY,0
2008-04-21,TLT,0.25
2008-04-22,GLD,0.75
2008-04-22,IWM,0
2008-04-22,QQQ,0
2008-04-22,SPY,0
2008-04-22,TLT,0.25
2008-04-23,GLD,0.75
2008-04-23,IWM,0
2008-04-23,QQQ,0
2008-04-23,SPY,0
2008-04-23,TLT,0.25
2008-04-24,GLD,0.75
2008-04-24,IWM,0
2008-04-24,QQQ,0
2008-04-24,SPY,0
2008-04-24,TLT,0.25
2008-04-25,GLD,0.75
2008-04-25,IWM,0
2008-04-25,QQQ,0
2008-04-25,SPY,0
2008-04-25,TLT,0.25
2008-04-28,GLD,0.75
2008-04-28,IWM,0
2008-04-28,QQQ,0
2008-04-28,SPY,0
2008-04-28,TLT,0.25
2008-04-29,GLD,0.75
2008-04-29,IWM,0
2008-04-29,QQQ,0
2008-04-29,SPY,0
2008-04-29,TLT,0.25
2008-04-30,GLD,0.75
2008-04-30,IWM,0
2008-04-30,QQQ,0
2008-04-30,SPY,0
2008-04-30,TLT,0.25
2008-05-01,GLD,0.75
2008-05-01,IWM,0
2008-05-01,QQQ,0
2008-05-01,SPY,0
2008-05-01,TLT,0.25
2008-05-02,GLD,0.75
2008-05-02,IWM,0
2008-05-02,QQQ,0
2008-05-02,SPY,0
2008-05-02,TLT,0.25
2008-05-05,GLD,0.75
2008-05-05,IWM,0
2008-05-05,QQQ,0
2008-05-05,SPY,0
2008-05-05,TLT,0.25
2008-05-06,GLD,0.75
2008-05-06,IWM,0
2008-05-06,QQQ,0
2008-05-06,SPY,0
2008-05-06,TLT,0.25
2008-05-07,GLD,0.75
2008-05-07,IWM,0
2008-05-07,QQQ,0
2008-05-07,SPY,0
2008-05-07,TLT,0.25
2008-05-08,GLD,0.75
2008-05-08,IWM,0
2008-05-08,QQQ,0
2008-05-08,SPY,0
2008-05-08,TLT,0.25
2008-05-09,GLD,0.75
2008-05-09,IWM,0
2008-05-09,QQQ,0
2008-05-09,SPY,0
2008-05-09,TLT,0.25
2008-05-12,GLD,0.75
2008-05-12,IWM,0
2008-05-12,QQQ,0
2008-05-12,SPY,0
2008-05-12,TLT,0.25
2008-05-13,GLD,0.75
2008-05-13,IWM,0
2008-05-13,QQQ,0
2008-05-13,SPY,0
2008-05-13,TLT,0.25
2008-05-14,GLD,0.75
2008-05-14,IWM,0
2008-05-14,QQQ,0
2008-05-14,SPY,0
2008-05-14,TLT,0.25
2008-05-15,GLD,0.75
2008-05-15,IWM,0
2008-05-15,QQQ,0
2008-05-15,SPY,0
2008-05-15,TLT,0.25
2008-05-16,GLD,0.75
2008-05-16,IWM,0
2008-05-16,QQQ,0
2008-05-16,SPY,0
2008-05-16,TLT,0.25
2008-05-19,GLD,0.75
2008-05-19,IWM,0
2008-05-19,QQQ,0
2008-05-19,SPY,0
2008-05-19,TLT,0.25
2008-05-20,GLD,0.75
2008-05-20,IWM,0
2008-05-20,QQQ,0
2008-05-20,SPY,0
2008-05-20,TLT,0.25
2008-05-21,GLD,0.75
2008-05-21,IWM,0
2008-05-21,QQQ,0
2008-05-21,SPY,0
2008-05-21,TLT,0.25
2008-05-22,GLD,0.75
2008-05-22,IWM,0
2008-05-22,QQQ,0
2008-05-22,SPY,0
2008-05-22,TLT,0.25
2008-05-23,GLD,0.75
2008-05-23,IWM,0
2008-05-23,QQQ,0
2008-05-23,SPY,0
2008-05-23,TLT,0.25
2008-05-27,GLD,0.75
2008-05-27,IWM,0
2008-05-27,QQQ,0
2008-05-27,SPY,0
2008-05-27,TLT,0.25
2008-05-28,GLD,0.75
2008-05-28,IWM,0
2008-05-28,QQQ,0
2008-05-28,SPY,0
2008-05-28,TLT,0.25
2008-05-29,GLD,0.75
2008-05-29,IWM,0
2008-05-29,QQQ,0.25
2008-05-29,SPY,0
2008-05-29,TLT,0
2008-05-30,GLD,0.75
2008-05-30,IWM,0
2008-05-30,QQQ,0.25
2008-05-30,SPY,0
2008-05-30,TLT,0
2008-06-02,GLD,0.75
2008-06-02,IWM,0
2008-06-02,QQQ,0.25
2008-06-02,SPY,0
2008-06-02,TLT,0
2008-06-03,GLD,0.75
2008-06-03,IWM,0
2008-06-03,QQQ,0.25
2008-06-03,SPY,0
2008-06-03,TLT,0
2008-06-04,GLD,0.75
2008-06-04,IWM,0
2008-06-04,QQQ,0.25
2008-06-04,SPY,0
2008-06-04,TLT,0
2008-06-05,GLD,0.75
2008-06-05,IWM,0
2008-06-05,QQQ,0.25
2008-06-05,SPY,0
2008-06-05,TLT,0
2008-06-06,GLD,0.75
2008-06-06,IWM,0
2008-06-06,QQQ,0.25
2008-06-06,SPY,0
2008-06-06,TLT,0
2008-06-09,GLD,0.75
2008-06-09,IWM,0
2008-06-09,QQQ,0.25
2008-06-09,SPY,0
2008-06-09,TLT,0
2008-06-10,GLD,0.75
2008-06-10,IWM,0
2008-06-10,QQQ,0.25
2008-06-10,SPY,0
2008-06-10,TLT,0
2008-06-11,GLD,0.75
2008-06-11,IWM,0
2008-06-11,QQQ,0.25
2008-06-11,SPY,0
2008-06-11,TLT,0
2008-06-12,GLD,0.75
2008-06-12,IWM,0
2008-06-12,QQQ,0.25
2008-06-12,SPY,0
2008-06-12,TLT,0
2008-06-13,GLD,0.75
2008-06-13,IWM,0
2008-06-13,QQQ,0.25
2008-06-13,SPY,0
2008-06-13,TLT,0
2008-06-16,GLD,0.75
2008-06-16,IWM,0
2008-06-16,QQQ,0.25
2008-06-16,SPY,0
2008-06-16,TLT,0
2008-06-17,GLD,0.75
2008-06-17,IWM,0
2008-06-17,QQQ,0.25
2008-06-17,SPY,0
2008-06-17,TLT,0
2008-06-18,GLD,0.75
2008-06-18,IWM,0
2008-06-18,QQQ,0.25
2008-06-18,SPY,0
2008-06-18,TLT,0
2008-06-19,GLD,0.75
2008-06-19,IWM,0
2008-06-19,QQQ,0.25
2008-06-19,SPY,0
2008-06-19,TLT,0
2008-06-20,GLD,0.75
2008-06-20,IWM,0
2008-06-20,QQQ,0.25
2008-06-20,SPY,0
2008-06-20,TLT,0
2008-06-23,GLD,0.75
2008-06-23,IWM,0
2008-06-23,QQQ,0.25
2008-06-23,SPY,0
2008-06-23,TLT,0
2008-06-24,GLD,0.75
2008-06-24,IWM,0
2008-06-24,QQQ,0.25
2008-06-24,SPY,0
2008-06-24,TLT,0
2008-06-25,GLD,0.75
2008-06-25,IWM,0
2008-06-25,QQQ,0.25
2008-06-25,SPY,0
2008-06-25,TLT,0
2008-06-26,GLD,0.75
2008-06-26,IWM,0
2008-06-26,QQQ,0.25
2008-06-26,SPY,0
2008-06-26,TLT,0
2008-06-27,GLD,0.75
2008-06-27,IWM,0
2008-06-27,QQQ,0
2008-06-27,SPY,0
2008-06-27,TLT,0.25
2008-06-30,GLD,0.75
2008-06-30,IWM,0
2008-06-30,QQQ,0
2008-06-30,SPY,0
2008-06-30,TLT,0.25
2008-07-01,GLD,0.75
2008-07-01,IWM,0
2008-07-01,QQQ,0
2008-07-01,SPY,0
2008-07-01,TLT,0.25
2008-07-02,GLD,0.75
2008-07-02,IWM,0
2008-07-02,QQQ,0
2008-07-02,SPY,0
2008-07-02,TLT,0.25
2008-07-03,GLD,0.75
2008-07-03,IWM,0
2008-07-03,QQQ,0
2008-07-03,SPY,0
2008-07-03,TLT,0.25
2008-07-07,GLD,0.75
2008-07-07,IWM,0
2008-07-07,QQQ,0
2008-07-07,SPY,0
2008-07-07,TLT,0.25
2008-07-08,GLD,0.75
2008-07-08,IWM,0
2008-07-08,QQQ,0
2008-07-08,SPY,0
2008-07-08,TLT,0.25
2008-07-09,GLD,0.75
2008-07-09,IWM,0
2008-07-09,QQQ,0
2008-07-09,SPY,0
2008-07-09,TLT,0.25
2008-07-10,GLD,0.75
2008-07-10,IWM,0
2008-07-10,QQQ,0
2008-07-10,SPY,0
2008-07-10,TLT,0.25
2008-07-11,GLD,0.75
2008-07-11,IWM,0
2008-07-11,QQQ,0
2008-07-11,SPY,0
2008-07-11,TLT,0.25
2008-07-14,GLD,0.75
2008-07-14,IWM,0
2008-07-14,QQQ,0
2008-07-14,SPY,0
2008-07-14,TLT,0.25
2008-07-15,GLD,0.75
2008-07-15,IWM,0
2008-07-15,QQQ,0
2008-07-15,SPY,0
2008-07-15,TLT,0.25
2008-07-16,GLD,0.75
2008-07-16,IWM,0
2008-07-16,QQQ,0
2008-07-16,SPY,0
2008-07-16,TLT,0.25
2008-07-17,GLD,0.75
2008-07-17,IWM,0
2008-07-17,QQQ,0
2008-07-17,SPY,0
2008-07-17,TLT,0.25
2008-07-18,GLD,0.75
2008-07-18,IWM,0
2008-07-18,QQQ,0
2008-07-18,SPY,0
2008-07-18,TLT,0.25
2008-07-21,GLD,0.75
2008-07-21,IWM,0
2008-07-21,QQQ,0
2008-07-21,SPY,0
2008-07-21,TLT,0.25
2008-07-22,GLD,0.75
2008-07-22,IWM,0
2008-07-22,QQQ,0
2008-07-22,SPY,0
2008-07-22,TLT,0.25
2008-07-23,GLD,0.75
2008-07-23,IWM,0
2008-07-23,QQQ,0
2008-07-23,SPY,0
2008-07-23,TLT,0.25
2008-07-24,GLD,0.75
2008-07-24,IWM,0
2008-07-24,QQQ,0
2008-07-24,SPY,0
2008-07-24,TLT,0.25
2008-07-25,GLD,0.75
2008-07-25,IWM,0
2008-07-25,QQQ,0
2008-07-25,SPY,0
2008-07-25,TLT,0.25
2008-07-28,GLD,0.75
2008-07-28,IWM,0
2008-07-28,QQQ,0
2008-07-28,SPY,0
2008-07-28,TLT,0.25
2008-07-29,GLD,1
2008-07-29,IWM,0
2008-07-29,QQQ,0
2008-07-29,SPY,0
2008-07-29,TLT,0
2008-07-30,GLD,1
2008-07-30,IWM,0
2008-07-30,QQQ,0
2008-07-30,SPY,0
2008-07-30,TLT,0
2008-07-31,GLD,1
2008-07-31,IWM,0
2008-07-31,QQQ,0
2008-07-31,SPY,0
2008-07-31,TLT,0
2008-08-01,GLD,1
2008-08-01,IWM,0
2008-08-01,QQQ,0
2008-08-01,SPY,0
2008-08-01,TLT,0
2008-08-04,GLD,1
2008-08-04,IWM,0
2008-08-04,QQQ,0
2008-08-04,SPY,0
2008-08-04,TLT,0
2008-08-05,GLD,1
2008-08-05,IWM,0
2008-08-05,QQQ,0
2008-08-05,SPY,0
2008-08-05,TLT,0
2008-08-06,GLD,1
2008-08-06,IWM,0
2008-08-06,QQQ,0
2008-08-06,SPY,0
2008-08-06,TLT,0
2008-08-07,GLD,1
2008-08-07,IWM,0
2008-08-07,QQQ,0
2008-08-07,SPY,0
2008-08-07,TLT,0
2008-08-08,GLD,1
2008-08-08,IWM,0
2008-08-08,QQQ,0
2008-08-08,SPY,0
2008-08-08,TLT,0
2008-08-11,GLD,1
2008-08-11,IWM,0
2008-08-11,QQQ,0
2008-08-11,SPY,0
2008-08-11,TLT,0
2008-08-12,GLD,1
2008-08-12,IWM,0
2008-08-12,QQQ,0
2008-08-12,SPY,0
2008-08-12,TLT,0
2008-08-13,GLD,1
2008-08-13,IWM,0
2008-08-13,QQQ,0
2008-08-13,SPY,0
2008-08-13,TLT,0
2008-08-14,GLD,1
2008-08-14,IWM,0
2008-08-14,QQQ,0
2008-08-14,SPY,0
2008-08-14,TLT,0
2008-08-15,GLD,1
2008-08-15,IWM,0
2008-08-15,QQQ,0
2008-08-15,SPY,0
2008-08-15,TLT,0
2008-08-18,GLD,1
2008-08-18,IWM,0
2008-08-18,QQQ,0
2008-08-18,SPY,0
2008-08-18,TLT,0
2008-08-19,GLD,1
2008-08-19,IWM,0
2008-08-19,QQQ,0
2008-08-19,SPY,0
2008-08-19,TLT,0
2008-08-20,GLD,1
2008-08-20,IWM,0
2008-08-20,QQQ,0
2008-08-20,SPY,0
2008-08-20,TLT,0
2008-08-21,GLD,1
2008-08-21,IWM,0
2008-08-21,QQQ,0
2008-08-21,SPY,0
2008-08-21,TLT,0
2008-08-22,GLD,1
2008-08-22,IWM,0
2008-08-22,QQQ,0
2008-08-22,SPY,0
2008-08-22,TLT,0
2008-08-25,GLD,1
2008-08-25,IWM,0
2008-08-25,QQQ,0
2008-08-25,SPY,0
2008-08-25,TLT,0
2008-08-26,GLD,1
2008-08-26,IWM,0
2008-08-26,QQQ,0
2008-08-26,SPY,0
2008-08-26,TLT,0
2008-08-27,GLD,0.75
2008-08-27,IWM,0
2008-08-27,QQQ,0
2008-08-27,SPY,0
2008-08-27,TLT,0.25
2008-08-28,GLD,0.75
2008-08-28,IWM,0
2008-08-28,QQQ,0
2008-08-28,SPY,0
2008-08-28,TLT,0.25
2008-08-29,GLD,0.75
2008-08-29,IWM,0
2008-08-29,QQQ,0
2008-08-29,SPY,0
2008-08-29,TLT,0.25
2008-09-02,GLD,0.75
2008-09-02,IWM,0
2008-09-02,QQQ,0
2008-09-02,SPY,0
2008-09-02,TLT,0.25
2008-09-03,GLD,0.75
2008-09-03,IWM,0
2008-09-03,QQQ,0
2008-09-03,SPY,0
2008-09-03,TLT,0.25
2008-09-04,GLD,0.75
2008-09-04,IWM,0
2008-09-04,QQQ,0
2008-09-04,SPY,0
2008-09-04,TLT,0.25
2008-09-05,GLD,0.75
2008-09-05,IWM,0
2008-09-05,QQQ,0
2008-09-05,SPY,0
2008-09-05,TLT,0.25
2008-09-08,GLD,0.75
2008-09-08,IWM,0
2008-09-08,QQQ,0
2008-09-08,SPY,0
2008-09-08,TLT,0.25
2008-09-09,GLD,0.75
2008-09-09,IWM,0
2008-09-09,QQQ,0
2008-09-09,SPY,0
2008-09-09,TLT,0.25
2008-09-10,GLD,0.75
2008-09-10,IWM,0
2008-09-10,QQQ,0
2008-09-10,SPY,0
2008-09-10,TLT,0.25
2008-09-11,GLD,0.75
2008-09-11,IWM,0
2008-09-11,QQQ,0
2008-09-11,SPY,0
2008-09-11,TLT,0.25
2008-09-12,GLD,0.75
2008-09-12,IWM,0
2008-09-12,QQQ,0
2008-09-12,SPY,0
2008-09-12,TLT,0.25
2008-09-15,GLD,0.75
2008-09-15,IWM,0
2008-09-15,QQQ,0
2008-09-15,SPY,0
2008-09-15,TLT,0.25
2008-09-16,GLD,0.75
2008-09-16,IWM,0
2008-09-16,QQQ,0
2008-09-16,SPY,0
2008-09-16,TLT,0.25
2008-09-17,GLD,0.75
2008-09-17,IWM,0
2008-09-17,QQQ,0
2008-09-17,SPY,0
2008-09-17,TLT,0.25
2008-09-18,GLD,0.75
2008-09-18,IWM,0
2008-09-18,QQQ,0
2008-09-18,SPY,0
2008-09-18,TLT,0.25
2008-09-19,GLD,0.75
2008-09-19,IWM,0
2008-09-19,QQQ,0
2008-09-19,SPY,0
2008-09-19,TLT,0.25
2008-09-22,GLD,0.75
2008-09-22,IWM,0
2008-09-22,QQQ,0
2008-09-22,SPY,0
2008-09-22,TLT,0.25
2008-09-23,GLD,0.75
2008-09-23,IWM,0
2008-09-23,QQQ,0
2008-09-23,SPY,0
2008-09-23,TLT,0.25
2008-09-24,GLD,0.75
2008-09-24,IWM,0
2008-09-24,QQQ,0
2008-09-24,SPY,0
2008-09-24,TLT,0.25
2008-09-25,GLD,0.75
2008-09-25,IWM,0
2008-09-25,QQQ,0
2008-09-25,SPY,0
2008-09-25,TLT,0.25
2008-09-26,GLD,0.75
2008-09-26,IWM,0
2008-09-26,QQQ,0
2008-09-26,SPY,0
2008-09-26,TLT,0.25
2008-09-29,GLD,0.75
2008-09-29,IWM,0
2008-09-29,QQQ,0
2008-09-29,SPY,0
2008-09-29,TLT,0.25
2008-09-30,GLD,0.75
2008-09-30,IWM,0
2008-09-30,QQQ,0
2008-09-30,SPY,0
2008-09-30,TLT,0.25
2008-10-01,GLD,0.75
2008-10-01,IWM,0
2008-10-01,QQQ,0
2008-10-01,SPY,0
2008-10-01,TLT,0.25
2008-10-02,GLD,0.75
2008-10-02,IWM,0
2008-10-02,QQQ,0
2008-10-02,SPY,0
2008-10-02,TLT,0.25
2008-10-03,GLD,0.75
2008-10-03,IWM,0
2008-10-03,QQQ,0
2008-10-03,SPY,0
2008-10-03,TLT,0.25
2008-10-06,GLD,0.75
2008-10-06,IWM,0
2008-10-06,QQQ,0
2008-10-06,SPY,0
2008-10-06,TLT,0.25
2008-10-07,GLD,0.75
2008-10-07,IWM,0
2008-10-07,QQQ,0
2008-10-07,SPY,0
2008-10-07,TLT,0.25
2008-10-08,GLD,0.75
2008-10-08,IWM,0
2008-10-08,QQQ,0
2008-10-08,SPY,0
2008-10-08,TLT,0.25
2008-10-09,GLD,0.75
2008-10-09,IWM,0
2008-10-09,QQQ,0
2008-10-09,SPY,0
2008-10-09,TLT,0.25
2008-10-10,GLD,0.75
2008-10-10,IWM,0
2008-10-10,QQQ,0
2008-10-10,SPY,0
2008-10-10,TLT,0.25
2008-10-13,GLD,0.75
2008-10-13,IWM,0
2008-10-13,QQQ,0
2008-10-13,SPY,0
2008-10-13,TLT,0.25
2008-10-14,GLD,0.75
2008-10-14,IWM,0
2008-10-14,QQQ,0
2008-10-14,SPY,0
2008-10-14,TLT,0.25
2008-10-15,GLD,0.75
2008-10-15,IWM,0
2008-10-15,QQQ,0
2008-10-15,SPY,0
2008-10-15,TLT,0.25
2008-10-16,GLD,0.75
2008-10-16,IWM,0
2008-10-16,QQQ,0
2008-10-16,SPY,0
2008-10-16,TLT,0.25
2008-10-17,GLD,0.75
2008-10-17,IWM,0
2008-10-17,QQQ,0
2008-10-17,SPY,0
2008-10-17,TLT,0.25
2008-10-20,GLD,0.75
2008-10-20,IWM,0
2008-10-20,QQQ,0
2008-10-20,SPY,0
2008-10-20,TLT,0.25
2008-10-21,GLD,0.75
2008-10-21,IWM,0
2008-10-21,QQQ,0
2008-10-21,SPY,0
2008-10-21,TLT,0.25
2008-10-22,GLD,0.75
2008-10-22,IWM,0
2008-10-22,QQQ,0
2008-10-22,SPY,0
2008-10-22,TLT,0.25
2008-10-23,GLD,0.75
2008-10-23,IWM,0
2008-10-23,QQQ,0
2008-10-23,SPY,0
2008-10-23,TLT,0.25
2008-10-24,GLD,0.75
2008-10-24,IWM,0
2008-10-24,QQQ,0
2008-10-24,SPY,0
2008-10-24,TLT,0.25
2008-10-27,GLD,0.75
2008-10-27,IWM,0
2008-10-27,QQQ,0
2008-10-27,SPY,0
2008-10-27,TLT,0.25
2008-10-28,GLD,0.75
2008-10-28,IWM,0
2008-10-28,QQQ,0
2008-10-28,SPY,0
2008-10-28,TLT,0.25
2008-10-29,GLD,0.75
2008-10-29,IWM,0
2008-10-29,QQQ,0
2008-10-29,SPY,0
2008-10-29,TLT,0.25
2008-10-30,GLD,0.75
2008-10-30,IWM,0
2008-10-30,QQQ,0
2008-10-30,SPY,0
2008-10-30,TLT,0.25
2008-10-31,GLD,0.75
2008-10-31,IWM,0
2008-10-31,QQQ,0
2008-10-31,SPY,0
2008-10-31,TLT,0.25
2008-11-03,GLD,0.75
2008-11-03,IWM,0
2008-11-03,QQQ,0
2008-11-03,SPY,0
2008-11-03,TLT,0.25
2008-11-04,GLD,0.75
2008-11-04,IWM,0
2008-11-04,QQQ,0
2008-11-04,SPY,0
2008-11-04,TLT,0.25
2008-11-05,GLD,0.75
2008-11-05,IWM,0
2008-11-05,QQQ,0
2008-11-05,SPY,0
2008-11-05,TLT,0.25
2008-11-06,GLD,0.75
2008-11-06,IWM,0
2008-11-06,QQQ,0
2008-11-06,SPY,0
2008-11-06,TLT,0.25
2008-11-07,GLD,0.75
2008-11-07,IWM,0
2008-11-07,QQQ,0
2008-11-07,SPY,0
2008-11-07,TLT,0.25
2008-11-10,GLD,0.75
2008-11-10,IWM,0
2008-11-10,QQQ,0
2008-11-10,SPY,0
2008-11-10,TLT,0.25
2008-11-11,GLD,0.75
2008-11-11,IWM,0
2008-11-11,QQQ,0
2008-11-11,SPY,0
2008-11-11,TLT,0.25
2008-11-12,GLD,0.75
2008-11-12,IWM,0
2008-11-12,QQQ,0
2008-11-12,SPY,0
2008-11-12,TLT,0.25
2008-11-13,GLD,0.75
2008-11-13,IWM,0
2008-11-13,QQQ,0
2008-11-13,SPY,0
2008-11-13,TLT,0.25
2008-11-14,GLD,0.75
2008-11-14,IWM,0
2008-11-14,QQQ,0
2008-11-14,SPY,0
2008-11-14,TLT,0.25
2008-11-17,GLD,0.75
2008-11-17,IWM,0
2008-11-17,QQQ,0
2008-11-17,SPY,0
2008-11-17,TLT,0.25
2008-11-18,GLD,0.75
2008-11-18,IWM,0
2008-11-18,QQQ,0
2008-11-18,SPY,0
2008-11-18,TLT,0.25
2008-11-19,GLD,0.75
2008-11-19,IWM,0
2008-11-19,QQQ,0
2008-11-19,SPY,0
2008-11-19,TLT,0.25
2008-11-20,GLD,0.75
2008-11-20,IWM,0
2008-11-20,QQQ,0
2008-11-20,SPY,0
2008-11-20,TLT,0.25
2008-11-21,GLD,0.75
2008-11-21,IWM,0
2008-11-21,QQQ,0
2008-11-21,SPY,0
2008-11-21,TLT,0.25
2008-11-24,GLD,0.75
2008-11-24,IWM,0
2008-11-24,QQQ,0
2008-11-24,SPY,0
2008-11-24,TLT,0.25
2008-11-25,GLD,0.75
2008-11-25,IWM,0
2008-11-25,QQQ,0
2008-11-25,SPY,0
2008-11-25,TLT,0.25
2008-11-26,GLD,0.75
2008-11-26,IWM,0
2008-11-26,QQQ,0
2008-11-26,SPY,0
2008-11-26,TLT,0.25
2008-11-28,GLD,0.75
2008-11-28,IWM,0
2008-11-28,QQQ,0
2008-11-28,SPY,0
2008-11-28,TLT,0.25
2008-12-01,GLD,0.75
2008-12-01,IWM,0
2008-12-01,QQQ,0
2008-12-01,SPY,0
2008-12-01,TLT,0.25
2008-12-02,GLD,0.75
2008-12-02,IWM,0
2008-12-02,QQQ,0
2008-12-02,SPY,0
2008-12-02,TLT,0.25
2008-12-03,GLD,0.75
2008-12-03,IWM,0
2008-12-03,QQQ,0
2008-12-03,SPY,0
2008-12-03,TLT,0.25
2008-12-04,GLD,0.75
2008-12-04,IWM,0
2008-12-04,QQQ,0
2008-12-04,SPY,0
2008-12-04,TLT,0.25
2008-12-05,GLD,0.75
2008-12-05,IWM,0
2008-12-05,QQQ,0
2008-12-05,SPY,0
2008-12-05,TLT,0.25
2008-12-08,GLD,0.75
2008-12-08,IWM,0
2008-12-08,QQQ,0
2008-12-08,SPY,0
2008-12-08,TLT,0.25
2008-12-09,GLD,0.75
2008-12-09,IWM,0
2008-12-09,QQQ,0
2008-12-09,SPY,0
2008-12-09,TLT,0.25
2008-12-10,GLD,0.75
2008-12-10,IWM,0
2008-12-10,QQQ,0
2008-12-10,SPY,0
2008-12-10,TLT,0.25
2008-12-11,GLD,0.75
2008-12-11,IWM,0
2008-12-11,QQQ,0
2008-12-11,SPY,0
2008-12-11,TLT,0.25
2008-12-12,GLD,0.75
2008-12-12,IWM,0
2008-12-12,QQQ,0
2008-12-12,SPY,0
2008-12-12,TLT,0.25
2008-12-15,GLD,0.75
2008-12-15,IWM,0
2008-12-15,QQQ,0
2008-12-15,SPY,0
2008-12-15,TLT,0.25
2008-12-16,GLD,0.75
2008-12-16,IWM,0
2008-12-16,QQQ,0
2008-12-16,SPY,0
2008-12-16,TLT,0.25
2008-12-17,GLD,0.75
2008-12-17,IWM,0
2008-12-17,QQQ,0
2008-12-17,SPY,0
2008-12-17,TLT,0.25
2008-12-18,GLD,0.75
2008-12-18,IWM,0
2008-12-18,QQQ,0
2008-12-18,SPY,0
2008-12-18,TLT,0.25
2008-12-19,GLD,0.75
2008-12-19,IWM,0
2008-12-19,QQQ,0
2008-12-19,SPY,0
2008-12-19,TLT,0.25
2008-12-22,GLD,0.75
2008-12-22,IWM,0
2008-12-22,QQQ,0
2008-12-22,SPY,0
2008-12-22,TLT,0.25
2008-12-23,GLD,0.75
2008-12-23,IWM,0
2008-12-23,QQQ,0
2008-12-23,SPY,0
2008-12-23,TLT,0.25
2008-12-24,GLD,0.75
2008-12-24,IWM,0
2008-12-24,QQQ,0
2008-12-24,SPY,0
2008-12-24,TLT,0.25
2008-12-26,GLD,0.75
2008-12-26,IWM,0
2008-12-26,QQQ,0
2008-12-26,SPY,0
2008-12-26,TLT,0.25
2008-12-29,GLD,0.75
2008-12-29,IWM,0
2008-12-29,QQQ,0
2008-12-29,SPY,0
2008-12-29,TLT,0.25
2008-12-30,GLD,0.75
2008-12-30,IWM,0
2008-12-30,QQQ,0
2008-12-30,SPY,0
2008-12-30,TLT,0.25
2008-12-31,GLD,0.75
2008-12-31,IWM,0
2008-12-31,QQQ,0
2008-12-31,SPY,0
2008-12-31,TLT,0.25
2009-01-02,GLD,0.75
2009-01-02,IWM,0
2009-01-02,QQQ,0
2009-01-02,SPY,0
2009-01-02,TLT,0.25
2009-01-05,GLD,0.75
2009-01-05,IWM,0
2009-01-05,QQQ,0
2009-01-05,SPY,0
2009-01-05,TLT,0.25
2009-01-06,GLD,0.75
2009-01-06,IWM,0
2009-01-06,QQQ,0
2009-01-06,SPY,0
2009-01-06,TLT,0.25
2009-01-07,GLD,0.75
2009-01-07,IWM,0
2009-01-07,QQQ,0
2009-01-07,SPY,0
2009-01-07,TLT,0.25
2009-01-08,GLD,0.75
2009-01-08,IWM,0
2009-01-08,QQQ,0
2009-01-08,SPY,0
2009-01-08,TLT,0.25
2009-01-09,GLD,0.75
2009-01-09,IWM,0
2009-01-09,QQQ,0
2009-01-09,SPY,0
2009-01-09,TLT,0.25
2009-01-12,GLD,0.75
2009-01-12,IWM,0
2009-01-12,QQQ,0
2009-01-12,SPY,0
2009-01-12,TLT,0.25
2009-01-13,GLD,0.75
2009-01-13,IWM,0
2009-01-13,QQQ,0
2009-01-13,SPY,0
2009-01-13,TLT,0.25
2009-01-14,GLD,0.75
2009-01-14,IWM,0
2009-01-14,QQQ,0
2009-01-14,SPY,0
2009-01-14,TLT,0.25
2009-01-15,GLD,0.75
2009-01-15,IWM,0
2009-01-15,QQQ,0
2009-01-15,SPY,0
2009-01-15,TLT,0.25
2009-01-16,GLD,0.75
2009-01-16,IWM,0
2009-01-16,QQQ,0
2009-01-16,SPY,0
2009-01-16,TLT,0.25
2009-01-20,GLD,0.75
2009-01-20,IWM,0
2009-01-20,QQQ,0
2009-01-20,SPY,0
2009-01-20,TLT,0.25
2009-01-21,GLD,0.75
2009-01-21,IWM,0
2009-01-21,QQQ,0
2009-01-21,SPY,0
2009-01-21,TLT,0.25
2009-01-22,GLD,0.75
2009-01-22,IWM,0
2009-01-22,QQQ,0
2009-01-22,SPY,0
2009-01-22,TLT,0.25
2009-01-23,GLD,0.75
2009-01-23,IWM,0
2009-01-23,QQQ,0
2009-01-23,SPY,0
2009-01-23,TLT,0.25
2009-01-26,GLD,0.75
2009-01-26,IWM,0
2009-01-26,QQQ,0
2009-01-26,SPY,0
2009-01-26,TLT,0.25
2009-01-27,GLD,0.75
2009-01-27,IWM,0
2009-01-27,QQQ,0
2009-01-27,SPY,0
2009-01-27,TLT,0.25
2009-01-28,GLD,0.75
2009-01-28,IWM,0
2009-01-28,QQQ,0
2009-01-28,SPY,0
2009-01-28,TLT,0.25
2009-01-29,GLD,0.75
2009-01-29,IWM,0
2009-01-29,QQQ,0
2009-01-29,SPY,0
2009-01-29,TLT,0.25
2009-01-30,GLD,0.75
2009-01-30,IWM,0
2009-01-30,QQQ,0
2009-01-30,SPY,0
2009-01-30,TLT,0.25
2009-02-02,GLD,0.75
2009-02-02,IWM,0
2009-02-02,QQQ,0
2009-02-02,SPY,0
2009-02-02,TLT,0.25
2009-02-03,GLD,0.75
2009-02-03,IWM,0
2009-02-03,QQQ,0
2009-02-03,SPY,0
2009-02-03,TLT,0.25
2009-02-04,GLD,0.75
2009-02-04,IWM,0
2009-02-04,QQQ,0
2009-02-04,SPY,0
2009-02-04,TLT,0.25
2009-02-05,GLD,0.75
2009-02-05,IWM,0
2009-02-05,QQQ,0
2009-02-05,SPY,0
2009-02-05,TLT,0.25
2009-02-06,GLD,0.75
2009-02-06,IWM,0
2009-02-06,QQQ,0
2009-02-06,SPY,0
2009-02-06,TLT,0.25
2009-02-09,GLD,0.75
2009-02-09,IWM,0
2009-02-09,QQQ,0
2009-02-09,SPY,0
2009-02-09,TLT,0.25
2009-02-10,GLD,0.75
2009-02-10,IWM,0
2009-02-10,QQQ,0
2009-02-10,SPY,0
2009-02-10,TLT,0.25
2009-02-11,GLD,0.75
2009-02-11,IWM,0
2009-02-11,QQQ,0
2009-02-11,SPY,0
2009-02-11,TLT,0.25
2009-02-12,GLD,0.75
2009-02-12,IWM,0
2009-02-12,QQQ,0
2009-02-12,SPY,0
2009-02-12,TLT,0.25
2009-02-13,GLD,0.75
2009-02-13,IWM,0
2009-02-13,QQQ,0
2009-02-13,SPY,0
2009-02-13,TLT,0.25
2009-02-17,GLD,0.75
2009-02-17,IWM,0
2009-02-17,QQQ,0
2009-02-17,SPY,0
2009-02-17,TLT,0.25
2009-02-18,GLD,0.75
2009-02-18,IWM,0
2009-02-18,QQQ,0
2009-02-18,SPY,0
2009-02-18,TLT,0.25
2009-02-19,GLD,0.75
2009-02-19,IWM,0
2009-02-19,QQQ,0
2009-02-19,SPY,0
2009-02-19,TLT,0.25
2009-02-20,GLD,0.75
2009-02-20,IWM,0
2009-02-20,QQQ,0
2009-02-20,SPY,0
2009-02-20,TLT,0.25
2009-02-23,GLD,0.75
2009-02-23,IWM,0
2009-02-23,QQQ,0
2009-02-23,SPY,0
2009-02-23,TLT,0.25
2009-02-24,GLD,0.75
2009-02-24,IWM,0
2009-02-24,QQQ,0
2009-02-24,SPY,0
2009-02-24,TLT,0.25
2009-02-25,GLD,0.75
2009-02-25,IWM,0
2009-02-25,QQQ,0
2009-02-25,SPY,0
2009-02-25,TLT,0.25
2009-02-26,GLD,0.75
2009-02-26,IWM,0
2009-02-26,QQQ,0
2009-02-26,SPY,0
2009-02-26,TLT,0.25
2009-02-27,GLD,0.75
2009-02-27,IWM,0
2009-02-27,QQQ,0
2009-02-27,SPY,0
2009-02-27,TLT,0.25
2009-03-02,GLD,0.75
2009-03-02,IWM,0
2009-03-02,QQQ,0
2009-03-02,SPY,0
2009-03-02,TLT,0.25
2009-03-03,GLD,0.75
2009-03-03,IWM,0
2009-03-03,QQQ,0
2009-03-03,SPY,0
2009-03-03,TLT,0.25
2009-03-04,GLD,0.75
2009-03-04,IWM,0
2009-03-04,QQQ,0
2009-03-04,SPY,0
2009-03-04,TLT,0.25
2009-03-05,GLD,0.75
2009-03-05,IWM,0
2009-03-05,QQQ,0
2009-03-05,SPY,0
2009-03-05,TLT,0.25
2009-03-06,GLD,0.75
2009-03-06,IWM,0
2009-03-06,QQQ,0
2009-03-06,SPY,0
2009-03-06,TLT,0.25
2009-03-09,GLD,0.75
2009-03-09,IWM,0
2009-03-09,QQQ,0
2009-03-09,SPY,0
2009-03-09,TLT,0.25
2009-03-10,GLD,0.75
2009-03-10,IWM,0
2009-03-10,QQQ,0
2009-03-10,SPY,0
2009-03-10,TLT,0.25
2009-03-11,GLD,0.75
2009-03-11,IWM,0
2009-03-11,QQQ,0
2009-03-11,SPY,0
2009-03-11,TLT,0.25
2009-03-12,GLD,0.75
2009-03-12,IWM,0
2009-03-12,QQQ,0
2009-03-12,SPY,0
2009-03-12,TLT,0.25
2009-03-13,GLD,0.75
2009-03-13,IWM,0
2009-03-13,QQQ,0
2009-03-13,SPY,0
2009-03-13,TLT,0.25
2009-03-16,GLD,0.75
2009-03-16,IWM,0
2009-03-16,QQQ,0
2009-03-16,SPY,0
2009-03-16,TLT,0.25
2009-03-17,GLD,0.75
2009-03-17,IWM,0
2009-03-17,QQQ,0
2009-03-17,SPY,0
2009-03-17,TLT,0.25
2009-03-18,GLD,0.75
2009-03-18,IWM,0
2009-03-18,QQQ,0
2009-03-18,SPY,0
2009-03-18,TLT,0.25
2009-03-19,GLD,0.75
2009-03-19,IWM,0
2009-03-19,QQQ,0
2009-03-19,SPY,0
2009-03-19,TLT,0.25
2009-03-20,GLD,0.75
2009-03-20,IWM,0
2009-03-20,QQQ,0
2009-03-20,SPY,0
2009-03-20,TLT,0.25
2009-03-23,GLD,0.75
2009-03-23,IWM,0
2009-03-23,QQQ,0
2009-03-23,SPY,0
2009-03-23,TLT,0.25
2009-03-24,GLD,0.75
2009-03-24,IWM,0
2009-03-24,QQQ,0
2009-03-24,SPY,0
2009-03-24,TLT,0.25
2009-03-25,GLD,0.75
2009-03-25,IWM,0
2009-03-25,QQQ,0
2009-03-25,SPY,0
2009-03-25,TLT,0.25
2009-03-26,GLD,0.75
2009-03-26,IWM,0
2009-03-26,QQQ,0
2009-03-26,SPY,0
2009-03-26,TLT,0.25
2009-03-27,GLD,0.75
2009-03-27,IWM,0
2009-03-27,QQQ,0
2009-03-27,SPY,0
2009-03-27,TLT,0.25
2009-03-30,GLD,0.75
2009-03-30,IWM,0
2009-03-30,QQQ,0
2009-03-30,SPY,0
2009-03-30,TLT,0.25
2009-03-31,GLD,0.75
2009-03-31,IWM,0
2009-03-31,QQQ,0
2009-03-31,SPY,0
2009-03-31,TLT,0.25
2009-04-01,GLD,0.75
2009-04-01,IWM,0
2009-04-01,QQQ,0
2009-04-01,SPY,0
2009-04-01,TLT,0.25
2009-04-02,GLD,0.75
2009-04-02,IWM,0
2009-04-02,QQQ,0
2009-04-02,SPY,0
2009-04-02,TLT,0.25
2009-04-03,GLD,0.75
2009-04-03,IWM,0
2009-04-03,QQQ,0
2009-04-03,SPY,0
2009-04-03,TLT,0.25
2009-04-06,GLD,0.75
2009-04-06,IWM,0
2009-04-06,QQQ,0
2009-04-06,SPY,0
2009-04-06,TLT,0.25
2009-04-07,GLD,0.75
2009-04-07,IWM,0
2009-04-07,QQQ,0
2009-04-07,SPY,0
2009-04-07,TLT,0.25
2009-04-08,GLD,0.75
2009-04-08,IWM,0
2009-04-08,QQQ,0
2009-04-08,SPY,0
2009-04-08,TLT,0.25
2009-04-09,GLD,0.75
2009-04-09,IWM,0
2009-04-09,QQQ,0
2009-04-09,SPY,0
2009-04-09,TLT,0.25
2009-04-13,GLD,0.75
2009-04-13,IWM,0
2009-04-13,QQQ,0
2009-04-13,SPY,0
2009-04-13,TLT,0.25
2009-04-14,GLD,0.75
2009-04-14,IWM,0
2009-04-14,QQQ,0
2009-04-14,SPY,0
2009-04-14,TLT,0.25
2009-04-15,GLD,0.75
2009-04-15,IWM,0
2009-04-15,QQQ,0
2009-04-15,SPY,0
2009-04-15,TLT,0.25
2009-04-16,GLD,0.75
2009-04-16,IWM,0
2009-04-16,QQQ,0
2009-04-16,SPY,0
2009-04-16,TLT,0.25
2009-04-17,GLD,0.75
2009-04-17,IWM,0
2009-04-17,QQQ,0
2009-04-17,SPY,0
2009-04-17,TLT,0.25
2009-04-20,GLD,0.75
2009-04-20,IWM,0
2009-04-20,QQQ,0
2009-04-20,SPY,0
2009-04-20,TLT,0.25
2009-04-21,GLD,0.75
2009-04-21,IWM,0
2009-04-21,QQQ,0
2009-04-21,SPY,0
2009-04-21,TLT,0.25
2009-04-22,GLD,0.75
2009-04-22,IWM,0
2009-04-22,QQQ,0
2009-04-22,SPY,0
2009-04-22,TLT,0.25
2009-04-23,GLD,0.75
2009-04-23,IWM,0
2009-04-23,QQQ,0
2009-04-23,SPY,0
2009-04-23,TLT,0.25
2009-04-24,GLD,0.75
2009-04-24,IWM,0
2009-04-24,QQQ,0
2009-04-24,SPY,0
2009-04-24,TLT,0.25
2009-04-27,GLD,0.75
2009-04-27,IWM,0
2009-04-27,QQQ,0
2009-04-27,SPY,0
2009-04-27,TLT,0.25
2009-04-28,GLD,0.75
2009-04-28,IWM,0
2009-04-28,QQQ,0
2009-04-28,SPY,0
2009-04-28,TLT,0.25
2009-04-29,GLD,1
2009-04-29,IWM,0
2009-04-29,QQQ,0
2009-04-29,SPY,0
2009-04-29,TLT,0
2009-04-30,GLD,1
2009-04-30,IWM,0
2009-04-30,QQQ,0
2009-04-30,SPY,0
2009-04-30,TLT,0
2009-05-01,GLD,1
2009-05-01,IWM,0
2009-05-01,QQQ,0
2009-05-01,SPY,0
2009-05-01,TLT,0
2009-05-04,GLD,1
2009-05-04,IWM,0
2009-05-04,QQQ,0
2009-05-04,SPY,0
2009-05-04,TLT,0
2009-05-05,GLD,1
2009-05-05,IWM,0
2009-05-05,QQQ,0
2009-05-05,SPY,0
2009-05-05,TLT,0
2009-05-06,GLD,1
2009-05-06,IWM,0
2009-05-06,QQQ,0
2009-05-06,SPY,0
2009-05-06,TLT,0
2009-05-07,GLD,1
2009-05-07,IWM,0
2009-05-07,QQQ,0
2009-05-07,SPY,0
2009-05-07,TLT,0
2009-05-08,GLD,1
2009-05-08,IWM,0
2009-05-08,QQQ,0
2009-05-08,SPY,0
2009-05-08,TLT,0
2009-05-11,GLD,1
2009-05-11,IWM,0
2009-05-11,QQQ,0
2009-05-11,SPY,0
2009-05-11,TLT,0
2009-05-12,GLD,1
2009-05-12,IWM,0
2009-05-12,QQQ,0
2009-05-12,SPY,0
2009-05-12,TLT,0
2009-05-13,GLD,1
2009-05-13,IWM,0
2009-05-13,QQQ,0
2009-05-13,SPY,0
2009-05-13,TLT,0
2009-05-14,GLD,1
2009-05-14,IWM,0
2009-05-14,QQQ,0
2009-05-14,SPY,0
2009-05-14,TLT,0
2009-05-15,GLD,1
2009-05-15,IWM,0
2009-05-15,QQQ,0
2009-05-15,SPY,0
2009-05-15,TLT,0
2009-05-18,GLD,1
2009-05-18,IWM,0
2009-05-18,QQQ,0
2009-05-18,SPY,0
2009-05-18,TLT,0
2009-05-19,GLD,1
2009-05-19,IWM,0
2009-05-19,QQQ,0
2009-05-19,SPY,0
2009-05-19,TLT,0
2009-05-20,GLD,1
2009-05-20,IWM,0
2009-05-20,QQQ,0
2009-05-20,SPY,0
2009-05-20,TLT,0
2009-05-21,GLD,1
2009-05-21,IWM,0
2009-05-21,QQQ,0
2009-05-21,SPY,0
2009-05-21,TLT,0
2009-05-22,GLD,1
2009-05-22,IWM,0
2009-05-22,QQQ,0
2009-05-22,SPY,0
2009-05-22,TLT,0
2009-05-26,GLD,1
2009-05-26,IWM,0
2009-05-26,QQQ,0
2009-05-26,SPY,0
2009-05-26,TLT,0
2009-05-27,GLD,1
2009-05-27,IWM,0
2009-05-27,QQQ,0
2009-05-27,SPY,0
2009-05-27,TLT,0
2009-05-28,GLD,1
2009-05-28,IWM,0
2009-05-28,QQQ,0
2009-05-28,SPY,0
2009-05-28,TLT,0
2009-05-29,GLD,1
2009-05-29,IWM,0
2009-05-29,QQQ,0
2009-05-29,SPY,0
2009-05-29,TLT,0
2009-06-01,GLD,1
2009-06-01,IWM,0
2009-06-01,QQQ,0
2009-06-01,SPY,0
2009-06-01,TLT,0
2009-06-02,GLD,1
2009-06-02,IWM,0
2009-06-02,QQQ,0
2009-06-02,SPY,0
2009-06-02,TLT,0
2009-06-03,GLD,1
2009-06-03,IWM,0
2009-06-03,QQQ,0
2009-06-03,SPY,0
2009-06-03,TLT,0
2009-06-04,GLD,1
2009-06-04,IWM,0
2009-06-04,QQQ,0
2009-06-04,SPY,0
2009-06-04,TLT,0
2009-06-05,GLD,1
2009-06-05,IWM,0
2009-06-05,QQQ,0
2009-06-05,SPY,0
2009-06-05,TLT,0
2009-06-08,GLD,1
2009-06-08,IWM,0
2009-06-08,QQQ,0
2009-06-08,SPY,0
2009-06-08,TLT,0
2009-06-09,GLD,1
2009-06-09,IWM,0
2009-06-09,QQQ,0
2009-06-09,SPY,0
2009-06-09,TLT,0
2009-06-10,GLD,1
2009-06-10,IWM,0
2009-06-10,QQQ,0
2009-06-10,SPY,0
2009-06-10,TLT,0
2009-06-11,GLD,1
2009-06-11,IWM,0
2009-06-11,QQQ,0
2009-06-11,SPY,0
2009-06-11,TLT,0
2009-06-12,GLD,1
2009-06-12,IWM,0
2009-06-12,QQQ,0
2009-06-12,SPY,0
2009-06-12,TLT,0
2009-06-15,GLD,1
2009-06-15,IWM,0
2009-06-15,QQQ,0
2009-06-15,SPY,0
2009-06-15,TLT,0
2009-06-16,GLD,1
2009-06-16,IWM,0
2009-06-16,QQQ,0
2009-06-16,SPY,0
2009-06-16,TLT,0
2009-06-17,GLD,1
2009-06-17,IWM,0
2009-06-17,QQQ,0
2009-06-17,SPY,0
2009-06-17,TLT,0
2009-06-18,GLD,1
2009-06-18,IWM,0
2009-06-18,QQQ,0
2009-06-18,SPY,0
2009-06-18,TLT,0
2009-06-19,GLD,1
2009-06-19,IWM,0
2009-06-19,QQQ,0
2009-06-19,SPY,0
2009-06-19,TLT,0
2009-06-22,GLD,1
2009-06-22,IWM,0
2009-06-22,QQQ,0
2009-06-22,SPY,0
2009-06-22,TLT,0
2009-06-23,GLD,1
2009-06-23,IWM,0
2009-06-23,QQQ,0
2009-06-23,SPY,0
2009-06-23,TLT,0
2009-06-24,GLD,1
2009-06-24,IWM,0
2009-06-24,QQQ,0
2009-06-24,SPY,0
2009-06-24,TLT,0
2009-06-25,GLD,1
2009-06-25,IWM,0
2009-06-25,QQQ,0
2009-06-25,SPY,0
2009-06-25,TLT,0
2009-06-26,GLD,1
2009-06-26,IWM,0
2009-06-26,QQQ,0
2009-06-26,SPY,0
2009-06-26,TLT,0
2009-06-29,GLD,0.75
2009-06-29,IWM,0
2009-06-29,QQQ,0.25
2009-06-29,SPY,0
2009-06-29,TLT,0
2009-06-30,GLD,0.75
2009-06-30,IWM,0
2009-06-30,QQQ,0.25
2009-06-30,SPY,0
2009-06-30,TLT,0
2009-07-01,GLD,0.75
2009-07-01,IWM,0
2009-07-01,QQQ,0.25
2009-07-01,SPY,0
2009-07-01,TLT,0
2009-07-02,GLD,0.75
2009-07-02,IWM,0
2009-07-02,QQQ,0.25
2009-07-02,SPY,0
2009-07-02,TLT,0
2009-07-06,GLD,0.75
2009-07-06,IWM,0
2009-07-06,QQQ,0.25
2009-07-06,SPY,0
2009-07-06,TLT,0
2009-07-07,GLD,0.75
2009-07-07,IWM,0
2009-07-07,QQQ,0.25
2009-07-07,SPY,0
2009-07-07,TLT,0
2009-07-08,GLD,0.75
2009-07-08,IWM,0
2009-07-08,QQQ,0.25
2009-07-08,SPY,0
2009-07-08,TLT,0
2009-07-09,GLD,0.75
2009-07-09,IWM,0
2009-07-09,QQQ,0.25
2009-07-09,SPY,0
2009-07-09,TLT,0
2009-07-10,GLD,0.75
2009-07-10,IWM,0
2009-07-10,QQQ,0.25
2009-07-10,SPY,0
2009-07-10,TLT,0
2009-07-13,GLD,0.75
2009-07-13,IWM,0
2009-07-13,QQQ,0.25
2009-07-13,SPY,0
2009-07-13,TLT,0
2009-07-14,GLD,0.75
2009-07-14,IWM,0
2009-07-14,QQQ,0.25
2009-07-14,SPY,0
2009-07-14,TLT,0
2009-07-15,GLD,0.75
2009-07-15,IWM,0
2009-07-15,QQQ,0.25
2009-07-15,SPY,0
2009-07-15,TLT,0
2009-07-16,GLD,0.75
2009-07-16,IWM,0
2009-07-16,QQQ,0.25
2009-07-16,SPY,0
2009-07-16,TLT,0
2009-07-17,GLD,0.75
2009-07-17,IWM,0
2009-07-17,QQQ,0.25
2009-07-17,SPY,0
2009-07-17,TLT,0
2009-07-20,GLD,0.75
2009-07-20,IWM,0
2009-07-20,QQQ,0.25
2009-07-20,SPY,0
2009-07-20,TLT,0
2009-07-21,GLD,0.75
2009-07-21,IWM,0
2009-07-21,QQQ,0.25
2009-07-21,SPY,0
2009-07-21,TLT,0
2009-07-22,GLD,0.75
2009-07-22,IWM,0
2009-07-22,QQQ,0.25
2009-07-22,SPY,0
2009-07-22,TLT,0
2009-07-23,GLD,0.75
2009-07-23,IWM,0
2009-07-23,QQQ,0.25
2009-07-23,SPY,0
2009-07-23,TLT,0
2009-07-24,GLD,0.75
2009-07-24,IWM,0
2009-07-24,QQQ,0.25
2009-07-24,SPY,0
2009-07-24,TLT,0
2009-07-27,GLD,0.75
2009-07-27,IWM,0
2009-07-27,QQQ,0.25
2009-07-27,SPY,0
2009-07-27,TLT,0
2009-07-28,GLD,0.75
2009-07-28,IWM,0
2009-07-28,QQQ,0.25
2009-07-28,SPY,0
2009-07-28,TLT,0
2009-07-29,GLD,0.25
2009-07-29,IWM,0.20276346484287022
2009-07-29,QQQ,0.27907561822816462
2009-07-29,SPY,0.26816091692896521
2009-07-29,TLT,0
2009-07-30,GLD,0.25
2009-07-30,IWM,0.20276346484287022
2009-07-30,QQQ,0.27907561822816462
2009-07-30,SPY,0.26816091692896521
2009-07-30,TLT,0
2009-07-31,GLD,0.25
2009-07-31,IWM,0.20276346484287022
2009-07-31,QQQ,0.27907561822816462
2009-07-31,SPY,0.26816091692896521
2009-07-31,TLT,0
2009-08-03,GLD,0.25
2009-08-03,IWM,0.20276346484287022
2009-08-03,QQQ,0.27907561822816462
2009-08-03,SPY,0.26816091692896521
2009-08-03,TLT,0
2009-08-04,GLD,0.25
2009-08-04,IWM,0.20276346484287022
2009-08-04,QQQ,0.27907561822816462
2009-08-04,SPY,0.26816091692896521
2009-08-04,TLT,0
2009-08-05,GLD,0.25
2009-08-05,IWM,0.20276346484287022
2009-08-05,QQQ,0.27907561822816462
2009-08-05,SPY,0.26816091692896521
2009-08-05,TLT,0
2009-08-06,GLD,0.25
2009-08-06,IWM,0.20276346484287022
2009-08-06,QQQ,0.27907561822816462
2009-08-06,SPY,0.26816091692896521
2009-08-06,TLT,0
2009-08-07,GLD,0.25
2009-08-07,IWM,0.20276346484287022
2009-08-07,QQQ,0.27907561822816462
2009-08-07,SPY,0.26816091692896521
2009-08-07,TLT,0
2009-08-10,GLD,0.25
2009-08-10,IWM,0.20276346484287022
2009-08-10,QQQ,0.27907561822816462
2009-08-10,SPY,0.26816091692896521
2009-08-10,TLT,0
2009-08-11,GLD,0.25
2009-08-11,IWM,0.20276346484287022
2009-08-11,QQQ,0.27907561822816462
2009-08-11,SPY,0.26816091692896521
2009-08-11,TLT,0
2009-08-12,GLD,0.25
2009-08-12,IWM,0.20276346484287022
2009-08-12,QQQ,0.27907561822816462
2009-08-12,SPY,0.26816091692896521
2009-08-12,TLT,0
2009-08-13,GLD,0.25
2009-08-13,IWM,0.20276346484287022
2009-08-13,QQQ,0.27907561822816462
2009-08-13,SPY,0.26816091692896521
2009-08-13,TLT,0
2009-08-14,GLD,0.25
2009-08-14,IWM,0.20276346484287022
2009-08-14,QQQ,0.27907561822816462
2009-08-14,SPY,0.26816091692896521
2009-08-14,TLT,0
2009-08-17,GLD,0.25
2009-08-17,IWM,0.20276346484287022
2009-08-17,QQQ,0.27907561822816462
2009-08-17,SPY,0.26816091692896521
2009-08-17,TLT,0
2009-08-18,GLD,0.25
2009-08-18,IWM,0.20276346484287022
2009-08-18,QQQ,0.27907561822816462
2009-08-18,SPY,0.26816091692896521
2009-08-18,TLT,0
2009-08-19,GLD,0.25
2009-08-19,IWM,0.20276346484287022
2009-08-19,QQQ,0.27907561822816462
2009-08-19,SPY,0.26816091692896521
2009-08-19,TLT,0
2009-08-20,GLD,0.25
2009-08-20,IWM,0.20276346484287022
2009-08-20,QQQ,0.27907561822816462
2009-08-20,SPY,0.26816091692896521
2009-08-20,TLT,0
2009-08-21,GLD,0.25
2009-08-21,IWM,0.20276346484287022
2009-08-21,QQQ,0.27907561822816462
2009-08-21,SPY,0.26816091692896521
2009-08-21,TLT,0
2009-08-24,GLD,0.25
2009-08-24,IWM,0.20276346484287022
2009-08-24,QQQ,0.27907561822816462
2009-08-24,SPY,0.26816091692896521
2009-08-24,TLT,0
2009-08-25,GLD,0.25
2009-08-25,IWM,0.20276346484287022
2009-08-25,QQQ,0.27907561822816462
2009-08-25,SPY,0.26816091692896521
2009-08-25,TLT,0
2009-08-26,GLD,0.25
2009-08-26,IWM,0.20276346484287022
2009-08-26,QQQ,0.27907561822816462
2009-08-26,SPY,0.26816091692896521
2009-08-26,TLT,0
2009-08-27,GLD,0.25
2009-08-27,IWM,0.20715021791662636
2009-08-27,QQQ,0.26782462293132342
2009-08-27,SPY,0.27502515915205028
2009-08-27,TLT,0
2009-08-28,GLD,0.25
2009-08-28,IWM,0.20715021791662636
2009-08-28,QQQ,0.26782462293132342
2009-08-28,SPY,0.27502515915205028
2009-08-28,TLT,0
2009-08-31,GLD,0.25
2009-08-31,IWM,0.20715021791662636
2009-08-31,QQQ,0.26782462293132342
2009-08-31,SPY,0.27502515915205028
2009-08-31,TLT,0
2009-09-01,GLD,0.25
2009-09-01,IWM,0.20715021791662636
2009-09-01,QQQ,0.26782462293132342
2009-09-01,SPY,0.27502515915205028
2009-09-01,TLT,0
2009-09-02,GLD,0.25
2009-09-02,IWM,0.20715021791662636
2009-09-02,QQQ,0.26782462293132342
2009-09-02,SPY,0.27502515915205028
2009-09-02,TLT,0
2009-09-03,GLD,0.25
2009-09-03,IWM,0.20715021791662636
2009-09-03,QQQ,0.26782462293132342
2009-09-03,SPY,0.27502515915205028
2009-09-03,TLT,0
2009-09-04,GLD,0.25
2009-09-04,IWM,0.20715021791662636
2009-09-04,QQQ,0.26782462293132342
2009-09-04,SPY,0.27502515915205028
2009-09-04,TLT,0
2009-09-08,GLD,0.25
2009-09-08,IWM,0.20715021791662636
2009-09-08,QQQ,0.26782462293132342
2009-09-08,SPY,0.27502515915205028
2009-09-08,TLT,0
2009-09-09,GLD,0.25
2009-09-09,IWM,0.20715021791662636
2009-09-09,QQQ,0.26782462293132342
2009-09-09,SPY,0.27502515915205028
2009-09-09,TLT,0
2009-09-10,GLD,0.25
2009-09-10,IWM,0.20715021791662636
2009-09-10,QQQ,0.26782462293132342
2009-09-10,SPY,0.27502515915205028
2009-09-10,TLT,0
2009-09-11,GLD,0.25
2009-09-11,IWM,0.20715021791662636
2009-09-11,QQQ,0.26782462293132342
2009-09-11,SPY,0.27502515915205028
2009-09-11,TLT,0
2009-09-14,GLD,0.25
2009-09-14,IWM,0.20715021791662636
2009-09-14,QQQ,0.26782462293132342
2009-09-14,SPY,0.27502515915205028
2009-09-14,TLT,0
2009-09-15,GLD,0.25
2009-09-15,IWM,0.20715021791662636
2009-09-15,QQQ,0.26782462293132342
2009-09-15,SPY,0.27502515915205028
2009-09-15,TLT,0
2009-09-16,GLD,0.25
2009-09-16,IWM,0.20715021791662636
2009-09-16,QQQ,0.26782462293132342
2009-09-16,SPY,0.27502515915205028
2009-09-16,TLT,0
2009-09-17,GLD,0.25
2009-09-17,IWM,0.20715021791662636
2009-09-17,QQQ,0.26782462293132342
2009-09-17,SPY,0.27502515915205028
2009-09-17,TLT,0
2009-09-18,GLD,0.25
2009-09-18,IWM,0.20715021791662636
2009-09-18,QQQ,0.26782462293132342
2009-09-18,SPY,0.27502515915205028
2009-09-18,TLT,0
2009-09-21,GLD,0.25
2009-09-21,IWM,0.20715021791662636
2009-09-21,QQQ,0.26782462293132342
2009-09-21,SPY,0.27502515915205028
2009-09-21,TLT,0
2009-09-22,GLD,0.25
2009-09-22,IWM,0.20715021791662636
2009-09-22,QQQ,0.26782462293132342
2009-09-22,SPY,0.27502515915205028
2009-09-22,TLT,0
2009-09-23,GLD,0.25
2009-09-23,IWM,0.20715021791662636
2009-09-23,QQQ,0.26782462293132342
2009-09-23,SPY,0.27502515915205028
2009-09-23,TLT,0
2009-09-24,GLD,0.25
2009-09-24,IWM,0.20715021791662636
2009-09-24,QQQ,0.26782462293132342
2009-09-24,SPY,0.27502515915205028
2009-09-24,TLT,0
2009-09-25,GLD,0.25
2009-09-25,IWM,0.20715021791662636
2009-09-25,QQQ,0.26782462293132342
2009-09-25,SPY,0.27502515915205028
2009-09-25,TLT,0
2009-09-28,GLD,0.25
2009-09-28,IWM,0.20560438089833838
2009-09-28,QQQ,0.26920656426951767
2009-09-28,SPY,0.27518905483214395
2009-09-28,TLT,0
2009-09-29,GLD,0.25
2009-09-29,IWM,0.20560438089833838
2009-09-29,QQQ,0.26920656426951767
2009-09-29,SPY,0.27518905483214395
2009-09-29,TLT,0
2009-09-30,GLD,0.25
2009-09-30,IWM,0.20560438089833838
2009-09-30,QQQ,0.26920656426951767
2009-09-30,SPY,0.27518905483214395
2009-09-30,TLT,0
2009-10-01,GLD,0.25
2009-10-01,IWM,0.20560438089833838
2009-10-01,QQQ,0.26920656426951767
2009-10-01,SPY,0.27518905483214395
2009-10-01,TLT,0
2009-10-02,GLD,0.25
2009-10-02,IWM,0.20560438089833838
2009-10-02,QQQ,0.26920656426951767
2009-10-02,SPY,0.27518905483214395
2009-10-02,TLT,0
2009-10-05,GLD,0.25
2009-10-05,IWM,0.20560438089833838
2009-10-05,QQQ,0.26920656426951767
2009-10-05,SPY,0.27518905483214395
2009-10-05,TLT,0
2009-10-06,GLD,0.25
2009-10-06,IWM,0.20560438089833838
2009-10-06,QQQ,0.26920656426951767
2009-10-06,SPY,0.27518905483214395
2009-10-06,TLT,0
2009-10-07,GLD,0.25
2009-10-07,IWM,0.20560438089833838
2009-10-07,QQQ,0.26920656426951767
2009-10-07,SPY,0.27518905483214395
2009-10-07,TLT,0
2009-10-08,GLD,0.25
2009-10-08,IWM,0.20560438089833838
2009-10-08,QQQ,0.26920656426951767
2009-10-08,SPY,0.27518905483214395
2009-10-08,TLT,0
2009-10-09,GLD,0.25
2009-10-09,IWM,0.20560438089833838
2009-10-09,QQQ,0.26920656426951767
2009-10-09,SPY,0.27518905483214395
2009-10-09,TLT,0
2009-10-12,GLD,0.25
2009-10-12,IWM,0.20560438089833838
2009-10-12,QQQ,0.26920656426951767
2009-10-12,SPY,0.27518905483214395
2009-10-12,TLT,0
2009-10-13,GLD,0.25
2009-10-13,IWM,0.20560438089833838
2009-10-13,QQQ,0.26920656426951767
2009-10-13,SPY,0.27518905483214395
2009-10-13,TLT,0
2009-10-14,GLD,0.25
2009-10-14,IWM,0.20560438089833838
2009-10-14,QQQ,0.26920656426951767
2009-10-14,SPY,0.27518905483214395
2009-10-14,TLT,0
2009-10-15,GLD,0.25
2009-10-15,IWM,0.20560438089833838
2009-10-15,QQQ,0.26920656426951767
2009-10-15,SPY,0.27518905483214395
2009-10-15,TLT,0
2009-10-16,GLD,0.25
2009-10-16,IWM,0.20560438089833838
2009-10-16,QQQ,0.26920656426951767
2009-10-16,SPY,0.27518905483214395
2009-10-16,TLT,0
2009-10-19,GLD,0.25
2009-10-19,IWM,0.20560438089833838
2009-10-19,QQQ,0.26920656426951767
2009-10-19,SPY,0.27518905483214395
2009-10-19,TLT,0
2009-10-20,GLD,0.25
2009-10-20,IWM,0.20560438089833838
2009-10-20,QQQ,0.26920656426951767
2009-10-20,SPY,0.27518905483214395
2009-10-20,TLT,0
2009-10-21,GLD,0.25
2009-10-21,IWM,0.20560438089833838
2009-10-21,QQQ,0.26920656426951767
2009-10-21,SPY,0.27518905483214395
2009-10-21,TLT,0
2009-10-22,GLD,0.25
2009-10-22,IWM,0.20560438089833838
2009-10-22,QQQ,0.26920656426951767
2009-10-22,SPY,0.27518905483214395
2009-10-22,TLT,0
2009-10-23,GLD,0.25
2009-10-23,IWM,0.20560438089833838
2009-10-23,QQQ,0.26920656426951767
2009-10-23,SPY,0.27518905483214395
2009-10-23,TLT,0
2009-10-26,GLD,0.25
2009-10-26,IWM,0.20560438089833838
2009-10-26,QQQ,0.26920656426951767
2009-10-26,SPY,0.27518905483214395
2009-10-26,TLT,0
2009-10-27,GLD,0.25
2009-10-27,IWM,0.20171313656397932
2009-10-27,QQQ,0.27275472463775041
2009-10-27,SPY,0.27553213879827027
2009-10-27,TLT,0
2009-10-28,GLD,0.25
2009-10-28,IWM,0.20171313656397932
2009-10-28,QQQ,0.27275472463775041
2009-10-28,SPY,0.27553213879827027
2009-10-28,TLT,0
2009-10-29,GLD,0.25
2009-10-29,IWM,0.20171313656397932
2009-10-29,QQQ,0.27275472463775041
2009-10-29,SPY,0.27553213879827027
2009-10-29,TLT,0
2009-10-30,GLD,0.25
2009-10-30,IWM,0.20171313656397932
2009-10-30,QQQ,0.27275472463775041
2009-10-30,SPY,0.27553213879827027
2009-10-30,TLT,0
2009-11-02,GLD,0.25
2009-11-02,IWM,0.20171313656397932
2009-11-02,QQQ,0.27275472463775041
2009-11-02,SPY,0.27553213879827027
2009-11-02,TLT,0
2009-11-03,GLD,0.25
2009-11-03,IWM,0.20171313656397932
2009-11-03,QQQ,0.27275472463775041
2009-11-03,SPY,0.27553213879827027
2009-11-03,TLT,0
2009-11-04,GLD,0.25
2009-11-04,IWM,0.20171313656397932
2009-11-04,QQQ,0.27275472463775041
2009-11-04,SPY,0.27553213879827027
2009-11-04,TLT,0
2009-11-05,GLD,0.25
2009-11-05,IWM,0.20171313656397932
2009-11-05,QQQ,0.27275472463775041
2009-11-05,SPY,0.27553213879827027
2009-11-05,TLT,0
2009-11-06,GLD,0.25
2009-11-06,IWM,0.20171313656397932
2009-11-06,QQQ,0.27275472463775041
2009-11-06,SPY,0.27553213879827027
2009-11-06,TLT,0
2009-11-09,GLD,0.25
2009-11-09,IWM,0.20171313656397932
2009-11-09,QQQ,0.27275472463775041
2009-11-09,SPY,0.27553213879827027
2009-11-09,TLT,0
2009-11-10,GLD,0.25
2009-11-10,IWM,0.20171313656397932
2009-11-10,QQQ,0.27275472463775041
2009-11-10,SPY,0.27553213879827027
2009-11-10,TLT,0
2009-11-11,GLD,0.25
2009-11-11,IWM,0.20171313656397932
2009-11-11,QQQ,0.27275472463775041
2009-11-11,SPY,0.27553213879827027
2009-11-11,TLT,0
2009-11-12,GLD,0.25
2009-11-12,IWM,0.20171313656397932
2009-11-12,QQQ,0.27275472463775041
2009-11-12,SPY,0.27553213879827027
2009-11-12,TLT,0
2009-11-13,GLD,0.25
2009-11-13,IWM,0.20171313656397932
2009-11-13,QQQ,0.27275472463775041
2009-11-13,SPY,0.27553213879827027
2009-11-13,TLT,0
2009-11-16,GLD,0.25
2009-11-16,IWM,0.20171313656397932
2009-11-16,QQQ,0.27275472463775041
2009-11-16,SPY,0.27553213879827027
2009-11-16,TLT,0
2009-11-17,GLD,0.25
2009-11-17,IWM,0.20171313656397932
2009-11-17,QQQ,0.27275472463775041
2009-11-17,SPY,0.27553213879827027
2009-11-17,TLT,0
2009-11-18,GLD,0.25
2009-11-18,IWM,0.20171313656397932
2009-11-18,QQQ,0.27275472463775041
2009-11-18,SPY,0.27553213879827027
2009-11-18,TLT,0
2009-11-19,GLD,0.25
2009-11-19,IWM,0.20171313656397932
2009-11-19,QQQ,0.27275472463775041
2009-11-19,SPY,0.27553213879827027
2009-11-19,TLT,0
2009-11-20,GLD,0.25
2009-11-20,IWM,0.20171313656397932
2009-11-20,QQQ,0.27275472463775041
2009-11-20,SPY,0.27553213879827027
2009-11-20,TLT,0
2009-11-23,GLD,0.25
2009-11-23,IWM,0.20171313656397932
2009-11-23,QQQ,0.27275472463775041
2009-11-23,SPY,0.27553213879827027
2009-11-23,TLT,0
2009-11-24,GLD,0.25
2009-11-24,IWM,0.20171313656397932
2009-11-24,QQQ,0.27275472463775041
2009-11-24,SPY,0.27553213879827027
2009-11-24,TLT,0
2009-11-25,GLD,0.25
2009-11-25,IWM,0.2013333943735332
2009-11-25,QQQ,0.27503076605043048
2009-11-25,SPY,0.27363583957603638
2009-11-25,TLT,0
2009-11-27,GLD,0.25
2009-11-27,IWM,0.2013333943735332
2009-11-27,QQQ,0.27503076605043048
2009-11-27,SPY,0.27363583957603638
2009-11-27,TLT,0
2009-11-30,GLD,0.25
2009-11-30,IWM,0.2013333943735332
2009-11-30,QQQ,0.27503076605043048
2009-11-30,SPY,0.27363583957603638
2009-11-30,TLT,0
2009-12-01,GLD,0.25
2009-12-01,IWM,0.2013333943735332
2009-12-01,QQQ,0.27503076605043048
2009-12-01,SPY,0.27363583957603638
2009-12-01,TLT,0
2009-12-02,GLD,0.25
2009-12-02,IWM,0.2013333943735332
2009-12-02,QQQ,0.27503076605043048
2009-12-02,SPY,0.27363583957603638
2009-12-02,TLT,0
2009-12-03,GLD,0.25
2009-12-03,IWM,0.2013333943735332
2009-12-03,QQQ,0.27503076605043048
2009-12-03,SPY,0.27363583957603638
2009-12-03,TLT,0
2009-12-04,GLD,0.25
2009-12-04,IWM,0.2013333943735332
2009-12-04,QQQ,0.27503076605043048
2009-12-04,SPY,0.27363583957603638
2009-12-04,TLT,0
2009-12-07,GLD,0.25
2009-12-07,IWM,0.2013333943735332
2009-12-07,QQQ,0.27503076605043048
2009-12-07,SPY,0.27363583957603638
2009-12-07,TLT,0
2009-12-08,GLD,0.25
2009-12-08,IWM,0.2013333943735332
2009-12-08,QQQ,0.27503076605043048
2009-12-08,SPY,0.27363583957603638
2009-12-08,TLT,0
2009-12-09,GLD,0.25
2009-12-09,IWM,0.2013333943735332
2009-12-09,QQQ,0.27503076605043048
2009-12-09,SPY,0.27363583957603638
2009-12-09,TLT,0
2009-12-10,GLD,0.25
2009-12-10,IWM,0.2013333943735332
2009-12-10,QQQ,0.27503076605043048
2009-12-10,SPY,0.27363583957603638
2009-12-10,TLT,0
2009-12-11,GLD,0.25
2009-12-11,IWM,0.2013333943735332
2009-12-11,QQQ,0.27503076605043048
2009-12-11,SPY,0.27363583957603638
2009-12-11,TLT,0
2009-12-14,GLD,0.25
2009-12-14,IWM,0.2013333943735332
2009-12-14,QQQ,0.27503076605043048
2009-12-14,SPY,0.27363583957603638
2009-12-14,TLT,0
2009-12-15,GLD,0.25
2009-12-15,IWM,0.2013333943735332
2009-12-15,QQQ,0.27503076605043048
2009-12-15,SPY,0.27363583957603638
2009-12-15,TLT,0
2009-12-16,GLD,0.25
2009-12-16,IWM,0.2013333943735332
2009-12-16,QQQ,0.27503076605043048
2009-12-16,SPY,0.27363583957603638
2009-12-16,TLT,0
2009-12-17,GLD,0.25
2009-12-17,IWM,0.2013333943735332
2009-12-17,QQQ,0.27503076605043048
2009-12-17,SPY,0.27363583957603638
2009-12-17,TLT,0
2009-12-18,GLD,0.25
2009-12-18,IWM,0.2013333943735332
2009-12-18,QQQ,0.27503076605043048
2009-12-18,SPY,0.27363583957603638
2009-12-18,TLT,0
2009-12-21,GLD,0.25
2009-12-21,IWM,0.2013333943735332
2009-12-21,QQQ,0.27503076605043048
2009-12-21,SPY,0.27363583957603638
2009-12-21,TLT,0
2009-12-22,GLD,0.25
2009-12-22,IWM,0.2013333943735332
2009-12-22,QQQ,0.27503076605043048
2009-12-22,SPY,0.27363583957603638
2009-12-22,TLT,0
2009-12-23,GLD,0.25
2009-12-23,IWM,0.2013333943735332
2009-12-23,QQQ,0.27503076605043048
2009-12-23,SPY,0.27363583957603638
2009-12-23,TLT,0
2009-12-24,GLD,0.25
2009-12-24,IWM,0.2013333943735332
2009-12-24,QQQ,0.27503076605043048
2009-12-24,SPY,0.27363583957603638
2009-12-24,TLT,0
2009-12-28,GLD,0.25
2009-12-28,IWM,0.19619461719645145
2009-12-28,QQQ,0.27356643279676257
2009-12-28,SPY,0.28023895000678606
2009-12-28,TLT,0
2009-12-29,GLD,0.25
2009-12-29,IWM,0.19619461719645145
2009-12-29,QQQ,0.27356643279676257
2009-12-29,SPY,0.28023895000678606
2009-12-29,TLT,0
2009-12-30,GLD,0.25
2009-12-30,IWM,0.19619461719645145
2009-12-30,QQQ,0.27356643279676257
2009-12-30,SPY,0.28023895000678606
2009-12-30,TLT,0
2009-12-31,GLD,0.25
2009-12-31,IWM,0.19619461719645145
2009-12-31,QQQ,0.27356643279676257
2009-12-31,SPY,0.28023895000678606
2009-12-31,TLT,0
2010-01-04,GLD,0.25
2010-01-04,IWM,0.19619461719645145
2010-01-04,QQQ,0.27356643279676257
2010-01-04,SPY,0.28023895000678606
2010-01-04,TLT,0
2010-01-05,GLD,0.25
2010-01-05,IWM,0.19619461719645145
2010-01-05,QQQ,0.27356643279676257
2010-01-05,SPY,0.28023895000678606
2010-01-05,TLT,0
2010-01-06,GLD,0.25
2010-01-06,IWM,0.19619461719645145
2010-01-06,QQQ,0.27356643279676257
2010-01-06,SPY,0.28023895000678606
2010-01-06,TLT,0
2010-01-07,GLD,0.25
2010-01-07,IWM,0.19619461719645145
2010-01-07,QQQ,0.27356643279676257
2010-01-07,SPY,0.28023895000678606
2010-01-07,TLT,0
2010-01-08,GLD,0.25
2010-01-08,IWM,0.19619461719645145
2010-01-08,QQQ,0.27356643279676257
2010-01-08,SPY,0.28023895000678606
2010-01-08,TLT,0
2010-01-11,GLD,0.25
2010-01-11,IWM,0.19619461719645145
2010-01-11,QQQ,0.27356643279676257
2010-01-11,SPY,0.28023895000678606
2010-01-11,TLT,0
2010-01-12,GLD,0.25
2010-01-12,IWM,0.19619461719645145
2010-01-12,QQQ,0.27356643279676257
2010-01-12,SPY,0.28023895000678606
2010-01-12,TLT,0
2010-01-13,GLD,0.25
2010-01-13,IWM,0.19619461719645145
2010-01-13,QQQ,0.27356643279676257
2010-01-13,SPY,0.28023895000678606
2010-01-13,TLT,0
2010-01-14,GLD,0.25
2010-01-14,IWM,0.19619461719645145
2010-01-14,QQQ,0.27356643279676257
2010-01-14,SPY,0.28023895000678606
2010-01-14,TLT,0
2010-01-15,GLD,0.25
2010-01-15,IWM,0.19619461719645145
2010-01-15,QQQ,0.27356643279676257
2010-01-15,SPY,0.28023895000678606
2010-01-15,TLT,0
2010-01-19,GLD,0.25
2010-01-19,IWM,0.19619461719645145
2010-01-19,QQQ,0.27356643279676257
2010-01-19,SPY,0.28023895000678606
2010-01-19,TLT,0
2010-01-20,GLD,0.25
2010-01-20,IWM,0.19619461719645145
2010-01-20,QQQ,0.27356643279676257
2010-01-20,SPY,0.28023895000678606
2010-01-20,TLT,0
2010-01-21,GLD,0.25
2010-01-21,IWM,0.19619461719645145
2010-01-21,QQQ,0.27356643279676257
2010-01-21,SPY,0.28023895000678606
2010-01-21,TLT,0
2010-01-22,GLD,0.25
2010-01-22,IWM,0.19619461719645145
2010-01-22,QQQ,0.27356643279676257
2010-01-22,SPY,0.28023895000678606
2010-01-22,TLT,0
2010-01-25,GLD,0.25
2010-01-25,IWM,0.19619461719645145
2010-01-25,QQQ,0.27356643279676257
2010-01-25,SPY,0.28023895000678606
2010-01-25,TLT,0
2010-01-26,GLD,0.25
2010-01-26,IWM,0.19619461719645145
2010-01-26,QQQ,0.27356643279676257
2010-01-26,SPY,0.28023895000678606
2010-01-26,TLT,0
2010-01-27,GLD,0.25
2010-01-27,IWM,0.19619461719645145
2010-01-27,QQQ,0.27356643279676257
2010-01-27,SPY,0.28023895000678606
2010-01-27,TLT,0
2010-01-28,GLD,0.25
2010-01-28,IWM,0.20651453701070774
2010-01-28,QQQ,0.25726635904438216
2010-01-28,SPY,0.28621910394491001
2010-01-28,TLT,0
2010-01-29,GLD,0.25
2010-01-29,IWM,0.20651453701070774
2010-01-29,QQQ,0.25726635904438216
2010-01-29,SPY,0.28621910394491001
2010-01-29,TLT,0
2010-02-01,GLD,0.25
2010-02-01,IWM,0.20651453701070774
2010-02-01,QQQ,0.25726635904438216
2010-02-01,SPY,0.28621910394491001
2010-02-01,TLT,0
2010-02-02,GLD,0.25
2010-02-02,IWM,0.20651453701070774
2010-02-02,QQQ,0.25726635904438216
2010-02-02,SPY,0.28621910394491001
2010-02-02,TLT,0
2010-02-03,GLD,0.25
2010-02-03,IWM,0.20651453701070774
2010-02-03,QQQ,0.25726635904438216
2010-02-03,SPY,0.28621910394491001
2010-02-03,TLT,0
2010-02-04,GLD,0.25
2010-02-04,IWM,0.20651453701070774
2010-02-04,QQQ,0.25726635904438216
2010-02-04,SPY,0.28621910394491001
2010-02-04,TLT,0
2010-02-05,GLD,0.25
2010-02-05,IWM,0.20651453701070774
2010-02-05,QQQ,0.25726635904438216
2010-02-05,SPY,0.28621910394491001
2010-02-05,TLT,0
2010-02-08,GLD,0.25
2010-02-08,IWM,0.20651453701070774
2010-02-08,QQQ,0.25726635904438216
2010-02-08,SPY,0.28621910394491001
2010-02-08,TLT,0
2010-02-09,GLD,0.25
2010-02-09,IWM,0.20651453701070774
2010-02-09,QQQ,0.25726635904438216
2010-02-09,SPY,0.28621910394491001
2010-02-09,TLT,0
2010-02-10,GLD,0.25
2010-02-10,IWM,0.20651453701070774
2010-02-10,QQQ,0.25726635904438216
2010-02-10,SPY,0.28621910394491001
2010-02-10,TLT,0
2010-02-11,GLD,0.25
2010-02-11,IWM,0.20651453701070774
2010-02-11,QQQ,0.25726635904438216
2010-02-11,SPY,0.28621910394491001
2010-02-11,TLT,0
2010-02-12,GLD,0.25
2010-02-12,IWM,0.20651453701070774
2010-02-12,QQQ,0.25726635904438216
2010-02-12,SPY,0.28621910394491001
2010-02-12,TLT,0
2010-02-16,GLD,0.25
2010-02-16,IWM,0.20651453701070774
2010-02-16,QQQ,0.25726635904438216
2010-02-16,SPY,0.28621910394491001
2010-02-16,TLT,0
2010-02-17,GLD,0.25
2010-02-17,IWM,0.20651453701070774
2010-02-17,QQQ,0.25726635904438216
2010-02-17,SPY,0.28621910394491001
2010-02-17,TLT,0
2010-02-18,GLD,0.25
2010-02-18,IWM,0.20651453701070774
2010-02-18,QQQ,0.25726635904438216
2010-02-18,SPY,0.28621910394491001
2010-02-18,TLT,0
2010-02-19,GLD,0.25
2010-02-19,IWM,0.20651453701070774
2010-02-19,QQQ,0.25726635904438216
2010-02-19,SPY,0.28621910394491001
2010-02-19,TLT,0
2010-02-22,GLD,0.25
2010-02-22,IWM,0.20651453701070774
2010-02-22,QQQ,0.25726635904438216
2010-02-22,SPY,0.28621910394491001
2010-02-22,TLT,0
2010-02-23,GLD,0.25
2010-02-23,IWM,0.20651453701070774
2010-02-23,QQQ,0.25726635904438216
2010-02-23,SPY,0.28621910394491001
2010-02-23,TLT,0
2010-02-24,GLD,0.25
2010-02-24,IWM,0.20651453701070774
2010-02-24,QQQ,0.25726635904438216
2010-02-24,SPY,0.28621910394491001
2010-02-24,TLT,0
2010-02-25,GLD,0.25
2010-02-25,IWM,0.20651453701070774
2010-02-25,QQQ,0.25726635904438216
2010-02-25,SPY,0.28621910394491001
2010-02-25,TLT,0
2010-02-26,GLD,0.25
2010-02-26,IWM,0.20651453701070774
2010-02-26,QQQ,0.25726635904438216
2010-02-26,SPY,0.28621910394491001
2010-02-26,TLT,0
2010-03-01,GLD,0.25
2010-03-01,IWM,0.21756265813999559
2010-03-01,QQQ,0.25067910867053228
2010-03-01,SPY,0.28175823318947224
2010-03-01,TLT,0
2010-03-02,GLD,0.25
2010-03-02,IWM,0.21756265813999559
2010-03-02,QQQ,0.25067910867053228
2010-03-02,SPY,0.28175823318947224
2010-03-02,TLT,0
2010-03-03,GLD,0.25
2010-03-03,IWM,0.21756265813999559
2010-03-03,QQQ,0.25067910867053228
2010-03-03,SPY,0.28175823318947224
2010-03-03,TLT,0
2010-03-04,GLD,0.25
2010-03-04,IWM,0.21756265813999559
2010-03-04,QQQ,0.25067910867053228
2010-03-04,SPY,0.28175823318947224
2010-03-04,TLT,0
2010-03-05,GLD,0.25
2010-03-05,IWM,0.21756265813999559
2010-03-05,QQQ,0.25067910867053228
2010-03-05,SPY,0.28175823318947224
2010-03-05,TLT,0
2010-03-08,GLD,0.25
2010-03-08,IWM,0.21756265813999559
2010-03-08,QQQ,0.25067910867053228
2010-03-08,SPY,0.28175823318947224
2010-03-08,TLT,0
2010-03-09,GLD,0.25
2010-03-09,IWM,0.21756265813999559
2010-03-09,QQQ,0.25067910867053228
2010-03-09,SPY,0.28175823318947224
2010-03-09,TLT,0
2010-03-10,GLD,0.25
2010-03-10,IWM,0.21756265813999559
2010-03-10,QQQ,0.25067910867053228
2010-03-10,SPY,0.28175823318947224
2010-03-10,TLT,0
2010-03-11,GLD,0.25
2010-03-11,IWM,0.21756265813999559
2010-03-11,QQQ,0.25067910867053228
2010-03-11,SPY,0.28175823318947224
2010-03-11,TLT,0
2010-03-12,GLD,0.25
2010-03-12,IWM,0.21756265813999559
2010-03-12,QQQ,0.25067910867053228
2010-03-12,SPY,0.28175823318947224
2010-03-12,TLT,0
2010-03-15,GLD,0.25
2010-03-15,IWM,0.21756265813999559
2010-03-15,QQQ,0.25067910867053228
2010-03-15,SPY,0.28175823318947224
2010-03-15,TLT,0
2010-03-16,GLD,0.25
2010-03-16,IWM,0.21756265813999559
2010-03-16,QQQ,0.25067910867053228
2010-03-16,SPY,0.28175823318947224
2010-03-16,TLT,0
2010-03-17,GLD,0.25
2010-03-17,IWM,0.21756265813999559
2010-03-17,QQQ,0.25067910867053228
2010-03-17,SPY,0.28175823318947224
2010-03-17,TLT,0
2010-03-18,GLD,0.25
2010-03-18,IWM,0.21756265813999559
2010-03-18,QQQ,0.25067910867053228
2010-03-18,SPY,0.28175823318947224
2010-03-18,TLT,0
2010-03-19,GLD,0.25
2010-03-19,IWM,0.21756265813999559
2010-03-19,QQQ,0.25067910867053228
2010-03-19,SPY,0.28175823318947224
2010-03-19,TLT,0
2010-03-22,GLD,0.25
2010-03-22,IWM,0.21756265813999559
2010-03-22,QQQ,0.25067910867053228
2010-03-22,SPY,0.28175823318947224
2010-03-22,TLT,0
2010-03-23,GLD,0.25
2010-03-23,IWM,0.21756265813999559
2010-03-23,QQQ,0.25067910867053228
2010-03-23,SPY,0.28175823318947224
2010-03-23,TLT,0
2010-03-24,GLD,0.25
2010-03-24,IWM,0.21756265813999559
2010-03-24,QQQ,0.25067910867053228
2010-03-24,SPY,0.28175823318947224
2010-03-24,TLT,0
2010-03-25,GLD,0.25
2010-03-25,IWM,0.21756265813999559
2010-03-25,QQQ,0.25067910867053228
2010-03-25,SPY,0.28175823318947224
2010-03-25,TLT,0
2010-03-26,GLD,0.25
2010-03-26,IWM,0.21756265813999559
2010-03-26,QQQ,0.25067910867053228
2010-03-26,SPY,0.28175823318947224
2010-03-26,TLT,0
2010-03-29,GLD,0.25
2010-03-29,IWM,0.21756265813999559
2010-03-29,QQQ,0.25067910867053228
2010-03-29,SPY,0.28175823318947224
2010-03-29,TLT,0
2010-03-30,GLD,0.25
2010-03-30,IWM,0.22344600533466599
2010-03-30,QQQ,0.24976184719379591
2010-03-30,SPY,0.27679214747153807
2010-03-30,TLT,0
2010-03-31,GLD,0.25
2010-03-31,IWM,0.22344600533466599
2010-03-31,QQQ,0.24976184719379591
2010-03-31,SPY,0.27679214747153807
2010-03-31,TLT,0
2010-04-01,GLD,0.25
2010-04-01,IWM,0.22344600533466599
2010-04-01,QQQ,0.24976184719379591
2010-04-01,SPY,0.27679214747153807
2010-04-01,TLT,0
2010-04-05,GLD,0.25
2010-04-05,IWM,0.22344600533466599
2010-04-05,QQQ,0.24976184719379591
2010-04-05,SPY,0.27679214747153807
2010-04-05,TLT,0
2010-04-06,GLD,0.25
2010-04-06,IWM,0.22344600533466599
2010-04-06,QQQ,0.24976184719379591
2010-04-06,SPY,0.27679214747153807
2010-04-06,TLT,0
2010-04-07,GLD,0.25
2010-04-07,IWM,0.22344600533466599
2010-04-07,QQQ,0.24976184719379591
2010-04-07,SPY,0.27679214747153807
2010-04-07,TLT,0
2010-04-08,GLD,0.25
2010-04-08,IWM,0.22344600533466599
2010-04-08,QQQ,0.24976184719379591
2010-04-08,SPY,0.27679214747153807
2010-04-08,TLT,0
2010-04-09,GLD,0.25
2010-04-09,IWM,0.22344600533466599
2010-04-09,QQQ,0.24976184719379591
2010-04-09,SPY,0.27679214747153807
2010-04-09,TLT,0
2010-04-12,GLD,0.25
2010-04-12,IWM,0.22344600533466599
2010-04-12,QQQ,0.24976184719379591
2010-04-12,SPY,0.27679214747153807
2010-04-12,TLT,0
2010-04-13,GLD,0.25
2010-04-13,IWM,0.22344600533466599
2010-04-13,QQQ,0.24976184719379591
2010-04-13,SPY,0.27679214747153807
2010-04-13,TLT,0
2010-04-14,GLD,0.25
2010-04-14,IWM,0.22344600533466599
2010-04-14,QQQ,0.24976184719379591
2010-04-14,SPY,0.27679214747153807
2010-04-14,TLT,0
2010-04-15,GLD,0.25
2010-04-15,IWM,0.22344600533466599
2010-04-15,QQQ,0.24976184719379591
2010-04-15,SPY,0.27679214747153807
2010-04-15,TLT,0
2010-04-16,GLD,0.25
2010-04-16,IWM,0.22344600533466599
2010-04-16,QQQ,0.24976184719379591
2010-04-16,SPY,0.27679214747153807
2010-04-16,TLT,0
2010-04-19,GLD,0.25
2010-04-19,IWM,0.22344600533466599
2010-04-19,QQQ,0.24976184719379591
2010-04-19,SPY,0.27679214747153807
2010-04-19,TLT,0
2010-04-20,GLD,0.25
2010-04-20,IWM,0.22344600533466599
2010-04-20,QQQ,0.24976184719379591
2010-04-20,SPY,0.27679214747153807
2010-04-20,TLT,0
2010-04-21,GLD,0.25
2010-04-21,IWM,0.22344600533466599
2010-04-21,QQQ,0.24976184719379591
2010-04-21,SPY,0.27679214747153807
2010-04-21,TLT,0
2010-04-22,GLD,0.25
2010-04-22,IWM,0.22344600533466599
2010-04-22,QQQ,0.24976184719379591
2010-04-22,SPY,0.27679214747153807
2010-04-22,TLT,0
2010-04-23,GLD,0.25
2010-04-23,IWM,0.22344600533466599
2010-04-23,QQQ,0.24976184719379591
2010-04-23,SPY,0.27679214747153807
2010-04-23,TLT,0
2010-04-26,GLD,0.25
2010-04-26,IWM,0.22344600533466599
2010-04-26,QQQ,0.24976184719379591
2010-04-26,SPY,0.27679214747153807
2010-04-26,TLT,0
2010-04-27,GLD,0.25
2010-04-27,IWM,0.22344600533466599
2010-04-27,QQQ,0.24976184719379591
2010-04-27,SPY,0.27679214747153807
2010-04-27,TLT,0
2010-04-28,GLD,0.25
2010-04-28,IWM,0.22344600533466599
2010-04-28,QQQ,0.24976184719379591
2010-04-28,SPY,0.27679214747153807
2010-04-28,TLT,0
2010-04-29,GLD,0.25
2010-04-29,IWM,0.21215934768738756
2010-04-29,QQQ,0.27118078357850883
2010-04-29,SPY,0.26665986873410369
2010-04-29,TLT,0
2010-04-30,GLD,0.25
2010-04-30,IWM,0.21215934768738756
2010-04-30,QQQ,0.27118078357850883
2010-04-30,SPY,0.26665986873410369
2010-04-30,TLT,0
2010-05-03,GLD,0.25
2010-05-03,IWM,0.21215934768738756
2010-05-03,QQQ,0.27118078357850883
2010-05-03,SPY,0.26665986873410369
2010-05-03,TLT,0
2010-05-04,GLD,0.25
2010-05-04,IWM,0.21215934768738756
2010-05-04,QQQ,0.27118078357850883
2010-05-04,SPY,0.26665986873410369
2010-05-04,TLT,0
2010-05-05,GLD,0.25
2010-05-05,IWM,0.21215934768738756
2010-05-05,QQQ,0.27118078357850883
2010-05-05,SPY,0.26665986873410369
2010-05-05,TLT,0
2010-05-06,GLD,0.25
2010-05-06,IWM,0.21215934768738756
2010-05-06,QQQ,0.27118078357850883
2010-05-06,SPY,0.26665986873410369
2010-05-06,TLT,0
2010-05-07,GLD,0.25
2010-05-07,IWM,0.21215934768738756
2010-05-07,QQQ,0.27118078357850883
2010-05-07,SPY,0.26665986873410369
2010-05-07,TLT,0
2010-05-10,GLD,0.25
2010-05-10,IWM,0.21215934768738756
2010-05-10,QQQ,0.27118078357850883
2010-05-10,SPY,0.26665986873410369
2010-05-10,TLT,0
2010-05-11,GLD,0.25
2010-05-11,IWM,0.21215934768738756
2010-05-11,QQQ,0.27118078357850883
2010-05-11,SPY,0.26665986873410369
2010-05-11,TLT,0
2010-05-12,GLD,0.25
2010-05-12,IWM,0.21215934768738756
2010-05-12,QQQ,0.27118078357850883
2010-05-12,SPY,0.26665986873410369
2010-05-12,TLT,0
2010-05-13,GLD,0.25
2010-05-13,IWM,0.21215934768738756
2010-05-13,QQQ,0.27118078357850883
2010-05-13,SPY,0.26665986873410369
2010-05-13,TLT,0
2010-05-14,GLD,0.25
2010-05-14,IWM,0.21215934768738756
2010-05-14,QQQ,0.27118078357850883
2010-05-14,SPY,0.26665986873410369
2010-05-14,TLT,0
2010-05-17,GLD,0.25
2010-05-17,IWM,0.21215934768738756
2010-05-17,QQQ,0.27118078357850883
2010-05-17,SPY,0.26665986873410369
2010-05-17,TLT,0
2010-05-18,GLD,0.25
2010-05-18,IWM,0.21215934768738756
2010-05-18,QQQ,0.27118078357850883
2010-05-18,SPY,0.26665986873410369
2010-05-18,TLT,0
2010-05-19,GLD,0.25
2010-05-19,IWM,0.21215934768738756
2010-05-19,QQQ,0.27118078357850883
2010-05-19,SPY,0.26665986873410369
2010-05-19,TLT,0
2010-05-20,GLD,0.25
2010-05-20,IWM,0.21215934768738756
2010-05-20,QQQ,0.27118078357850883
2010-05-20,SPY,0.26665986873410369
2010-05-20,TLT,0
2010-05-21,GLD,0.25
2010-05-21,IWM,0.21215934768738756
2010-05-21,QQQ,0.27118078357850883
2010-05-21,SPY,0.26665986873410369
2010-05-21,TLT,0
2010-05-24,GLD,0.25
2010-05-24,IWM,0.21215934768738756
2010-05-24,QQQ,0.27118078357850883
2010-05-24,SPY,0.26665986873410369
2010-05-24,TLT,0
2010-05-25,GLD,0.25
2010-05-25,IWM,0.21215934768738756
2010-05-25,QQQ,0.27118078357850883
2010-05-25,SPY,0.26665986873410369
2010-05-25,TLT,0
2010-05-26,GLD,0.25
2010-05-26,IWM,0.21215934768738756
2010-05-26,QQQ,0.27118078357850883
2010-05-26,SPY,0.26665986873410369
2010-05-26,TLT,0
2010-05-27,GLD,0.25
2010-05-27,IWM,0.21215934768738756
2010-05-27,QQQ,0.27118078357850883
2010-05-27,SPY,0.26665986873410369
2010-05-27,TLT,0
2010-05-28,GLD,0
2010-05-28,IWM,0.18356664946314205
2010-05-28,QQQ,0.22886626316867525
2010-05-28,SPY,0.24798494040373512
2010-05-28,TLT,0.33958214696444738
2010-06-01,GLD,0
2010-06-01,IWM,0.18356664946314205
2010-06-01,QQQ,0.22886626316867525
2010-06-01,SPY,0.24798494040373512
2010-06-01,TLT,0.33958214696444738
2010-06-02,GLD,0
2010-06-02,IWM,0.18356664946314205
2010-06-02,QQQ,0.22886626316867525
2010-06-02,SPY,0.24798494040373512
2010-06-02,TLT,0.33958214696444738
2010-06-03,GLD,0
2010-06-03,IWM,0.18356664946314205
2010-06-03,QQQ,0.22886626316867525
2010-06-03,SPY,0.24798494040373512
2010-06-03,TLT,0.33958214696444738
2010-06-04,GLD,0
2010-06-04,IWM,0.18356664946314205
2010-06-04,QQQ,0.22886626316867525
2010-06-04,SPY,0.24798494040373512
2010-06-04,TLT,0.33958214696444738
2010-06-07,GLD,0
2010-06-07,IWM,0.18356664946314205
2010-06-07,QQQ,0.22886626316867525
2010-06-07,SPY,0.24798494040373512
2010-06-07,TLT,0.33958214696444738
2010-06-08,GLD,0
2010-06-08,IWM,0.18356664946314205
2010-06-08,QQQ,0.22886626316867525
2010-06-08,SPY,0.24798494040373512
2010-06-08,TLT,0.33958214696444738
2010-06-09,GLD,0
2010-06-09,IWM,0.18356664946314205
2010-06-09,QQQ,0.22886626316867525
2010-06-09,SPY,0.24798494040373512
2010-06-09,TLT,0.33958214696444738
2010-06-10,GLD,0
2010-06-10,IWM,0.18356664946314205
2010-06-10,QQQ,0.22886626316867525
2010-06-10,SPY,0.24798494040373512
2010-06-10,TLT,0.33958214696444738
2010-06-11,GLD,0
2010-06-11,IWM,0.18356664946314205
2010-06-11,QQQ,0.22886626316867525
2010-06-11,SPY,0.24798494040373512
2010-06-11,TLT,0.33958214696444738
2010-06-14,GLD,0
2010-06-14,IWM,0.18356664946314205
2010-06-14,QQQ,0.22886626316867525
2010-06-14,SPY,0.24798494040373512
2010-06-14,TLT,0.33958214696444738
2010-06-15,GLD,0
2010-06-15,IWM,0.18356664946314205
2010-06-15,QQQ,0.22886626316867525
2010-06-15,SPY,0.24798494040373512
2010-06-15,TLT,0.33958214696444738
2010-06-16,GLD,0
2010-06-16,IWM,0.18356664946314205
2010-06-16,QQQ,0.22886626316867525
2010-06-16,SPY,0.24798494040373512
2010-06-16,TLT,0.33958214696444738
2010-06-17,GLD,0
2010-06-17,IWM,0.18356664946314205
2010-06-17,QQQ,0.22886626316867525
2010-06-17,SPY,0.24798494040373512
2010-06-17,TLT,0.33958214696444738
2010-06-18,GLD,0
2010-06-18,IWM,0.18356664946314205
2010-06-18,QQQ,0.22886626316867525
2010-06-18,SPY,0.24798494040373512
2010-06-18,TLT,0.33958214696444738
2010-06-21,GLD,0
2010-06-21,IWM,0.18356664946314205
2010-06-21,QQQ,0.22886626316867525
2010-06-21,SPY,0.24798494040373512
2010-06-21,TLT,0.33958214696444738
2010-06-22,GLD,0
2010-06-22,IWM,0.18356664946314205
2010-06-22,QQQ,0.22886626316867525
2010-06-22,SPY,0.24798494040373512
2010-06-22,TLT,0.33958214696444738
2010-06-23,GLD,0
2010-06-23,IWM,0.18356664946314205
2010-06-23,QQQ,0.22886626316867525
2010-06-23,SPY,0.24798494040373512
2010-06-23,TLT,0.33958214696444738
2010-06-24,GLD,0
2010-06-24,IWM,0.18356664946314205
2010-06-24,QQQ,0.22886626316867525
2010-06-24,SPY,0.24798494040373512
2010-06-24,TLT,0.33958214696444738
2010-06-25,GLD,0
2010-06-25,IWM,0.18356664946314205
2010-06-25,QQQ,0.22886626316867525
2010-06-25,SPY,0.24798494040373512
2010-06-25,TLT,0.33958214696444738
2010-06-28,GLD,0
2010-06-28,IWM,0.18356664946314205
2010-06-28,QQQ,0.22886626316867525
2010-06-28,SPY,0.24798494040373512
2010-06-28,TLT,0.33958214696444738
2010-06-29,GLD,0.75
2010-06-29,IWM,0
2010-06-29,QQQ,0
2010-06-29,SPY,0
2010-06-29,TLT,0.25
2010-06-30,GLD,0.75
2010-06-30,IWM,0
2010-06-30,QQQ,0
2010-06-30,SPY,0
2010-06-30,TLT,0.25
2010-07-01,GLD,0.75
2010-07-01,IWM,0
2010-07-01,QQQ,0
2010-07-01,SPY,0
2010-07-01,TLT,0.25
2010-07-02,GLD,0.75
2010-07-02,IWM,0
2010-07-02,QQQ,0
2010-07-02,SPY,0
2010-07-02,TLT,0.25
2010-07-06,GLD,0.75
2010-07-06,IWM,0
2010-07-06,QQQ,0
2010-07-06,SPY,0
2010-07-06,TLT,0.25
2010-07-07,GLD,0.75
2010-07-07,IWM,0
2010-07-07,QQQ,0
2010-07-07,SPY,0
2010-07-07,TLT,0.25
2010-07-08,GLD,0.75
2010-07-08,IWM,0
2010-07-08,QQQ,0
2010-07-08,SPY,0
2010-07-08,TLT,0.25
2010-07-09,GLD,0.75
2010-07-09,IWM,0
2010-07-09,QQQ,0
2010-07-09,SPY,0
2010-07-09,TLT,0.25
2010-07-12,GLD,0.75
2010-07-12,IWM,0
2010-07-12,QQQ,0
2010-07-12,SPY,0
2010-07-12,TLT,0.25
2010-07-13,GLD,0.75
2010-07-13,IWM,0
2010-07-13,QQQ,0
2010-07-13,SPY,0
2010-07-13,TLT,0.25
2010-07-14,GLD,0.75
2010-07-14,IWM,0
2010-07-14,QQQ,0
2010-07-14,SPY,0
2010-07-14,TLT,0.25
2010-07-15,GLD,0.75
2010-07-15,IWM,0
2010-07-15,QQQ,0
2010-07-15,SPY,0
2010-07-15,TLT,0.25
2010-07-16,GLD,0.75
2010-07-16,IWM,0
2010-07-16,QQQ,0
2010-07-16,SPY,0
2010-07-16,TLT,0.25
2010-07-19,GLD,0.75
2010-07-19,IWM,0
2010-07-19,QQQ,0
2010-07-19,SPY,0
2010-07-19,TLT,0.25
2010-07-20,GLD,0.75
2010-07-20,IWM,0
2010-07-20,QQQ,0
2010-07-20,SPY,0
2010-07-20,TLT,0.25
2010-07-21,GLD,0.75
2010-07-21,IWM,0
2010-07-21,QQQ,0
2010-07-21,SPY,0
2010-07-21,TLT,0.25
2010-07-22,GLD,0.75
2010-07-22,IWM,0
2010-07-22,QQQ,0
2010-07-22,SPY,0
2010-07-22,TLT,0.25
2010-07-23,GLD,0.75
2010-07-23,IWM,0
2010-07-23,QQQ,0
2010-07-23,SPY,0
2010-07-23,TLT,0.25
2010-07-26,GLD,0.75
2010-07-26,IWM,0
2010-07-26,QQQ,0
2010-07-26,SPY,0
2010-07-26,TLT,0.25
2010-07-27,GLD,0.75
2010-07-27,IWM,0
2010-07-27,QQQ,0
2010-07-27,SPY,0
2010-07-27,TLT,0.25
2010-07-28,GLD,0.75
2010-07-28,IWM,0
2010-07-28,QQQ,0
2010-07-28,SPY,0
2010-07-28,TLT,0.25
2010-07-29,GLD,0
2010-07-29,IWM,0.17208396428459841
2010-07-29,QQQ,0.22121726565698016
2010-07-29,SPY,0.23713217880760729
2010-07-29,TLT,0.36956659125081415
2010-07-30,GLD,0
2010-07-30,IWM,0.17208396428459841
2010-07-30,QQQ,0.22121726565698016
2010-07-30,SPY,0.23713217880760729
2010-07-30,TLT,0.36956659125081415
2010-08-02,GLD,0
2010-08-02,IWM,0.17208396428459841
2010-08-02,QQQ,0.22121726565698016
2010-08-02,SPY,0.23713217880760729
2010-08-02,TLT,0.36956659125081415
2010-08-03,GLD,0
2010-08-03,IWM,0.17208396428459841
2010-08-03,QQQ,0.22121726565698016
2010-08-03,SPY,0.23713217880760729
2010-08-03,TLT,0.36956659125081415
2010-08-04,GLD,0
2010-08-04,IWM,0.17208396428459841
2010-08-04,QQQ,0.22121726565698016
2010-08-04,SPY,0.23713217880760729
2010-08-04,TLT,0.36956659125081415
2010-08-05,GLD,0
2010-08-05,IWM,0.17208396428459841
2010-08-05,QQQ,0.22121726565698016
2010-08-05,SPY,0.23713217880760729
2010-08-05,TLT,0.36956659125081415
2010-08-06,GLD,0
2010-08-06,IWM,0.17208396428459841
2010-08-06,QQQ,0.22121726565698016
2010-08-06,SPY,0.23713217880760729
2010-08-06,TLT,0.36956659125081415
2010-08-09,GLD,0
2010-08-09,IWM,0.17208396428459841
2010-08-09,QQQ,0.22121726565698016
2010-08-09,SPY,0.23713217880760729
2010-08-09,TLT,0.36956659125081415
2010-08-10,GLD,0
2010-08-10,IWM,0.17208396428459841
2010-08-10,QQQ,0.22121726565698016
2010-08-10,SPY,0.23713217880760729
2010-08-10,TLT,0.36956659125081415
2010-08-11,GLD,0
2010-08-11,IWM,0.17208396428459841
2010-08-11,QQQ,0.22121726565698016
2010-08-11,SPY,0.23713217880760729
2010-08-11,TLT,0.36956659125081415
2010-08-12,GLD,0
2010-08-12,IWM,0.17208396428459841
2010-08-12,QQQ,0.22121726565698016
2010-08-12,SPY,0.23713217880760729
2010-08-12,TLT,0.36956659125081415
2010-08-13,GLD,0
2010-08-13,IWM,0.17208396428459841
2010-08-13,QQQ,0.22121726565698016
2010-08-13,SPY,0.23713217880760729
2010-08-13,TLT,0.36956659125081415
2010-08-16,GLD,0
2010-08-16,IWM,0.17208396428459841
2010-08-16,QQQ,0.22121726565698016
2010-08-16,SPY,0.23713217880760729
2010-08-16,TLT,0.36956659125081415
2010-08-17,GLD,0
2010-08-17,IWM,0.17208396428459841
2010-08-17,QQQ,0.22121726565698016
2010-08-17,SPY,0.23713217880760729
2010-08-17,TLT,0.36956659125081415
2010-08-18,GLD,0
2010-08-18,IWM,0.17208396428459841
2010-08-18,QQQ,0.22121726565698016
2010-08-18,SPY,0.23713217880760729
2010-08-18,TLT,0.36956659125081415
2010-08-19,GLD,0
2010-08-19,IWM,0.17208396428459841
2010-08-19,QQQ,0.22121726565698016
2010-08-19,SPY,0.23713217880760729
2010-08-19,TLT,0.36956659125081415
2010-08-20,GLD,0
2010-08-20,IWM,0.17208396428459841
2010-08-20,QQQ,0.22121726565698016
2010-08-20,SPY,0.23713217880760729
2010-08-20,TLT,0.36956659125081415
2010-08-23,GLD,0
2010-08-23,IWM,0.17208396428459841
2010-08-23,QQQ,0.22121726565698016
2010-08-23,SPY,0.23713217880760729
2010-08-23,TLT,0.36956659125081415
2010-08-24,GLD,0
2010-08-24,IWM,0.17208396428459841
2010-08-24,QQQ,0.22121726565698016
2010-08-24,SPY,0.23713217880760729
2010-08-24,TLT,0.36956659125081415
2010-08-25,GLD,0
2010-08-25,IWM,0.17208396428459841
2010-08-25,QQQ,0.22121726565698016
2010-08-25,SPY,0.23713217880760729
2010-08-25,TLT,0.36956659125081415
2010-08-26,GLD,0
2010-08-26,IWM,0.17208396428459841
2010-08-26,QQQ,0.22121726565698016
2010-08-26,SPY,0.23713217880760729
2010-08-26,TLT,0.36956659125081415
2010-08-27,GLD,0.75
2010-08-27,IWM,0
2010-08-27,QQQ,0
2010-08-27,SPY,0
2010-08-27,TLT,0.25
2010-08-30,GLD,0.75
2010-08-30,IWM,0
2010-08-30,QQQ,0
2010-08-30,SPY,0
2010-08-30,TLT,0.25
2010-08-31,GLD,0.75
2010-08-31,IWM,0
2010-08-31,QQQ,0
2010-08-31,SPY,0
2010-08-31,TLT,0.25
2010-09-01,GLD,0.75
2010-09-01,IWM,0
2010-09-01,QQQ,0
2010-09-01,SPY,0
2010-09-01,TLT,0.25
2010-09-02,GLD,0.75
2010-09-02,IWM,0
2010-09-02,QQQ,0
2010-09-02,SPY,0
2010-09-02,TLT,0.25
2010-09-03,GLD,0.75
2010-09-03,IWM,0
2010-09-03,QQQ,0
2010-09-03,SPY,0
2010-09-03,TLT,0.25
2010-09-07,GLD,0.75
2010-09-07,IWM,0
2010-09-07,QQQ,0
2010-09-07,SPY,0
2010-09-07,TLT,0.25
2010-09-08,GLD,0.75
2010-09-08,IWM,0
2010-09-08,QQQ,0
2010-09-08,SPY,0
2010-09-08,TLT,0.25
2010-09-09,GLD,0.75
2010-09-09,IWM,0
2010-09-09,QQQ,0
2010-09-09,SPY,0
2010-09-09,TLT,0.25
2010-09-10,GLD,0.75
2010-09-10,IWM,0
2010-09-10,QQQ,0
2010-09-10,SPY,0
2010-09-10,TLT,0.25
2010-09-13,GLD,0.75
2010-09-13,IWM,0
2010-09-13,QQQ,0
2010-09-13,SPY,0
2010-09-13,TLT,0.25
2010-09-14,GLD,0.75
2010-09-14,IWM,0
2010-09-14,QQQ,0
2010-09-14,SPY,0
2010-09-14,TLT,0.25
2010-09-15,GLD,0.75
2010-09-15,IWM,0
2010-09-15,QQQ,0
2010-09-15,SPY,0
2010-09-15,TLT,0.25
2010-09-16,GLD,0.75
2010-09-16,IWM,0
2010-09-16,QQQ,0
2010-09-16,SPY,0
2010-09-16,TLT,0.25
2010-09-17,GLD,0.75
2010-09-17,IWM,0
2010-09-17,QQQ,0
2010-09-17,SPY,0
2010-09-17,TLT,0.25
2010-09-20,GLD,0.75
2010-09-20,IWM,0
2010-09-20,QQQ,0
2010-09-20,SPY,0
2010-09-20,TLT,0.25
2010-09-21,GLD,0.75
2010-09-21,IWM,0
2010-09-21,QQQ,0
2010-09-21,SPY,0
2010-09-21,TLT,0.25
2010-09-22,GLD,0.75
2010-09-22,IWM,0
2010-09-22,QQQ,0
2010-09-22,SPY,0
2010-09-22,TLT,0.25
2010-09-23,GLD,0.75
2010-09-23,IWM,0
2010-09-23,QQQ,0
2010-09-23,SPY,0
2010-09-23,TLT,0.25
2010-09-24,GLD,0.75
2010-09-24,IWM,0
2010-09-24,QQQ,0
2010-09-24,SPY,0
2010-09-24,TLT,0.25
2010-09-27,GLD,0.75
2010-09-27,IWM,0
2010-09-27,QQQ,0
2010-09-27,SPY,0
2010-09-27,TLT,0.25
2010-09-28,GLD,0
2010-09-28,IWM,0.18076129154147444
2010-09-28,QQQ,0.26646246015374941
2010-09-28,SPY,0.2747711690525575
2010-09-28,TLT,0.27800507925221862
2010-09-29,GLD,0
2010-09-29,IWM,0.18076129154147444
2010-09-29,QQQ,0.26646246015374941
2010-09-29,SPY,0.2747711690525575
2010-09-29,TLT,0.27800507925221862
2010-09-30,GLD,0
2010-09-30,IWM,0.18076129154147444
2010-09-30,QQQ,0.26646246015374941
2010-09-30,SPY,0.2747711690525575
2010-09-30,TLT,0.27800507925221862
2010-10-01,GLD,0
2010-10-01,IWM,0.18076129154147444
2010-10-01,QQQ,0.26646246015374941
2010-10-01,SPY,0.2747711690525575
2010-10-01,TLT,0.27800507925221862
2010-10-04,GLD,0
2010-10-04,IWM,0.18076129154147444
2010-10-04,QQQ,0.26646246015374941
2010-10-04,SPY,0.2747711690525575
2010-10-04,TLT,0.27800507925221862
2010-10-05,GLD,0
2010-10-05,IWM,0.18076129154147444
2010-10-05,QQQ,0.26646246015374941
2010-10-05,SPY,0.2747711690525575
2010-10-05,TLT,0.27800507925221862
2010-10-06,GLD,0
2010-10-06,IWM,0.18076129154147444
2010-10-06,QQQ,0.26646246015374941
2010-10-06,SPY,0.2747711690525575
2010-10-06,TLT,0.27800507925221862
2010-10-07,GLD,0
2010-10-07,IWM,0.18076129154147444
2010-10-07,QQQ,0.26646246015374941
2010-10-07,SPY,0.2747711690525575
2010-10-07,TLT,0.27800507925221862
2010-10-08,GLD,0
2010-10-08,IWM,0.18076129154147444
2010-10-08,QQQ,0.26646246015374941
2010-10-08,SPY,0.2747711690525575
2010-10-08,TLT,0.27800507925221862
2010-10-11,GLD,0
2010-10-11,IWM,0.18076129154147444
2010-10-11,QQQ,0.26646246015374941
2010-10-11,SPY,0.2747711690525575
2010-10-11,TLT,0.27800507925221862
2010-10-12,GLD,0
2010-10-12,IWM,0.18076129154147444
2010-10-12,QQQ,0.26646246015374941
2010-10-12,SPY,0.2747711690525575
2010-10-12,TLT,0.27800507925221862
2010-10-13,GLD,0
2010-10-13,IWM,0.18076129154147444
2010-10-13,QQQ,0.26646246015374941
2010-10-13,SPY,0.2747711690525575
2010-10-13,TLT,0.27800507925221862
2010-10-14,GLD,0
2010-10-14,IWM,0.18076129154147444
2010-10-14,QQQ,0.26646246015374941
2010-10-14,SPY,0.2747711690525575
2010-10-14,TLT,0.27800507925221862
2010-10-15,GLD,0
2010-10-15,IWM,0.18076129154147444
2010-10-15,QQQ,0.26646246015374941
2010-10-15,SPY,0.2747711690525575
2010-10-15,TLT,0.27800507925221862
2010-10-18,GLD,0
2010-10-18,IWM,0.18076129154147444
2010-10-18,QQQ,0.26646246015374941
2010-10-18,SPY,0.2747711690525575
2010-10-18,TLT,0.27800507925221862
2010-10-19,GLD,0
2010-10-19,IWM,0.18076129154147444
2010-10-19,QQQ,0.26646246015374941
2010-10-19,SPY,0.2747711690525575
2010-10-19,TLT,0.27800507925221862
2010-10-20,GLD,0
2010-10-20,IWM,0.18076129154147444
2010-10-20,QQQ,0.26646246015374941
2010-10-20,SPY,0.2747711690525575
2010-10-20,TLT,0.27800507925221862
2010-10-21,GLD,0
2010-10-21,IWM,0.18076129154147444
2010-10-21,QQQ,0.26646246015374941
2010-10-21,SPY,0.2747711690525575
2010-10-21,TLT,0.27800507925221862
2010-10-22,GLD,0
2010-10-22,IWM,0.18076129154147444
2010-10-22,QQQ,0.26646246015374941
2010-10-22,SPY,0.2747711690525575
2010-10-22,TLT,0.27800507925221862
2010-10-25,GLD,0
2010-10-25,IWM,0.18076129154147444
2010-10-25,QQQ,0.26646246015374941
2010-10-25,SPY,0.2747711690525575
2010-10-25,TLT,0.27800507925221862
2010-10-26,GLD,0
2010-10-26,IWM,0.18076129154147444
2010-10-26,QQQ,0.26646246015374941
2010-10-26,SPY,0.2747711690525575
2010-10-26,TLT,0.27800507925221862
2010-10-27,GLD,0
2010-10-27,IWM,0.1945284397819963
2010-10-27,QQQ,0.27047830856486504
2010-10-27,SPY,0.28886443531760209
2010-10-27,TLT,0.24612881633553654
2010-10-28,GLD,0
2010-10-28,IWM,0.1945284397819963
2010-10-28,QQQ,0.27047830856486504
2010-10-28,SPY,0.28886443531760209
2010-10-28,TLT,0.24612881633553654
2010-10-29,GLD,0
2010-10-29,IWM,0.1945284397819963
2010-10-29,QQQ,0.27047830856486504
2010-10-29,SPY,0.28886443531760209
2010-10-29,TLT,0.24612881633553654
2010-11-01,GLD,0
2010-11-01,IWM,0.1945284397819963
2010-11-01,QQQ,0.27047830856486504
2010-11-01,SPY,0.28886443531760209
2010-11-01,TLT,0.24612881633553654
2010-11-02,GLD,0
2010-11-02,IWM,0.1945284397819963
2010-11-02,QQQ,0.27047830856486504
2010-11-02,SPY,0.28886443531760209
2010-11-02,TLT,0.24612881633553654
2010-11-03,GLD,0
2010-11-03,IWM,0.1945284397819963
2010-11-03,QQQ,0.27047830856486504
2010-11-03,SPY,0.28886443531760209
2010-11-03,TLT,0.24612881633553654
2010-11-04,GLD,0
2010-11-04,IWM,0.1945284397819963
2010-11-04,QQQ,0.27047830856486504
2010-11-04,SPY,0.28886443531760209
2010-11-04,TLT,0.24612881633553654
2010-11-05,GLD,0
2010-11-05,IWM,0.1945284397819963
2010-11-05,QQQ,0.27047830856486504
2010-11-05,SPY,0.28886443531760209
2010-11-05,TLT,0.24612881633553654
2010-11-08,GLD,0
2010-11-08,IWM,0.1945284397819963
2010-11-08,QQQ,0.27047830856486504
2010-11-08,SPY,0.28886443531760209
2010-11-08,TLT,0.24612881633553654
2010-11-09,GLD,0
2010-11-09,IWM,0.1945284397819963
2010-11-09,QQQ,0.27047830856486504
2010-11-09,SPY,0.28886443531760209
2010-11-09,TLT,0.24612881633553654
2010-11-10,GLD,0
2010-11-10,IWM,0.1945284397819963
2010-11-10,QQQ,0.27047830856486504
2010-11-10,SPY,0.28886443531760209
2010-11-10,TLT,0.24612881633553654
2010-11-11,GLD,0
2010-11-11,IWM,0.1945284397819963
2010-11-11,QQQ,0.27047830856486504
2010-11-11,SPY,0.28886443531760209
2010-11-11,TLT,0.24612881633553654
2010-11-12,GLD,0
2010-11-12,IWM,0.1945284397819963
2010-11-12,QQQ,0.27047830856486504
2010-11-12,SPY,0.28886443531760209
2010-11-12,TLT,0.24612881633553654
2010-11-15,GLD,0
2010-11-15,IWM,0.1945284397819963
2010-11-15,QQQ,0.27047830856486504
2010-11-15,SPY,0.28886443531760209
2010-11-15,TLT,0.24612881633553654
2010-11-16,GLD,0
2010-11-16,IWM,0.1945284397819963
2010-11-16,QQQ,0.27047830856486504
2010-11-16,SPY,0.28886443531760209
2010-11-16,TLT,0.24612881633553654
2010-11-17,GLD,0
2010-11-17,IWM,0.1945284397819963
2010-11-17,QQQ,0.27047830856486504
2010-11-17,SPY,0.28886443531760209
2010-11-17,TLT,0.24612881633553654
2010-11-18,GLD,0
2010-11-18,IWM,0.1945284397819963
2010-11-18,QQQ,0.27047830856486504
2010-11-18,SPY,0.28886443531760209
2010-11-18,TLT,0.24612881633553654
2010-11-19,GLD,0
2010-11-19,IWM,0.1945284397819963
2010-11-19,QQQ,0.27047830856486504
2010-11-19,SPY,0.28886443531760209
2010-11-19,TLT,0.24612881633553654
2010-11-22,GLD,0
2010-11-22,IWM,0.1945284397819963
2010-11-22,QQQ,0.27047830856486504
2010-11-22,SPY,0.28886443531760209
2010-11-22,TLT,0.24612881633553654
2010-11-23,GLD,0
2010-11-23,IWM,0.1945284397819963
2010-11-23,QQQ,0.27047830856486504
2010-11-23,SPY,0.28886443531760209
2010-11-23,TLT,0.24612881633553654
2010-11-24,GLD,0
2010-11-24,IWM,0.1945284397819963
2010-11-24,QQQ,0.27047830856486504
2010-11-24,SPY,0.28886443531760209
2010-11-24,TLT,0.24612881633553654
2010-11-26,GLD,0
2010-11-26,IWM,0.20180668090886478
2010-11-26,QQQ,0.27424339704185968
2010-11-26,SPY,0.29317330672699177
2010-11-26,TLT,0.23077661532228372
2010-11-29,GLD,0
2010-11-29,IWM,0.20180668090886478
2010-11-29,QQQ,0.27424339704185968
2010-11-29,SPY,0.29317330672699177
2010-11-29,TLT,0.23077661532228372
2010-11-30,GLD,0
2010-11-30,IWM,0.20180668090886478
2010-11-30,QQQ,0.27424339704185968
2010-11-30,SPY,0.29317330672699177
2010-11-30,TLT,0.23077661532228372
2010-12-01,GLD,0
2010-12-01,IWM,0.20180668090886478
2010-12-01,QQQ,0.27424339704185968
2010-12-01,SPY,0.29317330672699177
2010-12-01,TLT,0.23077661532228372
2010-12-02,GLD,0
2010-12-02,IWM,0.20180668090886478
2010-12-02,QQQ,0.27424339704185968
2010-12-02,SPY,0.29317330672699177
2010-12-02,TLT,0.23077661532228372
2010-12-03,GLD,0
2010-12-03,IWM,0.20180668090886478
2010-12-03,QQQ,0.27424339704185968
2010-12-03,SPY,0.29317330672699177
2010-12-03,TLT,0.23077661532228372
2010-12-06,GLD,0
2010-12-06,IWM,0.20180668090886478
2010-12-06,QQQ,0.27424339704185968
2010-12-06,SPY,0.29317330672699177
2010-12-06,TLT,0.23077661532228372
2010-12-07,GLD,0
2010-12-07,IWM,0.20180668090886478
2010-12-07,QQQ,0.27424339704185968
2010-12-07,SPY,0.29317330672699177
2010-12-07,TLT,0.23077661532228372
2010-12-08,GLD,0
2010-12-08,IWM,0.20180668090886478
2010-12-08,QQQ,0.27424339704185968
2010-12-08,SPY,0.29317330672699177
2010-12-08,TLT,0.23077661532228372
2010-12-09,GLD,0
2010-12-09,IWM,0.20180668090886478
2010-12-09,QQQ,0.27424339704185968
2010-12-09,SPY,0.29317330672699177
2010-12-09,TLT,0.23077661532228372
2010-12-10,GLD,0
2010-12-10,IWM,0.20180668090886478
2010-12-10,QQQ,0.27424339704185968
2010-12-10,SPY,0.29317330672699177
2010-12-10,TLT,0.23077661532228372
2010-12-13,GLD,0
2010-12-13,IWM,0.20180668090886478
2010-12-13,QQQ,0.27424339704185968
2010-12-13,SPY,0.29317330672699177
2010-12-13,TLT,0.23077661532228372
2010-12-14,GLD,0
2010-12-14,IWM,0.20180668090886478
2010-12-14,QQQ,0.27424339704185968
2010-12-14,SPY,0.29317330672699177
2010-12-14,TLT,0.23077661532228372
2010-12-15,GLD,0
2010-12-15,IWM,0.20180668090886478
2010-12-15,QQQ,0.27424339704185968
2010-12-15,SPY,0.29317330672699177
2010-12-15,TLT,0.23077661532228372
2010-12-16,GLD,0
2010-12-16,IWM,0.20180668090886478
2010-12-16,QQQ,0.27424339704185968
2010-12-16,SPY,0.29317330672699177
2010-12-16,TLT,0.23077661532228372
2010-12-17,GLD,0
2010-12-17,IWM,0.20180668090886478
2010-12-17,QQQ,0.27424339704185968
2010-12-17,SPY,0.29317330672699177
2010-12-17,TLT,0.23077661532228372
2010-12-20,GLD,0
2010-12-20,IWM,0.20180668090886478
2010-12-20,QQQ,0.27424339704185968
2010-12-20,SPY,0.29317330672699177
2010-12-20,TLT,0.23077661532228372
2010-12-21,GLD,0
2010-12-21,IWM,0.20180668090886478
2010-12-21,QQQ,0.27424339704185968
2010-12-21,SPY,0.29317330672699177
2010-12-21,TLT,0.23077661532228372
2010-12-22,GLD,0
2010-12-22,IWM,0.20180668090886478
2010-12-22,QQQ,0.27424339704185968
2010-12-22,SPY,0.29317330672699177
2010-12-22,TLT,0.23077661532228372
2010-12-23,GLD,0
2010-12-23,IWM,0.20180668090886478
2010-12-23,QQQ,0.27424339704185968
2010-12-23,SPY,0.29317330672699177
2010-12-23,TLT,0.23077661532228372
2010-12-27,GLD,0
2010-12-27,IWM,0.20180668090886478
2010-12-27,QQQ,0.27424339704185968
2010-12-27,SPY,0.29317330672699177
2010-12-27,TLT,0.23077661532228372
2010-12-28,GLD,0.25
2010-12-28,IWM,0.21198562377328756
2010-12-28,QQQ,0.25251326087945325
2010-12-28,SPY,0.28550111534725919
2010-12-28,TLT,0
2010-12-29,GLD,0.25
2010-12-29,IWM,0.21198562377328756
2010-12-29,QQQ,0.25251326087945325
2010-12-29,SPY,0.28550111534725919
2010-12-29,TLT,0
2010-12-30,GLD,0.25
2010-12-30,IWM,0.21198562377328756
2010-12-30,QQQ,0.25251326087945325
2010-12-30,SPY,0.28550111534725919
2010-12-30,TLT,0
2010-12-31,GLD,0.25
2010-12-31,IWM,0.21198562377328756
2010-12-31,QQQ,0.25251326087945325
2010-12-31,SPY,0.28550111534725919
2010-12-31,TLT,0
2011-01-03,GLD,0.25
2011-01-03,IWM,0.21198562377328756
2011-01-03,QQQ,0.25251326087945325
2011-01-03,SPY,0.28550111534725919
2011-01-03,TLT,0
2011-01-04,GLD,0.25
2011-01-04,IWM,0.21198562377328756
2011-01-04,QQQ,0.25251326087945325
2011-01-04,SPY,0.28550111534725919
2011-01-04,TLT,0
2011-01-05,GLD,0.25
2011-01-05,IWM,0.21198562377328756
2011-01-05,QQQ,0.25251326087945325
2011-01-05,SPY,0.28550111534725919
2011-01-05,TLT,0
2011-01-06,GLD,0.25
2011-01-06,IWM,0.21198562377328756
2011-01-06,QQQ,0.25251326087945325
2011-01-06,SPY,0.28550111534725919
2011-01-06,TLT,0
2011-01-07,GLD,0.25
2011-01-07,IWM,0.21198562377328756
2011-01-07,QQQ,0.25251326087945325
2011-01-07,SPY,0.28550111534725919
2011-01-07,TLT,0
2011-01-10,GLD,0.25
2011-01-10,IWM,0.21198562377328756
2011-01-10,QQQ,0.25251326087945325
2011-01-10,SPY,0.28550111534725919
2011-01-10,TLT,0
2011-01-11,GLD,0.25
2011-01-11,IWM,0.21198562377328756
2011-01-11,QQQ,0.25251326087945325
2011-01-11,SPY,0.28550111534725919
2011-01-11,TLT,0
2011-01-12,GLD,0.25
2011-01-12,IWM,0.21198562377328756
2011-01-12,QQQ,0.25251326087945325
2011-01-12,SPY,0.28550111534725919
2011-01-12,TLT,0
2011-01-13,GLD,0.25
2011-01-13,IWM,0.21198562377328756
2011-01-13,QQQ,0.25251326087945325
2011-01-13,SPY,0.28550111534725919
2011-01-13,TLT,0
2011-01-14,GLD,0.25
2011-01-14,IWM,0.21198562377328756
2011-01-14,QQQ,0.25251326087945325
2011-01-14,SPY,0.28550111534725919
2011-01-14,TLT,0
2011-01-18,GLD,0.25
2011-01-18,IWM,0.21198562377328756
2011-01-18,QQQ,0.25251326087945325
2011-01-18,SPY,0.28550111534725919
2011-01-18,TLT,0
2011-01-19,GLD,0.25
2011-01-19,IWM,0.21198562377328756
2011-01-19,QQQ,0.25251326087945325
2011-01-19,SPY,0.28550111534725919
2011-01-19,TLT,0
2011-01-20,GLD,0.25
2011-01-20,IWM,0.21198562377328756
2011-01-20,QQQ,0.25251326087945325
2011-01-20,SPY,0.28550111534725919
2011-01-20,TLT,0
2011-01-21,GLD,0.25
2011-01-21,IWM,0.21198562377328756
2011-01-21,QQQ,0.25251326087945325
2011-01-21,SPY,0.28550111534725919
2011-01-21,TLT,0
2011-01-24,GLD,0.25
2011-01-24,IWM,0.21198562377328756
2011-01-24,QQQ,0.25251326087945325
2011-01-24,SPY,0.28550111534725919
2011-01-24,TLT,0
2011-01-25,GLD,0.25
2011-01-25,IWM,0.21198562377328756
2011-01-25,QQQ,0.25251326087945325
2011-01-25,SPY,0.28550111534725919
2011-01-25,TLT,0
2011-01-26,GLD,0.25
2011-01-26,IWM,0.21198562377328756
2011-01-26,QQQ,0.25251326087945325
2011-01-26,SPY,0.28550111534725919
2011-01-26,TLT,0
2011-01-27,GLD,0.25
2011-01-27,IWM,0.19776941165609563
2011-01-27,QQQ,0.25826289327738716
2011-01-27,SPY,0.29396769506651721
2011-01-27,TLT,0
2011-01-28,GLD,0.25
2011-01-28,IWM,0.19776941165609563
2011-01-28,QQQ,0.25826289327738716
2011-01-28,SPY,0.29396769506651721
2011-01-28,TLT,0
2011-01-31,GLD,0.25
2011-01-31,IWM,0.19776941165609563
2011-01-31,QQQ,0.25826289327738716
2011-01-31,SPY,0.29396769506651721
2011-01-31,TLT,0
2011-02-01,GLD,0.25
2011-02-01,IWM,0.19776941165609563
2011-02-01,QQQ,0.25826289327738716
2011-02-01,SPY,0.29396769506651721
2011-02-01,TLT,0
2011-02-02,GLD,0.25
2011-02-02,IWM,0.19776941165609563
2011-02-02,QQQ,0.25826289327738716
2011-02-02,SPY,0.29396769506651721
2011-02-02,TLT,0
2011-02-03,GLD,0.25
2011-02-03,IWM,0.19776941165609563
2011-02-03,QQQ,0.25826289327738716
2011-02-03,SPY,0.29396769506651721
2011-02-03,TLT,0
2011-02-04,GLD,0.25
2011-02-04,IWM,0.19776941165609563
2011-02-04,QQQ,0.25826289327738716
2011-02-04,SPY,0.29396769506651721
2011-02-04,TLT,0
2011-02-07,GLD,0.25
2011-02-07,IWM,0.19776941165609563
2011-02-07,QQQ,0.25826289327738716
2011-02-07,SPY,0.29396769506651721
2011-02-07,TLT,0
2011-02-08,GLD,0.25
2011-02-08,IWM,0.19776941165609563
2011-02-08,QQQ,0.25826289327738716
2011-02-08,SPY,0.29396769506651721
2011-02-08,TLT,0
2011-02-09,GLD,0.25
2011-02-09,IWM,0.19776941165609563
2011-02-09,QQQ,0.25826289327738716
2011-02-09,SPY,0.29396769506651721
2011-02-09,TLT,0
2011-02-10,GLD,0.25
2011-02-10,IWM,0.19776941165609563
2011-02-10,QQQ,0.25826289327738716
2011-02-10,SPY,0.29396769506651721
2011-02-10,TLT,0
2011-02-11,GLD,0.25
2011-02-11,IWM,0.19776941165609563
2011-02-11,QQQ,0.25826289327738716
2011-02-11,SPY,0.29396769506651721
2011-02-11,TLT,0
2011-02-14,GLD,0.25
2011-02-14,IWM,0.19776941165609563
2011-02-14,QQQ,0.25826289327738716
2011-02-14,SPY,0.29396769506651721
2011-02-14,TLT,0
2011-02-15,GLD,0.25
2011-02-15,IWM,0.19776941165609563
2011-02-15,QQQ,0.25826289327738716
2011-02-15,SPY,0.29396769506651721
2011-02-15,TLT,0
2011-02-16,GLD,0.25
2011-02-16,IWM,0.19776941165609563
2011-02-16,QQQ,0.25826289327738716
2011-02-16,SPY,0.29396769506651721
2011-02-16,TLT,0
2011-02-18,GLD,0.25
2011-02-18,IWM,0.19776941165609563
2011-02-18,QQQ,0.25826289327738716
2011-02-18,SPY,0.29396769506651721
2011-02-18,TLT,0
2011-02-22,GLD,0.25
2011-02-22,IWM,0.19776941165609563
2011-02-22,QQQ,0.25826289327738716
2011-02-22,SPY,0.29396769506651721
2011-02-22,TLT,0
2011-02-23,GLD,0.25
2011-02-23,IWM,0.19776941165609563
2011-02-23,QQQ,0.25826289327738716
2011-02-23,SPY,0.29396769506651721
2011-02-23,TLT,0
2011-02-24,GLD,0.25
2011-02-24,IWM,0.19776941165609563
2011-02-24,QQQ,0.25826289327738716
2011-02-24,SPY,0.29396769506651721
2011-02-24,TLT,0
2011-02-25,GLD,0.25
2011-02-25,IWM,0.19776941165609563
2011-02-25,QQQ,0.25826289327738716
2011-02-25,SPY,0.29396769506651721
2011-02-25,TLT,0
2011-02-28,GLD,0.25
2011-02-28,IWM,0.19776941165609563
2011-02-28,QQQ,0.25826289327738716
2011-02-28,SPY,0.29396769506651721
2011-02-28,TLT,0
2011-03-01,GLD,0.25
2011-03-01,IWM,0.19792637650238856
2011-03-01,QQQ,0.2464239810938853
2011-03-01,SPY,0.305649642403726
2011-03-01,TLT,0
2011-03-02,GLD,0.25
2011-03-02,IWM,0.19792637650238856
2011-03-02,QQQ,0.2464239810938853
2011-03-02,SPY,0.305649642403726
2011-03-02,TLT,0
2011-03-03,GLD,0.25
2011-03-03,IWM,0.19792637650238856
2011-03-03,QQQ,0.2464239810938853
2011-03-03,SPY,0.305649642403726
2011-03-03,TLT,0
2011-03-04,GLD,0.25
2011-03-04,IWM,0.19792637650238856
2011-03-04,QQQ,0.2464239810938853
2011-03-04,SPY,0.305649642403726
2011-03-04,TLT,0
2011-03-07,GLD,0.25
2011-03-07,IWM,0.19792637650238856
2011-03-07,QQQ,0.2464239810938853
2011-03-07,SPY,0.305649642403726
2011-03-07,TLT,0
2011-03-08,GLD,0.25
2011-03-08,IWM,0.19792637650238856
2011-03-08,QQQ,0.2464239810938853
2011-03-08,SPY,0.305649642403726
2011-03-08,TLT,0
2011-03-09,GLD,0.25
2011-03-09,IWM,0.19792637650238856
2011-03-09,QQQ,0.2464239810938853
2011-03-09,SPY,0.305649642403726
2011-03-09,TLT,0
2011-03-10,GLD,0.25
2011-03-10,IWM,0.19792637650238856
2011-03-10,QQQ,0.2464239810938853
2011-03-10,SPY,0.305649642403726
2011-03-10,TLT,0
2011-03-11,GLD,0.25
2011-03-11,IWM,0.19792637650238856
2011-03-11,QQQ,0.2464239810938853
2011-03-11,SPY,0.305649642403726
2011-03-11,TLT,0
2011-03-14,GLD,0.25
2011-03-14,IWM,0.19792637650238856
2011-03-14,QQQ,0.2464239810938853
2011-03-14,SPY,0.305649642403726
2011-03-14,TLT,0
2011-03-15,GLD,0.25
2011-03-15,IWM,0.19792637650238856
2011-03-15,QQQ,0.2464239810938853
2011-03-15,SPY,0.305649642403726
2011-03-15,TLT,0
2011-03-16,GLD,0.25
2011-03-16,IWM,0.19792637650238856
2011-03-16,QQQ,0.2464239810938853
2011-03-16,SPY,0.305649642403726
2011-03-16,TLT,0
2011-03-17,GLD,0.25
2011-03-17,IWM,0.19792637650238856
2011-03-17,QQQ,0.2464239810938853
2011-03-17,SPY,0.305649642403726
2011-03-17,TLT,0
2011-03-18,GLD,0.25
2011-03-18,IWM,0.19792637650238856
2011-03-18,QQQ,0.2464239810938853
2011-03-18,SPY,0.305649642403726
2011-03-18,TLT,0
2011-03-21,GLD,0.25
2011-03-21,IWM,0.19792637650238856
2011-03-21,QQQ,0.2464239810938853
2011-03-21,SPY,0.305649642403726
2011-03-21,TLT,0
2011-03-22,GLD,0.25
2011-03-22,IWM,0.19792637650238856
2011-03-22,QQQ,0.2464239810938853
2011-03-22,SPY,0.305649642403726
2011-03-22,TLT,0
2011-03-23,GLD,0.25
2011-03-23,IWM,0.19792637650238856
2011-03-23,QQQ,0.2464239810938853
2011-03-23,SPY,0.305649642403726
2011-03-23,TLT,0
2011-03-24,GLD,0.25
2011-03-24,IWM,0.19792637650238856
2011-03-24,QQQ,0.2464239810938853
2011-03-24,SPY,0.305649642403726
2011-03-24,TLT,0
2011-03-25,GLD,0.25
2011-03-25,IWM,0.19792637650238856
2011-03-25,QQQ,0.2464239810938853
2011-03-25,SPY,0.305649642403726
2011-03-25,TLT,0
2011-03-28,GLD,0.25
2011-03-28,IWM,0.19792637650238856
2011-03-28,QQQ,0.2464239810938853
2011-03-28,SPY,0.305649642403726
2011-03-28,TLT,0
2011-03-29,GLD,0.25
2011-03-29,IWM,0.19792637650238856
2011-03-29,QQQ,0.2464239810938853
2011-03-29,SPY,0.305649642403726
2011-03-29,TLT,0
2011-03-30,GLD,0.25
2011-03-30,IWM,0.20641495993276282
2011-03-30,QQQ,0.24346966896316841
2011-03-30,SPY,0.30011537110406888
2011-03-30,TLT,0
2011-03-31,GLD,0.25
2011-03-31,IWM,0.20641495993276282
2011-03-31,QQQ,0.24346966896316841
2011-03-31,SPY,0.30011537110406888
2011-03-31,TLT,0
2011-04-01,GLD,0.25
2011-04-01,IWM,0.20641495993276282
2011-04-01,QQQ,0.24346966896316841
2011-04-01,SPY,0.30011537110406888
2011-04-01,TLT,0
2011-04-04,GLD,0.25
2011-04-04,IWM,0.20641495993276282
2011-04-04,QQQ,0.24346966896316841
2011-04-04,SPY,0.30011537110406888
2011-04-04,TLT,0
2011-04-05,GLD,0.25
2011-04-05,IWM,0.20641495993276282
2011-04-05,QQQ,0.24346966896316841
2011-04-05,SPY,0.30011537110406888
2011-04-05,TLT,0
2011-04-06,GLD,0.25
2011-04-06,IWM,0.20641495993276282
2011-04-06,QQQ,0.24346966896316841
2011-04-06,SPY,0.30011537110406888
2011-04-06,TLT,0
2011-04-07,GLD,0.25
2011-04-07,IWM,0.20641495993276282
2011-04-07,QQQ,0.24346966896316841
2011-04-07,SPY,0.30011537110406888
2011-04-07,TLT,0
2011-04-08,GLD,0.25
2011-04-08,IWM,0.20641495993276282
2011-04-08,QQQ,0.24346966896316841
2011-04-08,SPY,0.30011537110406888
2011-04-08,TLT,0
2011-04-11,GLD,0.25
2011-04-11,IWM,0.20641495993276282
2011-04-11,QQQ,0.24346966896316841
2011-04-11,SPY,0.30011537110406888
2011-04-11,TLT,0
2011-04-12,GLD,0.25
2011-04-12,IWM,0.20641495993276282
2011-04-12,QQQ,0.24346966896316841
2011-04-12,SPY,0.30011537110406888
2011-04-12,TLT,0
2011-04-13,GLD,0.25
2011-04-13,IWM,0.20641495993276282
2011-04-13,QQQ,0.24346966896316841
2011-04-13,SPY,0.30011537110406888
2011-04-13,TLT,0
2011-04-14,GLD,0.25
2011-04-14,IWM,0.20641495993276282
2011-04-14,QQQ,0.24346966896316841
2011-04-14,SPY,0.30011537110406888
2011-04-14,TLT,0
2011-04-15,GLD,0.25
2011-04-15,IWM,0.20641495993276282
2011-04-15,QQQ,0.24346966896316841
2011-04-15,SPY,0.30011537110406888
2011-04-15,TLT,0
2011-04-18,GLD,0.25
2011-04-18,IWM,0.20641495993276282
2011-04-18,QQQ,0.24346966896316841
2011-04-18,SPY,0.30011537110406888
2011-04-18,TLT,0
2011-04-19,GLD,0.25
2011-04-19,IWM,0.20641495993276282
2011-04-19,QQQ,0.24346966896316841
2011-04-19,SPY,0.30011537110406888
2011-04-19,TLT,0
2011-04-20,GLD,0.25
2011-04-20,IWM,0.20641495993276282
2011-04-20,QQQ,0.24346966896316841
2011-04-20,SPY,0.30011537110406888
2011-04-20,TLT,0
2011-04-21,GLD,0.25
2011-04-21,IWM,0.20641495993276282
2011-04-21,QQQ,0.24346966896316841
2011-04-21,SPY,0.30011537110406888
2011-04-21,TLT,0
2011-04-25,GLD,0.25
2011-04-25,IWM,0.20641495993276282
2011-04-25,QQQ,0.24346966896316841
2011-04-25,SPY,0.30011537110406888
2011-04-25,TLT,0
2011-04-26,GLD,0.25
2011-04-26,IWM,0.20641495993276282
2011-04-26,QQQ,0.24346966896316841
2011-04-26,SPY,0.30011537110406888
2011-04-26,TLT,0
2011-04-27,GLD,0.25
2011-04-27,IWM,0.20641495993276282
2011-04-27,QQQ,0.24346966896316841
2011-04-27,SPY,0.30011537110406888
2011-04-27,TLT,0
2011-04-28,GLD,0.25
2011-04-28,IWM,0.20641495993276282
2011-04-28,QQQ,0.24346966896316841
2011-04-28,SPY,0.30011537110406888
2011-04-28,TLT,0
2011-04-29,GLD,0.25
2011-04-29,IWM,0.21359544531727861
2011-04-29,QQQ,0.2433047475653817
2011-04-29,SPY,0.29309980711733963
2011-04-29,TLT,0
2011-05-02,GLD,0.25
2011-05-02,IWM,0.21359544531727861
2011-05-02,QQQ,0.2433047475653817
2011-05-02,SPY,0.29309980711733963
2011-05-02,TLT,0
2011-05-03,GLD,0.25
2011-05-03,IWM,0.21359544531727861
2011-05-03,QQQ,0.2433047475653817
2011-05-03,SPY,0.29309980711733963
2011-05-03,TLT,0
2011-05-04,GLD,0.25
2011-05-04,IWM,0.21359544531727861
2011-05-04,QQQ,0.2433047475653817
2011-05-04,SPY,0.29309980711733963
2011-05-04,TLT,0
2011-05-05,GLD,0.25
2011-05-05,IWM,0.21359544531727861
2011-05-05,QQQ,0.2433047475653817
2011-05-05,SPY,0.29309980711733963
2011-05-05,TLT,0
2011-05-06,GLD,0.25
2011-05-06,IWM,0.21359544531727861
2011-05-06,QQQ,0.2433047475653817
2011-05-06,SPY,0.29309980711733963
2011-05-06,TLT,0
2011-05-09,GLD,0.25
2011-05-09,IWM,0.21359544531727861
2011-05-09,QQQ,0.2433047475653817
2011-05-09,SPY,0.29309980711733963
2011-05-09,TLT,0
2011-05-10,GLD,0.25
2011-05-10,IWM,0.21359544531727861
2011-05-10,QQQ,0.2433047475653817
2011-05-10,SPY,0.29309980711733963
2011-05-10,TLT,0
2011-05-11,GLD,0.25
2011-05-11,IWM,0.21359544531727861
2011-05-11,QQQ,0.2433047475653817
2011-05-11,SPY,0.29309980711733963
2011-05-11,TLT,0
2011-05-12,GLD,0.25
2011-05-12,IWM,0.21359544531727861
2011-05-12,QQQ,0.2433047475653817
2011-05-12,SPY,0.29309980711733963
2011-05-12,TLT,0
2011-05-13,GLD,0.25
2011-05-13,IWM,0.21359544531727861
2011-05-13,QQQ,0.2433047475653817
2011-05-13,SPY,0.29309980711733963
2011-05-13,TLT,0
2011-05-16,GLD,0.25
2011-05-16,IWM,0.21359544531727861
2011-05-16,QQQ,0.2433047475653817
2011-05-16,SPY,0.29309980711733963
2011-05-16,TLT,0
2011-05-17,GLD,0.25
2011-05-17,IWM,0.21359544531727861
2011-05-17,QQQ,0.2433047475653817
2011-05-17,SPY,0.29309980711733963
2011-05-17,TLT,0
2011-05-18,GLD,0.25
2011-05-18,IWM,0.21359544531727861
2011-05-18,QQQ,0.2433047475653817
2011-05-18,SPY,0.29309980711733963
2011-05-18,TLT,0
2011-05-19,GLD,0.25
2011-05-19,IWM,0.21359544531727861
2011-05-19,QQQ,0.2433047475653817
2011-05-19,SPY,0.29309980711733963
2011-05-19,TLT,0
2011-05-20,GLD,0.25
2011-05-20,IWM,0.21359544531727861
2011-05-20,QQQ,0.2433047475653817
2011-05-20,SPY,0.29309980711733963
2011-05-20,TLT,0
2011-05-23,GLD,0.25
2011-05-23,IWM,0.21359544531727861
2011-05-23,QQQ,0.2433047475653817
2011-05-23,SPY,0.29309980711733963
2011-05-23,TLT,0
2011-05-24,GLD,0.25
2011-05-24,IWM,0.21359544531727861
2011-05-24,QQQ,0.2433047475653817
2011-05-24,SPY,0.29309980711733963
2011-05-24,TLT,0
2011-05-25,GLD,0.25
2011-05-25,IWM,0.21359544531727861
2011-05-25,QQQ,0.2433047475653817
2011-05-25,SPY,0.29309980711733963
2011-05-25,TLT,0
2011-05-26,GLD,0.25
2011-05-26,IWM,0.21359544531727861
2011-05-26,QQQ,0.2433047475653817
2011-05-26,SPY,0.29309980711733963
2011-05-26,TLT,0
2011-05-27,GLD,0.25
2011-05-27,IWM,0.21359544531727861
2011-05-27,QQQ,0.2433047475653817
2011-05-27,SPY,0.29309980711733963
2011-05-27,TLT,0
2011-05-31,GLD,0
2011-05-31,IWM,0.19313789206636037
2011-05-31,QQQ,0.23499073857163397
2011-05-31,SPY,0.28003687684507628
2011-05-31,TLT,0.29183449251692933
2011-06-01,GLD,0
2011-06-01,IWM,0.19313789206636037
2011-06-01,QQQ,0.23499073857163397
2011-06-01,SPY,0.28003687684507628
2011-06-01,TLT,0.29183449251692933
2011-06-02,GLD,0
2011-06-02,IWM,0.19313789206636037
2011-06-02,QQQ,0.23499073857163397
2011-06-02,SPY,0.28003687684507628
2011-06-02,TLT,0.29183449251692933
2011-06-03,GLD,0
2011-06-03,IWM,0.19313789206636037
2011-06-03,QQQ,0.23499073857163397
2011-06-03,SPY,0.28003687684507628
2011-06-03,TLT,0.29183449251692933
2011-06-06,GLD,0
2011-06-06,IWM,0.19313789206636037
2011-06-06,QQQ,0.23499073857163397
2011-06-06,SPY,0.28003687684507628
2011-06-06,TLT,0.29183449251692933
2011-06-07,GLD,0
2011-06-07,IWM,0.19313789206636037
2011-06-07,QQQ,0.23499073857163397
2011-06-07,SPY,0.28003687684507628
2011-06-07,TLT,0.29183449251692933
2011-06-08,GLD,0
2011-06-08,IWM,0.19313789206636037
2011-06-08,QQQ,0.23499073857163397
2011-06-08,SPY,0.28003687684507628
2011-06-08,TLT,0.29183449251692933
2011-06-09,GLD,0
2011-06-09,IWM,0.19313789206636037
2011-06-09,QQQ,0.23499073857163397
2011-06-09,SPY,0.28003687684507628
2011-06-09,TLT,0.29183449251692933
2011-06-10,GLD,0
2011-06-10,IWM,0.19313789206636037
2011-06-10,QQQ,0.23499073857163397
2011-06-10,SPY,0.28003687684507628
2011-06-10,TLT,0.29183449251692933
2011-06-13,GLD,0
2011-06-13,IWM,0.19313789206636037
2011-06-13,QQQ,0.23499073857163397
2011-06-13,SPY,0.28003687684507628
2011-06-13,TLT,0.29183449251692933
2011-06-14,GLD,0
2011-06-14,IWM,0.19313789206636037
2011-06-14,QQQ,0.23499073857163397
2011-06-14,SPY,0.28003687684507628
2011-06-14,TLT,0.29183449251692933
2011-06-15,GLD,0
2011-06-15,IWM,0.19313789206636037
2011-06-15,QQQ,0.23499073857163397
2011-06-15,SPY,0.28003687684507628
2011-06-15,TLT,0.29183449251692933
2011-06-16,GLD,0
2011-06-16,IWM,0.19313789206636037
2011-06-16,QQQ,0.23499073857163397
2011-06-16,SPY,0.28003687684507628
2011-06-16,TLT,0.29183449251692933
2011-06-17,GLD,0
2011-06-17,IWM,0.19313789206636037
2011-06-17,QQQ,0.23499073857163397
2011-06-17,SPY,0.28003687684507628
2011-06-17,TLT,0.29183449251692933
2011-06-20,GLD,0
2011-06-20,IWM,0.19313789206636037
2011-06-20,QQQ,0.23499073857163397
2011-06-20,SPY,0.28003687684507628
2011-06-20,TLT,0.29183449251692933
2011-06-21,GLD,0
2011-06-21,IWM,0.19313789206636037
2011-06-21,QQQ,0.23499073857163397
2011-06-21,SPY,0.28003687684507628
2011-06-21,TLT,0.29183449251692933
2011-06-22,GLD,0
2011-06-22,IWM,0.19313789206636037
2011-06-22,QQQ,0.23499073857163397
2011-06-22,SPY,0.28003687684507628
2011-06-22,TLT,0.29183449251692933
2011-06-23,GLD,0
2011-06-23,IWM,0.19313789206636037
2011-06-23,QQQ,0.23499073857163397
2011-06-23,SPY,0.28003687684507628
2011-06-23,TLT,0.29183449251692933
2011-06-24,GLD,0
2011-06-24,IWM,0.19313789206636037
2011-06-24,QQQ,0.23499073857163397
2011-06-24,SPY,0.28003687684507628
2011-06-24,TLT,0.29183449251692933
2011-06-27,GLD,0
2011-06-27,IWM,0.19313789206636037
2011-06-27,QQQ,0.23499073857163397
2011-06-27,SPY,0.28003687684507628
2011-06-27,TLT,0.29183449251692933
2011-06-28,GLD,0
2011-06-28,IWM,0.19313789206636037
2011-06-28,QQQ,0.23499073857163397
2011-06-28,SPY,0.28003687684507628
2011-06-28,TLT,0.29183449251692933
2011-06-29,GLD,0.25
2011-06-29,IWM,0.20232233547440082
2011-06-29,QQQ,0.24895672864271076
2011-06-29,SPY,0.29872093588288845
2011-06-29,TLT,0
2011-06-30,GLD,0.25
2011-06-30,IWM,0.20232233547440082
2011-06-30,QQQ,0.24895672864271076
2011-06-30,SPY,0.29872093588288845
2011-06-30,TLT,0
2011-07-01,GLD,0.25
2011-07-01,IWM,0.20232233547440082
2011-07-01,QQQ,0.24895672864271076
2011-07-01,SPY,0.29872093588288845
2011-07-01,TLT,0
2011-07-05,GLD,0.25
2011-07-05,IWM,0.20232233547440082
2011-07-05,QQQ,0.24895672864271076
2011-07-05,SPY,0.29872093588288845
2011-07-05,TLT,0
2011-07-06,GLD,0.25
2011-07-06,IWM,0.20232233547440082
2011-07-06,QQQ,0.24895672864271076
2011-07-06,SPY,0.29872093588288845
2011-07-06,TLT,0
2011-07-07,GLD,0.25
2011-07-07,IWM,0.20232233547440082
2011-07-07,QQQ,0.24895672864271076
2011-07-07,SPY,0.29872093588288845
2011-07-07,TLT,0
2011-07-08,GLD,0.25
2011-07-08,IWM,0.20232233547440082
2011-07-08,QQQ,0.24895672864271076
2011-07-08,SPY,0.29872093588288845
2011-07-08,TLT,0
2011-07-11,GLD,0.25
2011-07-11,IWM,0.20232233547440082
2011-07-11,QQQ,0.24895672864271076
2011-07-11,SPY,0.29872093588288845
2011-07-11,TLT,0
2011-07-12,GLD,0.25
2011-07-12,IWM,0.20232233547440082
2011-07-12,QQQ,0.24895672864271076
2011-07-12,SPY,0.29872093588288845
2011-07-12,TLT,0
2011-07-13,GLD,0.25
2011-07-13,IWM,0.20232233547440082
2011-07-13,QQQ,0.24895672864271076
2011-07-13,SPY,0.29872093588288845
2011-07-13,TLT,0
2011-07-14,GLD,0.25
2011-07-14,IWM,0.20232233547440082
2011-07-14,QQQ,0.24895672864271076
2011-07-14,SPY,0.29872093588288845
2011-07-14,TLT,0
2011-07-15,GLD,0.25
2011-07-15,IWM,0.20232233547440082
2011-07-15,QQQ,0.24895672864271076
2011-07-15,SPY,0.29872093588288845
2011-07-15,TLT,0
2011-07-18,GLD,0.25
2011-07-18,IWM,0.20232233547440082
2011-07-18,QQQ,0.24895672864271076
2011-07-18,SPY,0.29872093588288845
2011-07-18,TLT,0
2011-07-19,GLD,0.25
2011-07-19,IWM,0.20232233547440082
2011-07-19,QQQ,0.24895672864271076
2011-07-19,SPY,0.29872093588288845
2011-07-19,TLT,0
2011-07-20,GLD,0.25
2011-07-20,IWM,0.20232233547440082
2011-07-20,QQQ,0.24895672864271076
2011-07-20,SPY,0.29872093588288845
2011-07-20,TLT,0
2011-07-21,GLD,0.25
2011-07-21,IWM,0.20232233547440082
2011-07-21,QQQ,0.24895672864271076
2011-07-21,SPY,0.29872093588288845
2011-07-21,TLT,0
2011-07-22,GLD,0.25
2011-07-22,IWM,0.20232233547440082
2011-07-22,QQQ,0.24895672864271076
2011-07-22,SPY,0.29872093588288845
2011-07-22,TLT,0
2011-07-25,GLD,0.25
2011-07-25,IWM,0.20232233547440082
2011-07-25,QQQ,0.24895672864271076
2011-07-25,SPY,0.29872093588288845
2011-07-25,TLT,0
2011-07-26,GLD,0.25
2011-07-26,IWM,0.20232233547440082
2011-07-26,QQQ,0.24895672864271076
2011-07-26,SPY,0.29872093588288845
2011-07-26,TLT,0
2011-07-27,GLD,0.25
2011-07-27,IWM,0.20232233547440082
2011-07-27,QQQ,0.24895672864271076
2011-07-27,SPY,0.29872093588288845
2011-07-27,TLT,0
2011-07-28,GLD,0.25
2011-07-28,IWM,0.20232233547440082
2011-07-28,QQQ,0.24895672864271076
2011-07-28,SPY,0.29872093588288845
2011-07-28,TLT,0
2011-07-29,GLD,0
2011-07-29,IWM,0.19814297731276254
2011-07-29,QQQ,0.23283473432552856
2011-07-29,SPY,0.27870624448899023
2011-07-29,TLT,0.29031604387271864
2011-08-01,GLD,0
2011-08-01,IWM,0.19814297731276254
2011-08-01,QQQ,0.23283473432552856
2011-08-01,SPY,0.27870624448899023
2011-08-01,TLT,0.29031604387271864
2011-08-02,GLD,0
2011-08-02,IWM,0.19814297731276254
2011-08-02,QQQ,0.23283473432552856
2011-08-02,SPY,0.27870624448899023
2011-08-02,TLT,0.29031604387271864
2011-08-03,GLD,0
2011-08-03,IWM,0.19814297731276254
2011-08-03,QQQ,0.23283473432552856
2011-08-03,SPY,0.27870624448899023
2011-08-03,TLT,0.29031604387271864
2011-08-04,GLD,0
2011-08-04,IWM,0.19814297731276254
2011-08-04,QQQ,0.23283473432552856
2011-08-04,SPY,0.27870624448899023
2011-08-04,TLT,0.29031604387271864
2011-08-05,GLD,0
2011-08-05,IWM,0.19814297731276254
2011-08-05,QQQ,0.23283473432552856
2011-08-05,SPY,0.27870624448899023
2011-08-05,TLT,0.29031604387271864
2011-08-08,GLD,0
2011-08-08,IWM,0.19814297731276254
2011-08-08,QQQ,0.23283473432552856
2011-08-08,SPY,0.27870624448899023
2011-08-08,TLT,0.29031604387271864
2011-08-09,GLD,0
2011-08-09,IWM,0.19814297731276254
2011-08-09,QQQ,0.23283473432552856
2011-08-09,SPY,0.27870624448899023
2011-08-09,TLT,0.29031604387271864
2011-08-10,GLD,0
2011-08-10,IWM,0.19814297731276254
2011-08-10,QQQ,0.23283473432552856
2011-08-10,SPY,0.27870624448899023
2011-08-10,TLT,0.29031604387271864
2011-08-11,GLD,0
2011-08-11,IWM,0.19814297731276254
2011-08-11,QQQ,0.23283473432552856
2011-08-11,SPY,0.27870624448899023
2011-08-11,TLT,0.29031604387271864
2011-08-12,GLD,0
2011-08-12,IWM,0.19814297731276254
2011-08-12,QQQ,0.23283473432552856
2011-08-12,SPY,0.27870624448899023
2011-08-12,TLT,0.29031604387271864
2011-08-15,GLD,0
2011-08-15,IWM,0.19814297731276254
2011-08-15,QQQ,0.23283473432552856
2011-08-15,SPY,0.27870624448899023
2011-08-15,TLT,0.29031604387271864
2011-08-16,GLD,0
2011-08-16,IWM,0.19814297731276254
2011-08-16,QQQ,0.23283473432552856
2011-08-16,SPY,0.27870624448899023
2011-08-16,TLT,0.29031604387271864
2011-08-17,GLD,0
2011-08-17,IWM,0.19814297731276254
2011-08-17,QQQ,0.23283473432552856
2011-08-17,SPY,0.27870624448899023
2011-08-17,TLT,0.29031604387271864
2011-08-18,GLD,0
2011-08-18,IWM,0.19814297731276254
2011-08-18,QQQ,0.23283473432552856
2011-08-18,SPY,0.27870624448899023
2011-08-18,TLT,0.29031604387271864
2011-08-19,GLD,0
2011-08-19,IWM,0.19814297731276254
2011-08-19,QQQ,0.23283473432552856
2011-08-19,SPY,0.27870624448899023
2011-08-19,TLT,0.29031604387271864
2011-08-22,GLD,0
2011-08-22,IWM,0.19814297731276254
2011-08-22,QQQ,0.23283473432552856
2011-08-22,SPY,0.27870624448899023
2011-08-22,TLT,0.29031604387271864
2011-08-23,GLD,0
2011-08-23,IWM,0.19814297731276254
2011-08-23,QQQ,0.23283473432552856
2011-08-23,SPY,0.27870624448899023
2011-08-23,TLT,0.29031604387271864
2011-08-24,GLD,0
2011-08-24,IWM,0.19814297731276254
2011-08-24,QQQ,0.23283473432552856
2011-08-24,SPY,0.27870624448899023
2011-08-24,TLT,0.29031604387271864
2011-08-25,GLD,0
2011-08-25,IWM,0.19814297731276254
2011-08-25,QQQ,0.23283473432552856
2011-08-25,SPY,0.27870624448899023
2011-08-25,TLT,0.29031604387271864
2011-08-26,GLD,0
2011-08-26,IWM,0.19814297731276254
2011-08-26,QQQ,0.23283473432552856
2011-08-26,SPY,0.27870624448899023
2011-08-26,TLT,0.29031604387271864
2011-08-29,GLD,0.5
2011-08-29,IWM,0
2011-08-29,QQQ,0.215050120639519
2011-08-29,SPY,0
2011-08-29,TLT,0.284949879360481
2011-08-30,GLD,0.5
2011-08-30,IWM,0
2011-08-30,QQQ,0.215050120639519
2011-08-30,SPY,0
2011-08-30,TLT,0.284949879360481
2011-08-31,GLD,0.5
2011-08-31,IWM,0
2011-08-31,QQQ,0.215050120639519
2011-08-31,SPY,0
2011-08-31,TLT,0.284949879360481
2011-09-01,GLD,0.5
2011-09-01,IWM,0
2011-09-01,QQQ,0.215050120639519
2011-09-01,SPY,0
2011-09-01,TLT,0.284949879360481
2011-09-02,GLD,0.5
2011-09-02,IWM,0
2011-09-02,QQQ,0.215050120639519
2011-09-02,SPY,0
2011-09-02,TLT,0.284949879360481
2011-09-06,GLD,0.5
2011-09-06,IWM,0
2011-09-06,QQQ,0.215050120639519
2011-09-06,SPY,0
2011-09-06,TLT,0.284949879360481
2011-09-07,GLD,0.5
2011-09-07,IWM,0
2011-09-07,QQQ,0.215050120639519
2011-09-07,SPY,0
2011-09-07,TLT,0.284949879360481
2011-09-08,GLD,0.5
2011-09-08,IWM,0
2011-09-08,QQQ,0.215050120639519
2011-09-08,SPY,0
2011-09-08,TLT,0.284949879360481
2011-09-09,GLD,0.5
2011-09-09,IWM,0
2011-09-09,QQQ,0.215050120639519
2011-09-09,SPY,0
2011-09-09,TLT,0.284949879360481
2011-09-12,GLD,0.5
2011-09-12,IWM,0
2011-09-12,QQQ,0.215050120639519
2011-09-12,SPY,0
2011-09-12,TLT,0.284949879360481
2011-09-13,GLD,0.5
2011-09-13,IWM,0
2011-09-13,QQQ,0.215050120639519
2011-09-13,SPY,0
2011-09-13,TLT,0.284949879360481
2011-09-14,GLD,0.5
2011-09-14,IWM,0
2011-09-14,QQQ,0.215050120639519
2011-09-14,SPY,0
2011-09-14,TLT,0.284949879360481
2011-09-15,GLD,0.5
2011-09-15,IWM,0
2011-09-15,QQQ,0.215050120639519
2011-09-15,SPY,0
2011-09-15,TLT,0.284949879360481
2011-09-16,GLD,0.5
2011-09-16,IWM,0
2011-09-16,QQQ,0.215050120639519
2011-09-16,SPY,0
2011-09-16,TLT,0.284949879360481
2011-09-19,GLD,0.5
2011-09-19,IWM,0
2011-09-19,QQQ,0.215050120639519
2011-09-19,SPY,0
2011-09-19,TLT,0.284949879360481
2011-09-20,GLD,0.5
2011-09-20,IWM,0
2011-09-20,QQQ,0.215050120639519
2011-09-20,SPY,0
2011-09-20,TLT,0.284949879360481
2011-09-21,GLD,0.5
2011-09-21,IWM,0
2011-09-21,QQQ,0.215050120639519
2011-09-21,SPY,0
2011-09-21,TLT,0.284949879360481
2011-09-22,GLD,0.5
2011-09-22,IWM,0
2011-09-22,QQQ,0.215050120639519
2011-09-22,SPY,0
2011-09-22,TLT,0.284949879360481
2011-09-23,GLD,0.5
2011-09-23,IWM,0
2011-09-23,QQQ,0.215050120639519
2011-09-23,SPY,0
2011-09-23,TLT,0.284949879360481
2011-09-26,GLD,0.5
2011-09-26,IWM,0
2011-09-26,QQQ,0.215050120639519
2011-09-26,SPY,0
2011-09-26,TLT,0.284949879360481
2011-09-27,GLD,0.5
2011-09-27,IWM,0
2011-09-27,QQQ,0.215050120639519
2011-09-27,SPY,0
2011-09-27,TLT,0.284949879360481
2011-09-28,GLD,0.75
2011-09-28,IWM,0
2011-09-28,QQQ,0
2011-09-28,SPY,0
2011-09-28,TLT,0.25
2011-09-29,GLD,0.75
2011-09-29,IWM,0
2011-09-29,QQQ,0
2011-09-29,SPY,0
2011-09-29,TLT,0.25
2011-09-30,GLD,0.75
2011-09-30,IWM,0
2011-09-30,QQQ,0
2011-09-30,SPY,0
2011-09-30,TLT,0.25
2011-10-03,GLD,0.75
2011-10-03,IWM,0
2011-10-03,QQQ,0
2011-10-03,SPY,0
2011-10-03,TLT,0.25
2011-10-04,GLD,0.75
2011-10-04,IWM,0
2011-10-04,QQQ,0
2011-10-04,SPY,0
2011-10-04,TLT,0.25
2011-10-05,GLD,0.75
2011-10-05,IWM,0
2011-10-05,QQQ,0
2011-10-05,SPY,0
2011-10-05,TLT,0.25
2011-10-06,GLD,0.75
2011-10-06,IWM,0
2011-10-06,QQQ,0
2011-10-06,SPY,0
2011-10-06,TLT,0.25
2011-10-07,GLD,0.75
2011-10-07,IWM,0
2011-10-07,QQQ,0
2011-10-07,SPY,0
2011-10-07,TLT,0.25
2011-10-10,GLD,0.75
2011-10-10,IWM,0
2011-10-10,QQQ,0
2011-10-10,SPY,0
2011-10-10,TLT,0.25
2011-10-11,GLD,0.75
2011-10-11,IWM,0
2011-10-11,QQQ,0
2011-10-11,SPY,0
2011-10-11,TLT,0.25
2011-10-12,GLD,0.75
2011-10-12,IWM,0
2011-10-12,QQQ,0
2011-10-12,SPY,0
2011-10-12,TLT,0.25
2011-10-13,GLD,0.75
2011-10-13,IWM,0
2011-10-13,QQQ,0
2011-10-13,SPY,0
2011-10-13,TLT,0.25
2011-10-14,GLD,0.75
2011-10-14,IWM,0
2011-10-14,QQQ,0
2011-10-14,SPY,0
2011-10-14,TLT,0.25
2011-10-17,GLD,0.75
2011-10-17,IWM,0
2011-10-17,QQQ,0
2011-10-17,SPY,0
2011-10-17,TLT,0.25
2011-10-18,GLD,0.75
2011-10-18,IWM,0
2011-10-18,QQQ,0
2011-10-18,SPY,0
2011-10-18,TLT,0.25
2011-10-19,GLD,0.75
2011-10-19,IWM,0
2011-10-19,QQQ,0
2011-10-19,SPY,0
2011-10-19,TLT,0.25
2011-10-20,GLD,0.75
2011-10-20,IWM,0
2011-10-20,QQQ,0
2011-10-20,SPY,0
2011-10-20,TLT,0.25
2011-10-21,GLD,0.75
2011-10-21,IWM,0
2011-10-21,QQQ,0
2011-10-21,SPY,0
2011-10-21,TLT,0.25
2011-10-24,GLD,0.75
2011-10-24,IWM,0
2011-10-24,QQQ,0
2011-10-24,SPY,0
2011-10-24,TLT,0.25
2011-10-25,GLD,0.75
2011-10-25,IWM,0
2011-10-25,QQQ,0
2011-10-25,SPY,0
2011-10-25,TLT,0.25
2011-10-26,GLD,0.75
2011-10-26,IWM,0
2011-10-26,QQQ,0
2011-10-26,SPY,0
2011-10-26,TLT,0.25
2011-10-27,GLD,0.25
2011-10-27,IWM,0
2011-10-27,QQQ,0.23792356627263908
2011-10-27,SPY,0.23327540113279557
2011-10-27,TLT,0.27880103259456529
2011-10-28,GLD,0.25
2011-10-28,IWM,0
2011-10-28,QQQ,0.23792356627263908
2011-10-28,SPY,0.23327540113279557
2011-10-28,TLT,0.27880103259456529
2011-10-31,GLD,0.25
2011-10-31,IWM,0
2011-10-31,QQQ,0.23792356627263908
2011-10-31,SPY,0.23327540113279557
2011-10-31,TLT,0.27880103259456529
2011-11-01,GLD,0.25
2011-11-01,IWM,0
2011-11-01,QQQ,0.23792356627263908
2011-11-01,SPY,0.23327540113279557
2011-11-01,TLT,0.27880103259456529
2011-11-02,GLD,0.25
2011-11-02,IWM,0
2011-11-02,QQQ,0.23792356627263908
2011-11-02,SPY,0.23327540113279557
2011-11-02,TLT,0.27880103259456529
2011-11-03,GLD,0.25
2011-11-03,IWM,0
2011-11-03,QQQ,0.23792356627263908
2011-11-03,SPY,0.23327540113279557
2011-11-03,TLT,0.27880103259456529
2011-11-04,GLD,0.25
2011-11-04,IWM,0
2011-11-04,QQQ,0.23792356627263908
2011-11-04,SPY,0.23327540113279557
2011-11-04,TLT,0.27880103259456529
2011-11-07,GLD,0.25
2011-11-07,IWM,0
2011-11-07,QQQ,0.23792356627263908
2011-11-07,SPY,0.23327540113279557
2011-11-07,TLT,0.27880103259456529
2011-11-08,GLD,0.25
2011-11-08,IWM,0
2011-11-08,QQQ,0.23792356627263908
2011-11-08,SPY,0.23327540113279557
2011-11-08,TLT,0.27880103259456529
2011-11-09,GLD,0.25
2011-11-09,IWM,0
2011-11-09,QQQ,0.23792356627263908
2011-11-09,SPY,0.23327540113279557
2011-11-09,TLT,0.27880103259456529
2011-11-10,GLD,0.25
2011-11-10,IWM,0
2011-11-10,QQQ,0.23792356627263908
2011-11-10,SPY,0.23327540113279557
2011-11-10,TLT,0.27880103259456529
2011-11-11,GLD,0.25
2011-11-11,IWM,0
2011-11-11,QQQ,0.23792356627263908
2011-11-11,SPY,0.23327540113279557
2011-11-11,TLT,0.27880103259456529
2011-11-14,GLD,0.25
2011-11-14,IWM,0
2011-11-14,QQQ,0.23792356627263908
2011-11-14,SPY,0.23327540113279557
2011-11-14,TLT,0.27880103259456529
2011-11-15,GLD,0.25
2011-11-15,IWM,0
2011-11-15,QQQ,0.23792356627263908
2011-11-15,SPY,0.23327540113279557
2011-11-15,TLT,0.27880103259456529
2011-11-16,GLD,0.25
2011-11-16,IWM,0
2011-11-16,QQQ,0.23792356627263908
2011-11-16,SPY,0.23327540113279557
2011-11-16,TLT,0.27880103259456529
2011-11-17,GLD,0.25
2011-11-17,IWM,0
2011-11-17,QQQ,0.23792356627263908
2011-11-17,SPY,0.23327540113279557
2011-11-17,TLT,0.27880103259456529
2011-11-18,GLD,0.25
2011-11-18,IWM,0
2011-11-18,QQQ,0.23792356627263908
2011-11-18,SPY,0.23327540113279557
2011-11-18,TLT,0.27880103259456529
2011-11-21,GLD,0.25
2011-11-21,IWM,0
2011-11-21,QQQ,0.23792356627263908
2011-11-21,SPY,0.23327540113279557
2011-11-21,TLT,0.27880103259456529
2011-11-22,GLD,0.25
2011-11-22,IWM,0
2011-11-22,QQQ,0.23792356627263908
2011-11-22,SPY,0.23327540113279557
2011-11-22,TLT,0.27880103259456529
2011-11-23,GLD,0.25
2011-11-23,IWM,0
2011-11-23,QQQ,0.23792356627263908
2011-11-23,SPY,0.23327540113279557
2011-11-23,TLT,0.27880103259456529
2011-11-25,GLD,0.25
2011-11-25,IWM,0
2011-11-25,QQQ,0.23792356627263908
2011-11-25,SPY,0.23327540113279557
2011-11-25,TLT,0.27880103259456529
2011-11-28,GLD,0.75
2011-11-28,IWM,0
2011-11-28,QQQ,0
2011-11-28,SPY,0
2011-11-28,TLT,0.25
2011-11-29,GLD,0.75
2011-11-29,IWM,0
2011-11-29,QQQ,0
2011-11-29,SPY,0
2011-11-29,TLT,0.25
2011-11-30,GLD,0.75
2011-11-30,IWM,0
2011-11-30,QQQ,0
2011-11-30,SPY,0
2011-11-30,TLT,0.25
2011-12-01,GLD,0.75
2011-12-01,IWM,0
2011-12-01,QQQ,0
2011-12-01,SPY,0
2011-12-01,TLT,0.25
2011-12-02,GLD,0.75
2011-12-02,IWM,0
2011-12-02,QQQ,0
2011-12-02,SPY,0
2011-12-02,TLT,0.25
2011-12-05,GLD,0.75
2011-12-05,IWM,0
2011-12-05,QQQ,0
2011-12-05,SPY,0
2011-12-05,TLT,0.25
2011-12-06,GLD,0.75
2011-12-06,IWM,0
2011-12-06,QQQ,0
2011-12-06,SPY,0
2011-12-06,TLT,0.25
2011-12-07,GLD,0.75
2011-12-07,IWM,0
2011-12-07,QQQ,0
2011-12-07,SPY,0
2011-12-07,TLT,0.25
2011-12-08,GLD,0.75
2011-12-08,IWM,0
2011-12-08,QQQ,0
2011-12-08,SPY,0
2011-12-08,TLT,0.25
2011-12-09,GLD,0.75
2011-12-09,IWM,0
2011-12-09,QQQ,0
2011-12-09,SPY,0
2011-12-09,TLT,0.25
2011-12-12,GLD,0.75
2011-12-12,IWM,0
2011-12-12,QQQ,0
2011-12-12,SPY,0
2011-12-12,TLT,0.25
2011-12-13,GLD,0.75
2011-12-13,IWM,0
2011-12-13,QQQ,0
2011-12-13,SPY,0
2011-12-13,TLT,0.25
2011-12-14,GLD,0.75
2011-12-14,IWM,0
2011-12-14,QQQ,0
2011-12-14,SPY,0
2011-12-14,TLT,0.25
2011-12-15,GLD,0.75
2011-12-15,IWM,0
2011-12-15,QQQ,0
2011-12-15,SPY,0
2011-12-15,TLT,0.25
2011-12-16,GLD,0.75
2011-12-16,IWM,0
2011-12-16,QQQ,0
2011-12-16,SPY,0
2011-12-16,TLT,0.25
2011-12-19,GLD,0.75
2011-12-19,IWM,0
2011-12-19,QQQ,0
2011-12-19,SPY,0
2011-12-19,TLT,0.25
2011-12-20,GLD,0.75
2011-12-20,IWM,0
2011-12-20,QQQ,0
2011-12-20,SPY,0
2011-12-20,TLT,0.25
2011-12-21,GLD,0.75
2011-12-21,IWM,0
2011-12-21,QQQ,0
2011-12-21,SPY,0
2011-12-21,TLT,0.25
2011-12-22,GLD,0.75
2011-12-22,IWM,0
2011-12-22,QQQ,0
2011-12-22,SPY,0
2011-12-22,TLT,0.25
2011-12-23,GLD,0.75
2011-12-23,IWM,0
2011-12-23,QQQ,0
2011-12-23,SPY,0
2011-12-23,TLT,0.25
2011-12-27,GLD,0.75
2011-12-27,IWM,0
2011-12-27,QQQ,0
2011-12-27,SPY,0
2011-12-27,TLT,0.25
2011-12-28,GLD,0.75
2011-12-28,IWM,0
2011-12-28,QQQ,0
2011-12-28,SPY,0
2011-12-28,TLT,0.25
2011-12-29,GLD,0.75
2011-12-29,IWM,0
2011-12-29,QQQ,0
2011-12-29,SPY,0
2011-12-29,TLT,0.25
2011-12-30,GLD,0.75
2011-12-30,IWM,0
2011-12-30,QQQ,0
2011-12-30,SPY,0
2011-12-30,TLT,0.25
2012-01-03,GLD,0.75
2012-01-03,IWM,0
2012-01-03,QQQ,0
2012-01-03,SPY,0
2012-01-03,TLT,0.25
2012-01-04,GLD,0.75
2012-01-04,IWM,0
2012-01-04,QQQ,0
2012-01-04,SPY,0
2012-01-04,TLT,0.25
2012-01-05,GLD,0.75
2012-01-05,IWM,0
2012-01-05,QQQ,0
2012-01-05,SPY,0
2012-01-05,TLT,0.25
2012-01-06,GLD,0.75
2012-01-06,IWM,0
2012-01-06,QQQ,0
2012-01-06,SPY,0
2012-01-06,TLT,0.25
2012-01-09,GLD,0.75
2012-01-09,IWM,0
2012-01-09,QQQ,0
2012-01-09,SPY,0
2012-01-09,TLT,0.25
2012-01-10,GLD,0.75
2012-01-10,IWM,0
2012-01-10,QQQ,0
2012-01-10,SPY,0
2012-01-10,TLT,0.25
2012-01-11,GLD,0.75
2012-01-11,IWM,0
2012-01-11,QQQ,0
2012-01-11,SPY,0
2012-01-11,TLT,0.25
2012-01-12,GLD,0.75
2012-01-12,IWM,0
2012-01-12,QQQ,0
2012-01-12,SPY,0
2012-01-12,TLT,0.25
2012-01-13,GLD,0.75
2012-01-13,IWM,0
2012-01-13,QQQ,0
2012-01-13,SPY,0
2012-01-13,TLT,0.25
2012-01-17,GLD,0.75
2012-01-17,IWM,0
2012-01-17,QQQ,0
2012-01-17,SPY,0
2012-01-17,TLT,0.25
2012-01-18,GLD,0.75
2012-01-18,IWM,0
2012-01-18,QQQ,0
2012-01-18,SPY,0
2012-01-18,TLT,0.25
2012-01-19,GLD,0.75
2012-01-19,IWM,0
2012-01-19,QQQ,0
2012-01-19,SPY,0
2012-01-19,TLT,0.25
2012-01-20,GLD,0.75
2012-01-20,IWM,0
2012-01-20,QQQ,0
2012-01-20,SPY,0
2012-01-20,TLT,0.25
2012-01-23,GLD,0.75
2012-01-23,IWM,0
2012-01-23,QQQ,0
2012-01-23,SPY,0
2012-01-23,TLT,0.25
2012-01-24,GLD,0.75
2012-01-24,IWM,0
2012-01-24,QQQ,0
2012-01-24,SPY,0
2012-01-24,TLT,0.25
2012-01-25,GLD,0.75
2012-01-25,IWM,0
2012-01-25,QQQ,0
2012-01-25,SPY,0
2012-01-25,TLT,0.25
2012-01-26,GLD,0.75
2012-01-26,IWM,0
2012-01-26,QQQ,0
2012-01-26,SPY,0
2012-01-26,TLT,0.25
2012-01-27,GLD,0.75
2012-01-27,IWM,0
2012-01-27,QQQ,0
2012-01-27,SPY,0
2012-01-27,TLT,0.25
2012-01-30,GLD,0
2012-01-30,IWM,0.1919138497525828
2012-01-30,QQQ,0.26117625369155312
2012-01-30,SPY,0.26316525936405677
2012-01-30,TLT,0.28374463719180743
2012-01-31,GLD,0
2012-01-31,IWM,0.1919138497525828
2012-01-31,QQQ,0.26117625369155312
2012-01-31,SPY,0.26316525936405677
2012-01-31,TLT,0.28374463719180743
2012-02-01,GLD,0
2012-02-01,IWM,0.1919138497525828
2012-02-01,QQQ,0.26117625369155312
2012-02-01,SPY,0.26316525936405677
2012-02-01,TLT,0.28374463719180743
2012-02-02,GLD,0
2012-02-02,IWM,0.1919138497525828
2012-02-02,QQQ,0.26117625369155312
2012-02-02,SPY,0.26316525936405677
2012-02-02,TLT,0.28374463719180743
2012-02-03,GLD,0
2012-02-03,IWM,0.1919138497525828
2012-02-03,QQQ,0.26117625369155312
2012-02-03,SPY,0.26316525936405677
2012-02-03,TLT,0.28374463719180743
2012-02-06,GLD,0
2012-02-06,IWM,0.1919138497525828
2012-02-06,QQQ,0.26117625369155312
2012-02-06,SPY,0.26316525936405677
2012-02-06,TLT,0.28374463719180743
2012-02-07,GLD,0
2012-02-07,IWM,0.1919138497525828
2012-02-07,QQQ,0.26117625369155312
2012-02-07,SPY,0.26316525936405677
2012-02-07,TLT,0.28374463719180743
2012-02-08,GLD,0
2012-02-08,IWM,0.1919138497525828
2012-02-08,QQQ,0.26117625369155312
2012-02-08,SPY,0.26316525936405677
2012-02-08,TLT,0.28374463719180743
2012-02-09,GLD,0
2012-02-09,IWM,0.1919138497525828
2012-02-09,QQQ,0.26117625369155312
2012-02-09,SPY,0.26316525936405677
2012-02-09,TLT,0.28374463719180743
2012-02-10,GLD,0
2012-02-10,IWM,0.1919138497525828
2012-02-10,QQQ,0.26117625369155312
2012-02-10,SPY,0.26316525936405677
2012-02-10,TLT,0.28374463719180743
2012-02-13,GLD,0
2012-02-13,IWM,0.1919138497525828
2012-02-13,QQQ,0.26117625369155312
2012-02-13,SPY,0.26316525936405677
2012-02-13,TLT,0.28374463719180743
2012-02-14,GLD,0
2012-02-14,IWM,0.1919138497525828
2012-02-14,QQQ,0.26117625369155312
2012-02-14,SPY,0.26316525936405677
2012-02-14,TLT,0.28374463719180743
2012-02-15,GLD,0
2012-02-15,IWM,0.1919138497525828
2012-02-15,QQQ,0.26117625369155312
2012-02-15,SPY,0.26316525936405677
2012-02-15,TLT,0.28374463719180743
2012-02-16,GLD,0
2012-02-16,IWM,0.1919138497525828
2012-02-16,QQQ,0.26117625369155312
2012-02-16,SPY,0.26316525936405677
2012-02-16,TLT,0.28374463719180743
2012-02-17,GLD,0
2012-02-17,IWM,0.1919138497525828
2012-02-17,QQQ,0.26117625369155312
2012-02-17,SPY,0.26316525936405677
2012-02-17,TLT,0.28374463719180743
2012-02-21,GLD,0
2012-02-21,IWM,0.1919138497525828
2012-02-21,QQQ,0.26117625369155312
2012-02-21,SPY,0.26316525936405677
2012-02-21,TLT,0.28374463719180743
2012-02-22,GLD,0
2012-02-22,IWM,0.1919138497525828
2012-02-22,QQQ,0.26117625369155312
2012-02-22,SPY,0.26316525936405677
2012-02-22,TLT,0.28374463719180743
2012-02-23,GLD,0
2012-02-23,IWM,0.1919138497525828
2012-02-23,QQQ,0.26117625369155312
2012-02-23,SPY,0.26316525936405677
2012-02-23,TLT,0.28374463719180743
2012-02-24,GLD,0
2012-02-24,IWM,0.1919138497525828
2012-02-24,QQQ,0.26117625369155312
2012-02-24,SPY,0.26316525936405677
2012-02-24,TLT,0.28374463719180743
2012-02-27,GLD,0
2012-02-27,IWM,0.1919138497525828
2012-02-27,QQQ,0.26117625369155312
2012-02-27,SPY,0.26316525936405677
2012-02-27,TLT,0.28374463719180743
2012-02-28,GLD,0
2012-02-28,IWM,0.1919138497525828
2012-02-28,QQQ,0.26117625369155312
2012-02-28,SPY,0.26316525936405677
2012-02-28,TLT,0.28374463719180743
2012-02-29,GLD,0
2012-02-29,IWM,0.18865485592357747
2012-02-29,QQQ,0.27613855035386226
2012-02-29,SPY,0.28230058611204667
2012-02-29,TLT,0.25290600761051363
2012-03-01,GLD,0
2012-03-01,IWM,0.18865485592357747
2012-03-01,QQQ,0.27613855035386226
2012-03-01,SPY,0.28230058611204667
2012-03-01,TLT,0.25290600761051363
2012-03-02,GLD,0
2012-03-02,IWM,0.18865485592357747
2012-03-02,QQQ,0.27613855035386226
2012-03-02,SPY,0.28230058611204667
2012-03-02,TLT,0.25290600761051363
2012-03-05,GLD,0
2012-03-05,IWM,0.18865485592357747
2012-03-05,QQQ,0.27613855035386226
2012-03-05,SPY,0.28230058611204667
2012-03-05,TLT,0.25290600761051363
2012-03-06,GLD,0
2012-03-06,IWM,0.18865485592357747
2012-03-06,QQQ,0.27613855035386226
2012-03-06,SPY,0.28230058611204667
2012-03-06,TLT,0.25290600761051363
2012-03-07,GLD,0
2012-03-07,IWM,0.18865485592357747
2012-03-07,QQQ,0.27613855035386226
2012-03-07,SPY,0.28230058611204667
2012-03-07,TLT,0.25290600761051363
2012-03-08,GLD,0
2012-03-08,IWM,0.18865485592357747
2012-03-08,QQQ,0.27613855035386226
2012-03-08,SPY,0.28230058611204667
2012-03-08,TLT,0.25290600761051363
2012-03-09,GLD,0
2012-03-09,IWM,0.18865485592357747
2012-03-09,QQQ,0.27613855035386226
2012-03-09,SPY,0.28230058611204667
2012-03-09,TLT,0.25290600761051363
2012-03-12,GLD,0
2012-03-12,IWM,0.18865485592357747
2012-03-12,QQQ,0.27613855035386226
2012-03-12,SPY,0.28230058611204667
2012-03-12,TLT,0.25290600761051363
2012-03-13,GLD,0
2012-03-13,IWM,0.18865485592357747
2012-03-13,QQQ,0.27613855035386226
2012-03-13,SPY,0.28230058611204667
2012-03-13,TLT,0.25290600761051363
2012-03-14,GLD,0
2012-03-14,IWM,0.18865485592357747
2012-03-14,QQQ,0.27613855035386226
2012-03-14,SPY,0.28230058611204667
2012-03-14,TLT,0.25290600761051363
2012-03-15,GLD,0
2012-03-15,IWM,0.18865485592357747
2012-03-15,QQQ,0.27613855035386226
2012-03-15,SPY,0.28230058611204667
2012-03-15,TLT,0.25290600761051363
2012-03-16,GLD,0
2012-03-16,IWM,0.18865485592357747
2012-03-16,QQQ,0.27613855035386226
2012-03-16,SPY,0.28230058611204667
2012-03-16,TLT,0.25290600761051363
2012-03-19,GLD,0
2012-03-19,IWM,0.18865485592357747
2012-03-19,QQQ,0.27613855035386226
2012-03-19,SPY,0.28230058611204667
2012-03-19,TLT,0.25290600761051363
2012-03-20,GLD,0
2012-03-20,IWM,0.18865485592357747
2012-03-20,QQQ,0.27613855035386226
2012-03-20,SPY,0.28230058611204667
2012-03-20,TLT,0.25290600761051363
2012-03-21,GLD,0
2012-03-21,IWM,0.18865485592357747
2012-03-21,QQQ,0.27613855035386226
2012-03-21,SPY,0.28230058611204667
2012-03-21,TLT,0.25290600761051363
2012-03-22,GLD,0
2012-03-22,IWM,0.18865485592357747
2012-03-22,QQQ,0.27613855035386226
2012-03-22,SPY,0.28230058611204667
2012-03-22,TLT,0.25290600761051363
2012-03-23,GLD,0
2012-03-23,IWM,0.18865485592357747
2012-03-23,QQQ,0.27613855035386226
2012-03-23,SPY,0.28230058611204667
2012-03-23,TLT,0.25290600761051363
2012-03-26,GLD,0
2012-03-26,IWM,0.18865485592357747
2012-03-26,QQQ,0.27613855035386226
2012-03-26,SPY,0.28230058611204667
2012-03-26,TLT,0.25290600761051363
2012-03-27,GLD,0
2012-03-27,IWM,0.18865485592357747
2012-03-27,QQQ,0.27613855035386226
2012-03-27,SPY,0.28230058611204667
2012-03-27,TLT,0.25290600761051363
2012-03-28,GLD,0
2012-03-28,IWM,0.18865485592357747
2012-03-28,QQQ,0.27613855035386226
2012-03-28,SPY,0.28230058611204667
2012-03-28,TLT,0.25290600761051363
2012-03-29,GLD,0
2012-03-29,IWM,0.19391408464324977
2012-03-29,QQQ,0.29078913422087532
2012-03-29,SPY,0.31175343704548464
2012-03-29,TLT,0.20354334409039029
2012-03-30,GLD,0
2012-03-30,IWM,0.19391408464324977
2012-03-30,QQQ,0.29078913422087532
2012-03-30,SPY,0.31175343704548464
2012-03-30,TLT,0.20354334409039029
2012-04-02,GLD,0
2012-04-02,IWM,0.19391408464324977
2012-04-02,QQQ,0.29078913422087532
2012-04-02,SPY,0.31175343704548464
2012-04-02,TLT,0.20354334409039029
2012-04-03,GLD,0
2012-04-03,IWM,0.19391408464324977
2012-04-03,QQQ,0.29078913422087532
2012-04-03,SPY,0.31175343704548464
2012-04-03,TLT,0.20354334409039029
2012-04-04,GLD,0
2012-04-04,IWM,0.19391408464324977
2012-04-04,QQQ,0.29078913422087532
2012-04-04,SPY,0.31175343704548464
2012-04-04,TLT,0.20354334409039029
2012-04-05,GLD,0
2012-04-05,IWM,0.19391408464324977
2012-04-05,QQQ,0.29078913422087532
2012-04-05,SPY,0.31175343704548464
2012-04-05,TLT,0.20354334409039029
2012-04-09,GLD,0
2012-04-09,IWM,0.19391408464324977
2012-04-09,QQQ,0.29078913422087532
2012-04-09,SPY,0.31175343704548464
2012-04-09,TLT,0.20354334409039029
2012-04-10,GLD,0
2012-04-10,IWM,0.19391408464324977
2012-04-10,QQQ,0.29078913422087532
2012-04-10,SPY,0.31175343704548464
2012-04-10,TLT,0.20354334409039029
2012-04-11,GLD,0
2012-04-11,IWM,0.19391408464324977
2012-04-11,QQQ,0.29078913422087532
2012-04-11,SPY,0.31175343704548464
2012-04-11,TLT,0.20354334409039029
2012-04-12,GLD,0
2012-04-12,IWM,0.19391408464324977
2012-04-12,QQQ,0.29078913422087532
2012-04-12,SPY,0.31175343704548464
2012-04-12,TLT,0.20354334409039029
2012-04-13,GLD,0
2012-04-13,IWM,0.19391408464324977
2012-04-13,QQQ,0.29078913422087532
2012-04-13,SPY,0.31175343704548464
2012-04-13,TLT,0.20354334409039029
2012-04-16,GLD,0
2012-04-16,IWM,0.19391408464324977
2012-04-16,QQQ,0.29078913422087532
2012-04-16,SPY,0.31175343704548464
2012-04-16,TLT,0.20354334409039029
2012-04-17,GLD,0
2012-04-17,IWM,0.19391408464324977
2012-04-17,QQQ,0.29078913422087532
2012-04-17,SPY,0.31175343704548464
2012-04-17,TLT,0.20354334409039029
2012-04-18,GLD,0
2012-04-18,IWM,0.19391408464324977
2012-04-18,QQQ,0.29078913422087532
2012-04-18,SPY,0.31175343704548464
2012-04-18,TLT,0.20354334409039029
2012-04-19,GLD,0
2012-04-19,IWM,0.19391408464324977
2012-04-19,QQQ,0.29078913422087532
2012-04-19,SPY,0.31175343704548464
2012-04-19,TLT,0.20354334409039029
2012-04-20,GLD,0
2012-04-20,IWM,0.19391408464324977
2012-04-20,QQQ,0.29078913422087532
2012-04-20,SPY,0.31175343704548464
2012-04-20,TLT,0.20354334409039029
2012-04-23,GLD,0
2012-04-23,IWM,0.19391408464324977
2012-04-23,QQQ,0.29078913422087532
2012-04-23,SPY,0.31175343704548464
2012-04-23,TLT,0.20354334409039029
2012-04-24,GLD,0
2012-04-24,IWM,0.19391408464324977
2012-04-24,QQQ,0.29078913422087532
2012-04-24,SPY,0.31175343704548464
2012-04-24,TLT,0.20354334409039029
2012-04-25,GLD,0
2012-04-25,IWM,0.19391408464324977
2012-04-25,QQQ,0.29078913422087532
2012-04-25,SPY,0.31175343704548464
2012-04-25,TLT,0.20354334409039029
2012-04-26,GLD,0
2012-04-26,IWM,0.19391408464324977
2012-04-26,QQQ,0.29078913422087532
2012-04-26,SPY,0.31175343704548464
2012-04-26,TLT,0.20354334409039029
2012-04-27,GLD,0
2012-04-27,IWM,0.19391408464324977
2012-04-27,QQQ,0.29078913422087532
2012-04-27,SPY,0.31175343704548464
2012-04-27,TLT,0.20354334409039029
2012-04-30,GLD,0
2012-04-30,IWM,0.20059523162073295
2012-04-30,QQQ,0.26026775968675719
2012-04-30,SPY,0.31064405392611116
2012-04-30,TLT,0.22849295476639869
2012-05-01,GLD,0
2012-05-01,IWM,0.20059523162073295
2012-05-01,QQQ,0.26026775968675719
2012-05-01,SPY,0.31064405392611116
2012-05-01,TLT,0.22849295476639869
2012-05-02,GLD,0
2012-05-02,IWM,0.20059523162073295
2012-05-02,QQQ,0.26026775968675719
2012-05-02,SPY,0.31064405392611116
2012-05-02,TLT,0.22849295476639869
2012-05-03,GLD,0
2012-05-03,IWM,0.20059523162073295
2012-05-03,QQQ,0.26026775968675719
2012-05-03,SPY,0.31064405392611116
2012-05-03,TLT,0.22849295476639869
2012-05-04,GLD,0
2012-05-04,IWM,0.20059523162073295
2012-05-04,QQQ,0.26026775968675719
2012-05-04,SPY,0.31064405392611116
2012-05-04,TLT,0.22849295476639869
2012-05-07,GLD,0
2012-05-07,IWM,0.20059523162073295
2012-05-07,QQQ,0.26026775968675719
2012-05-07,SPY,0.31064405392611116
2012-05-07,TLT,0.22849295476639869
2012-05-08,GLD,0
2012-05-08,IWM,0.20059523162073295
2012-05-08,QQQ,0.26026775968675719
2012-05-08,SPY,0.31064405392611116
2012-05-08,TLT,0.22849295476639869
2012-05-09,GLD,0
2012-05-09,IWM,0.20059523162073295
2012-05-09,QQQ,0.26026775968675719
2012-05-09,SPY,0.31064405392611116
2012-05-09,TLT,0.22849295476639869
2012-05-10,GLD,0
2012-05-10,IWM,0.20059523162073295
2012-05-10,QQQ,0.26026775968675719
2012-05-10,SPY,0.31064405392611116
2012-05-10,TLT,0.22849295476639869
2012-05-11,GLD,0
2012-05-11,IWM,0.20059523162073295
2012-05-11,QQQ,0.26026775968675719
2012-05-11,SPY,0.31064405392611116
2012-05-11,TLT,0.22849295476639869
2012-05-14,GLD,0
2012-05-14,IWM,0.20059523162073295
2012-05-14,QQQ,0.26026775968675719
2012-05-14,SPY,0.31064405392611116
2012-05-14,TLT,0.22849295476639869
2012-05-15,GLD,0
2012-05-15,IWM,0.20059523162073295
2012-05-15,QQQ,0.26026775968675719
2012-05-15,SPY,0.31064405392611116
2012-05-15,TLT,0.22849295476639869
2012-05-16,GLD,0
2012-05-16,IWM,0.20059523162073295
2012-05-16,QQQ,0.26026775968675719
2012-05-16,SPY,0.31064405392611116
2012-05-16,TLT,0.22849295476639869
2012-05-17,GLD,0
2012-05-17,IWM,0.20059523162073295
2012-05-17,QQQ,0.26026775968675719
2012-05-17,SPY,0.31064405392611116
2012-05-17,TLT,0.22849295476639869
2012-05-18,GLD,0
2012-05-18,IWM,0.20059523162073295
2012-05-18,QQQ,0.26026775968675719
2012-05-18,SPY,0.31064405392611116
2012-05-18,TLT,0.22849295476639869
2012-05-21,GLD,0
2012-05-21,IWM,0.20059523162073295
2012-05-21,QQQ,0.26026775968675719
2012-05-21,SPY,0.31064405392611116
2012-05-21,TLT,0.22849295476639869
2012-05-22,GLD,0
2012-05-22,IWM,0.20059523162073295
2012-05-22,QQQ,0.26026775968675719
2012-05-22,SPY,0.31064405392611116
2012-05-22,TLT,0.22849295476639869
2012-05-23,GLD,0
2012-05-23,IWM,0.20059523162073295
2012-05-23,QQQ,0.26026775968675719
2012-05-23,SPY,0.31064405392611116
2012-05-23,TLT,0.22849295476639869
2012-05-24,GLD,0
2012-05-24,IWM,0.20059523162073295
2012-05-24,QQQ,0.26026775968675719
2012-05-24,SPY,0.31064405392611116
2012-05-24,TLT,0.22849295476639869
2012-05-25,GLD,0
2012-05-25,IWM,0.20059523162073295
2012-05-25,QQQ,0.26026775968675719
2012-05-25,SPY,0.31064405392611116
2012-05-25,TLT,0.22849295476639869
2012-05-29,GLD,0
2012-05-29,IWM,0.20059523162073295
2012-05-29,QQQ,0.26026775968675719
2012-05-29,SPY,0.31064405392611116
2012-05-29,TLT,0.22849295476639869
2012-05-30,GLD,0
2012-05-30,IWM,0.21336889595251918
2012-05-30,QQQ,0.23908340652508048
2012-05-30,SPY,0.29444429458794469
2012-05-30,TLT,0.25310340293445566
2012-05-31,GLD,0
2012-05-31,IWM,0.21336889595251918
2012-05-31,QQQ,0.23908340652508048
2012-05-31,SPY,0.29444429458794469
2012-05-31,TLT,0.25310340293445566
2012-06-01,GLD,0
2012-06-01,IWM,0.21336889595251918
2012-06-01,QQQ,0.23908340652508048
2012-06-01,SPY,0.29444429458794469
2012-06-01,TLT,0.25310340293445566
2012-06-04,GLD,0
2012-06-04,IWM,0.21336889595251918
2012-06-04,QQQ,0.23908340652508048
2012-06-04,SPY,0.29444429458794469
2012-06-04,TLT,0.25310340293445566
2012-06-05,GLD,0
2012-06-05,IWM,0.21336889595251918
2012-06-05,QQQ,0.23908340652508048
2012-06-05,SPY,0.29444429458794469
2012-06-05,TLT,0.25310340293445566
2012-06-06,GLD,0
2012-06-06,IWM,0.21336889595251918
2012-06-06,QQQ,0.23908340652508048
2012-06-06,SPY,0.29444429458794469
2012-06-06,TLT,0.25310340293445566
2012-06-07,GLD,0
2012-06-07,IWM,0.21336889595251918
2012-06-07,QQQ,0.23908340652508048
2012-06-07,SPY,0.29444429458794469
2012-06-07,TLT,0.25310340293445566
2012-06-08,GLD,0
2012-06-08,IWM,0.21336889595251918
2012-06-08,QQQ,0.23908340652508048
2012-06-08,SPY,0.29444429458794469
2012-06-08,TLT,0.25310340293445566
2012-06-11,GLD,0
2012-06-11,IWM,0.21336889595251918
2012-06-11,QQQ,0.23908340652508048
2012-06-11,SPY,0.29444429458794469
2012-06-11,TLT,0.25310340293445566
2012-06-12,GLD,0
2012-06-12,IWM,0.21336889595251918
2012-06-12,QQQ,0.23908340652508048
2012-06-12,SPY,0.29444429458794469
2012-06-12,TLT,0.25310340293445566
2012-06-13,GLD,0
2012-06-13,IWM,0.21336889595251918
2012-06-13,QQQ,0.23908340652508048
2012-06-13,SPY,0.29444429458794469
2012-06-13,TLT,0.25310340293445566
2012-06-14,GLD,0
2012-06-14,IWM,0.21336889595251918
2012-06-14,QQQ,0.23908340652508048
2012-06-14,SPY,0.29444429458794469
2012-06-14,TLT,0.25310340293445566
2012-06-15,GLD,0
2012-06-15,IWM,0.21336889595251918
2012-06-15,QQQ,0.23908340652508048
2012-06-15,SPY,0.29444429458794469
2012-06-15,TLT,0.25310340293445566
2012-06-18,GLD,0
2012-06-18,IWM,0.21336889595251918
2012-06-18,QQQ,0.23908340652508048
2012-06-18,SPY,0.29444429458794469
2012-06-18,TLT,0.25310340293445566
2012-06-19,GLD,0
2012-06-19,IWM,0.21336889595251918
2012-06-19,QQQ,0.23908340652508048
2012-06-19,SPY,0.29444429458794469
2012-06-19,TLT,0.25310340293445566
2012-06-20,GLD,0
2012-06-20,IWM,0.21336889595251918
2012-06-20,QQQ,0.23908340652508048
2012-06-20,SPY,0.29444429458794469
2012-06-20,TLT,0.25310340293445566
2012-06-21,GLD,0
2012-06-21,IWM,0.21336889595251918
2012-06-21,QQQ,0.23908340652508048
2012-06-21,SPY,0.29444429458794469
2012-06-21,TLT,0.25310340293445566
2012-06-22,GLD,0
2012-06-22,IWM,0.21336889595251918
2012-06-22,QQQ,0.23908340652508048
2012-06-22,SPY,0.29444429458794469
2012-06-22,TLT,0.25310340293445566
2012-06-25,GLD,0
2012-06-25,IWM,0.21336889595251918
2012-06-25,QQQ,0.23908340652508048
2012-06-25,SPY,0.29444429458794469
2012-06-25,TLT,0.25310340293445566
2012-06-26,GLD,0
2012-06-26,IWM,0.21336889595251918
2012-06-26,QQQ,0.23908340652508048
2012-06-26,SPY,0.29444429458794469
2012-06-26,TLT,0.25310340293445566
2012-06-27,GLD,0
2012-06-27,IWM,0.21336889595251918
2012-06-27,QQQ,0.23908340652508048
2012-06-27,SPY,0.29444429458794469
2012-06-27,TLT,0.25310340293445566
2012-06-28,GLD,0
2012-06-28,IWM,0.21264385502295904
2012-06-28,QQQ,0.22939801756826647
2012-06-28,SPY,0.27742967905372129
2012-06-28,TLT,0.28052844835505308
2012-06-29,GLD,0
2012-06-29,IWM,0.21264385502295904
2012-06-29,QQQ,0.22939801756826647
2012-06-29,SPY,0.27742967905372129
2012-06-29,TLT,0.28052844835505308
2012-07-02,GLD,0
2012-07-02,IWM,0.21264385502295904
2012-07-02,QQQ,0.22939801756826647
2012-07-02,SPY,0.27742967905372129
2012-07-02,TLT,0.28052844835505308
2012-07-03,GLD,0
2012-07-03,IWM,0.21264385502295904
2012-07-03,QQQ,0.22939801756826647
2012-07-03,SPY,0.27742967905372129
2012-07-03,TLT,0.28052844835505308
2012-07-05,GLD,0
2012-07-05,IWM,0.21264385502295904
2012-07-05,QQQ,0.22939801756826647
2012-07-05,SPY,0.27742967905372129
2012-07-05,TLT,0.28052844835505308
2012-07-06,GLD,0
2012-07-06,IWM,0.21264385502295904
2012-07-06,QQQ,0.22939801756826647
2012-07-06,SPY,0.27742967905372129
2012-07-06,TLT,0.28052844835505308
2012-07-09,GLD,0
2012-07-09,IWM,0.21264385502295904
2012-07-09,QQQ,0.22939801756826647
2012-07-09,SPY,0.27742967905372129
2012-07-09,TLT,0.28052844835505308
2012-07-10,GLD,0
2012-07-10,IWM,0.21264385502295904
2012-07-10,QQQ,0.22939801756826647
2012-07-10,SPY,0.27742967905372129
2012-07-10,TLT,0.28052844835505308
2012-07-11,GLD,0
2012-07-11,IWM,0.21264385502295904
2012-07-11,QQQ,0.22939801756826647
2012-07-11,SPY,0.27742967905372129
2012-07-11,TLT,0.28052844835505308
2012-07-12,GLD,0
2012-07-12,IWM,0.21264385502295904
2012-07-12,QQQ,0.22939801756826647
2012-07-12,SPY,0.27742967905372129
2012-07-12,TLT,0.28052844835505308
2012-07-13,GLD,0
2012-07-13,IWM,0.21264385502295904
2012-07-13,QQQ,0.22939801756826647
2012-07-13,SPY,0.27742967905372129
2012-07-13,TLT,0.28052844835505308
2012-07-16,GLD,0
2012-07-16,IWM,0.21264385502295904
2012-07-16,QQQ,0.22939801756826647
2012-07-16,SPY,0.27742967905372129
2012-07-16,TLT,0.28052844835505308
2012-07-17,GLD,0
2012-07-17,IWM,0.21264385502295904
2012-07-17,QQQ,0.22939801756826647
2012-07-17,SPY,0.27742967905372129
2012-07-17,TLT,0.28052844835505308
2012-07-18,GLD,0
2012-07-18,IWM,0.21264385502295904
2012-07-18,QQQ,0.22939801756826647
2012-07-18,SPY,0.27742967905372129
2012-07-18,TLT,0.28052844835505308
2012-07-19,GLD,0
2012-07-19,IWM,0.21264385502295904
2012-07-19,QQQ,0.22939801756826647
2012-07-19,SPY,0.27742967905372129
2012-07-19,TLT,0.28052844835505308
2012-07-20,GLD,0
2012-07-20,IWM,0.21264385502295904
2012-07-20,QQQ,0.22939801756826647
2012-07-20,SPY,0.27742967905372129
2012-07-20,TLT,0.28052844835505308
2012-07-23,GLD,0
2012-07-23,IWM,0.21264385502295904
2012-07-23,QQQ,0.22939801756826647
2012-07-23,SPY,0.27742967905372129
2012-07-23,TLT,0.28052844835505308
2012-07-24,GLD,0
2012-07-24,IWM,0.21264385502295904
2012-07-24,QQQ,0.22939801756826647
2012-07-24,SPY,0.27742967905372129
2012-07-24,TLT,0.28052844835505308
2012-07-25,GLD,0
2012-07-25,IWM,0.21264385502295904
2012-07-25,QQQ,0.22939801756826647
2012-07-25,SPY,0.27742967905372129
2012-07-25,TLT,0.28052844835505308
2012-07-26,GLD,0
2012-07-26,IWM,0.21264385502295904
2012-07-26,QQQ,0.22939801756826647
2012-07-26,SPY,0.27742967905372129
2012-07-26,TLT,0.28052844835505308
2012-07-27,GLD,0
2012-07-27,IWM,0.21264385502295904
2012-07-27,QQQ,0.22939801756826647
2012-07-27,SPY,0.27742967905372129
2012-07-27,TLT,0.28052844835505308
2012-07-30,GLD,0
2012-07-30,IWM,0.21309343889280977
2012-07-30,QQQ,0.22187254824285907
2012-07-30,SPY,0.2649428970948936
2012-07-30,TLT,0.30009111576943753
2012-07-31,GLD,0
2012-07-31,IWM,0.21309343889280977
2012-07-31,QQQ,0.22187254824285907
2012-07-31,SPY,0.2649428970948936
2012-07-31,TLT,0.30009111576943753
2012-08-01,GLD,0
2012-08-01,IWM,0.21309343889280977
2012-08-01,QQQ,0.22187254824285907
2012-08-01,SPY,0.2649428970948936
2012-08-01,TLT,0.30009111576943753
2012-08-02,GLD,0
2012-08-02,IWM,0.21309343889280977
2012-08-02,QQQ,0.22187254824285907
2012-08-02,SPY,0.2649428970948936
2012-08-02,TLT,0.30009111576943753
2012-08-03,GLD,0
2012-08-03,IWM,0.21309343889280977
2012-08-03,QQQ,0.22187254824285907
2012-08-03,SPY,0.2649428970948936
2012-08-03,TLT,0.30009111576943753
2012-08-06,GLD,0
2012-08-06,IWM,0.21309343889280977
2012-08-06,QQQ,0.22187254824285907
2012-08-06,SPY,0.2649428970948936
2012-08-06,TLT,0.30009111576943753
2012-08-07,GLD,0
2012-08-07,IWM,0.21309343889280977
2012-08-07,QQQ,0.22187254824285907
2012-08-07,SPY,0.2649428970948936
2012-08-07,TLT,0.30009111576943753
2012-08-08,GLD,0
2012-08-08,IWM,0.21309343889280977
2012-08-08,QQQ,0.22187254824285907
2012-08-08,SPY,0.2649428970948936
2012-08-08,TLT,0.30009111576943753
2012-08-09,GLD,0
2012-08-09,IWM,0.21309343889280977
2012-08-09,QQQ,0.22187254824285907
2012-08-09,SPY,0.2649428970948936
2012-08-09,TLT,0.30009111576943753
2012-08-10,GLD,0
2012-08-10,IWM,0.21309343889280977
2012-08-10,QQQ,0.22187254824285907
2012-08-10,SPY,0.2649428970948936
2012-08-10,TLT,0.30009111576943753
2012-08-13,GLD,0
2012-08-13,IWM,0.21309343889280977
2012-08-13,QQQ,0.22187254824285907
2012-08-13,SPY,0.2649428970948936
2012-08-13,TLT,0.30009111576943753
2012-08-14,GLD,0
2012-08-14,IWM,0.21309343889280977
2012-08-14,QQQ,0.22187254824285907
2012-08-14,SPY,0.2649428970948936
2012-08-14,TLT,0.30009111576943753
2012-08-15,GLD,0
2012-08-15,IWM,0.21309343889280977
2012-08-15,QQQ,0.22187254824285907
2012-08-15,SPY,0.2649428970948936
2012-08-15,TLT,0.30009111576943753
2012-08-16,GLD,0
2012-08-16,IWM,0.21309343889280977
2012-08-16,QQQ,0.22187254824285907
2012-08-16,SPY,0.2649428970948936
2012-08-16,TLT,0.30009111576943753
2012-08-17,GLD,0
2012-08-17,IWM,0.21309343889280977
2012-08-17,QQQ,0.22187254824285907
2012-08-17,SPY,0.2649428970948936
2012-08-17,TLT,0.30009111576943753
2012-08-20,GLD,0
2012-08-20,IWM,0.21309343889280977
2012-08-20,QQQ,0.22187254824285907
2012-08-20,SPY,0.2649428970948936
2012-08-20,TLT,0.30009111576943753
2012-08-21,GLD,0
2012-08-21,IWM,0.21309343889280977
2012-08-21,QQQ,0.22187254824285907
2012-08-21,SPY,0.2649428970948936
2012-08-21,TLT,0.30009111576943753
2012-08-22,GLD,0
2012-08-22,IWM,0.21309343889280977
2012-08-22,QQQ,0.22187254824285907
2012-08-22,SPY,0.2649428970948936
2012-08-22,TLT,0.30009111576943753
2012-08-23,GLD,0
2012-08-23,IWM,0.21309343889280977
2012-08-23,QQQ,0.22187254824285907
2012-08-23,SPY,0.2649428970948936
2012-08-23,TLT,0.30009111576943753
2012-08-24,GLD,0
2012-08-24,IWM,0.21309343889280977
2012-08-24,QQQ,0.22187254824285907
2012-08-24,SPY,0.2649428970948936
2012-08-24,TLT,0.30009111576943753
2012-08-27,GLD,0
2012-08-27,IWM,0.21309343889280977
2012-08-27,QQQ,0.22187254824285907
2012-08-27,SPY,0.2649428970948936
2012-08-27,TLT,0.30009111576943753
2012-08-28,GLD,0
2012-08-28,IWM,0.21405711960908605
2012-08-28,QQQ,0.23339752701316624
2012-08-28,SPY,0.269160452875991
2012-08-28,TLT,0.28338490050175669
2012-08-29,GLD,0
2012-08-29,IWM,0.21405711960908605
2012-08-29,QQQ,0.23339752701316624
2012-08-29,SPY,0.269160452875991
2012-08-29,TLT,0.28338490050175669
2012-08-30,GLD,0
2012-08-30,IWM,0.21405711960908605
2012-08-30,QQQ,0.23339752701316624
2012-08-30,SPY,0.269160452875991
2012-08-30,TLT,0.28338490050175669
2012-08-31,GLD,0
2012-08-31,IWM,0.21405711960908605
2012-08-31,QQQ,0.23339752701316624
2012-08-31,SPY,0.269160452875991
2012-08-31,TLT,0.28338490050175669
2012-09-04,GLD,0
2012-09-04,IWM,0.21405711960908605
2012-09-04,QQQ,0.23339752701316624
2012-09-04,SPY,0.269160452875991
2012-09-04,TLT,0.28338490050175669
2012-09-05,GLD,0
2012-09-05,IWM,0.21405711960908605
2012-09-05,QQQ,0.23339752701316624
2012-09-05,SPY,0.269160452875991
2012-09-05,TLT,0.28338490050175669
2012-09-06,GLD,0
2012-09-06,IWM,0.21405711960908605
2012-09-06,QQQ,0.23339752701316624
2012-09-06,SPY,0.269160452875991
2012-09-06,TLT,0.28338490050175669
2012-09-07,GLD,0
2012-09-07,IWM,0.21405711960908605
2012-09-07,QQQ,0.23339752701316624
2012-09-07,SPY,0.269160452875991
2012-09-07,TLT,0.28338490050175669
2012-09-10,GLD,0
2012-09-10,IWM,0.21405711960908605
2012-09-10,QQQ,0.23339752701316624
2012-09-10,SPY,0.269160452875991
2012-09-10,TLT,0.28338490050175669
2012-09-11,GLD,0
2012-09-11,IWM,0.21405711960908605
2012-09-11,QQQ,0.23339752701316624
2012-09-11,SPY,0.269160452875991
2012-09-11,TLT,0.28338490050175669
2012-09-12,GLD,0
2012-09-12,IWM,0.21405711960908605
2012-09-12,QQQ,0.23339752701316624
2012-09-12,SPY,0.269160452875991
2012-09-12,TLT,0.28338490050175669
2012-09-13,GLD,0
2012-09-13,IWM,0.21405711960908605
2012-09-13,QQQ,0.23339752701316624
2012-09-13,SPY,0.269160452875991
2012-09-13,TLT,0.28338490050175669
2012-09-14,GLD,0
2012-09-14,IWM,0.21405711960908605
2012-09-14,QQQ,0.23339752701316624
2012-09-14,SPY,0.269160452875991
2012-09-14,TLT,0.28338490050175669
2012-09-17,GLD,0
2012-09-17,IWM,0.21405711960908605
2012-09-17,QQQ,0.23339752701316624
2012-09-17,SPY,0.269160452875991
2012-09-17,TLT,0.28338490050175669
2012-09-18,GLD,0
2012-09-18,IWM,0.21405711960908605
2012-09-18,QQQ,0.23339752701316624
2012-09-18,SPY,0.269160452875991
2012-09-18,TLT,0.28338490050175669
2012-09-19,GLD,0
2012-09-19,IWM,0.21405711960908605
2012-09-19,QQQ,0.23339752701316624
2012-09-19,SPY,0.269160452875991
2012-09-19,TLT,0.28338490050175669
2012-09-20,GLD,0
2012-09-20,IWM,0.21405711960908605
2012-09-20,QQQ,0.23339752701316624
2012-09-20,SPY,0.269160452875991
2012-09-20,TLT,0.28338490050175669
2012-09-21,GLD,0
2012-09-21,IWM,0.21405711960908605
2012-09-21,QQQ,0.23339752701316624
2012-09-21,SPY,0.269160452875991
2012-09-21,TLT,0.28338490050175669
2012-09-24,GLD,0
2012-09-24,IWM,0.21405711960908605
2012-09-24,QQQ,0.23339752701316624
2012-09-24,SPY,0.269160452875991
2012-09-24,TLT,0.28338490050175669
2012-09-25,GLD,0
2012-09-25,IWM,0.21405711960908605
2012-09-25,QQQ,0.23339752701316624
2012-09-25,SPY,0.269160452875991
2012-09-25,TLT,0.28338490050175669
2012-09-26,GLD,0
2012-09-26,IWM,0.21405711960908605
2012-09-26,QQQ,0.23339752701316624
2012-09-26,SPY,0.269160452875991
2012-09-26,TLT,0.28338490050175669
2012-09-27,GLD,0
2012-09-27,IWM,0.23070646227689567
2012-09-27,QQQ,0.23656150037516702
2012-09-27,SPY,0.28302235041457113
2012-09-27,TLT,0.24970968693336612
2012-09-28,GLD,0
2012-09-28,IWM,0.23070646227689567
2012-09-28,QQQ,0.23656150037516702
2012-09-28,SPY,0.28302235041457113
2012-09-28,TLT,0.24970968693336612
2012-10-01,GLD,0
2012-10-01,IWM,0.23070646227689567
2012-10-01,QQQ,0.23656150037516702
2012-10-01,SPY,0.28302235041457113
2012-10-01,TLT,0.24970968693336612
2012-10-02,GLD,0
2012-10-02,IWM,0.23070646227689567
2012-10-02,QQQ,0.23656150037516702
2012-10-02,SPY,0.28302235041457113
2012-10-02,TLT,0.24970968693336612
2012-10-03,GLD,0
2012-10-03,IWM,0.23070646227689567
2012-10-03,QQQ,0.23656150037516702
2012-10-03,SPY,0.28302235041457113
2012-10-03,TLT,0.24970968693336612
2012-10-04,GLD,0
2012-10-04,IWM,0.23070646227689567
2012-10-04,QQQ,0.23656150037516702
2012-10-04,SPY,0.28302235041457113
2012-10-04,TLT,0.24970968693336612
2012-10-05,GLD,0
2012-10-05,IWM,0.23070646227689567
2012-10-05,QQQ,0.23656150037516702
2012-10-05,SPY,0.28302235041457113
2012-10-05,TLT,0.24970968693336612
2012-10-08,GLD,0
2012-10-08,IWM,0.23070646227689567
2012-10-08,QQQ,0.23656150037516702
2012-10-08,SPY,0.28302235041457113
2012-10-08,TLT,0.24970968693336612
2012-10-09,GLD,0
2012-10-09,IWM,0.23070646227689567
2012-10-09,QQQ,0.23656150037516702
2012-10-09,SPY,0.28302235041457113
2012-10-09,TLT,0.24970968693336612
2012-10-10,GLD,0
2012-10-10,IWM,0.23070646227689567
2012-10-10,QQQ,0.23656150037516702
2012-10-10,SPY,0.28302235041457113
2012-10-10,TLT,0.24970968693336612
2012-10-11,GLD,0
2012-10-11,IWM,0.23070646227689567
2012-10-11,QQQ,0.23656150037516702
2012-10-11,SPY,0.28302235041457113
2012-10-11,TLT,0.24970968693336612
2012-10-12,GLD,0
2012-10-12,IWM,0.23070646227689567
2012-10-12,QQQ,0.23656150037516702
2012-10-12,SPY,0.28302235041457113
2012-10-12,TLT,0.24970968693336612
2012-10-15,GLD,0
2012-10-15,IWM,0.23070646227689567
2012-10-15,QQQ,0.23656150037516702
2012-10-15,SPY,0.28302235041457113
2012-10-15,TLT,0.24970968693336612
2012-10-16,GLD,0
2012-10-16,IWM,0.23070646227689567
2012-10-16,QQQ,0.23656150037516702
2012-10-16,SPY,0.28302235041457113
2012-10-16,TLT,0.24970968693336612
2012-10-17,GLD,0
2012-10-17,IWM,0.23070646227689567
2012-10-17,QQQ,0.23656150037516702
2012-10-17,SPY,0.28302235041457113
2012-10-17,TLT,0.24970968693336612
2012-10-18,GLD,0
2012-10-18,IWM,0.23070646227689567
2012-10-18,QQQ,0.23656150037516702
2012-10-18,SPY,0.28302235041457113
2012-10-18,TLT,0.24970968693336612
2012-10-19,GLD,0
2012-10-19,IWM,0.23070646227689567
2012-10-19,QQQ,0.23656150037516702
2012-10-19,SPY,0.28302235041457113
2012-10-19,TLT,0.24970968693336612
2012-10-22,GLD,0
2012-10-22,IWM,0.23070646227689567
2012-10-22,QQQ,0.23656150037516702
2012-10-22,SPY,0.28302235041457113
2012-10-22,TLT,0.24970968693336612
2012-10-23,GLD,0
2012-10-23,IWM,0.23070646227689567
2012-10-23,QQQ,0.23656150037516702
2012-10-23,SPY,0.28302235041457113
2012-10-23,TLT,0.24970968693336612
2012-10-24,GLD,0
2012-10-24,IWM,0.23070646227689567
2012-10-24,QQQ,0.23656150037516702
2012-10-24,SPY,0.28302235041457113
2012-10-24,TLT,0.24970968693336612
2012-10-25,GLD,0
2012-10-25,IWM,0.23070646227689567
2012-10-25,QQQ,0.23656150037516702
2012-10-25,SPY,0.28302235041457113
2012-10-25,TLT,0.24970968693336612
2012-10-26,GLD,0
2012-10-26,IWM,0.24473208888097331
2012-10-26,QQQ,0.24167806533701996
2012-10-26,SPY,0.29642104814857251
2012-10-26,TLT,0.2171687976334343
2012-10-31,GLD,0
2012-10-31,IWM,0.24473208888097331
2012-10-31,QQQ,0.24167806533701996
2012-10-31,SPY,0.29642104814857251
2012-10-31,TLT,0.2171687976334343
2012-11-01,GLD,0
2012-11-01,IWM,0.24473208888097331
2012-11-01,QQQ,0.24167806533701996
2012-11-01,SPY,0.29642104814857251
2012-11-01,TLT,0.2171687976334343
2012-11-02,GLD,0
2012-11-02,IWM,0.24473208888097331
2012-11-02,QQQ,0.24167806533701996
2012-11-02,SPY,0.29642104814857251
2012-11-02,TLT,0.2171687976334343
2012-11-05,GLD,0
2012-11-05,IWM,0.24473208888097331
2012-11-05,QQQ,0.24167806533701996
2012-11-05,SPY,0.29642104814857251
2012-11-05,TLT,0.2171687976334343
2012-11-06,GLD,0
2012-11-06,IWM,0.24473208888097331
2012-11-06,QQQ,0.24167806533701996
2012-11-06,SPY,0.29642104814857251
2012-11-06,TLT,0.2171687976334343
2012-11-07,GLD,0
2012-11-07,IWM,0.24473208888097331
2012-11-07,QQQ,0.24167806533701996
2012-11-07,SPY,0.29642104814857251
2012-11-07,TLT,0.2171687976334343
2012-11-08,GLD,0
2012-11-08,IWM,0.24473208888097331
2012-11-08,QQQ,0.24167806533701996
2012-11-08,SPY,0.29642104814857251
2012-11-08,TLT,0.2171687976334343
2012-11-09,GLD,0
2012-11-09,IWM,0.24473208888097331
2012-11-09,QQQ,0.24167806533701996
2012-11-09,SPY,0.29642104814857251
2012-11-09,TLT,0.2171687976334343
2012-11-12,GLD,0
2012-11-12,IWM,0.24473208888097331
2012-11-12,QQQ,0.24167806533701996
2012-11-12,SPY,0.29642104814857251
2012-11-12,TLT,0.2171687976334343
2012-11-13,GLD,0
2012-11-13,IWM,0.24473208888097331
2012-11-13,QQQ,0.24167806533701996
2012-11-13,SPY,0.29642104814857251
2012-11-13,TLT,0.2171687976334343
2012-11-14,GLD,0
2012-11-14,IWM,0.24473208888097331
2012-11-14,QQQ,0.24167806533701996
2012-11-14,SPY,0.29642104814857251
2012-11-14,TLT,0.2171687976334343
2012-11-15,GLD,0
2012-11-15,IWM,0.24473208888097331
2012-11-15,QQQ,0.24167806533701996
2012-11-15,SPY,0.29642104814857251
2012-11-15,TLT,0.2171687976334343
2012-11-16,GLD,0
2012-11-16,IWM,0.24473208888097331
2012-11-16,QQQ,0.24167806533701996
2012-11-16,SPY,0.29642104814857251
2012-11-16,TLT,0.2171687976334343
2012-11-19,GLD,0
2012-11-19,IWM,0.24473208888097331
2012-11-19,QQQ,0.24167806533701996
2012-11-19,SPY,0.29642104814857251
2012-11-19,TLT,0.2171687976334343
2012-11-20,GLD,0
2012-11-20,IWM,0.24473208888097331
2012-11-20,QQQ,0.24167806533701996
2012-11-20,SPY,0.29642104814857251
2012-11-20,TLT,0.2171687976334343
2012-11-21,GLD,0
2012-11-21,IWM,0.24473208888097331
2012-11-21,QQQ,0.24167806533701996
2012-11-21,SPY,0.29642104814857251
2012-11-21,TLT,0.2171687976334343
2012-11-23,GLD,0
2012-11-23,IWM,0.24473208888097331
2012-11-23,QQQ,0.24167806533701996
2012-11-23,SPY,0.29642104814857251
2012-11-23,TLT,0.2171687976334343
2012-11-26,GLD,0
2012-11-26,IWM,0.24473208888097331
2012-11-26,QQQ,0.24167806533701996
2012-11-26,SPY,0.29642104814857251
2012-11-26,TLT,0.2171687976334343
2012-11-27,GLD,0
2012-11-27,IWM,0.24473208888097331
2012-11-27,QQQ,0.24167806533701996
2012-11-27,SPY,0.29642104814857251
2012-11-27,TLT,0.2171687976334343
2012-11-28,GLD,0
2012-11-28,IWM,0.24473208888097331
2012-11-28,QQQ,0.24167806533701996
2012-11-28,SPY,0.29642104814857251
2012-11-28,TLT,0.2171687976334343
2012-11-29,GLD,0
2012-11-29,IWM,0.24123015379376708
2012-11-29,QQQ,0.22954416417481568
2012-11-29,SPY,0.27609995792177044
2012-11-29,TLT,0.25312572410964679
2012-11-30,GLD,0
2012-11-30,IWM,0.24123015379376708
2012-11-30,QQQ,0.22954416417481568
2012-11-30,SPY,0.27609995792177044
2012-11-30,TLT,0.25312572410964679
2012-12-03,GLD,0
2012-12-03,IWM,0.24123015379376708
2012-12-03,QQQ,0.22954416417481568
2012-12-03,SPY,0.27609995792177044
2012-12-03,TLT,0.25312572410964679
2012-12-04,GLD,0
2012-12-04,IWM,0.24123015379376708
2012-12-04,QQQ,0.22954416417481568
2012-12-04,SPY,0.27609995792177044
2012-12-04,TLT,0.25312572410964679
2012-12-05,GLD,0
2012-12-05,IWM,0.24123015379376708
2012-12-05,QQQ,0.22954416417481568
2012-12-05,SPY,0.27609995792177044
2012-12-05,TLT,0.25312572410964679
2012-12-06,GLD,0
2012-12-06,IWM,0.24123015379376708
2012-12-06,QQQ,0.22954416417481568
2012-12-06,SPY,0.27609995792177044
2012-12-06,TLT,0.25312572410964679
2012-12-07,GLD,0
2012-12-07,IWM,0.24123015379376708
2012-12-07,QQQ,0.22954416417481568
2012-12-07,SPY,0.27609995792177044
2012-12-07,TLT,0.25312572410964679
2012-12-10,GLD,0
2012-12-10,IWM,0.24123015379376708
2012-12-10,QQQ,0.22954416417481568
2012-12-10,SPY,0.27609995792177044
2012-12-10,TLT,0.25312572410964679
2012-12-11,GLD,0
2012-12-11,IWM,0.24123015379376708
2012-12-11,QQQ,0.22954416417481568
2012-12-11,SPY,0.27609995792177044
2012-12-11,TLT,0.25312572410964679
2012-12-12,GLD,0
2012-12-12,IWM,0.24123015379376708
2012-12-12,QQQ,0.22954416417481568
2012-12-12,SPY,0.27609995792177044
2012-12-12,TLT,0.25312572410964679
2012-12-13,GLD,0
2012-12-13,IWM,0.24123015379376708
2012-12-13,QQQ,0.22954416417481568
2012-12-13,SPY,0.27609995792177044
2012-12-13,TLT,0.25312572410964679
2012-12-14,GLD,0
2012-12-14,IWM,0.24123015379376708
2012-12-14,QQQ,0.22954416417481568
2012-12-14,SPY,0.27609995792177044
2012-12-14,TLT,0.25312572410964679
2012-12-17,GLD,0
2012-12-17,IWM,0.24123015379376708
2012-12-17,QQQ,0.22954416417481568
2012-12-17,SPY,0.27609995792177044
2012-12-17,TLT,0.25312572410964679
2012-12-18,GLD,0
2012-12-18,IWM,0.24123015379376708
2012-12-18,QQQ,0.22954416417481568
2012-12-18,SPY,0.27609995792177044
2012-12-18,TLT,0.25312572410964679
2012-12-19,GLD,0
2012-12-19,IWM,0.24123015379376708
2012-12-19,QQQ,0.22954416417481568
2012-12-19,SPY,0.27609995792177044
2012-12-19,TLT,0.25312572410964679
2012-12-20,GLD,0
2012-12-20,IWM,0.24123015379376708
2012-12-20,QQQ,0.22954416417481568
2012-12-20,SPY,0.27609995792177044
2012-12-20,TLT,0.25312572410964679
2012-12-21,GLD,0
2012-12-21,IWM,0.24123015379376708
2012-12-21,QQQ,0.22954416417481568
2012-12-21,SPY,0.27609995792177044
2012-12-21,TLT,0.25312572410964679
2012-12-24,GLD,0
2012-12-24,IWM,0.24123015379376708
2012-12-24,QQQ,0.22954416417481568
2012-12-24,SPY,0.27609995792177044
2012-12-24,TLT,0.25312572410964679
2012-12-26,GLD,0
2012-12-26,IWM,0.24123015379376708
2012-12-26,QQQ,0.22954416417481568
2012-12-26,SPY,0.27609995792177044
2012-12-26,TLT,0.25312572410964679
2012-12-27,GLD,0
2012-12-27,IWM,0.24123015379376708
2012-12-27,QQQ,0.22954416417481568
2012-12-27,SPY,0.27609995792177044
2012-12-27,TLT,0.25312572410964679
2012-12-28,GLD,0
2012-12-28,IWM,0.24123015379376708
2012-12-28,QQQ,0.22954416417481568
2012-12-28,SPY,0.27609995792177044
2012-12-28,TLT,0.25312572410964679
2012-12-31,GLD,0
2012-12-31,IWM,0.23803283020016772
2012-12-31,QQQ,0.22040495038692032
2012-12-31,SPY,0.26948799970241172
2012-12-31,TLT,0.27207421971050011
2013-01-02,GLD,0
2013-01-02,IWM,0.23803283020016772
2013-01-02,QQQ,0.22040495038692032
2013-01-02,SPY,0.26948799970241172
2013-01-02,TLT,0.27207421971050011
2013-01-03,GLD,0
2013-01-03,IWM,0.23803283020016772
2013-01-03,QQQ,0.22040495038692032
2013-01-03,SPY,0.26948799970241172
2013-01-03,TLT,0.27207421971050011
2013-01-04,GLD,0
2013-01-04,IWM,0.23803283020016772
2013-01-04,QQQ,0.22040495038692032
2013-01-04,SPY,0.26948799970241172
2013-01-04,TLT,0.27207421971050011
2013-01-07,GLD,0
2013-01-07,IWM,0.23803283020016772
2013-01-07,QQQ,0.22040495038692032
2013-01-07,SPY,0.26948799970241172
2013-01-07,TLT,0.27207421971050011
2013-01-08,GLD,0
2013-01-08,IWM,0.23803283020016772
2013-01-08,QQQ,0.22040495038692032
2013-01-08,SPY,0.26948799970241172
2013-01-08,TLT,0.27207421971050011
2013-01-09,GLD,0
2013-01-09,IWM,0.23803283020016772
2013-01-09,QQQ,0.22040495038692032
2013-01-09,SPY,0.26948799970241172
2013-01-09,TLT,0.27207421971050011
2013-01-10,GLD,0
2013-01-10,IWM,0.23803283020016772
2013-01-10,QQQ,0.22040495038692032
2013-01-10,SPY,0.26948799970241172
2013-01-10,TLT,0.27207421971050011
2013-01-11,GLD,0
2013-01-11,IWM,0.23803283020016772
2013-01-11,QQQ,0.22040495038692032
2013-01-11,SPY,0.26948799970241172
2013-01-11,TLT,0.27207421971050011
2013-01-14,GLD,0
2013-01-14,IWM,0.23803283020016772
2013-01-14,QQQ,0.22040495038692032
2013-01-14,SPY,0.26948799970241172
2013-01-14,TLT,0.27207421971050011
2013-01-15,GLD,0
2013-01-15,IWM,0.23803283020016772
2013-01-15,QQQ,0.22040495038692032
2013-01-15,SPY,0.26948799970241172
2013-01-15,TLT,0.27207421971050011
2013-01-16,GLD,0
2013-01-16,IWM,0.23803283020016772
2013-01-16,QQQ,0.22040495038692032
2013-01-16,SPY,0.26948799970241172
2013-01-16,TLT,0.27207421971050011
2013-01-17,GLD,0
2013-01-17,IWM,0.23803283020016772
2013-01-17,QQQ,0.22040495038692032
2013-01-17,SPY,0.26948799970241172
2013-01-17,TLT,0.27207421971050011
2013-01-18,GLD,0
2013-01-18,IWM,0.23803283020016772
2013-01-18,QQQ,0.22040495038692032
2013-01-18,SPY,0.26948799970241172
2013-01-18,TLT,0.27207421971050011
2013-01-22,GLD,0
2013-01-22,IWM,0.23803283020016772
2013-01-22,QQQ,0.22040495038692032
2013-01-22,SPY,0.26948799970241172
2013-01-22,TLT,0.27207421971050011
2013-01-23,GLD,0
2013-01-23,IWM,0.23803283020016772
2013-01-23,QQQ,0.22040495038692032
2013-01-23,SPY,0.26948799970241172
2013-01-23,TLT,0.27207421971050011
2013-01-24,GLD,0
2013-01-24,IWM,0.23803283020016772
2013-01-24,QQQ,0.22040495038692032
2013-01-24,SPY,0.26948799970241172
2013-01-24,TLT,0.27207421971050011
2013-01-25,GLD,0
2013-01-25,IWM,0.23803283020016772
2013-01-25,QQQ,0.22040495038692032
2013-01-25,SPY,0.26948799970241172
2013-01-25,TLT,0.27207421971050011
2013-01-28,GLD,0
2013-01-28,IWM,0.23803283020016772
2013-01-28,QQQ,0.22040495038692032
2013-01-28,SPY,0.26948799970241172
2013-01-28,TLT,0.27207421971050011
2013-01-29,GLD,0
2013-01-29,IWM,0.23803283020016772
2013-01-29,QQQ,0.22040495038692032
2013-01-29,SPY,0.26948799970241172
2013-01-29,TLT,0.27207421971050011
2013-01-30,GLD,0
2013-01-30,IWM,0.23803283020016772
2013-01-30,QQQ,0.22040495038692032
2013-01-30,SPY,0.26948799970241172
2013-01-30,TLT,0.27207421971050011
2013-01-31,GLD,0.25
2013-01-31,IWM,0.24060860293692768
2013-01-31,QQQ,0.22926907658640591
2013-01-31,SPY,0.28012232047666641
2013-01-31,TLT,0
2013-02-01,GLD,0.25
2013-02-01,IWM,0.24060860293692768
2013-02-01,QQQ,0.22926907658640591
2013-02-01,SPY,0.28012232047666641
2013-02-01,TLT,0
2013-02-04,GLD,0.25
2013-02-04,IWM,0.24060860293692768
2013-02-04,QQQ,0.22926907658640591
2013-02-04,SPY,0.28012232047666641
2013-02-04,TLT,0
2013-02-05,GLD,0.25
2013-02-05,IWM,0.24060860293692768
2013-02-05,QQQ,0.22926907658640591
2013-02-05,SPY,0.28012232047666641
2013-02-05,TLT,0
2013-02-06,GLD,0.25
2013-02-06,IWM,0.24060860293692768
2013-02-06,QQQ,0.22926907658640591
2013-02-06,SPY,0.28012232047666641
2013-02-06,TLT,0
2013-02-07,GLD,0.25
2013-02-07,IWM,0.24060860293692768
2013-02-07,QQQ,0.22926907658640591
2013-02-07,SPY,0.28012232047666641
2013-02-07,TLT,0
2013-02-08,GLD,0.25
2013-02-08,IWM,0.24060860293692768
2013-02-08,QQQ,0.22926907658640591
2013-02-08,SPY,0.28012232047666641
2013-02-08,TLT,0
2013-02-11,GLD,0.25
2013-02-11,IWM,0.24060860293692768
2013-02-11,QQQ,0.22926907658640591
2013-02-11,SPY,0.28012232047666641
2013-02-11,TLT,0
2013-02-12,GLD,0.25
2013-02-12,IWM,0.24060860293692768
2013-02-12,QQQ,0.22926907658640591
2013-02-12,SPY,0.28012232047666641
2013-02-12,TLT,0
2013-02-13,GLD,0.25
2013-02-13,IWM,0.24060860293692768
2013-02-13,QQQ,0.22926907658640591
2013-02-13,SPY,0.28012232047666641
2013-02-13,TLT,0
2013-02-14,GLD,0.25
2013-02-14,IWM,0.24060860293692768
2013-02-14,QQQ,0.22926907658640591
2013-02-14,SPY,0.28012232047666641
2013-02-14,TLT,0
2013-02-15,GLD,0.25
2013-02-15,IWM,0.24060860293692768
2013-02-15,QQQ,0.22926907658640591
2013-02-15,SPY,0.28012232047666641
2013-02-15,TLT,0
2013-02-19,GLD,0.25
2013-02-19,IWM,0.24060860293692768
2013-02-19,QQQ,0.22926907658640591
2013-02-19,SPY,0.28012232047666641
2013-02-19,TLT,0
2013-02-20,GLD,0.25
2013-02-20,IWM,0.24060860293692768
2013-02-20,QQQ,0.22926907658640591
2013-02-20,SPY,0.28012232047666641
2013-02-20,TLT,0
2013-02-21,GLD,0.25
2013-02-21,IWM,0.24060860293692768
2013-02-21,QQQ,0.22926907658640591
2013-02-21,SPY,0.28012232047666641
2013-02-21,TLT,0
2013-02-22,GLD,0.25
2013-02-22,IWM,0.24060860293692768
2013-02-22,QQQ,0.22926907658640591
2013-02-22,SPY,0.28012232047666641
2013-02-22,TLT,0
2013-02-25,GLD,0.25
2013-02-25,IWM,0.24060860293692768
2013-02-25,QQQ,0.22926907658640591
2013-02-25,SPY,0.28012232047666641
2013-02-25,TLT,0
2013-02-26,GLD,0.25
2013-02-26,IWM,0.24060860293692768
2013-02-26,QQQ,0.22926907658640591
2013-02-26,SPY,0.28012232047666641
2013-02-26,TLT,0
2013-02-27,GLD,0.25
2013-02-27,IWM,0.24060860293692768
2013-02-27,QQQ,0.22926907658640591
2013-02-27,SPY,0.28012232047666641
2013-02-27,TLT,0
2013-02-28,GLD,0.25
2013-02-28,IWM,0.24060860293692768
2013-02-28,QQQ,0.22926907658640591
2013-02-28,SPY,0.28012232047666641
2013-02-28,TLT,0
2013-03-01,GLD,0.25
2013-03-01,IWM,0.24060860293692768
2013-03-01,QQQ,0.22926907658640591
2013-03-01,SPY,0.28012232047666641
2013-03-01,TLT,0
2013-03-04,GLD,0.25
2013-03-04,IWM,0.24286585531522775
2013-03-04,QQQ,0.22713786218308707
2013-03-04,SPY,0.27999628250168512
2013-03-04,TLT,0
2013-03-05,GLD,0.25
2013-03-05,IWM,0.24286585531522775
2013-03-05,QQQ,0.22713786218308707
2013-03-05,SPY,0.27999628250168512
2013-03-05,TLT,0
2013-03-06,GLD,0.25
2013-03-06,IWM,0.24286585531522775
2013-03-06,QQQ,0.22713786218308707
2013-03-06,SPY,0.27999628250168512
2013-03-06,TLT,0
2013-03-07,GLD,0.25
2013-03-07,IWM,0.24286585531522775
2013-03-07,QQQ,0.22713786218308707
2013-03-07,SPY,0.27999628250168512
2013-03-07,TLT,0
2013-03-08,GLD,0.25
2013-03-08,IWM,0.24286585531522775
2013-03-08,QQQ,0.22713786218308707
2013-03-08,SPY,0.27999628250168512
2013-03-08,TLT,0
2013-03-11,GLD,0.25
2013-03-11,IWM,0.24286585531522775
2013-03-11,QQQ,0.22713786218308707
2013-03-11,SPY,0.27999628250168512
2013-03-11,TLT,0
2013-03-12,GLD,0.25
2013-03-12,IWM,0.24286585531522775
2013-03-12,QQQ,0.22713786218308707
2013-03-12,SPY,0.27999628250168512
2013-03-12,TLT,0
2013-03-13,GLD,0.25
2013-03-13,IWM,0.24286585531522775
2013-03-13,QQQ,0.22713786218308707
2013-03-13,SPY,0.27999628250168512
2013-03-13,TLT,0
2013-03-14,GLD,0.25
2013-03-14,IWM,0.24286585531522775
2013-03-14,QQQ,0.22713786218308707
2013-03-14,SPY,0.27999628250168512
2013-03-14,TLT,0
2013-03-15,GLD,0.25
2013-03-15,IWM,0.24286585531522775
2013-03-15,QQQ,0.22713786218308707
2013-03-15,SPY,0.27999628250168512
2013-03-15,TLT,0
2013-03-18,GLD,0.25
2013-03-18,IWM,0.24286585531522775
2013-03-18,QQQ,0.22713786218308707
2013-03-18,SPY,0.27999628250168512
2013-03-18,TLT,0
2013-03-19,GLD,0.25
2013-03-19,IWM,0.24286585531522775
2013-03-19,QQQ,0.22713786218308707
2013-03-19,SPY,0.27999628250168512
2013-03-19,TLT,0
2013-03-20,GLD,0.25
2013-03-20,IWM,0.24286585531522775
2013-03-20,QQQ,0.22713786218308707
2013-03-20,SPY,0.27999628250168512
2013-03-20,TLT,0
2013-03-21,GLD,0.25
2013-03-21,IWM,0.24286585531522775
2013-03-21,QQQ,0.22713786218308707
2013-03-21,SPY,0.27999628250168512
2013-03-21,TLT,0
2013-03-22,GLD,0.25
2013-03-22,IWM,0.24286585531522775
2013-03-22,QQQ,0.22713786218308707
2013-03-22,SPY,0.27999628250168512
2013-03-22,TLT,0
2013-03-25,GLD,0.25
2013-03-25,IWM,0.24286585531522775
2013-03-25,QQQ,0.22713786218308707
2013-03-25,SPY,0.27999628250168512
2013-03-25,TLT,0
2013-03-26,GLD,0.25
2013-03-26,IWM,0.24286585531522775
2013-03-26,QQQ,0.22713786218308707
2013-03-26,SPY,0.27999628250168512
2013-03-26,TLT,0
2013-03-27,GLD,0.25
2013-03-27,IWM,0.24286585531522775
2013-03-27,QQQ,0.22713786218308707
2013-03-27,SPY,0.27999628250168512
2013-03-27,TLT,0
2013-03-28,GLD,0.25
2013-03-28,IWM,0.24286585531522775
2013-03-28,QQQ,0.22713786218308707
2013-03-28,SPY,0.27999628250168512
2013-03-28,TLT,0
2013-04-01,GLD,0.25
2013-04-01,IWM,0.24286585531522775
2013-04-01,QQQ,0.22713786218308707
2013-04-01,SPY,0.27999628250168512
2013-04-01,TLT,0
2013-04-02,GLD,0.25
2013-04-02,IWM,0.24286585531522775
2013-04-02,QQQ,0.22713786218308707
2013-04-02,SPY,0.27999628250168512
2013-04-02,TLT,0
2013-04-03,GLD,0.25
2013-04-03,IWM,0.22997812093484493
2013-04-03,QQQ,0.23755101621636765
2013-04-03,SPY,0.28247086284878747
2013-04-03,TLT,0
2013-04-04,GLD,0.25
2013-04-04,IWM,0.22997812093484493
2013-04-04,QQQ,0.23755101621636765
2013-04-04,SPY,0.28247086284878747
2013-04-04,TLT,0
2013-04-05,GLD,0.25
2013-04-05,IWM,0.22997812093484493
2013-04-05,QQQ,0.23755101621636765
2013-04-05,SPY,0.28247086284878747
2013-04-05,TLT,0
2013-04-08,GLD,0.25
2013-04-08,IWM,0.22997812093484493
2013-04-08,QQQ,0.23755101621636765
2013-04-08,SPY,0.28247086284878747
2013-04-08,TLT,0
2013-04-09,GLD,0.25
2013-04-09,IWM,0.22997812093484493
2013-04-09,QQQ,0.23755101621636765
2013-04-09,SPY,0.28247086284878747
2013-04-09,TLT,0
2013-04-10,GLD,0.25
2013-04-10,IWM,0.22997812093484493
2013-04-10,QQQ,0.23755101621636765
2013-04-10,SPY,0.28247086284878747
2013-04-10,TLT,0
2013-04-11,GLD,0.25
2013-04-11,IWM,0.22997812093484493
2013-04-11,QQQ,0.23755101621636765
2013-04-11,SPY,0.28247086284878747
2013-04-11,TLT,0
2013-04-12,GLD,0.25
2013-04-12,IWM,0.22997812093484493
2013-04-12,QQQ,0.23755101621636765
2013-04-12,SPY,0.28247086284878747
2013-04-12,TLT,0
2013-04-15,GLD,0.25
2013-04-15,IWM,0.22997812093484493
2013-04-15,QQQ,0.23755101621636765
2013-04-15,SPY,0.28247086284878747
2013-04-15,TLT,0
2013-04-16,GLD,0.25
2013-04-16,IWM,0.22997812093484493
2013-04-16,QQQ,0.23755101621636765
2013-04-16,SPY,0.28247086284878747
2013-04-16,TLT,0
2013-04-17,GLD,0.25
2013-04-17,IWM,0.22997812093484493
2013-04-17,QQQ,0.23755101621636765
2013-04-17,SPY,0.28247086284878747
2013-04-17,TLT,0
2013-04-18,GLD,0.25
2013-04-18,IWM,0.22997812093484493
2013-04-18,QQQ,0.23755101621636765
2013-04-18,SPY,0.28247086284878747
2013-04-18,TLT,0
2013-04-19,GLD,0.25
2013-04-19,IWM,0.22997812093484493
2013-04-19,QQQ,0.23755101621636765
2013-04-19,SPY,0.28247086284878747
2013-04-19,TLT,0
2013-04-22,GLD,0.25
2013-04-22,IWM,0.22997812093484493
2013-04-22,QQQ,0.23755101621636765
2013-04-22,SPY,0.28247086284878747
2013-04-22,TLT,0
2013-04-23,GLD,0.25
2013-04-23,IWM,0.22997812093484493
2013-04-23,QQQ,0.23755101621636765
2013-04-23,SPY,0.28247086284878747
2013-04-23,TLT,0
2013-04-24,GLD,0.25
2013-04-24,IWM,0.22997812093484493
2013-04-24,QQQ,0.23755101621636765
2013-04-24,SPY,0.28247086284878747
2013-04-24,TLT,0
2013-04-25,GLD,0.25
2013-04-25,IWM,0.22997812093484493
2013-04-25,QQQ,0.23755101621636765
2013-04-25,SPY,0.28247086284878747
2013-04-25,TLT,0
2013-04-26,GLD,0.25
2013-04-26,IWM,0.22997812093484493
2013-04-26,QQQ,0.23755101621636765
2013-04-26,SPY,0.28247086284878747
2013-04-26,TLT,0
2013-04-29,GLD,0.25
2013-04-29,IWM,0.22997812093484493
2013-04-29,QQQ,0.23755101621636765
2013-04-29,SPY,0.28247086284878747
2013-04-29,TLT,0
2013-04-30,GLD,0.25
2013-04-30,IWM,0.22997812093484493
2013-04-30,QQQ,0.23755101621636765
2013-04-30,SPY,0.28247086284878747
2013-04-30,TLT,0
2013-05-01,GLD,0.25
2013-05-01,IWM,0.22997812093484493
2013-05-01,QQQ,0.23755101621636765
2013-05-01,SPY,0.28247086284878747
2013-05-01,TLT,0
2013-05-02,GLD,0
2013-05-02,IWM,0.20137552493163285
2013-05-02,QQQ,0.23963437801934795
2013-05-02,SPY,0.27729222721973618
2013-05-02,TLT,0.28169786982928308
2013-05-03,GLD,0
2013-05-03,IWM,0.20137552493163285
2013-05-03,QQQ,0.23963437801934795
2013-05-03,SPY,0.27729222721973618
2013-05-03,TLT,0.28169786982928308
2013-05-06,GLD,0
2013-05-06,IWM,0.20137552493163285
2013-05-06,QQQ,0.23963437801934795
2013-05-06,SPY,0.27729222721973618
2013-05-06,TLT,0.28169786982928308
2013-05-07,GLD,0
2013-05-07,IWM,0.20137552493163285
2013-05-07,QQQ,0.23963437801934795
2013-05-07,SPY,0.27729222721973618
2013-05-07,TLT,0.28169786982928308
2013-05-08,GLD,0
2013-05-08,IWM,0.20137552493163285
2013-05-08,QQQ,0.23963437801934795
2013-05-08,SPY,0.27729222721973618
2013-05-08,TLT,0.28169786982928308
2013-05-09,GLD,0
2013-05-09,IWM,0.20137552493163285
2013-05-09,QQQ,0.23963437801934795
2013-05-09,SPY,0.27729222721973618
2013-05-09,TLT,0.28169786982928308
2013-05-10,GLD,0
2013-05-10,IWM,0.20137552493163285
2013-05-10,QQQ,0.23963437801934795
2013-05-10,SPY,0.27729222721973618
2013-05-10,TLT,0.28169786982928308
2013-05-13,GLD,0
2013-05-13,IWM,0.20137552493163285
2013-05-13,QQQ,0.23963437801934795
2013-05-13,SPY,0.27729222721973618
2013-05-13,TLT,0.28169786982928308
2013-05-14,GLD,0
2013-05-14,IWM,0.20137552493163285
2013-05-14,QQQ,0.23963437801934795
2013-05-14,SPY,0.27729222721973618
2013-05-14,TLT,0.28169786982928308
2013-05-15,GLD,0
2013-05-15,IWM,0.20137552493163285
2013-05-15,QQQ,0.23963437801934795
2013-05-15,SPY,0.27729222721973618
2013-05-15,TLT,0.28169786982928308
2013-05-16,GLD,0
2013-05-16,IWM,0.20137552493163285
2013-05-16,QQQ,0.23963437801934795
2013-05-16,SPY,0.27729222721973618
2013-05-16,TLT,0.28169786982928308
2013-05-17,GLD,0
2013-05-17,IWM,0.20137552493163285
2013-05-17,QQQ,0.23963437801934795
2013-05-17,SPY,0.27729222721973618
2013-05-17,TLT,0.28169786982928308
2013-05-20,GLD,0
2013-05-20,IWM,0.20137552493163285
2013-05-20,QQQ,0.23963437801934795
2013-05-20,SPY,0.27729222721973618
2013-05-20,TLT,0.28169786982928308
2013-05-21,GLD,0
2013-05-21,IWM,0.20137552493163285
2013-05-21,QQQ,0.23963437801934795
2013-05-21,SPY,0.27729222721973618
2013-05-21,TLT,0.28169786982928308
2013-05-22,GLD,0
2013-05-22,IWM,0.20137552493163285
2013-05-22,QQQ,0.23963437801934795
2013-05-22,SPY,0.27729222721973618
2013-05-22,TLT,0.28169786982928308
2013-05-23,GLD,0
2013-05-23,IWM,0.20137552493163285
2013-05-23,QQQ,0.23963437801934795
2013-05-23,SPY,0.27729222721973618
2013-05-23,TLT,0.28169786982928308
2013-05-24,GLD,0
2013-05-24,IWM,0.20137552493163285
2013-05-24,QQQ,0.23963437801934795
2013-05-24,SPY,0.27729222721973618
2013-05-24,TLT,0.28169786982928308
2013-05-28,GLD,0
2013-05-28,IWM,0.20137552493163285
2013-05-28,QQQ,0.23963437801934795
2013-05-28,SPY,0.27729222721973618
2013-05-28,TLT,0.28169786982928308
2013-05-29,GLD,0
2013-05-29,IWM,0.20137552493163285
2013-05-29,QQQ,0.23963437801934795
2013-05-29,SPY,0.27729222721973618
2013-05-29,TLT,0.28169786982928308
2013-05-30,GLD,0
2013-05-30,IWM,0.20137552493163285
2013-05-30,QQQ,0.23963437801934795
2013-05-30,SPY,0.27729222721973618
2013-05-30,TLT,0.28169786982928308
2013-05-31,GLD,0
2013-05-31,IWM,0.20137552493163285
2013-05-31,QQQ,0.23963437801934795
2013-05-31,SPY,0.27729222721973618
2013-05-31,TLT,0.28169786982928308
2013-06-03,GLD,0.25
2013-06-03,IWM,0.19908698657162871
2013-06-03,QQQ,0.26168941812860708
2013-06-03,SPY,0.28922359529976421
2013-06-03,TLT,0
2013-06-04,GLD,0.25
2013-06-04,IWM,0.19908698657162871
2013-06-04,QQQ,0.26168941812860708
2013-06-04,SPY,0.28922359529976421
2013-06-04,TLT,0
2013-06-05,GLD,0.25
2013-06-05,IWM,0.19908698657162871
2013-06-05,QQQ,0.26168941812860708
2013-06-05,SPY,0.28922359529976421
2013-06-05,TLT,0
2013-06-06,GLD,0.25
2013-06-06,IWM,0.19908698657162871
2013-06-06,QQQ,0.26168941812860708
2013-06-06,SPY,0.28922359529976421
2013-06-06,TLT,0
2013-06-07,GLD,0.25
2013-06-07,IWM,0.19908698657162871
2013-06-07,QQQ,0.26168941812860708
2013-06-07,SPY,0.28922359529976421
2013-06-07,TLT,0
2013-06-10,GLD,0.25
2013-06-10,IWM,0.19908698657162871
2013-06-10,QQQ,0.26168941812860708
2013-06-10,SPY,0.28922359529976421
2013-06-10,TLT,0
2013-06-11,GLD,0.25
2013-06-11,IWM,0.19908698657162871
2013-06-11,QQQ,0.26168941812860708
2013-06-11,SPY,0.28922359529976421
2013-06-11,TLT,0
2013-06-12,GLD,0.25
2013-06-12,IWM,0.19908698657162871
2013-06-12,QQQ,0.26168941812860708
2013-06-12,SPY,0.28922359529976421
2013-06-12,TLT,0
2013-06-13,GLD,0.25
2013-06-13,IWM,0.19908698657162871
2013-06-13,QQQ,0.26168941812860708
2013-06-13,SPY,0.28922359529976421
2013-06-13,TLT,0
2013-06-14,GLD,0.25
2013-06-14,IWM,0.19908698657162871
2013-06-14,QQQ,0.26168941812860708
2013-06-14,SPY,0.28922359529976421
2013-06-14,TLT,0
2013-06-17,GLD,0.25
2013-06-17,IWM,0.19908698657162871
2013-06-17,QQQ,0.26168941812860708
2013-06-17,SPY,0.28922359529976421
2013-06-17,TLT,0
2013-06-18,GLD,0.25
2013-06-18,IWM,0.19908698657162871
2013-06-18,QQQ,0.26168941812860708
2013-06-18,SPY,0.28922359529976421
2013-06-18,TLT,0
2013-06-19,GLD,0.25
2013-06-19,IWM,0.19908698657162871
2013-06-19,QQQ,0.26168941812860708
2013-06-19,SPY,0.28922359529976421
2013-06-19,TLT,0
2013-06-20,GLD,0.25
2013-06-20,IWM,0.19908698657162871
2013-06-20,QQQ,0.26168941812860708
2013-06-20,SPY,0.28922359529976421
2013-06-20,TLT,0
2013-06-21,GLD,0.25
2013-06-21,IWM,0.19908698657162871
2013-06-21,QQQ,0.26168941812860708
2013-06-21,SPY,0.28922359529976421
2013-06-21,TLT,0
2013-06-24,GLD,0.25
2013-06-24,IWM,0.19908698657162871
2013-06-24,QQQ,0.26168941812860708
2013-06-24,SPY,0.28922359529976421
2013-06-24,TLT,0
2013-06-25,GLD,0.25
2013-06-25,IWM,0.19908698657162871
2013-06-25,QQQ,0.26168941812860708
2013-06-25,SPY,0.28922359529976421
2013-06-25,TLT,0
2013-06-26,GLD,0.25
2013-06-26,IWM,0.19908698657162871
2013-06-26,QQQ,0.26168941812860708
2013-06-26,SPY,0.28922359529976421
2013-06-26,TLT,0
2013-06-27,GLD,0.25
2013-06-27,IWM,0.19908698657162871
2013-06-27,QQQ,0.26168941812860708
2013-06-27,SPY,0.28922359529976421
2013-06-27,TLT,0
2013-06-28,GLD,0.25
2013-06-28,IWM,0.19908698657162871
2013-06-28,QQQ,0.26168941812860708
2013-06-28,SPY,0.28922359529976421
2013-06-28,TLT,0
2013-07-01,GLD,0.25
2013-07-01,IWM,0.19908698657162871
2013-07-01,QQQ,0.26168941812860708
2013-07-01,SPY,0.28922359529976421
2013-07-01,TLT,0
2013-07-02,GLD,0.25
2013-07-02,IWM,0.20886809389381877
2013-07-02,QQQ,0.26760534582669315
2013-07-02,SPY,0.27352656027948807
2013-07-02,TLT,0
2013-07-03,GLD,0.25
2013-07-03,IWM,0.20886809389381877
2013-07-03,QQQ,0.26760534582669315
2013-07-03,SPY,0.27352656027948807
2013-07-03,TLT,0
2013-07-05,GLD,0.25
2013-07-05,IWM,0.20886809389381877
2013-07-05,QQQ,0.26760534582669315
2013-07-05,SPY,0.27352656027948807
2013-07-05,TLT,0
2013-07-08,GLD,0.25
2013-07-08,IWM,0.20886809389381877
2013-07-08,QQQ,0.26760534582669315
2013-07-08,SPY,0.27352656027948807
2013-07-08,TLT,0
2013-07-09,GLD,0.25
2013-07-09,IWM,0.20886809389381877
2013-07-09,QQQ,0.26760534582669315
2013-07-09,SPY,0.27352656027948807
2013-07-09,TLT,0
2013-07-10,GLD,0.25
2013-07-10,IWM,0.20886809389381877
2013-07-10,QQQ,0.26760534582669315
2013-07-10,SPY,0.27352656027948807
2013-07-10,TLT,0
2013-07-11,GLD,0.25
2013-07-11,IWM,0.20886809389381877
2013-07-11,QQQ,0.26760534582669315
2013-07-11,SPY,0.27352656027948807
2013-07-11,TLT,0
2013-07-12,GLD,0.25
2013-07-12,IWM,0.20886809389381877
2013-07-12,QQQ,0.26760534582669315
2013-07-12,SPY,0.27352656027948807
2013-07-12,TLT,0
2013-07-15,GLD,0.25
2013-07-15,IWM,0.20886809389381877
2013-07-15,QQQ,0.26760534582669315
2013-07-15,SPY,0.27352656027948807
2013-07-15,TLT,0
2013-07-16,GLD,0.25
2013-07-16,IWM,0.20886809389381877
2013-07-16,QQQ,0.26760534582669315
2013-07-16,SPY,0.27352656027948807
2013-07-16,TLT,0
2013-07-17,GLD,0.25
2013-07-17,IWM,0.20886809389381877
2013-07-17,QQQ,0.26760534582669315
2013-07-17,SPY,0.27352656027948807
2013-07-17,TLT,0
2013-07-18,GLD,0.25
2013-07-18,IWM,0.20886809389381877
2013-07-18,QQQ,0.26760534582669315
2013-07-18,SPY,0.27352656027948807
2013-07-18,TLT,0
2013-07-19,GLD,0.25
2013-07-19,IWM,0.20886809389381877
2013-07-19,QQQ,0.26760534582669315
2013-07-19,SPY,0.27352656027948807
2013-07-19,TLT,0
2013-07-22,GLD,0.25
2013-07-22,IWM,0.20886809389381877
2013-07-22,QQQ,0.26760534582669315
2013-07-22,SPY,0.27352656027948807
2013-07-22,TLT,0
2013-07-23,GLD,0.25
2013-07-23,IWM,0.20886809389381877
2013-07-23,QQQ,0.26760534582669315
2013-07-23,SPY,0.27352656027948807
2013-07-23,TLT,0
2013-07-24,GLD,0.25
2013-07-24,IWM,0.20886809389381877
2013-07-24,QQQ,0.26760534582669315
2013-07-24,SPY,0.27352656027948807
2013-07-24,TLT,0
2013-07-25,GLD,0.25
2013-07-25,IWM,0.20886809389381877
2013-07-25,QQQ,0.26760534582669315
2013-07-25,SPY,0.27352656027948807
2013-07-25,TLT,0
2013-07-26,GLD,0.25
2013-07-26,IWM,0.20886809389381877
2013-07-26,QQQ,0.26760534582669315
2013-07-26,SPY,0.27352656027948807
2013-07-26,TLT,0
2013-07-29,GLD,0.25
2013-07-29,IWM,0.20886809389381877
2013-07-29,QQQ,0.26760534582669315
2013-07-29,SPY,0.27352656027948807
2013-07-29,TLT,0
2013-07-30,GLD,0.25
2013-07-30,IWM,0.20886809389381877
2013-07-30,QQQ,0.26760534582669315
2013-07-30,SPY,0.27352656027948807
2013-07-30,TLT,0
2013-07-31,GLD,0.25
2013-07-31,IWM,0.20886809389381877
2013-07-31,QQQ,0.26760534582669315
2013-07-31,SPY,0.27352656027948807
2013-07-31,TLT,0
2013-08-01,GLD,0.25
2013-08-01,IWM,0.22111185932314795
2013-08-01,QQQ,0.26715107517933534
2013-08-01,SPY,0.2617370654975168
2013-08-01,TLT,0
2013-08-02,GLD,0.25
2013-08-02,IWM,0.22111185932314795
2013-08-02,QQQ,0.26715107517933534
2013-08-02,SPY,0.2617370654975168
2013-08-02,TLT,0
2013-08-05,GLD,0.25
2013-08-05,IWM,0.22111185932314795
2013-08-05,QQQ,0.26715107517933534
2013-08-05,SPY,0.2617370654975168
2013-08-05,TLT,0
2013-08-06,GLD,0.25
2013-08-06,IWM,0.22111185932314795
2013-08-06,QQQ,0.26715107517933534
2013-08-06,SPY,0.2617370654975168
2013-08-06,TLT,0
2013-08-07,GLD,0.25
2013-08-07,IWM,0.22111185932314795
2013-08-07,QQQ,0.26715107517933534
2013-08-07,SPY,0.2617370654975168
2013-08-07,TLT,0
2013-08-08,GLD,0.25
2013-08-08,IWM,0.22111185932314795
2013-08-08,QQQ,0.26715107517933534
2013-08-08,SPY,0.2617370654975168
2013-08-08,TLT,0
2013-08-09,GLD,0.25
2013-08-09,IWM,0.22111185932314795
2013-08-09,QQQ,0.26715107517933534
2013-08-09,SPY,0.2617370654975168
2013-08-09,TLT,0
2013-08-12,GLD,0.25
2013-08-12,IWM,0.22111185932314795
2013-08-12,QQQ,0.26715107517933534
2013-08-12,SPY,0.2617370654975168
2013-08-12,TLT,0
2013-08-13,GLD,0.25
2013-08-13,IWM,0.22111185932314795
2013-08-13,QQQ,0.26715107517933534
2013-08-13,SPY,0.2617370654975168
2013-08-13,TLT,0
2013-08-14,GLD,0.25
2013-08-14,IWM,0.22111185932314795
2013-08-14,QQQ,0.26715107517933534
2013-08-14,SPY,0.2617370654975168
2013-08-14,TLT,0
2013-08-15,GLD,0.25
2013-08-15,IWM,0.22111185932314795
2013-08-15,QQQ,0.26715107517933534
2013-08-15,SPY,0.2617370654975168
2013-08-15,TLT,0
2013-08-16,GLD,0.25
2013-08-16,IWM,0.22111185932314795
2013-08-16,QQQ,0.26715107517933534
2013-08-16,SPY,0.2617370654975168
2013-08-16,TLT,0
2013-08-19,GLD,0.25
2013-08-19,IWM,0.22111185932314795
2013-08-19,QQQ,0.26715107517933534
2013-08-19,SPY,0.2617370654975168
2013-08-19,TLT,0
2013-08-20,GLD,0.25
2013-08-20,IWM,0.22111185932314795
2013-08-20,QQQ,0.26715107517933534
2013-08-20,SPY,0.2617370654975168
2013-08-20,TLT,0
2013-08-21,GLD,0.25
2013-08-21,IWM,0.22111185932314795
2013-08-21,QQQ,0.26715107517933534
2013-08-21,SPY,0.2617370654975168
2013-08-21,TLT,0
2013-08-22,GLD,0.25
2013-08-22,IWM,0.22111185932314795
2013-08-22,QQQ,0.26715107517933534
2013-08-22,SPY,0.2617370654975168
2013-08-22,TLT,0
2013-08-23,GLD,0.25
2013-08-23,IWM,0.22111185932314795
2013-08-23,QQQ,0.26715107517933534
2013-08-23,SPY,0.2617370654975168
2013-08-23,TLT,0
2013-08-26,GLD,0.25
2013-08-26,IWM,0.22111185932314795
2013-08-26,QQQ,0.26715107517933534
2013-08-26,SPY,0.2617370654975168
2013-08-26,TLT,0
2013-08-27,GLD,0.25
2013-08-27,IWM,0.22111185932314795
2013-08-27,QQQ,0.26715107517933534
2013-08-27,SPY,0.2617370654975168
2013-08-27,TLT,0
2013-08-28,GLD,0.25
2013-08-28,IWM,0.22111185932314795
2013-08-28,QQQ,0.26715107517933534
2013-08-28,SPY,0.2617370654975168
2013-08-28,TLT,0
2013-08-29,GLD,0.25
2013-08-29,IWM,0.22111185932314795
2013-08-29,QQQ,0.26715107517933534
2013-08-29,SPY,0.2617370654975168
2013-08-29,TLT,0
2013-08-30,GLD,0.25
2013-08-30,IWM,0.21774013578637885
2013-08-30,QQQ,0.25923352878633393
2013-08-30,SPY,0.27302633542728721
2013-08-30,TLT,0
2013-09-03,GLD,0.25
2013-09-03,IWM,0.21774013578637885
2013-09-03,QQQ,0.25923352878633393
2013-09-03,SPY,0.27302633542728721
2013-09-03,TLT,0
2013-09-04,GLD,0.25
2013-09-04,IWM,0.21774013578637885
2013-09-04,QQQ,0.25923352878633393
2013-09-04,SPY,0.27302633542728721
2013-09-04,TLT,0
2013-09-05,GLD,0.25
2013-09-05,IWM,0.21774013578637885
2013-09-05,QQQ,0.25923352878633393
2013-09-05,SPY,0.27302633542728721
2013-09-05,TLT,0
2013-09-06,GLD,0.25
2013-09-06,IWM,0.21774013578637885
2013-09-06,QQQ,0.25923352878633393
2013-09-06,SPY,0.27302633542728721
2013-09-06,TLT,0
2013-09-09,GLD,0.25
2013-09-09,IWM,0.21774013578637885
2013-09-09,QQQ,0.25923352878633393
2013-09-09,SPY,0.27302633542728721
2013-09-09,TLT,0
2013-09-10,GLD,0.25
2013-09-10,IWM,0.21774013578637885
2013-09-10,QQQ,0.25923352878633393
2013-09-10,SPY,0.27302633542728721
2013-09-10,TLT,0
2013-09-11,GLD,0.25
2013-09-11,IWM,0.21774013578637885
2013-09-11,QQQ,0.25923352878633393
2013-09-11,SPY,0.27302633542728721
2013-09-11,TLT,0
2013-09-12,GLD,0.25
2013-09-12,IWM,0.21774013578637885
2013-09-12,QQQ,0.25923352878633393
2013-09-12,SPY,0.27302633542728721
2013-09-12,TLT,0
2013-09-13,GLD,0.25
2013-09-13,IWM,0.21774013578637885
2013-09-13,QQQ,0.25923352878633393
2013-09-13,SPY,0.27302633542728721
2013-09-13,TLT,0
2013-09-16,GLD,0.25
2013-09-16,IWM,0.21774013578637885
2013-09-16,QQQ,0.25923352878633393
2013-09-16,SPY,0.27302633542728721
2013-09-16,TLT,0
2013-09-17,GLD,0.25
2013-09-17,IWM,0.21774013578637885
2013-09-17,QQQ,0.25923352878633393
2013-09-17,SPY,0.27302633542728721
2013-09-17,TLT,0
2013-09-18,GLD,0.25
2013-09-18,IWM,0.21774013578637885
2013-09-18,QQQ,0.25923352878633393
2013-09-18,SPY,0.27302633542728721
2013-09-18,TLT,0
2013-09-19,GLD,0.25
2013-09-19,IWM,0.21774013578637885
2013-09-19,QQQ,0.25923352878633393
2013-09-19,SPY,0.27302633542728721
2013-09-19,TLT,0
2013-09-20,GLD,0.25
2013-09-20,IWM,0.21774013578637885
2013-09-20,QQQ,0.25923352878633393
2013-09-20,SPY,0.27302633542728721
2013-09-20,TLT,0
2013-09-23,GLD,0.25
2013-09-23,IWM,0.21774013578637885
2013-09-23,QQQ,0.25923352878633393
2013-09-23,SPY,0.27302633542728721
2013-09-23,TLT,0
2013-09-24,GLD,0.25
2013-09-24,IWM,0.21774013578637885
2013-09-24,QQQ,0.25923352878633393
2013-09-24,SPY,0.27302633542728721
2013-09-24,TLT,0
2013-09-25,GLD,0.25
2013-09-25,IWM,0.21774013578637885
2013-09-25,QQQ,0.25923352878633393
2013-09-25,SPY,0.27302633542728721
2013-09-25,TLT,0
2013-09-26,GLD,0.25
2013-09-26,IWM,0.21774013578637885
2013-09-26,QQQ,0.25923352878633393
2013-09-26,SPY,0.27302633542728721
2013-09-26,TLT,0
2013-09-27,GLD,0.25
2013-09-27,IWM,0.21774013578637885
2013-09-27,QQQ,0.25923352878633393
2013-09-27,SPY,0.27302633542728721
2013-09-27,TLT,0
2013-09-30,GLD,0.25
2013-09-30,IWM,0.21774013578637885
2013-09-30,QQQ,0.25923352878633393
2013-09-30,SPY,0.27302633542728721
2013-09-30,TLT,0
2013-10-01,GLD,0.25
2013-10-01,IWM,0.21115762302558125
2013-10-01,QQQ,0.252028956812271
2013-10-01,SPY,0.28681342016214767
2013-10-01,TLT,0
2013-10-02,GLD,0.25
2013-10-02,IWM,0.21115762302558125
2013-10-02,QQQ,0.252028956812271
2013-10-02,SPY,0.28681342016214767
2013-10-02,TLT,0
2013-10-03,GLD,0.25
2013-10-03,IWM,0.21115762302558125
2013-10-03,QQQ,0.252028956812271
2013-10-03,SPY,0.28681342016214767
2013-10-03,TLT,0
2013-10-04,GLD,0.25
2013-10-04,IWM,0.21115762302558125
2013-10-04,QQQ,0.252028956812271
2013-10-04,SPY,0.28681342016214767
2013-10-04,TLT,0
2013-10-07,GLD,0.25
2013-10-07,IWM,0.21115762302558125
2013-10-07,QQQ,0.252028956812271
2013-10-07,SPY,0.28681342016214767
2013-10-07,TLT,0
2013-10-08,GLD,0.25
2013-10-08,IWM,0.21115762302558125
2013-10-08,QQQ,0.252028956812271
2013-10-08,SPY,0.28681342016214767
2013-10-08,TLT,0
2013-10-09,GLD,0.25
2013-10-09,IWM,0.21115762302558125
2013-10-09,QQQ,0.252028956812271
2013-10-09,SPY,0.28681342016214767
2013-10-09,TLT,0
2013-10-10,GLD,0.25
2013-10-10,IWM,0.21115762302558125
2013-10-10,QQQ,0.252028956812271
2013-10-10,SPY,0.28681342016214767
2013-10-10,TLT,0
2013-10-11,GLD,0.25
2013-10-11,IWM,0.21115762302558125
2013-10-11,QQQ,0.252028956812271
2013-10-11,SPY,0.28681342016214767
2013-10-11,TLT,0
2013-10-14,GLD,0.25
2013-10-14,IWM,0.21115762302558125
2013-10-14,QQQ,0.252028956812271
2013-10-14,SPY,0.28681342016214767
2013-10-14,TLT,0
2013-10-15,GLD,0.25
2013-10-15,IWM,0.21115762302558125
2013-10-15,QQQ,0.252028956812271
2013-10-15,SPY,0.28681342016214767
2013-10-15,TLT,0
2013-10-16,GLD,0.25
2013-10-16,IWM,0.21115762302558125
2013-10-16,QQQ,0.252028956812271
2013-10-16,SPY,0.28681342016214767
2013-10-16,TLT,0
2013-10-17,GLD,0.25
2013-10-17,IWM,0.21115762302558125
2013-10-17,QQQ,0.252028956812271
2013-10-17,SPY,0.28681342016214767
2013-10-17,TLT,0
2013-10-18,GLD,0.25
2013-10-18,IWM,0.21115762302558125
2013-10-18,QQQ,0.252028956812271
2013-10-18,SPY,0.28681342016214767
2013-10-18,TLT,0
2013-10-21,GLD,0.25
2013-10-21,IWM,0.21115762302558125
2013-10-21,QQQ,0.252028956812271
2013-10-21,SPY,0.28681342016214767
2013-10-21,TLT,0
2013-10-22,GLD,0.25
2013-10-22,IWM,0.21115762302558125
2013-10-22,QQQ,0.252028956812271
2013-10-22,SPY,0.28681342016214767
2013-10-22,TLT,0
2013-10-23,GLD,0.25
2013-10-23,IWM,0.21115762302558125
2013-10-23,QQQ,0.252028956812271
2013-10-23,SPY,0.28681342016214767
2013-10-23,TLT,0
2013-10-24,GLD,0.25
2013-10-24,IWM,0.21115762302558125
2013-10-24,QQQ,0.252028956812271
2013-10-24,SPY,0.28681342016214767
2013-10-24,TLT,0
2013-10-25,GLD,0.25
2013-10-25,IWM,0.21115762302558125
2013-10-25,QQQ,0.252028956812271
2013-10-25,SPY,0.28681342016214767
2013-10-25,TLT,0
2013-10-28,GLD,0.25
2013-10-28,IWM,0.21115762302558125
2013-10-28,QQQ,0.252028956812271
2013-10-28,SPY,0.28681342016214767
2013-10-28,TLT,0
2013-10-29,GLD,0.25
2013-10-29,IWM,0.21115762302558125
2013-10-29,QQQ,0.252028956812271
2013-10-29,SPY,0.28681342016214767
2013-10-29,TLT,0
2013-10-30,GLD,0.25
2013-10-30,IWM,0.2136551610237154
2013-10-30,QQQ,0.25291461240460583
2013-10-30,SPY,0.28343022657167882
2013-10-30,TLT,0
2013-10-31,GLD,0.25
2013-10-31,IWM,0.2136551610237154
2013-10-31,QQQ,0.25291461240460583
2013-10-31,SPY,0.28343022657167882
2013-10-31,TLT,0
2013-11-01,GLD,0.25
2013-11-01,IWM,0.2136551610237154
2013-11-01,QQQ,0.25291461240460583
2013-11-01,SPY,0.28343022657167882
2013-11-01,TLT,0
2013-11-04,GLD,0.25
2013-11-04,IWM,0.2136551610237154
2013-11-04,QQQ,0.25291461240460583
2013-11-04,SPY,0.28343022657167882
2013-11-04,TLT,0
2013-11-05,GLD,0.25
2013-11-05,IWM,0.2136551610237154
2013-11-05,QQQ,0.25291461240460583
2013-11-05,SPY,0.28343022657167882
2013-11-05,TLT,0
2013-11-06,GLD,0.25
2013-11-06,IWM,0.2136551610237154
2013-11-06,QQQ,0.25291461240460583
2013-11-06,SPY,0.28343022657167882
2013-11-06,TLT,0
2013-11-07,GLD,0.25
2013-11-07,IWM,0.2136551610237154
2013-11-07,QQQ,0.25291461240460583
2013-11-07,SPY,0.28343022657167882
2013-11-07,TLT,0
2013-11-08,GLD,0.25
2013-11-08,IWM,0.2136551610237154
2013-11-08,QQQ,0.25291461240460583
2013-11-08,SPY,0.28343022657167882
2013-11-08,TLT,0
2013-11-11,GLD,0.25
2013-11-11,IWM,0.2136551610237154
2013-11-11,QQQ,0.25291461240460583
2013-11-11,SPY,0.28343022657167882
2013-11-11,TLT,0
2013-11-12,GLD,0.25
2013-11-12,IWM,0.2136551610237154
2013-11-12,QQQ,0.25291461240460583
2013-11-12,SPY,0.28343022657167882
2013-11-12,TLT,0
2013-11-13,GLD,0.25
2013-11-13,IWM,0.2136551610237154
2013-11-13,QQQ,0.25291461240460583
2013-11-13,SPY,0.28343022657167882
2013-11-13,TLT,0
2013-11-14,GLD,0.25
2013-11-14,IWM,0.2136551610237154
2013-11-14,QQQ,0.25291461240460583
2013-11-14,SPY,0.28343022657167882
2013-11-14,TLT,0
2013-11-15,GLD,0.25
2013-11-15,IWM,0.2136551610237154
2013-11-15,QQQ,0.25291461240460583
2013-11-15,SPY,0.28343022657167882
2013-11-15,TLT,0
2013-11-18,GLD,0.25
2013-11-18,IWM,0.2136551610237154
2013-11-18,QQQ,0.25291461240460583
2013-11-18,SPY,0.28343022657167882
2013-11-18,TLT,0
2013-11-19,GLD,0.25
2013-11-19,IWM,0.2136551610237154
2013-11-19,QQQ,0.25291461240460583
2013-11-19,SPY,0.28343022657167882
2013-11-19,TLT,0
2013-11-20,GLD,0.25
2013-11-20,IWM,0.2136551610237154
2013-11-20,QQQ,0.25291461240460583
2013-11-20,SPY,0.28343022657167882
2013-11-20,TLT,0
2013-11-21,GLD,0.25
2013-11-21,IWM,0.2136551610237154
2013-11-21,QQQ,0.25291461240460583
2013-11-21,SPY,0.28343022657167882
2013-11-21,TLT,0
2013-11-22,GLD,0.25
2013-11-22,IWM,0.2136551610237154
2013-11-22,QQQ,0.25291461240460583
2013-11-22,SPY,0.28343022657167882
2013-11-22,TLT,0
2013-11-25,GLD,0.25
2013-11-25,IWM,0.2136551610237154
2013-11-25,QQQ,0.25291461240460583
2013-11-25,SPY,0.28343022657167882
2013-11-25,TLT,0
2013-11-26,GLD,0.25
2013-11-26,IWM,0.2136551610237154
2013-11-26,QQQ,0.25291461240460583
2013-11-26,SPY,0.28343022657167882
2013-11-26,TLT,0
2013-11-27,GLD,0.25
2013-11-27,IWM,0.2136551610237154
2013-11-27,QQQ,0.25291461240460583
2013-11-27,SPY,0.28343022657167882
2013-11-27,TLT,0
2013-11-29,GLD,0.25
2013-11-29,IWM,0.21779286132283293
2013-11-29,QQQ,0.24758562392472816
2013-11-29,SPY,0.28462151475243896
2013-11-29,TLT,0
2013-12-02,GLD,0.25
2013-12-02,IWM,0.21779286132283293
2013-12-02,QQQ,0.24758562392472816
2013-12-02,SPY,0.28462151475243896
2013-12-02,TLT,0
2013-12-03,GLD,0.25
2013-12-03,IWM,0.21779286132283293
2013-12-03,QQQ,0.24758562392472816
2013-12-03,SPY,0.28462151475243896
2013-12-03,TLT,0
2013-12-04,GLD,0.25
2013-12-04,IWM,0.21779286132283293
2013-12-04,QQQ,0.24758562392472816
2013-12-04,SPY,0.28462151475243896
2013-12-04,TLT,0
2013-12-05,GLD,0.25
2013-12-05,IWM,0.21779286132283293
2013-12-05,QQQ,0.24758562392472816
2013-12-05,SPY,0.28462151475243896
2013-12-05,TLT,0
2013-12-06,GLD,0.25
2013-12-06,IWM,0.21779286132283293
2013-12-06,QQQ,0.24758562392472816
2013-12-06,SPY,0.28462151475243896
2013-12-06,TLT,0
2013-12-09,GLD,0.25
2013-12-09,IWM,0.21779286132283293
2013-12-09,QQQ,0.24758562392472816
2013-12-09,SPY,0.28462151475243896
2013-12-09,TLT,0
2013-12-10,GLD,0.25
2013-12-10,IWM,0.21779286132283293
2013-12-10,QQQ,0.24758562392472816
2013-12-10,SPY,0.28462151475243896
2013-12-10,TLT,0
2013-12-11,GLD,0.25
2013-12-11,IWM,0.21779286132283293
2013-12-11,QQQ,0.24758562392472816
2013-12-11,SPY,0.28462151475243896
2013-12-11,TLT,0
2013-12-12,GLD,0.25
2013-12-12,IWM,0.21779286132283293
2013-12-12,QQQ,0.24758562392472816
2013-12-12,SPY,0.28462151475243896
2013-12-12,TLT,0
2013-12-13,GLD,0.25
2013-12-13,IWM,0.21779286132283293
2013-12-13,QQQ,0.24758562392472816
2013-12-13,SPY,0.28462151475243896
2013-12-13,TLT,0
2013-12-16,GLD,0.25
2013-12-16,IWM,0.21779286132283293
2013-12-16,QQQ,0.24758562392472816
2013-12-16,SPY,0.28462151475243896
2013-12-16,TLT,0
2013-12-17,GLD,0.25
2013-12-17,IWM,0.21779286132283293
2013-12-17,QQQ,0.24758562392472816
2013-12-17,SPY,0.28462151475243896
2013-12-17,TLT,0
2013-12-18,GLD,0.25
2013-12-18,IWM,0.21779286132283293
2013-12-18,QQQ,0.24758562392472816
2013-12-18,SPY,0.28462151475243896
2013-12-18,TLT,0
2013-12-19,GLD,0.25
2013-12-19,IWM,0.21779286132283293
2013-12-19,QQQ,0.24758562392472816
2013-12-19,SPY,0.28462151475243896
2013-12-19,TLT,0
2013-12-20,GLD,0.25
2013-12-20,IWM,0.21779286132283293
2013-12-20,QQQ,0.24758562392472816
2013-12-20,SPY,0.28462151475243896
2013-12-20,TLT,0
2013-12-23,GLD,0.25
2013-12-23,IWM,0.21779286132283293
2013-12-23,QQQ,0.24758562392472816
2013-12-23,SPY,0.28462151475243896
2013-12-23,TLT,0
2013-12-24,GLD,0.25
2013-12-24,IWM,0.21779286132283293
2013-12-24,QQQ,0.24758562392472816
2013-12-24,SPY,0.28462151475243896
2013-12-24,TLT,0
2013-12-26,GLD,0.25
2013-12-26,IWM,0.21779286132283293
2013-12-26,QQQ,0.24758562392472816
2013-12-26,SPY,0.28462151475243896
2013-12-26,TLT,0
2013-12-27,GLD,0.25
2013-12-27,IWM,0.21779286132283293
2013-12-27,QQQ,0.24758562392472816
2013-12-27,SPY,0.28462151475243896
2013-12-27,TLT,0
2013-12-30,GLD,0.25
2013-12-30,IWM,0.21779286132283293
2013-12-30,QQQ,0.24758562392472816
2013-12-30,SPY,0.28462151475243896
2013-12-30,TLT,0
2013-12-31,GLD,0.25
2013-12-31,IWM,0.21124666659961727
2013-12-31,QQQ,0.2530104559017386
2013-12-31,SPY,0.28574287749864413
2013-12-31,TLT,0
2014-01-02,GLD,0.25
2014-01-02,IWM,0.21124666659961727
2014-01-02,QQQ,0.2530104559017386
2014-01-02,SPY,0.28574287749864413
2014-01-02,TLT,0
2014-01-03,GLD,0.25
2014-01-03,IWM,0.21124666659961727
2014-01-03,QQQ,0.2530104559017386
2014-01-03,SPY,0.28574287749864413
2014-01-03,TLT,0
2014-01-06,GLD,0.25
2014-01-06,IWM,0.21124666659961727
2014-01-06,QQQ,0.2530104559017386
2014-01-06,SPY,0.28574287749864413
2014-01-06,TLT,0
2014-01-07,GLD,0.25
2014-01-07,IWM,0.21124666659961727
2014-01-07,QQQ,0.2530104559017386
2014-01-07,SPY,0.28574287749864413
2014-01-07,TLT,0
2014-01-08,GLD,0.25
2014-01-08,IWM,0.21124666659961727
2014-01-08,QQQ,0.2530104559017386
2014-01-08,SPY,0.28574287749864413
2014-01-08,TLT,0
2014-01-09,GLD,0.25
2014-01-09,IWM,0.21124666659961727
2014-01-09,QQQ,0.2530104559017386
2014-01-09,SPY,0.28574287749864413
2014-01-09,TLT,0
2014-01-10,GLD,0.25
2014-01-10,IWM,0.21124666659961727
2014-01-10,QQQ,0.2530104559017386
2014-01-10,SPY,0.28574287749864413
2014-01-10,TLT,0
2014-01-13,GLD,0.25
2014-01-13,IWM,0.21124666659961727
2014-01-13,QQQ,0.2530104559017386
2014-01-13,SPY,0.28574287749864413
2014-01-13,TLT,0
2014-01-14,GLD,0.25
2014-01-14,IWM,0.21124666659961727
2014-01-14,QQQ,0.2530104559017386
2014-01-14,SPY,0.28574287749864413
2014-01-14,TLT,0
2014-01-15,GLD,0.25
2014-01-15,IWM,0.21124666659961727
2014-01-15,QQQ,0.2530104559017386
2014-01-15,SPY,0.28574287749864413
2014-01-15,TLT,0
2014-01-16,GLD,0.25
2014-01-16,IWM,0.21124666659961727
2014-01-16,QQQ,0.2530104559017386
2014-01-16,SPY,0.28574287749864413
2014-01-16,TLT,0
2014-01-17,GLD,0.25
2014-01-17,IWM,0.21124666659961727
2014-01-17,QQQ,0.2530104559017386
2014-01-17,SPY,0.28574287749864413
2014-01-17,TLT,0
2014-01-21,GLD,0.25
2014-01-21,IWM,0.21124666659961727
2014-01-21,QQQ,0.2530104559017386
2014-01-21,SPY,0.28574287749864413
2014-01-21,TLT,0
2014-01-22,GLD,0.25
2014-01-22,IWM,0.21124666659961727
2014-01-22,QQQ,0.2530104559017386
2014-01-22,SPY,0.28574287749864413
2014-01-22,TLT,0
2014-01-23,GLD,0.25
2014-01-23,IWM,0.21124666659961727
2014-01-23,QQQ,0.2530104559017386
2014-01-23,SPY,0.28574287749864413
2014-01-23,TLT,0
2014-01-24,GLD,0.25
2014-01-24,IWM,0.21124666659961727
2014-01-24,QQQ,0.2530104559017386
2014-01-24,SPY,0.28574287749864413
2014-01-24,TLT,0
2014-01-27,GLD,0.25
2014-01-27,IWM,0.21124666659961727
2014-01-27,QQQ,0.2530104559017386
2014-01-27,SPY,0.28574287749864413
2014-01-27,TLT,0
2014-01-28,GLD,0.25
2014-01-28,IWM,0.21124666659961727
2014-01-28,QQQ,0.2530104559017386
2014-01-28,SPY,0.28574287749864413
2014-01-28,TLT,0
2014-01-29,GLD,0.25
2014-01-29,IWM,0.21124666659961727
2014-01-29,QQQ,0.2530104559017386
2014-01-29,SPY,0.28574287749864413
2014-01-29,TLT,0
2014-01-30,GLD,0.25
2014-01-30,IWM,0.21124666659961727
2014-01-30,QQQ,0.2530104559017386
2014-01-30,SPY,0.28574287749864413
2014-01-30,TLT,0
2014-01-31,GLD,0.25
2014-01-31,IWM,0.21239375231008248
2014-01-31,QQQ,0.24891749912656572
2014-01-31,SPY,0.28868874856335175
2014-01-31,TLT,0
2014-02-03,GLD,0.25
2014-02-03,IWM,0.21239375231008248
2014-02-03,QQQ,0.24891749912656572
2014-02-03,SPY,0.28868874856335175
2014-02-03,TLT,0
2014-02-04,GLD,0.25
2014-02-04,IWM,0.21239375231008248
2014-02-04,QQQ,0.24891749912656572
2014-02-04,SPY,0.28868874856335175
2014-02-04,TLT,0
2014-02-05,GLD,0.25
2014-02-05,IWM,0.21239375231008248
2014-02-05,QQQ,0.24891749912656572
2014-02-05,SPY,0.28868874856335175
2014-02-05,TLT,0
2014-02-06,GLD,0.25
2014-02-06,IWM,0.21239375231008248
2014-02-06,QQQ,0.24891749912656572
2014-02-06,SPY,0.28868874856335175
2014-02-06,TLT,0
2014-02-07,GLD,0.25
2014-02-07,IWM,0.21239375231008248
2014-02-07,QQQ,0.24891749912656572
2014-02-07,SPY,0.28868874856335175
2014-02-07,TLT,0
2014-02-10,GLD,0.25
2014-02-10,IWM,0.21239375231008248
2014-02-10,QQQ,0.24891749912656572
2014-02-10,SPY,0.28868874856335175
2014-02-10,TLT,0
2014-02-11,GLD,0.25
2014-02-11,IWM,0.21239375231008248
2014-02-11,QQQ,0.24891749912656572
2014-02-11,SPY,0.28868874856335175
2014-02-11,TLT,0
2014-02-12,GLD,0.25
2014-02-12,IWM,0.21239375231008248
2014-02-12,QQQ,0.24891749912656572
2014-02-12,SPY,0.28868874856335175
2014-02-12,TLT,0
2014-02-13,GLD,0.25
2014-02-13,IWM,0.21239375231008248
2014-02-13,QQQ,0.24891749912656572
2014-02-13,SPY,0.28868874856335175
2014-02-13,TLT,0
2014-02-14,GLD,0.25
2014-02-14,IWM,0.21239375231008248
2014-02-14,QQQ,0.24891749912656572
2014-02-14,SPY,0.28868874856335175
2014-02-14,TLT,0
2014-02-18,GLD,0.25
2014-02-18,IWM,0.21239375231008248
2014-02-18,QQQ,0.24891749912656572
2014-02-18,SPY,0.28868874856335175
2014-02-18,TLT,0
2014-02-19,GLD,0.25
2014-02-19,IWM,0.21239375231008248
2014-02-19,QQQ,0.24891749912656572
2014-02-19,SPY,0.28868874856335175
2014-02-19,TLT,0
2014-02-20,GLD,0.25
2014-02-20,IWM,0.21239375231008248
2014-02-20,QQQ,0.24891749912656572
2014-02-20,SPY,0.28868874856335175
2014-02-20,TLT,0
2014-02-21,GLD,0.25
2014-02-21,IWM,0.21239375231008248
2014-02-21,QQQ,0.24891749912656572
2014-02-21,SPY,0.28868874856335175
2014-02-21,TLT,0
2014-02-24,GLD,0.25
2014-02-24,IWM,0.21239375231008248
2014-02-24,QQQ,0.24891749912656572
2014-02-24,SPY,0.28868874856335175
2014-02-24,TLT,0
2014-02-25,GLD,0.25
2014-02-25,IWM,0.21239375231008248
2014-02-25,QQQ,0.24891749912656572
2014-02-25,SPY,0.28868874856335175
2014-02-25,TLT,0
2014-02-26,GLD,0.25
2014-02-26,IWM,0.21239375231008248
2014-02-26,QQQ,0.24891749912656572
2014-02-26,SPY,0.28868874856335175
2014-02-26,TLT,0
2014-02-27,GLD,0.25
2014-02-27,IWM,0.21239375231008248
2014-02-27,QQQ,0.24891749912656572
2014-02-27,SPY,0.28868874856335175
2014-02-27,TLT,0
2014-02-28,GLD,0.25
2014-02-28,IWM,0.21239375231008248
2014-02-28,QQQ,0.24891749912656572
2014-02-28,SPY,0.28868874856335175
2014-02-28,TLT,0
2014-03-03,GLD,0.25
2014-03-03,IWM,0.21239375231008248
2014-03-03,QQQ,0.24891749912656572
2014-03-03,SPY,0.28868874856335175
2014-03-03,TLT,0
2014-03-04,GLD,0.25
2014-03-04,IWM,0.21184665878050873
2014-03-04,QQQ,0.25672276998241955
2014-03-04,SPY,0.28143057123707177
2014-03-04,TLT,0
2014-03-05,GLD,0.25
2014-03-05,IWM,0.21184665878050873
2014-03-05,QQQ,0.25672276998241955
2014-03-05,SPY,0.28143057123707177
2014-03-05,TLT,0
2014-03-06,GLD,0.25
2014-03-06,IWM,0.21184665878050873
2014-03-06,QQQ,0.25672276998241955
2014-03-06,SPY,0.28143057123707177
2014-03-06,TLT,0
2014-03-07,GLD,0.25
2014-03-07,IWM,0.21184665878050873
2014-03-07,QQQ,0.25672276998241955
2014-03-07,SPY,0.28143057123707177
2014-03-07,TLT,0
2014-03-10,GLD,0.25
2014-03-10,IWM,0.21184665878050873
2014-03-10,QQQ,0.25672276998241955
2014-03-10,SPY,0.28143057123707177
2014-03-10,TLT,0
2014-03-11,GLD,0.25
2014-03-11,IWM,0.21184665878050873
2014-03-11,QQQ,0.25672276998241955
2014-03-11,SPY,0.28143057123707177
2014-03-11,TLT,0
2014-03-12,GLD,0.25
2014-03-12,IWM,0.21184665878050873
2014-03-12,QQQ,0.25672276998241955
2014-03-12,SPY,0.28143057123707177
2014-03-12,TLT,0
2014-03-13,GLD,0.25
2014-03-13,IWM,0.21184665878050873
2014-03-13,QQQ,0.25672276998241955
2014-03-13,SPY,0.28143057123707177
2014-03-13,TLT,0
2014-03-14,GLD,0.25
2014-03-14,IWM,0.21184665878050873
2014-03-14,QQQ,0.25672276998241955
2014-03-14,SPY,0.28143057123707177
2014-03-14,TLT,0
2014-03-17,GLD,0.25
2014-03-17,IWM,0.21184665878050873
2014-03-17,QQQ,0.25672276998241955
2014-03-17,SPY,0.28143057123707177
2014-03-17,TLT,0
2014-03-18,GLD,0.25
2014-03-18,IWM,0.21184665878050873
2014-03-18,QQQ,0.25672276998241955
2014-03-18,SPY,0.28143057123707177
2014-03-18,TLT,0
2014-03-19,GLD,0.25
2014-03-19,IWM,0.21184665878050873
2014-03-19,QQQ,0.25672276998241955
2014-03-19,SPY,0.28143057123707177
2014-03-19,TLT,0
2014-03-20,GLD,0.25
2014-03-20,IWM,0.21184665878050873
2014-03-20,QQQ,0.25672276998241955
2014-03-20,SPY,0.28143057123707177
2014-03-20,TLT,0
2014-03-21,GLD,0.25
2014-03-21,IWM,0.21184665878050873
2014-03-21,QQQ,0.25672276998241955
2014-03-21,SPY,0.28143057123707177
2014-03-21,TLT,0
2014-03-24,GLD,0.25
2014-03-24,IWM,0.21184665878050873
2014-03-24,QQQ,0.25672276998241955
2014-03-24,SPY,0.28143057123707177
2014-03-24,TLT,0
2014-03-25,GLD,0.25
2014-03-25,IWM,0.21184665878050873
2014-03-25,QQQ,0.25672276998241955
2014-03-25,SPY,0.28143057123707177
2014-03-25,TLT,0
2014-03-26,GLD,0.25
2014-03-26,IWM,0.21184665878050873
2014-03-26,QQQ,0.25672276998241955
2014-03-26,SPY,0.28143057123707177
2014-03-26,TLT,0
2014-03-27,GLD,0.25
2014-03-27,IWM,0.21184665878050873
2014-03-27,QQQ,0.25672276998241955
2014-03-27,SPY,0.28143057123707177
2014-03-27,TLT,0
2014-03-28,GLD,0.25
2014-03-28,IWM,0.21184665878050873
2014-03-28,QQQ,0.25672276998241955
2014-03-28,SPY,0.28143057123707177
2014-03-28,TLT,0
2014-03-31,GLD,0.25
2014-03-31,IWM,0.21184665878050873
2014-03-31,QQQ,0.25672276998241955
2014-03-31,SPY,0.28143057123707177
2014-03-31,TLT,0
2014-04-01,GLD,0.25
2014-04-01,IWM,0.21184665878050873
2014-04-01,QQQ,0.25672276998241955
2014-04-01,SPY,0.28143057123707177
2014-04-01,TLT,0
2014-04-02,GLD,0
2014-04-02,IWM,0.19442925954151169
2014-04-02,QQQ,0.22190740490266095
2014-04-02,SPY,0.2690560386770155
2014-04-02,TLT,0.31460729687881195
2014-04-03,GLD,0
2014-04-03,IWM,0.19442925954151169
2014-04-03,QQQ,0.22190740490266095
2014-04-03,SPY,0.2690560386770155
2014-04-03,TLT,0.31460729687881195
2014-04-04,GLD,0
2014-04-04,IWM,0.19442925954151169
2014-04-04,QQQ,0.22190740490266095
2014-04-04,SPY,0.2690560386770155
2014-04-04,TLT,0.31460729687881195
2014-04-07,GLD,0
2014-04-07,IWM,0.19442925954151169
2014-04-07,QQQ,0.22190740490266095
2014-04-07,SPY,0.2690560386770155
2014-04-07,TLT,0.31460729687881195
2014-04-08,GLD,0
2014-04-08,IWM,0.19442925954151169
2014-04-08,QQQ,0.22190740490266095
2014-04-08,SPY,0.2690560386770155
2014-04-08,TLT,0.31460729687881195
2014-04-09,GLD,0
2014-04-09,IWM,0.19442925954151169
2014-04-09,QQQ,0.22190740490266095
2014-04-09,SPY,0.2690560386770155
2014-04-09,TLT,0.31460729687881195
2014-04-10,GLD,0
2014-04-10,IWM,0.19442925954151169
2014-04-10,QQQ,0.22190740490266095
2014-04-10,SPY,0.2690560386770155
2014-04-10,TLT,0.31460729687881195
2014-04-11,GLD,0
2014-04-11,IWM,0.19442925954151169
2014-04-11,QQQ,0.22190740490266095
2014-04-11,SPY,0.2690560386770155
2014-04-11,TLT,0.31460729687881195
2014-04-14,GLD,0
2014-04-14,IWM,0.19442925954151169
2014-04-14,QQQ,0.22190740490266095
2014-04-14,SPY,0.2690560386770155
2014-04-14,TLT,0.31460729687881195
2014-04-15,GLD,0
2014-04-15,IWM,0.19442925954151169
2014-04-15,QQQ,0.22190740490266095
2014-04-15,SPY,0.2690560386770155
2014-04-15,TLT,0.31460729687881195
2014-04-16,GLD,0
2014-04-16,IWM,0.19442925954151169
2014-04-16,QQQ,0.22190740490266095
2014-04-16,SPY,0.2690560386770155
2014-04-16,TLT,0.31460729687881195
2014-04-17,GLD,0
2014-04-17,IWM,0.19442925954151169
2014-04-17,QQQ,0.22190740490266095
2014-04-17,SPY,0.2690560386770155
2014-04-17,TLT,0.31460729687881195
2014-04-21,GLD,0
2014-04-21,IWM,0.19442925954151169
2014-04-21,QQQ,0.22190740490266095
2014-04-21,SPY,0.2690560386770155
2014-04-21,TLT,0.31460729687881195
2014-04-22,GLD,0
2014-04-22,IWM,0.19442925954151169
2014-04-22,QQQ,0.22190740490266095
2014-04-22,SPY,0.2690560386770155
2014-04-22,TLT,0.31460729687881195
2014-04-23,GLD,0
2014-04-23,IWM,0.19442925954151169
2014-04-23,QQQ,0.22190740490266095
2014-04-23,SPY,0.2690560386770155
2014-04-23,TLT,0.31460729687881195
2014-04-24,GLD,0
2014-04-24,IWM,0.19442925954151169
2014-04-24,QQQ,0.22190740490266095
2014-04-24,SPY,0.2690560386770155
2014-04-24,TLT,0.31460729687881195
2014-04-25,GLD,0
2014-04-25,IWM,0.19442925954151169
2014-04-25,QQQ,0.22190740490266095
2014-04-25,SPY,0.2690560386770155
2014-04-25,TLT,0.31460729687881195
2014-04-28,GLD,0
2014-04-28,IWM,0.19442925954151169
2014-04-28,QQQ,0.22190740490266095
2014-04-28,SPY,0.2690560386770155
2014-04-28,TLT,0.31460729687881195
2014-04-29,GLD,0
2014-04-29,IWM,0.19442925954151169
2014-04-29,QQQ,0.22190740490266095
2014-04-29,SPY,0.2690560386770155
2014-04-29,TLT,0.31460729687881195
2014-04-30,GLD,0
2014-04-30,IWM,0.19442925954151169
2014-04-30,QQQ,0.22190740490266095
2014-04-30,SPY,0.2690560386770155
2014-04-30,TLT,0.31460729687881195
2014-05-01,GLD,0
2014-05-01,IWM,0.19442925954151169
2014-05-01,QQQ,0.22190740490266095
2014-05-01,SPY,0.2690560386770155
2014-05-01,TLT,0.31460729687881195
2014-05-02,GLD,0
2014-05-02,IWM,0.19100072819907454
2014-05-02,QQQ,0.20350319048637897
2014-05-02,SPY,0.27977361807606277
2014-05-02,TLT,0.32572246323848375
2014-05-05,GLD,0
2014-05-05,IWM,0.19100072819907454
2014-05-05,QQQ,0.20350319048637897
2014-05-05,SPY,0.27977361807606277
2014-05-05,TLT,0.32572246323848375
2014-05-06,GLD,0
2014-05-06,IWM,0.19100072819907454
2014-05-06,QQQ,0.20350319048637897
2014-05-06,SPY,0.27977361807606277
2014-05-06,TLT,0.32572246323848375
2014-05-07,GLD,0
2014-05-07,IWM,0.19100072819907454
2014-05-07,QQQ,0.20350319048637897
2014-05-07,SPY,0.27977361807606277
2014-05-07,TLT,0.32572246323848375
2014-05-08,GLD,0
2014-05-08,IWM,0.19100072819907454
2014-05-08,QQQ,0.20350319048637897
2014-05-08,SPY,0.27977361807606277
2014-05-08,TLT,0.32572246323848375
2014-05-09,GLD,0
2014-05-09,IWM,0.19100072819907454
2014-05-09,QQQ,0.20350319048637897
2014-05-09,SPY,0.27977361807606277
2014-05-09,TLT,0.32572246323848375
2014-05-12,GLD,0
2014-05-12,IWM,0.19100072819907454
2014-05-12,QQQ,0.20350319048637897
2014-05-12,SPY,0.27977361807606277
2014-05-12,TLT,0.32572246323848375
2014-05-13,GLD,0
2014-05-13,IWM,0.19100072819907454
2014-05-13,QQQ,0.20350319048637897
2014-05-13,SPY,0.27977361807606277
2014-05-13,TLT,0.32572246323848375
2014-05-14,GLD,0
2014-05-14,IWM,0.19100072819907454
2014-05-14,QQQ,0.20350319048637897
2014-05-14,SPY,0.27977361807606277
2014-05-14,TLT,0.32572246323848375
2014-05-15,GLD,0
2014-05-15,IWM,0.19100072819907454
2014-05-15,QQQ,0.20350319048637897
2014-05-15,SPY,0.27977361807606277
2014-05-15,TLT,0.32572246323848375
2014-05-16,GLD,0
2014-05-16,IWM,0.19100072819907454
2014-05-16,QQQ,0.20350319048637897
2014-05-16,SPY,0.27977361807606277
2014-05-16,TLT,0.32572246323848375
2014-05-19,GLD,0
2014-05-19,IWM,0.19100072819907454
2014-05-19,QQQ,0.20350319048637897
2014-05-19,SPY,0.27977361807606277
2014-05-19,TLT,0.32572246323848375
2014-05-20,GLD,0
2014-05-20,IWM,0.19100072819907454
2014-05-20,QQQ,0.20350319048637897
2014-05-20,SPY,0.27977361807606277
2014-05-20,TLT,0.32572246323848375
2014-05-21,GLD,0
2014-05-21,IWM,0.19100072819907454
2014-05-21,QQQ,0.20350319048637897
2014-05-21,SPY,0.27977361807606277
2014-05-21,TLT,0.32572246323848375
2014-05-22,GLD,0
2014-05-22,IWM,0.19100072819907454
2014-05-22,QQQ,0.20350319048637897
2014-05-22,SPY,0.27977361807606277
2014-05-22,TLT,0.32572246323848375
2014-05-23,GLD,0
2014-05-23,IWM,0.19100072819907454
2014-05-23,QQQ,0.20350319048637897
2014-05-23,SPY,0.27977361807606277
2014-05-23,TLT,0.32572246323848375
2014-05-27,GLD,0
2014-05-27,IWM,0.19100072819907454
2014-05-27,QQQ,0.20350319048637897
2014-05-27,SPY,0.27977361807606277
2014-05-27,TLT,0.32572246323848375
2014-05-28,GLD,0
2014-05-28,IWM,0.19100072819907454
2014-05-28,QQQ,0.20350319048637897
2014-05-28,SPY,0.27977361807606277
2014-05-28,TLT,0.32572246323848375
2014-05-29,GLD,0
2014-05-29,IWM,0.19100072819907454
2014-05-29,QQQ,0.20350319048637897
2014-05-29,SPY,0.27977361807606277
2014-05-29,TLT,0.32572246323848375
2014-05-30,GLD,0
2014-05-30,IWM,0.19100072819907454
2014-05-30,QQQ,0.20350319048637897
2014-05-30,SPY,0.27977361807606277
2014-05-30,TLT,0.32572246323848375
2014-06-02,GLD,0
2014-06-02,IWM,0.19100072819907454
2014-06-02,QQQ,0.20350319048637897
2014-06-02,SPY,0.27977361807606277
2014-06-02,TLT,0.32572246323848375
2014-06-03,GLD,0
2014-06-03,IWM,0.18550621319945149
2014-06-03,QQQ,0.20152867385343504
2014-06-03,SPY,0.3066609636451833
2014-06-03,TLT,0.30630414930193017
2014-06-04,GLD,0
2014-06-04,IWM,0.18550621319945149
2014-06-04,QQQ,0.20152867385343504
2014-06-04,SPY,0.3066609636451833
2014-06-04,TLT,0.30630414930193017
2014-06-05,GLD,0
2014-06-05,IWM,0.18550621319945149
2014-06-05,QQQ,0.20152867385343504
2014-06-05,SPY,0.3066609636451833
2014-06-05,TLT,0.30630414930193017
2014-06-06,GLD,0
2014-06-06,IWM,0.18550621319945149
2014-06-06,QQQ,0.20152867385343504
2014-06-06,SPY,0.3066609636451833
2014-06-06,TLT,0.30630414930193017
2014-06-09,GLD,0
2014-06-09,IWM,0.18550621319945149
2014-06-09,QQQ,0.20152867385343504
2014-06-09,SPY,0.3066609636451833
2014-06-09,TLT,0.30630414930193017
2014-06-10,GLD,0
2014-06-10,IWM,0.18550621319945149
2014-06-10,QQQ,0.20152867385343504
2014-06-10,SPY,0.3066609636451833
2014-06-10,TLT,0.30630414930193017
2014-06-11,GLD,0
2014-06-11,IWM,0.18550621319945149
2014-06-11,QQQ,0.20152867385343504
2014-06-11,SPY,0.3066609636451833
2014-06-11,TLT,0.30630414930193017
2014-06-12,GLD,0
2014-06-12,IWM,0.18550621319945149
2014-06-12,QQQ,0.20152867385343504
2014-06-12,SPY,0.3066609636451833
2014-06-12,TLT,0.30630414930193017
2014-06-13,GLD,0
2014-06-13,IWM,0.18550621319945149
2014-06-13,QQQ,0.20152867385343504
2014-06-13,SPY,0.3066609636451833
2014-06-13,TLT,0.30630414930193017
2014-06-16,GLD,0
2014-06-16,IWM,0.18550621319945149
2014-06-16,QQQ,0.20152867385343504
2014-06-16,SPY,0.3066609636451833
2014-06-16,TLT,0.30630414930193017
2014-06-17,GLD,0
2014-06-17,IWM,0.18550621319945149
2014-06-17,QQQ,0.20152867385343504
2014-06-17,SPY,0.3066609636451833
2014-06-17,TLT,0.30630414930193017
2014-06-18,GLD,0
2014-06-18,IWM,0.18550621319945149
2014-06-18,QQQ,0.20152867385343504
2014-06-18,SPY,0.3066609636451833
2014-06-18,TLT,0.30630414930193017
2014-06-19,GLD,0
2014-06-19,IWM,0.18550621319945149
2014-06-19,QQQ,0.20152867385343504
2014-06-19,SPY,0.3066609636451833
2014-06-19,TLT,0.30630414930193017
2014-06-20,GLD,0
2014-06-20,IWM,0.18550621319945149
2014-06-20,QQQ,0.20152867385343504
2014-06-20,SPY,0.3066609636451833
2014-06-20,TLT,0.30630414930193017
2014-06-23,GLD,0
2014-06-23,IWM,0.18550621319945149
2014-06-23,QQQ,0.20152867385343504
2014-06-23,SPY,0.3066609636451833
2014-06-23,TLT,0.30630414930193017
2014-06-24,GLD,0
2014-06-24,IWM,0.18550621319945149
2014-06-24,QQQ,0.20152867385343504
2014-06-24,SPY,0.3066609636451833
2014-06-24,TLT,0.30630414930193017
2014-06-25,GLD,0
2014-06-25,IWM,0.18550621319945149
2014-06-25,QQQ,0.20152867385343504
2014-06-25,SPY,0.3066609636451833
2014-06-25,TLT,0.30630414930193017
2014-06-26,GLD,0
2014-06-26,IWM,0.18550621319945149
2014-06-26,QQQ,0.20152867385343504
2014-06-26,SPY,0.3066609636451833
2014-06-26,TLT,0.30630414930193017
2014-06-27,GLD,0
2014-06-27,IWM,0.18550621319945149
2014-06-27,QQQ,0.20152867385343504
2014-06-27,SPY,0.3066609636451833
2014-06-27,TLT,0.30630414930193017
2014-06-30,GLD,0
2014-06-30,IWM,0.18550621319945149
2014-06-30,QQQ,0.20152867385343504
2014-06-30,SPY,0.3066609636451833
2014-06-30,TLT,0.30630414930193017
2014-07-01,GLD,0
2014-07-01,IWM,0.18550621319945149
2014-07-01,QQQ,0.20152867385343504
2014-07-01,SPY,0.3066609636451833
2014-07-01,TLT,0.30630414930193017
2014-07-02,GLD,0
2014-07-02,IWM,0.18003993998352913
2014-07-02,QQQ,0.21067675616764442
2014-07-02,SPY,0.31165920441350164
2014-07-02,TLT,0.29762409943532492
2014-07-03,GLD,0
2014-07-03,IWM,0.18003993998352913
2014-07-03,QQQ,0.21067675616764442
2014-07-03,SPY,0.31165920441350164
2014-07-03,TLT,0.29762409943532492
2014-07-07,GLD,0
2014-07-07,IWM,0.18003993998352913
2014-07-07,QQQ,0.21067675616764442
2014-07-07,SPY,0.31165920441350164
2014-07-07,TLT,0.29762409943532492
2014-07-08,GLD,0
2014-07-08,IWM,0.18003993998352913
2014-07-08,QQQ,0.21067675616764442
2014-07-08,SPY,0.31165920441350164
2014-07-08,TLT,0.29762409943532492
2014-07-09,GLD,0
2014-07-09,IWM,0.18003993998352913
2014-07-09,QQQ,0.21067675616764442
2014-07-09,SPY,0.31165920441350164
2014-07-09,TLT,0.29762409943532492
2014-07-10,GLD,0
2014-07-10,IWM,0.18003993998352913
2014-07-10,QQQ,0.21067675616764442
2014-07-10,SPY,0.31165920441350164
2014-07-10,TLT,0.29762409943532492
2014-07-11,GLD,0
2014-07-11,IWM,0.18003993998352913
2014-07-11,QQQ,0.21067675616764442
2014-07-11,SPY,0.31165920441350164
2014-07-11,TLT,0.29762409943532492
2014-07-14,GLD,0
2014-07-14,IWM,0.18003993998352913
2014-07-14,QQQ,0.21067675616764442
2014-07-14,SPY,0.31165920441350164
2014-07-14,TLT,0.29762409943532492
2014-07-15,GLD,0
2014-07-15,IWM,0.18003993998352913
2014-07-15,QQQ,0.21067675616764442
2014-07-15,SPY,0.31165920441350164
2014-07-15,TLT,0.29762409943532492
2014-07-16,GLD,0
2014-07-16,IWM,0.18003993998352913
2014-07-16,QQQ,0.21067675616764442
2014-07-16,SPY,0.31165920441350164
2014-07-16,TLT,0.29762409943532492
2014-07-17,GLD,0
2014-07-17,IWM,0.18003993998352913
2014-07-17,QQQ,0.21067675616764442
2014-07-17,SPY,0.31165920441350164
2014-07-17,TLT,0.29762409943532492
2014-07-18,GLD,0
2014-07-18,IWM,0.18003993998352913
2014-07-18,QQQ,0.21067675616764442
2014-07-18,SPY,0.31165920441350164
2014-07-18,TLT,0.29762409943532492
2014-07-21,GLD,0
2014-07-21,IWM,0.18003993998352913
2014-07-21,QQQ,0.21067675616764442
2014-07-21,SPY,0.31165920441350164
2014-07-21,TLT,0.29762409943532492
2014-07-22,GLD,0
2014-07-22,IWM,0.18003993998352913
2014-07-22,QQQ,0.21067675616764442
2014-07-22,SPY,0.31165920441350164
2014-07-22,TLT,0.29762409943532492
2014-07-23,GLD,0
2014-07-23,IWM,0.18003993998352913
2014-07-23,QQQ,0.21067675616764442
2014-07-23,SPY,0.31165920441350164
2014-07-23,TLT,0.29762409943532492
2014-07-24,GLD,0
2014-07-24,IWM,0.18003993998352913
2014-07-24,QQQ,0.21067675616764442
2014-07-24,SPY,0.31165920441350164
2014-07-24,TLT,0.29762409943532492
2014-07-25,GLD,0
2014-07-25,IWM,0.18003993998352913
2014-07-25,QQQ,0.21067675616764442
2014-07-25,SPY,0.31165920441350164
2014-07-25,TLT,0.29762409943532492
2014-07-28,GLD,0
2014-07-28,IWM,0.18003993998352913
2014-07-28,QQQ,0.21067675616764442
2014-07-28,SPY,0.31165920441350164
2014-07-28,TLT,0.29762409943532492
2014-07-29,GLD,0
2014-07-29,IWM,0.18003993998352913
2014-07-29,QQQ,0.21067675616764442
2014-07-29,SPY,0.31165920441350164
2014-07-29,TLT,0.29762409943532492
2014-07-30,GLD,0
2014-07-30,IWM,0.18003993998352913
2014-07-30,QQQ,0.21067675616764442
2014-07-30,SPY,0.31165920441350164
2014-07-30,TLT,0.29762409943532492
2014-07-31,GLD,0
2014-07-31,IWM,0.18003993998352913
2014-07-31,QQQ,0.21067675616764442
2014-07-31,SPY,0.31165920441350164
2014-07-31,TLT,0.29762409943532492
2014-08-01,GLD,0.25
2014-08-01,IWM,0
2014-08-01,QQQ,0.22903620269031244
2014-08-01,SPY,0.2884946515384203
2014-08-01,TLT,0.23246914577126729
2014-08-04,GLD,0.25
2014-08-04,IWM,0
2014-08-04,QQQ,0.22903620269031244
2014-08-04,SPY,0.2884946515384203
2014-08-04,TLT,0.23246914577126729
2014-08-05,GLD,0.25
2014-08-05,IWM,0
2014-08-05,QQQ,0.22903620269031244
2014-08-05,SPY,0.2884946515384203
2014-08-05,TLT,0.23246914577126729
2014-08-06,GLD,0.25
2014-08-06,IWM,0
2014-08-06,QQQ,0.22903620269031244
2014-08-06,SPY,0.2884946515384203
2014-08-06,TLT,0.23246914577126729
2014-08-07,GLD,0.25
2014-08-07,IWM,0
2014-08-07,QQQ,0.22903620269031244
2014-08-07,SPY,0.2884946515384203
2014-08-07,TLT,0.23246914577126729
2014-08-08,GLD,0.25
2014-08-08,IWM,0
2014-08-08,QQQ,0.22903620269031244
2014-08-08,SPY,0.2884946515384203
2014-08-08,TLT,0.23246914577126729
2014-08-11,GLD,0.25
2014-08-11,IWM,0
2014-08-11,QQQ,0.22903620269031244
2014-08-11,SPY,0.2884946515384203
2014-08-11,TLT,0.23246914577126729
2014-08-12,GLD,0.25
2014-08-12,IWM,0
2014-08-12,QQQ,0.22903620269031244
2014-08-12,SPY,0.2884946515384203
2014-08-12,TLT,0.23246914577126729
2014-08-13,GLD,0.25
2014-08-13,IWM,0
2014-08-13,QQQ,0.22903620269031244
2014-08-13,SPY,0.2884946515384203
2014-08-13,TLT,0.23246914577126729
2014-08-14,GLD,0.25
2014-08-14,IWM,0
2014-08-14,QQQ,0.22903620269031244
2014-08-14,SPY,0.2884946515384203
2014-08-14,TLT,0.23246914577126729
2014-08-15,GLD,0.25
2014-08-15,IWM,0
2014-08-15,QQQ,0.22903620269031244
2014-08-15,SPY,0.2884946515384203
2014-08-15,TLT,0.23246914577126729
2014-08-18,GLD,0.25
2014-08-18,IWM,0
2014-08-18,QQQ,0.22903620269031244
2014-08-18,SPY,0.2884946515384203
2014-08-18,TLT,0.23246914577126729
2014-08-19,GLD,0.25
2014-08-19,IWM,0
2014-08-19,QQQ,0.22903620269031244
2014-08-19,SPY,0.2884946515384203
2014-08-19,TLT,0.23246914577126729
2014-08-20,GLD,0.25
2014-08-20,IWM,0
2014-08-20,QQQ,0.22903620269031244
2014-08-20,SPY,0.2884946515384203
2014-08-20,TLT,0.23246914577126729
2014-08-21,GLD,0.25
2014-08-21,IWM,0
2014-08-21,QQQ,0.22903620269031244
2014-08-21,SPY,0.2884946515384203
2014-08-21,TLT,0.23246914577126729
2014-08-22,GLD,0.25
2014-08-22,IWM,0
2014-08-22,QQQ,0.22903620269031244
2014-08-22,SPY,0.2884946515384203
2014-08-22,TLT,0.23246914577126729
2014-08-25,GLD,0.25
2014-08-25,IWM,0
2014-08-25,QQQ,0.22903620269031244
2014-08-25,SPY,0.2884946515384203
2014-08-25,TLT,0.23246914577126729
2014-08-26,GLD,0.25
2014-08-26,IWM,0
2014-08-26,QQQ,0.22903620269031244
2014-08-26,SPY,0.2884946515384203
2014-08-26,TLT,0.23246914577126729
2014-08-27,GLD,0.25
2014-08-27,IWM,0
2014-08-27,QQQ,0.22903620269031244
2014-08-27,SPY,0.2884946515384203
2014-08-27,TLT,0.23246914577126729
2014-08-28,GLD,0.25
2014-08-28,IWM,0
2014-08-28,QQQ,0.22903620269031244
2014-08-28,SPY,0.2884946515384203
2014-08-28,TLT,0.23246914577126729
2014-08-29,GLD,0.25
2014-08-29,IWM,0
2014-08-29,QQQ,0.22903620269031244
2014-08-29,SPY,0.2884946515384203
2014-08-29,TLT,0.23246914577126729
2014-09-02,GLD,0
2014-09-02,IWM,0.19400216903638601
2014-09-02,QQQ,0.26744511034282287
2014-09-02,SPY,0.30009920636978826
2014-09-02,TLT,0.23845351425100275
2014-09-03,GLD,0
2014-09-03,IWM,0.19400216903638601
2014-09-03,QQQ,0.26744511034282287
2014-09-03,SPY,0.30009920636978826
2014-09-03,TLT,0.23845351425100275
2014-09-04,GLD,0
2014-09-04,IWM,0.19400216903638601
2014-09-04,QQQ,0.26744511034282287
2014-09-04,SPY,0.30009920636978826
2014-09-04,TLT,0.23845351425100275
2014-09-05,GLD,0
2014-09-05,IWM,0.19400216903638601
2014-09-05,QQQ,0.26744511034282287
2014-09-05,SPY,0.30009920636978826
2014-09-05,TLT,0.23845351425100275
2014-09-08,GLD,0
2014-09-08,IWM,0.19400216903638601
2014-09-08,QQQ,0.26744511034282287
2014-09-08,SPY,0.30009920636978826
2014-09-08,TLT,0.23845351425100275
2014-09-09,GLD,0
2014-09-09,IWM,0.19400216903638601
2014-09-09,QQQ,0.26744511034282287
2014-09-09,SPY,0.30009920636978826
2014-09-09,TLT,0.23845351425100275
2014-09-10,GLD,0
2014-09-10,IWM,0.19400216903638601
2014-09-10,QQQ,0.26744511034282287
2014-09-10,SPY,0.30009920636978826
2014-09-10,TLT,0.23845351425100275
2014-09-11,GLD,0
2014-09-11,IWM,0.19400216903638601
2014-09-11,QQQ,0.26744511034282287
2014-09-11,SPY,0.30009920636978826
2014-09-11,TLT,0.23845351425100275
2014-09-12,GLD,0
2014-09-12,IWM,0.19400216903638601
2014-09-12,QQQ,0.26744511034282287
2014-09-12,SPY,0.30009920636978826
2014-09-12,TLT,0.23845351425100275
2014-09-15,GLD,0
2014-09-15,IWM,0.19400216903638601
2014-09-15,QQQ,0.26744511034282287
2014-09-15,SPY,0.30009920636978826
2014-09-15,TLT,0.23845351425100275
2014-09-16,GLD,0
2014-09-16,IWM,0.19400216903638601
2014-09-16,QQQ,0.26744511034282287
2014-09-16,SPY,0.30009920636978826
2014-09-16,TLT,0.23845351425100275
2014-09-17,GLD,0
2014-09-17,IWM,0.19400216903638601
2014-09-17,QQQ,0.26744511034282287
2014-09-17,SPY,0.30009920636978826
2014-09-17,TLT,0.23845351425100275
2014-09-18,GLD,0
2014-09-18,IWM,0.19400216903638601
2014-09-18,QQQ,0.26744511034282287
2014-09-18,SPY,0.30009920636978826
2014-09-18,TLT,0.23845351425100275
2014-09-19,GLD,0
2014-09-19,IWM,0.19400216903638601
2014-09-19,QQQ,0.26744511034282287
2014-09-19,SPY,0.30009920636978826
2014-09-19,TLT,0.23845351425100275
2014-09-22,GLD,0
2014-09-22,IWM,0.19400216903638601
2014-09-22,QQQ,0.26744511034282287
2014-09-22,SPY,0.30009920636978826
2014-09-22,TLT,0.23845351425100275
2014-09-23,GLD,0
2014-09-23,IWM,0.19400216903638601
2014-09-23,QQQ,0.26744511034282287
2014-09-23,SPY,0.30009920636978826
2014-09-23,TLT,0.23845351425100275
2014-09-24,GLD,0
2014-09-24,IWM,0.19400216903638601
2014-09-24,QQQ,0.26744511034282287
2014-09-24,SPY,0.30009920636978826
2014-09-24,TLT,0.23845351425100275
2014-09-25,GLD,0
2014-09-25,IWM,0.19400216903638601
2014-09-25,QQQ,0.26744511034282287
2014-09-25,SPY,0.30009920636978826
2014-09-25,TLT,0.23845351425100275
2014-09-26,GLD,0
2014-09-26,IWM,0.19400216903638601
2014-09-26,QQQ,0.26744511034282287
2014-09-26,SPY,0.30009920636978826
2014-09-26,TLT,0.23845351425100275
2014-09-29,GLD,0
2014-09-29,IWM,0.19400216903638601
2014-09-29,QQQ,0.26744511034282287
2014-09-29,SPY,0.30009920636978826
2014-09-29,TLT,0.23845351425100275
2014-09-30,GLD,0
2014-09-30,IWM,0.19400216903638601
2014-09-30,QQQ,0.26744511034282287
2014-09-30,SPY,0.30009920636978826
2014-09-30,TLT,0.23845351425100275
2014-10-01,GLD,0.25
2014-10-01,IWM,0
2014-10-01,QQQ,0.2317314556437414
2014-10-01,SPY,0.2793894499020414
2014-10-01,TLT,0.23887909445421721
2014-10-02,GLD,0.25
2014-10-02,IWM,0
2014-10-02,QQQ,0.2317314556437414
2014-10-02,SPY,0.2793894499020414
2014-10-02,TLT,0.23887909445421721
2014-10-03,GLD,0.25
2014-10-03,IWM,0
2014-10-03,QQQ,0.2317314556437414
2014-10-03,SPY,0.2793894499020414
2014-10-03,TLT,0.23887909445421721
2014-10-06,GLD,0.25
2014-10-06,IWM,0
2014-10-06,QQQ,0.2317314556437414
2014-10-06,SPY,0.2793894499020414
2014-10-06,TLT,0.23887909445421721
2014-10-07,GLD,0.25
2014-10-07,IWM,0
2014-10-07,QQQ,0.2317314556437414
2014-10-07,SPY,0.2793894499020414
2014-10-07,TLT,0.23887909445421721
2014-10-08,GLD,0.25
2014-10-08,IWM,0
2014-10-08,QQQ,0.2317314556437414
2014-10-08,SPY,0.2793894499020414
2014-10-08,TLT,0.23887909445421721
2014-10-09,GLD,0.25
2014-10-09,IWM,0
2014-10-09,QQQ,0.2317314556437414
2014-10-09,SPY,0.2793894499020414
2014-10-09,TLT,0.23887909445421721
2014-10-10,GLD,0.25
2014-10-10,IWM,0
2014-10-10,QQQ,0.2317314556437414
2014-10-10,SPY,0.2793894499020414
2014-10-10,TLT,0.23887909445421721
2014-10-13,GLD,0.25
2014-10-13,IWM,0
2014-10-13,QQQ,0.2317314556437414
2014-10-13,SPY,0.2793894499020414
2014-10-13,TLT,0.23887909445421721
2014-10-14,GLD,0.25
2014-10-14,IWM,0
2014-10-14,QQQ,0.2317314556437414
2014-10-14,SPY,0.2793894499020414
2014-10-14,TLT,0.23887909445421721
2014-10-15,GLD,0.25
2014-10-15,IWM,0
2014-10-15,QQQ,0.2317314556437414
2014-10-15,SPY,0.2793894499020414
2014-10-15,TLT,0.23887909445421721
2014-10-16,GLD,0.25
2014-10-16,IWM,0
2014-10-16,QQQ,0.2317314556437414
2014-10-16,SPY,0.2793894499020414
2014-10-16,TLT,0.23887909445421721
2014-10-17,GLD,0.25
2014-10-17,IWM,0
2014-10-17,QQQ,0.2317314556437414
2014-10-17,SPY,0.2793894499020414
2014-10-17,TLT,0.23887909445421721
2014-10-20,GLD,0.25
2014-10-20,IWM,0
2014-10-20,QQQ,0.2317314556437414
2014-10-20,SPY,0.2793894499020414
2014-10-20,TLT,0.23887909445421721
2014-10-21,GLD,0.25
2014-10-21,IWM,0
2014-10-21,QQQ,0.2317314556437414
2014-10-21,SPY,0.2793894499020414
2014-10-21,TLT,0.23887909445421721
2014-10-22,GLD,0.25
2014-10-22,IWM,0
2014-10-22,QQQ,0.2317314556437414
2014-10-22,SPY,0.2793894499020414
2014-10-22,TLT,0.23887909445421721
2014-10-23,GLD,0.25
2014-10-23,IWM,0
2014-10-23,QQQ,0.2317314556437414
2014-10-23,SPY,0.2793894499020414
2014-10-23,TLT,0.23887909445421721
2014-10-24,GLD,0.25
2014-10-24,IWM,0
2014-10-24,QQQ,0.2317314556437414
2014-10-24,SPY,0.2793894499020414
2014-10-24,TLT,0.23887909445421721
2014-10-27,GLD,0.25
2014-10-27,IWM,0
2014-10-27,QQQ,0.2317314556437414
2014-10-27,SPY,0.2793894499020414
2014-10-27,TLT,0.23887909445421721
2014-10-28,GLD,0.25
2014-10-28,IWM,0
2014-10-28,QQQ,0.2317314556437414
2014-10-28,SPY,0.2793894499020414
2014-10-28,TLT,0.23887909445421721
2014-10-29,GLD,0.25
2014-10-29,IWM,0
2014-10-29,QQQ,0.2317314556437414
2014-10-29,SPY,0.2793894499020414
2014-10-29,TLT,0.23887909445421721
2014-10-30,GLD,0
2014-10-30,IWM,0.20387271741760124
2014-10-30,QQQ,0.22536671496081459
2014-10-30,SPY,0.26524739368570938
2014-10-30,TLT,0.30551317393587479
2014-10-31,GLD,0
2014-10-31,IWM,0.20387271741760124
2014-10-31,QQQ,0.22536671496081459
2014-10-31,SPY,0.26524739368570938
2014-10-31,TLT,0.30551317393587479
2014-11-03,GLD,0
2014-11-03,IWM,0.20387271741760124
2014-11-03,QQQ,0.22536671496081459
2014-11-03,SPY,0.26524739368570938
2014-11-03,TLT,0.30551317393587479
2014-11-04,GLD,0
2014-11-04,IWM,0.20387271741760124
2014-11-04,QQQ,0.22536671496081459
2014-11-04,SPY,0.26524739368570938
2014-11-04,TLT,0.30551317393587479
2014-11-05,GLD,0
2014-11-05,IWM,0.20387271741760124
2014-11-05,QQQ,0.22536671496081459
2014-11-05,SPY,0.26524739368570938
2014-11-05,TLT,0.30551317393587479
2014-11-06,GLD,0
2014-11-06,IWM,0.20387271741760124
2014-11-06,QQQ,0.22536671496081459
2014-11-06,SPY,0.26524739368570938
2014-11-06,TLT,0.30551317393587479
2014-11-07,GLD,0
2014-11-07,IWM,0.20387271741760124
2014-11-07,QQQ,0.22536671496081459
2014-11-07,SPY,0.26524739368570938
2014-11-07,TLT,0.30551317393587479
2014-11-10,GLD,0
2014-11-10,IWM,0.20387271741760124
2014-11-10,QQQ,0.22536671496081459
2014-11-10,SPY,0.26524739368570938
2014-11-10,TLT,0.30551317393587479
2014-11-11,GLD,0
2014-11-11,IWM,0.20387271741760124
2014-11-11,QQQ,0.22536671496081459
2014-11-11,SPY,0.26524739368570938
2014-11-11,TLT,0.30551317393587479
2014-11-12,GLD,0
2014-11-12,IWM,0.20387271741760124
2014-11-12,QQQ,0.22536671496081459
2014-11-12,SPY,0.26524739368570938
2014-11-12,TLT,0.30551317393587479
2014-11-13,GLD,0
2014-11-13,IWM,0.20387271741760124
2014-11-13,QQQ,0.22536671496081459
2014-11-13,SPY,0.26524739368570938
2014-11-13,TLT,0.30551317393587479
2014-11-14,GLD,0
2014-11-14,IWM,0.20387271741760124
2014-11-14,QQQ,0.22536671496081459
2014-11-14,SPY,0.26524739368570938
2014-11-14,TLT,0.30551317393587479
2014-11-17,GLD,0
2014-11-17,IWM,0.20387271741760124
2014-11-17,QQQ,0.22536671496081459
2014-11-17,SPY,0.26524739368570938
2014-11-17,TLT,0.30551317393587479
2014-11-18,GLD,0
2014-11-18,IWM,0.20387271741760124
2014-11-18,QQQ,0.22536671496081459
2014-11-18,SPY,0.26524739368570938
2014-11-18,TLT,0.30551317393587479
2014-11-19,GLD,0
2014-11-19,IWM,0.20387271741760124
2014-11-19,QQQ,0.22536671496081459
2014-11-19,SPY,0.26524739368570938
2014-11-19,TLT,0.30551317393587479
2014-11-20,GLD,0
2014-11-20,IWM,0.20387271741760124
2014-11-20,QQQ,0.22536671496081459
2014-11-20,SPY,0.26524739368570938
2014-11-20,TLT,0.30551317393587479
2014-11-21,GLD,0
2014-11-21,IWM,0.20387271741760124
2014-11-21,QQQ,0.22536671496081459
2014-11-21,SPY,0.26524739368570938
2014-11-21,TLT,0.30551317393587479
2014-11-24,GLD,0
2014-11-24,IWM,0.20387271741760124
2014-11-24,QQQ,0.22536671496081459
2014-11-24,SPY,0.26524739368570938
2014-11-24,TLT,0.30551317393587479
2014-11-25,GLD,0
2014-11-25,IWM,0.20387271741760124
2014-11-25,QQQ,0.22536671496081459
2014-11-25,SPY,0.26524739368570938
2014-11-25,TLT,0.30551317393587479
2014-11-26,GLD,0
2014-11-26,IWM,0.20387271741760124
2014-11-26,QQQ,0.22536671496081459
2014-11-26,SPY,0.26524739368570938
2014-11-26,TLT,0.30551317393587479
2014-11-28,GLD,0
2014-11-28,IWM,0.20387271741760124
2014-11-28,QQQ,0.22536671496081459
2014-11-28,SPY,0.26524739368570938
2014-11-28,TLT,0.30551317393587479
2014-12-01,GLD,0
2014-12-01,IWM,0.19338454020471721
2014-12-01,QQQ,0.21886613159002519
2014-12-01,SPY,0.26731245177013901
2014-12-01,TLT,0.32043687643511864
2014-12-02,GLD,0
2014-12-02,IWM,0.19338454020471721
2014-12-02,QQQ,0.21886613159002519
2014-12-02,SPY,0.26731245177013901
2014-12-02,TLT,0.32043687643511864
2014-12-03,GLD,0
2014-12-03,IWM,0.19338454020471721
2014-12-03,QQQ,0.21886613159002519
2014-12-03,SPY,0.26731245177013901
2014-12-03,TLT,0.32043687643511864
2014-12-04,GLD,0
2014-12-04,IWM,0.19338454020471721
2014-12-04,QQQ,0.21886613159002519
2014-12-04,SPY,0.26731245177013901
2014-12-04,TLT,0.32043687643511864
2014-12-05,GLD,0
2014-12-05,IWM,0.19338454020471721
2014-12-05,QQQ,0.21886613159002519
2014-12-05,SPY,0.26731245177013901
2014-12-05,TLT,0.32043687643511864
2014-12-08,GLD,0
2014-12-08,IWM,0.19338454020471721
2014-12-08,QQQ,0.21886613159002519
2014-12-08,SPY,0.26731245177013901
2014-12-08,TLT,0.32043687643511864
2014-12-09,GLD,0
2014-12-09,IWM,0.19338454020471721
2014-12-09,QQQ,0.21886613159002519
2014-12-09,SPY,0.26731245177013901
2014-12-09,TLT,0.32043687643511864
2014-12-10,GLD,0
2014-12-10,IWM,0.19338454020471721
2014-12-10,QQQ,0.21886613159002519
2014-12-10,SPY,0.26731245177013901
2014-12-10,TLT,0.32043687643511864
2014-12-11,GLD,0
2014-12-11,IWM,0.19338454020471721
2014-12-11,QQQ,0.21886613159002519
2014-12-11,SPY,0.26731245177013901
2014-12-11,TLT,0.32043687643511864
2014-12-12,GLD,0
2014-12-12,IWM,0.19338454020471721
2014-12-12,QQQ,0.21886613159002519
2014-12-12,SPY,0.26731245177013901
2014-12-12,TLT,0.32043687643511864
2014-12-15,GLD,0
2014-12-15,IWM,0.19338454020471721
2014-12-15,QQQ,0.21886613159002519
2014-12-15,SPY,0.26731245177013901
2014-12-15,TLT,0.32043687643511864
2014-12-16,GLD,0
2014-12-16,IWM,0.19338454020471721
2014-12-16,QQQ,0.21886613159002519
2014-12-16,SPY,0.26731245177013901
2014-12-16,TLT,0.32043687643511864
2014-12-17,GLD,0
2014-12-17,IWM,0.19338454020471721
2014-12-17,QQQ,0.21886613159002519
2014-12-17,SPY,0.26731245177013901
2014-12-17,TLT,0.32043687643511864
2014-12-18,GLD,0
2014-12-18,IWM,0.19338454020471721
2014-12-18,QQQ,0.21886613159002519
2014-12-18,SPY,0.26731245177013901
2014-12-18,TLT,0.32043687643511864
2014-12-19,GLD,0
2014-12-19,IWM,0.19338454020471721
2014-12-19,QQQ,0.21886613159002519
2014-12-19,SPY,0.26731245177013901
2014-12-19,TLT,0.32043687643511864
2014-12-22,GLD,0
2014-12-22,IWM,0.19338454020471721
2014-12-22,QQQ,0.21886613159002519
2014-12-22,SPY,0.26731245177013901
2014-12-22,TLT,0.32043687643511864
2014-12-23,GLD,0
2014-12-23,IWM,0.19338454020471721
2014-12-23,QQQ,0.21886613159002519
2014-12-23,SPY,0.26731245177013901
2014-12-23,TLT,0.32043687643511864
2014-12-24,GLD,0
2014-12-24,IWM,0.19338454020471721
2014-12-24,QQQ,0.21886613159002519
2014-12-24,SPY,0.26731245177013901
2014-12-24,TLT,0.32043687643511864
2014-12-26,GLD,0
2014-12-26,IWM,0.19338454020471721
2014-12-26,QQQ,0.21886613159002519
2014-12-26,SPY,0.26731245177013901
2014-12-26,TLT,0.32043687643511864
2014-12-29,GLD,0
2014-12-29,IWM,0.19338454020471721
2014-12-29,QQQ,0.21886613159002519
2014-12-29,SPY,0.26731245177013901
2014-12-29,TLT,0.32043687643511864
2014-12-30,GLD,0
2014-12-30,IWM,0.19338454020471721
2014-12-30,QQQ,0.21886613159002519
2014-12-30,SPY,0.26731245177013901
2014-12-30,TLT,0.32043687643511864
2014-12-31,GLD,0
2014-12-31,IWM,0.20031724384233146
2014-12-31,QQQ,0.22838325810014676
2014-12-31,SPY,0.25785896233056621
2014-12-31,TLT,0.31344053572695557
2015-01-02,GLD,0
2015-01-02,IWM,0.20031724384233146
2015-01-02,QQQ,0.22838325810014676
2015-01-02,SPY,0.25785896233056621
2015-01-02,TLT,0.31344053572695557
2015-01-05,GLD,0
2015-01-05,IWM,0.20031724384233146
2015-01-05,QQQ,0.22838325810014676
2015-01-05,SPY,0.25785896233056621
2015-01-05,TLT,0.31344053572695557
2015-01-06,GLD,0
2015-01-06,IWM,0.20031724384233146
2015-01-06,QQQ,0.22838325810014676
2015-01-06,SPY,0.25785896233056621
2015-01-06,TLT,0.31344053572695557
2015-01-07,GLD,0
2015-01-07,IWM,0.20031724384233146
2015-01-07,QQQ,0.22838325810014676
2015-01-07,SPY,0.25785896233056621
2015-01-07,TLT,0.31344053572695557
2015-01-08,GLD,0
2015-01-08,IWM,0.20031724384233146
2015-01-08,QQQ,0.22838325810014676
2015-01-08,SPY,0.25785896233056621
2015-01-08,TLT,0.31344053572695557
2015-01-09,GLD,0
2015-01-09,IWM,0.20031724384233146
2015-01-09,QQQ,0.22838325810014676
2015-01-09,SPY,0.25785896233056621
2015-01-09,TLT,0.31344053572695557
2015-01-12,GLD,0
2015-01-12,IWM,0.20031724384233146
2015-01-12,QQQ,0.22838325810014676
2015-01-12,SPY,0.25785896233056621
2015-01-12,TLT,0.31344053572695557
2015-01-13,GLD,0
2015-01-13,IWM,0.20031724384233146
2015-01-13,QQQ,0.22838325810014676
2015-01-13,SPY,0.25785896233056621
2015-01-13,TLT,0.31344053572695557
2015-01-14,GLD,0
2015-01-14,IWM,0.20031724384233146
2015-01-14,QQQ,0.22838325810014676
2015-01-14,SPY,0.25785896233056621
2015-01-14,TLT,0.31344053572695557
2015-01-15,GLD,0
2015-01-15,IWM,0.20031724384233146
2015-01-15,QQQ,0.22838325810014676
2015-01-15,SPY,0.25785896233056621
2015-01-15,TLT,0.31344053572695557
2015-01-16,GLD,0
2015-01-16,IWM,0.20031724384233146
2015-01-16,QQQ,0.22838325810014676
2015-01-16,SPY,0.25785896233056621
2015-01-16,TLT,0.31344053572695557
2015-01-20,GLD,0
2015-01-20,IWM,0.20031724384233146
2015-01-20,QQQ,0.22838325810014676
2015-01-20,SPY,0.25785896233056621
2015-01-20,TLT,0.31344053572695557
2015-01-21,GLD,0
2015-01-21,IWM,0.20031724384233146
2015-01-21,QQQ,0.22838325810014676
2015-01-21,SPY,0.25785896233056621
2015-01-21,TLT,0.31344053572695557
2015-01-22,GLD,0
2015-01-22,IWM,0.20031724384233146
2015-01-22,QQQ,0.22838325810014676
2015-01-22,SPY,0.25785896233056621
2015-01-22,TLT,0.31344053572695557
2015-01-23,GLD,0
2015-01-23,IWM,0.20031724384233146
2015-01-23,QQQ,0.22838325810014676
2015-01-23,SPY,0.25785896233056621
2015-01-23,TLT,0.31344053572695557
2015-01-26,GLD,0
2015-01-26,IWM,0.20031724384233146
2015-01-26,QQQ,0.22838325810014676
2015-01-26,SPY,0.25785896233056621
2015-01-26,TLT,0.31344053572695557
2015-01-27,GLD,0
2015-01-27,IWM,0.20031724384233146
2015-01-27,QQQ,0.22838325810014676
2015-01-27,SPY,0.25785896233056621
2015-01-27,TLT,0.31344053572695557
2015-01-28,GLD,0
2015-01-28,IWM,0.20031724384233146
2015-01-28,QQQ,0.22838325810014676
2015-01-28,SPY,0.25785896233056621
2015-01-28,TLT,0.31344053572695557
2015-01-29,GLD,0
2015-01-29,IWM,0.20031724384233146
2015-01-29,QQQ,0.22838325810014676
2015-01-29,SPY,0.25785896233056621
2015-01-29,TLT,0.31344053572695557
2015-01-30,GLD,0
2015-01-30,IWM,0.20031724384233146
2015-01-30,QQQ,0.22838325810014676
2015-01-30,SPY,0.25785896233056621
2015-01-30,TLT,0.31344053572695557
2015-02-02,GLD,0
2015-02-02,IWM,0.21381215024186351
2015-02-02,QQQ,0.24971701798599344
2015-02-02,SPY,0.27041189850491476
2015-02-02,TLT,0.26605893326722829
2015-02-03,GLD,0
2015-02-03,IWM,0.21381215024186351
2015-02-03,QQQ,0.24971701798599344
2015-02-03,SPY,0.27041189850491476
2015-02-03,TLT,0.26605893326722829
2015-02-04,GLD,0
2015-02-04,IWM,0.21381215024186351
2015-02-04,QQQ,0.24971701798599344
2015-02-04,SPY,0.27041189850491476
2015-02-04,TLT,0.26605893326722829
2015-02-05,GLD,0
2015-02-05,IWM,0.21381215024186351
2015-02-05,QQQ,0.24971701798599344
2015-02-05,SPY,0.27041189850491476
2015-02-05,TLT,0.26605893326722829
2015-02-06,GLD,0
2015-02-06,IWM,0.21381215024186351
2015-02-06,QQQ,0.24971701798599344
2015-02-06,SPY,0.27041189850491476
2015-02-06,TLT,0.26605893326722829
2015-02-09,GLD,0
2015-02-09,IWM,0.21381215024186351
2015-02-09,QQQ,0.24971701798599344
2015-02-09,SPY,0.27041189850491476
2015-02-09,TLT,0.26605893326722829
2015-02-10,GLD,0
2015-02-10,IWM,0.21381215024186351
2015-02-10,QQQ,0.24971701798599344
2015-02-10,SPY,0.27041189850491476
2015-02-10,TLT,0.26605893326722829
2015-02-11,GLD,0
2015-02-11,IWM,0.21381215024186351
2015-02-11,QQQ,0.24971701798599344
2015-02-11,SPY,0.27041189850491476
2015-02-11,TLT,0.26605893326722829
2015-02-12,GLD,0
2015-02-12,IWM,0.21381215024186351
2015-02-12,QQQ,0.24971701798599344
2015-02-12,SPY,0.27041189850491476
2015-02-12,TLT,0.26605893326722829
2015-02-13,GLD,0
2015-02-13,IWM,0.21381215024186351
2015-02-13,QQQ,0.24971701798599344
2015-02-13,SPY,0.27041189850491476
2015-02-13,TLT,0.26605893326722829
2015-02-17,GLD,0
2015-02-17,IWM,0.21381215024186351
2015-02-17,QQQ,0.24971701798599344
2015-02-17,SPY,0.27041189850491476
2015-02-17,TLT,0.26605893326722829
2015-02-18,GLD,0
2015-02-18,IWM,0.21381215024186351
2015-02-18,QQQ,0.24971701798599344
2015-02-18,SPY,0.27041189850491476
2015-02-18,TLT,0.26605893326722829
2015-02-19,GLD,0
2015-02-19,IWM,0.21381215024186351
2015-02-19,QQQ,0.24971701798599344
2015-02-19,SPY,0.27041189850491476
2015-02-19,TLT,0.26605893326722829
2015-02-20,GLD,0
2015-02-20,IWM,0.21381215024186351
2015-02-20,QQQ,0.24971701798599344
2015-02-20,SPY,0.27041189850491476
2015-02-20,TLT,0.26605893326722829
2015-02-23,GLD,0
2015-02-23,IWM,0.21381215024186351
2015-02-23,QQQ,0.24971701798599344
2015-02-23,SPY,0.27041189850491476
2015-02-23,TLT,0.26605893326722829
2015-02-24,GLD,0
2015-02-24,IWM,0.21381215024186351
2015-02-24,QQQ,0.24971701798599344
2015-02-24,SPY,0.27041189850491476
2015-02-24,TLT,0.26605893326722829
2015-02-25,GLD,0
2015-02-25,IWM,0.21381215024186351
2015-02-25,QQQ,0.24971701798599344
2015-02-25,SPY,0.27041189850491476
2015-02-25,TLT,0.26605893326722829
2015-02-26,GLD,0
2015-02-26,IWM,0.21381215024186351
2015-02-26,QQQ,0.24971701798599344
2015-02-26,SPY,0.27041189850491476
2015-02-26,TLT,0.26605893326722829
2015-02-27,GLD,0
2015-02-27,IWM,0.21381215024186351
2015-02-27,QQQ,0.24971701798599344
2015-02-27,SPY,0.27041189850491476
2015-02-27,TLT,0.26605893326722829
2015-03-02,GLD,0
2015-03-02,IWM,0.21381215024186351
2015-03-02,QQQ,0.24971701798599344
2015-03-02,SPY,0.27041189850491476
2015-03-02,TLT,0.26605893326722829
2015-03-03,GLD,0
2015-03-03,IWM,0.21381215024186351
2015-03-03,QQQ,0.24971701798599344
2015-03-03,SPY,0.27041189850491476
2015-03-03,TLT,0.26605893326722829
2015-03-04,GLD,0
2015-03-04,IWM,0.23341257759962486
2015-03-04,QQQ,0.25698573191301577
2015-03-04,SPY,0.27472267722374932
2015-03-04,TLT,0.23487901326361002
2015-03-05,GLD,0
2015-03-05,IWM,0.23341257759962486
2015-03-05,QQQ,0.25698573191301577
2015-03-05,SPY,0.27472267722374932
2015-03-05,TLT,0.23487901326361002
2015-03-06,GLD,0
2015-03-06,IWM,0.23341257759962486
2015-03-06,QQQ,0.25698573191301577
2015-03-06,SPY,0.27472267722374932
2015-03-06,TLT,0.23487901326361002
2015-03-09,GLD,0
2015-03-09,IWM,0.23341257759962486
2015-03-09,QQQ,0.25698573191301577
2015-03-09,SPY,0.27472267722374932
2015-03-09,TLT,0.23487901326361002
2015-03-10,GLD,0
2015-03-10,IWM,0.23341257759962486
2015-03-10,QQQ,0.25698573191301577
2015-03-10,SPY,0.27472267722374932
2015-03-10,TLT,0.23487901326361002
2015-03-11,GLD,0
2015-03-11,IWM,0.23341257759962486
2015-03-11,QQQ,0.25698573191301577
2015-03-11,SPY,0.27472267722374932
2015-03-11,TLT,0.23487901326361002
2015-03-12,GLD,0
2015-03-12,IWM,0.23341257759962486
2015-03-12,QQQ,0.25698573191301577
2015-03-12,SPY,0.27472267722374932
2015-03-12,TLT,0.23487901326361002
2015-03-13,GLD,0
2015-03-13,IWM,0.23341257759962486
2015-03-13,QQQ,0.25698573191301577
2015-03-13,SPY,0.27472267722374932
2015-03-13,TLT,0.23487901326361002
2015-03-16,GLD,0
2015-03-16,IWM,0.23341257759962486
2015-03-16,QQQ,0.25698573191301577
2015-03-16,SPY,0.27472267722374932
2015-03-16,TLT,0.23487901326361002
2015-03-17,GLD,0
2015-03-17,IWM,0.23341257759962486
2015-03-17,QQQ,0.25698573191301577
2015-03-17,SPY,0.27472267722374932
2015-03-17,TLT,0.23487901326361002
2015-03-18,GLD,0
2015-03-18,IWM,0.23341257759962486
2015-03-18,QQQ,0.25698573191301577
2015-03-18,SPY,0.27472267722374932
2015-03-18,TLT,0.23487901326361002
2015-03-19,GLD,0
2015-03-19,IWM,0.23341257759962486
2015-03-19,QQQ,0.25698573191301577
2015-03-19,SPY,0.27472267722374932
2015-03-19,TLT,0.23487901326361002
2015-03-20,GLD,0
2015-03-20,IWM,0.23341257759962486
2015-03-20,QQQ,0.25698573191301577
2015-03-20,SPY,0.27472267722374932
2015-03-20,TLT,0.23487901326361002
2015-03-23,GLD,0
2015-03-23,IWM,0.23341257759962486
2015-03-23,QQQ,0.25698573191301577
2015-03-23,SPY,0.27472267722374932
2015-03-23,TLT,0.23487901326361002
2015-03-24,GLD,0
2015-03-24,IWM,0.23341257759962486
2015-03-24,QQQ,0.25698573191301577
2015-03-24,SPY,0.27472267722374932
2015-03-24,TLT,0.23487901326361002
2015-03-25,GLD,0
2015-03-25,IWM,0.23341257759962486
2015-03-25,QQQ,0.25698573191301577
2015-03-25,SPY,0.27472267722374932
2015-03-25,TLT,0.23487901326361002
2015-03-26,GLD,0
2015-03-26,IWM,0.23341257759962486
2015-03-26,QQQ,0.25698573191301577
2015-03-26,SPY,0.27472267722374932
2015-03-26,TLT,0.23487901326361002
2015-03-27,GLD,0
2015-03-27,IWM,0.23341257759962486
2015-03-27,QQQ,0.25698573191301577
2015-03-27,SPY,0.27472267722374932
2015-03-27,TLT,0.23487901326361002
2015-03-30,GLD,0
2015-03-30,IWM,0.23341257759962486
2015-03-30,QQQ,0.25698573191301577
2015-03-30,SPY,0.27472267722374932
2015-03-30,TLT,0.23487901326361002
2015-03-31,GLD,0
2015-03-31,IWM,0.23341257759962486
2015-03-31,QQQ,0.25698573191301577
2015-03-31,SPY,0.27472267722374932
2015-03-31,TLT,0.23487901326361002
2015-04-01,GLD,0
2015-04-01,IWM,0.23341257759962486
2015-04-01,QQQ,0.25698573191301577
2015-04-01,SPY,0.27472267722374932
2015-04-01,TLT,0.23487901326361002
2015-04-02,GLD,0
2015-04-02,IWM,0.2465341858288112
2015-04-02,QQQ,0.25405185938828606
2015-04-02,SPY,0.27824902155646836
2015-04-02,TLT,0.22116493322643432
2015-04-06,GLD,0
2015-04-06,IWM,0.2465341858288112
2015-04-06,QQQ,0.25405185938828606
2015-04-06,SPY,0.27824902155646836
2015-04-06,TLT,0.22116493322643432
2015-04-07,GLD,0
2015-04-07,IWM,0.2465341858288112
2015-04-07,QQQ,0.25405185938828606
2015-04-07,SPY,0.27824902155646836
2015-04-07,TLT,0.22116493322643432
2015-04-08,GLD,0
2015-04-08,IWM,0.2465341858288112
2015-04-08,QQQ,0.25405185938828606
2015-04-08,SPY,0.27824902155646836
2015-04-08,TLT,0.22116493322643432
2015-04-09,GLD,0
2015-04-09,IWM,0.2465341858288112
2015-04-09,QQQ,0.25405185938828606
2015-04-09,SPY,0.27824902155646836
2015-04-09,TLT,0.22116493322643432
2015-04-10,GLD,0
2015-04-10,IWM,0.2465341858288112
2015-04-10,QQQ,0.25405185938828606
2015-04-10,SPY,0.27824902155646836
2015-04-10,TLT,0.22116493322643432
2015-04-13,GLD,0
2015-04-13,IWM,0.2465341858288112
2015-04-13,QQQ,0.25405185938828606
2015-04-13,SPY,0.27824902155646836
2015-04-13,TLT,0.22116493322643432
2015-04-14,GLD,0
2015-04-14,IWM,0.2465341858288112
2015-04-14,QQQ,0.25405185938828606
2015-04-14,SPY,0.27824902155646836
2015-04-14,TLT,0.22116493322643432
2015-04-15,GLD,0
2015-04-15,IWM,0.2465341858288112
2015-04-15,QQQ,0.25405185938828606
2015-04-15,SPY,0.27824902155646836
2015-04-15,TLT,0.22116493322643432
2015-04-16,GLD,0
2015-04-16,IWM,0.2465341858288112
2015-04-16,QQQ,0.25405185938828606
2015-04-16,SPY,0.27824902155646836
2015-04-16,TLT,0.22116493322643432
2015-04-17,GLD,0
2015-04-17,IWM,0.2465341858288112
2015-04-17,QQQ,0.25405185938828606
2015-04-17,SPY,0.27824902155646836
2015-04-17,TLT,0.22116493322643432
2015-04-20,GLD,0
2015-04-20,IWM,0.2465341858288112
2015-04-20,QQQ,0.25405185938828606
2015-04-20,SPY,0.27824902155646836
2015-04-20,TLT,0.22116493322643432
2015-04-21,GLD,0
2015-04-21,IWM,0.2465341858288112
2015-04-21,QQQ,0.25405185938828606
2015-04-21,SPY,0.27824902155646836
2015-04-21,TLT,0.22116493322643432
2015-04-22,GLD,0
2015-04-22,IWM,0.2465341858288112
2015-04-22,QQQ,0.25405185938828606
2015-04-22,SPY,0.27824902155646836
2015-04-22,TLT,0.22116493322643432
2015-04-23,GLD,0
2015-04-23,IWM,0.2465341858288112
2015-04-23,QQQ,0.25405185938828606
2015-04-23,SPY,0.27824902155646836
2015-04-23,TLT,0.22116493322643432
2015-04-24,GLD,0
2015-04-24,IWM,0.2465341858288112
2015-04-24,QQQ,0.25405185938828606
2015-04-24,SPY,0.27824902155646836
2015-04-24,TLT,0.22116493322643432
2015-04-27,GLD,0
2015-04-27,IWM,0.2465341858288112
2015-04-27,QQQ,0.25405185938828606
2015-04-27,SPY,0.27824902155646836
2015-04-27,TLT,0.22116493322643432
2015-04-28,GLD,0
2015-04-28,IWM,0.2465341858288112
2015-04-28,QQQ,0.25405185938828606
2015-04-28,SPY,0.27824902155646836
2015-04-28,TLT,0.22116493322643432
2015-04-29,GLD,0
2015-04-29,IWM,0.2465341858288112
2015-04-29,QQQ,0.25405185938828606
2015-04-29,SPY,0.27824902155646836
2015-04-29,TLT,0.22116493322643432
2015-04-30,GLD,0
2015-04-30,IWM,0.2465341858288112
2015-04-30,QQQ,0.25405185938828606
2015-04-30,SPY,0.27824902155646836
2015-04-30,TLT,0.22116493322643432
2015-05-01,GLD,0
2015-05-01,IWM,0.2465341858288112
2015-05-01,QQQ,0.25405185938828606
2015-05-01,SPY,0.27824902155646836
2015-05-01,TLT,0.22116493322643432
2015-05-04,GLD,0
2015-05-04,IWM,0.25025410755929572
2015-05-04,QQQ,0.24889205620813168
2015-05-04,SPY,0.29590138872909039
2015-05-04,TLT,0.20495244750348221
2015-05-05,GLD,0
2015-05-05,IWM,0.25025410755929572
2015-05-05,QQQ,0.24889205620813168
2015-05-05,SPY,0.29590138872909039
2015-05-05,TLT,0.20495244750348221
2015-05-06,GLD,0
2015-05-06,IWM,0.25025410755929572
2015-05-06,QQQ,0.24889205620813168
2015-05-06,SPY,0.29590138872909039
2015-05-06,TLT,0.20495244750348221
2015-05-07,GLD,0
2015-05-07,IWM,0.25025410755929572
2015-05-07,QQQ,0.24889205620813168
2015-05-07,SPY,0.29590138872909039
2015-05-07,TLT,0.20495244750348221
2015-05-08,GLD,0
2015-05-08,IWM,0.25025410755929572
2015-05-08,QQQ,0.24889205620813168
2015-05-08,SPY,0.29590138872909039
2015-05-08,TLT,0.20495244750348221
2015-05-11,GLD,0
2015-05-11,IWM,0.25025410755929572
2015-05-11,QQQ,0.24889205620813168
2015-05-11,SPY,0.29590138872909039
2015-05-11,TLT,0.20495244750348221
2015-05-12,GLD,0
2015-05-12,IWM,0.25025410755929572
2015-05-12,QQQ,0.24889205620813168
2015-05-12,SPY,0.29590138872909039
2015-05-12,TLT,0.20495244750348221
2015-05-13,GLD,0
2015-05-13,IWM,0.25025410755929572
2015-05-13,QQQ,0.24889205620813168
2015-05-13,SPY,0.29590138872909039
2015-05-13,TLT,0.20495244750348221
2015-05-14,GLD,0
2015-05-14,IWM,0.25025410755929572
2015-05-14,QQQ,0.24889205620813168
2015-05-14,SPY,0.29590138872909039
2015-05-14,TLT,0.20495244750348221
2015-05-15,GLD,0
2015-05-15,IWM,0.25025410755929572
2015-05-15,QQQ,0.24889205620813168
2015-05-15,SPY,0.29590138872909039
2015-05-15,TLT,0.20495244750348221
2015-05-18,GLD,0
2015-05-18,IWM,0.25025410755929572
2015-05-18,QQQ,0.24889205620813168
2015-05-18,SPY,0.29590138872909039
2015-05-18,TLT,0.20495244750348221
2015-05-19,GLD,0
2015-05-19,IWM,0.25025410755929572
2015-05-19,QQQ,0.24889205620813168
2015-05-19,SPY,0.29590138872909039
2015-05-19,TLT,0.20495244750348221
2015-05-20,GLD,0
2015-05-20,IWM,0.25025410755929572
2015-05-20,QQQ,0.24889205620813168
2015-05-20,SPY,0.29590138872909039
2015-05-20,TLT,0.20495244750348221
2015-05-21,GLD,0
2015-05-21,IWM,0.25025410755929572
2015-05-21,QQQ,0.24889205620813168
2015-05-21,SPY,0.29590138872909039
2015-05-21,TLT,0.20495244750348221
2015-05-22,GLD,0
2015-05-22,IWM,0.25025410755929572
2015-05-22,QQQ,0.24889205620813168
2015-05-22,SPY,0.29590138872909039
2015-05-22,TLT,0.20495244750348221
2015-05-26,GLD,0
2015-05-26,IWM,0.25025410755929572
2015-05-26,QQQ,0.24889205620813168
2015-05-26,SPY,0.29590138872909039
2015-05-26,TLT,0.20495244750348221
2015-05-27,GLD,0
2015-05-27,IWM,0.25025410755929572
2015-05-27,QQQ,0.24889205620813168
2015-05-27,SPY,0.29590138872909039
2015-05-27,TLT,0.20495244750348221
2015-05-28,GLD,0
2015-05-28,IWM,0.25025410755929572
2015-05-28,QQQ,0.24889205620813168
2015-05-28,SPY,0.29590138872909039
2015-05-28,TLT,0.20495244750348221
2015-05-29,GLD,0
2015-05-29,IWM,0.25025410755929572
2015-05-29,QQQ,0.24889205620813168
2015-05-29,SPY,0.29590138872909039
2015-05-29,TLT,0.20495244750348221
2015-06-01,GLD,0
2015-06-01,IWM,0.25025410755929572
2015-06-01,QQQ,0.24889205620813168
2015-06-01,SPY,0.29590138872909039
2015-06-01,TLT,0.20495244750348221
2015-06-02,GLD,0
2015-06-02,IWM,0.25025410755929572
2015-06-02,QQQ,0.24889205620813168
2015-06-02,SPY,0.29590138872909039
2015-06-02,TLT,0.20495244750348221
2015-06-03,GLD,0.25
2015-06-03,IWM,0.2413881194759202
2015-06-03,QQQ,0.22793282429897563
2015-06-03,SPY,0.2806790562251042
2015-06-03,TLT,0
2015-06-04,GLD,0.25
2015-06-04,IWM,0.2413881194759202
2015-06-04,QQQ,0.22793282429897563
2015-06-04,SPY,0.2806790562251042
2015-06-04,TLT,0
2015-06-05,GLD,0.25
2015-06-05,IWM,0.2413881194759202
2015-06-05,QQQ,0.22793282429897563
2015-06-05,SPY,0.2806790562251042
2015-06-05,TLT,0
2015-06-08,GLD,0.25
2015-06-08,IWM,0.2413881194759202
2015-06-08,QQQ,0.22793282429897563
2015-06-08,SPY,0.2806790562251042
2015-06-08,TLT,0
2015-06-09,GLD,0.25
2015-06-09,IWM,0.2413881194759202
2015-06-09,QQQ,0.22793282429897563
2015-06-09,SPY,0.2806790562251042
2015-06-09,TLT,0
2015-06-10,GLD,0.25
2015-06-10,IWM,0.2413881194759202
2015-06-10,QQQ,0.22793282429897563
2015-06-10,SPY,0.2806790562251042
2015-06-10,TLT,0
2015-06-11,GLD,0.25
2015-06-11,IWM,0.2413881194759202
2015-06-11,QQQ,0.22793282429897563
2015-06-11,SPY,0.2806790562251042
2015-06-11,TLT,0
2015-06-12,GLD,0.25
2015-06-12,IWM,0.2413881194759202
2015-06-12,QQQ,0.22793282429897563
2015-06-12,SPY,0.2806790562251042
2015-06-12,TLT,0
2015-06-15,GLD,0.25
2015-06-15,IWM,0.2413881194759202
2015-06-15,QQQ,0.22793282429897563
2015-06-15,SPY,0.2806790562251042
2015-06-15,TLT,0
2015-06-16,GLD,0.25
2015-06-16,IWM,0.2413881194759202
2015-06-16,QQQ,0.22793282429897563
2015-06-16,SPY,0.2806790562251042
2015-06-16,TLT,0
2015-06-17,GLD,0.25
2015-06-17,IWM,0.2413881194759202
2015-06-17,QQQ,0.22793282429897563
2015-06-17,SPY,0.2806790562251042
2015-06-17,TLT,0
2015-06-18,GLD,0.25
2015-06-18,IWM,0.2413881194759202
2015-06-18,QQQ,0.22793282429897563
2015-06-18,SPY,0.2806790562251042
2015-06-18,TLT,0
2015-06-19,GLD,0.25
2015-06-19,IWM,0.2413881194759202
2015-06-19,QQQ,0.22793282429897563
2015-06-19,SPY,0.2806790562251042
2015-06-19,TLT,0
2015-06-22,GLD,0.25
2015-06-22,IWM,0.2413881194759202
2015-06-22,QQQ,0.22793282429897563
2015-06-22,SPY,0.2806790562251042
2015-06-22,TLT,0
2015-06-23,GLD,0.25
2015-06-23,IWM,0.2413881194759202
2015-06-23,QQQ,0.22793282429897563
2015-06-23,SPY,0.2806790562251042
2015-06-23,TLT,0
2015-06-24,GLD,0.25
2015-06-24,IWM,0.2413881194759202
2015-06-24,QQQ,0.22793282429897563
2015-06-24,SPY,0.2806790562251042
2015-06-24,TLT,0
2015-06-25,GLD,0.25
2015-06-25,IWM,0.2413881194759202
2015-06-25,QQQ,0.22793282429897563
2015-06-25,SPY,0.2806790562251042
2015-06-25,TLT,0
2015-06-26,GLD,0.25
2015-06-26,IWM,0.2413881194759202
2015-06-26,QQQ,0.22793282429897563
2015-06-26,SPY,0.2806790562251042
2015-06-26,TLT,0
2015-06-29,GLD,0.25
2015-06-29,IWM,0.2413881194759202
2015-06-29,QQQ,0.22793282429897563
2015-06-29,SPY,0.2806790562251042
2015-06-29,TLT,0
2015-06-30,GLD,0.25
2015-06-30,IWM,0.2413881194759202
2015-06-30,QQQ,0.22793282429897563
2015-06-30,SPY,0.2806790562251042
2015-06-30,TLT,0
2015-07-01,GLD,0.25
2015-07-01,IWM,0.2413881194759202
2015-07-01,QQQ,0.22793282429897563
2015-07-01,SPY,0.2806790562251042
2015-07-01,TLT,0
2015-07-02,GLD,0.25
2015-07-02,IWM,0.23669092345433701
2015-07-02,QQQ,0.22469916657336914
2015-07-02,SPY,0.2886099099722938
2015-07-02,TLT,0
2015-07-06,GLD,0.25
2015-07-06,IWM,0.23669092345433701
2015-07-06,QQQ,0.22469916657336914
2015-07-06,SPY,0.2886099099722938
2015-07-06,TLT,0
2015-07-07,GLD,0.25
2015-07-07,IWM,0.23669092345433701
2015-07-07,QQQ,0.22469916657336914
2015-07-07,SPY,0.2886099099722938
2015-07-07,TLT,0
2015-07-08,GLD,0.25
2015-07-08,IWM,0.23669092345433701
2015-07-08,QQQ,0.22469916657336914
2015-07-08,SPY,0.2886099099722938
2015-07-08,TLT,0
2015-07-09,GLD,0.25
2015-07-09,IWM,0.23669092345433701
2015-07-09,QQQ,0.22469916657336914
2015-07-09,SPY,0.2886099099722938
2015-07-09,TLT,0
2015-07-10,GLD,0.25
2015-07-10,IWM,0.23669092345433701
2015-07-10,QQQ,0.22469916657336914
2015-07-10,SPY,0.2886099099722938
2015-07-10,TLT,0
2015-07-13,GLD,0.25
2015-07-13,IWM,0.23669092345433701
2015-07-13,QQQ,0.22469916657336914
2015-07-13,SPY,0.2886099099722938
2015-07-13,TLT,0
2015-07-14,GLD,0.25
2015-07-14,IWM,0.23669092345433701
2015-07-14,QQQ,0.22469916657336914
2015-07-14,SPY,0.2886099099722938
2015-07-14,TLT,0
2015-07-15,GLD,0.25
2015-07-15,IWM,0.23669092345433701
2015-07-15,QQQ,0.22469916657336914
2015-07-15,SPY,0.2886099099722938
2015-07-15,TLT,0
2015-07-16,GLD,0.25
2015-07-16,IWM,0.23669092345433701
2015-07-16,QQQ,0.22469916657336914
2015-07-16,SPY,0.2886099099722938
2015-07-16,TLT,0
2015-07-17,GLD,0.25
2015-07-17,IWM,0.23669092345433701
2015-07-17,QQQ,0.22469916657336914
2015-07-17,SPY,0.2886099099722938
2015-07-17,TLT,0
2015-07-20,GLD,0.25
2015-07-20,IWM,0.23669092345433701
2015-07-20,QQQ,0.22469916657336914
2015-07-20,SPY,0.2886099099722938
2015-07-20,TLT,0
2015-07-21,GLD,0.25
2015-07-21,IWM,0.23669092345433701
2015-07-21,QQQ,0.22469916657336914
2015-07-21,SPY,0.2886099099722938
2015-07-21,TLT,0
2015-07-22,GLD,0.25
2015-07-22,IWM,0.23669092345433701
2015-07-22,QQQ,0.22469916657336914
2015-07-22,SPY,0.2886099099722938
2015-07-22,TLT,0
2015-07-23,GLD,0.25
2015-07-23,IWM,0.23669092345433701
2015-07-23,QQQ,0.22469916657336914
2015-07-23,SPY,0.2886099099722938
2015-07-23,TLT,0
2015-07-24,GLD,0.25
2015-07-24,IWM,0.23669092345433701
2015-07-24,QQQ,0.22469916657336914
2015-07-24,SPY,0.2886099099722938
2015-07-24,TLT,0
2015-07-27,GLD,0.25
2015-07-27,IWM,0.23669092345433701
2015-07-27,QQQ,0.22469916657336914
2015-07-27,SPY,0.2886099099722938
2015-07-27,TLT,0
2015-07-28,GLD,0.25
2015-07-28,IWM,0.23669092345433701
2015-07-28,QQQ,0.22469916657336914
2015-07-28,SPY,0.2886099099722938
2015-07-28,TLT,0
2015-07-29,GLD,0.25
2015-07-29,IWM,0.23669092345433701
2015-07-29,QQQ,0.22469916657336914
2015-07-29,SPY,0.2886099099722938
2015-07-29,TLT,0
2015-07-30,GLD,0.25
2015-07-30,IWM,0.23669092345433701
2015-07-30,QQQ,0.22469916657336914
2015-07-30,SPY,0.2886099099722938
2015-07-30,TLT,0
2015-07-31,GLD,0.25
2015-07-31,IWM,0.23669092345433701
2015-07-31,QQQ,0.22469916657336914
2015-07-31,SPY,0.2886099099722938
2015-07-31,TLT,0
2015-08-03,GLD,0
2015-08-03,IWM,0.26885127470084902
2015-08-03,QQQ,0.24390830036741754
2015-08-03,SPY,0.30072410462864441
2015-08-03,TLT,0.18651632030308901
2015-08-04,GLD,0
2015-08-04,IWM,0.26885127470084902
2015-08-04,QQQ,0.24390830036741754
2015-08-04,SPY,0.30072410462864441
2015-08-04,TLT,0.18651632030308901
2015-08-05,GLD,0
2015-08-05,IWM,0.26885127470084902
2015-08-05,QQQ,0.24390830036741754
2015-08-05,SPY,0.30072410462864441
2015-08-05,TLT,0.18651632030308901
2015-08-06,GLD,0
2015-08-06,IWM,0.26885127470084902
2015-08-06,QQQ,0.24390830036741754
2015-08-06,SPY,0.30072410462864441
2015-08-06,TLT,0.18651632030308901
2015-08-07,GLD,0
2015-08-07,IWM,0.26885127470084902
2015-08-07,QQQ,0.24390830036741754
2015-08-07,SPY,0.30072410462864441
2015-08-07,TLT,0.18651632030308901
2015-08-10,GLD,0
2015-08-10,IWM,0.26885127470084902
2015-08-10,QQQ,0.24390830036741754
2015-08-10,SPY,0.30072410462864441
2015-08-10,TLT,0.18651632030308901
2015-08-11,GLD,0
2015-08-11,IWM,0.26885127470084902
2015-08-11,QQQ,0.24390830036741754
2015-08-11,SPY,0.30072410462864441
2015-08-11,TLT,0.18651632030308901
2015-08-12,GLD,0
2015-08-12,IWM,0.26885127470084902
2015-08-12,QQQ,0.24390830036741754
2015-08-12,SPY,0.30072410462864441
2015-08-12,TLT,0.18651632030308901
2015-08-13,GLD,0
2015-08-13,IWM,0.26885127470084902
2015-08-13,QQQ,0.24390830036741754
2015-08-13,SPY,0.30072410462864441
2015-08-13,TLT,0.18651632030308901
2015-08-14,GLD,0
2015-08-14,IWM,0.26885127470084902
2015-08-14,QQQ,0.24390830036741754
2015-08-14,SPY,0.30072410462864441
2015-08-14,TLT,0.18651632030308901
2015-08-17,GLD,0
2015-08-17,IWM,0.26885127470084902
2015-08-17,QQQ,0.24390830036741754
2015-08-17,SPY,0.30072410462864441
2015-08-17,TLT,0.18651632030308901
2015-08-18,GLD,0
2015-08-18,IWM,0.26885127470084902
2015-08-18,QQQ,0.24390830036741754
2015-08-18,SPY,0.30072410462864441
2015-08-18,TLT,0.18651632030308901
2015-08-19,GLD,0
2015-08-19,IWM,0.26885127470084902
2015-08-19,QQQ,0.24390830036741754
2015-08-19,SPY,0.30072410462864441
2015-08-19,TLT,0.18651632030308901
2015-08-20,GLD,0
2015-08-20,IWM,0.26885127470084902
2015-08-20,QQQ,0.24390830036741754
2015-08-20,SPY,0.30072410462864441
2015-08-20,TLT,0.18651632030308901
2015-08-21,GLD,0
2015-08-21,IWM,0.26885127470084902
2015-08-21,QQQ,0.24390830036741754
2015-08-21,SPY,0.30072410462864441
2015-08-21,TLT,0.18651632030308901
2015-08-24,GLD,0
2015-08-24,IWM,0.26885127470084902
2015-08-24,QQQ,0.24390830036741754
2015-08-24,SPY,0.30072410462864441
2015-08-24,TLT,0.18651632030308901
2015-08-25,GLD,0
2015-08-25,IWM,0.26885127470084902
2015-08-25,QQQ,0.24390830036741754
2015-08-25,SPY,0.30072410462864441
2015-08-25,TLT,0.18651632030308901
2015-08-26,GLD,0
2015-08-26,IWM,0.26885127470084902
2015-08-26,QQQ,0.24390830036741754
2015-08-26,SPY,0.30072410462864441
2015-08-26,TLT,0.18651632030308901
2015-08-27,GLD,0
2015-08-27,IWM,0.26885127470084902
2015-08-27,QQQ,0.24390830036741754
2015-08-27,SPY,0.30072410462864441
2015-08-27,TLT,0.18651632030308901
2015-08-28,GLD,0
2015-08-28,IWM,0.26885127470084902
2015-08-28,QQQ,0.24390830036741754
2015-08-28,SPY,0.30072410462864441
2015-08-28,TLT,0.18651632030308901
2015-08-31,GLD,0
2015-08-31,IWM,0.26885127470084902
2015-08-31,QQQ,0.24390830036741754
2015-08-31,SPY,0.30072410462864441
2015-08-31,TLT,0.18651632030308901
2015-09-01,GLD,0.75
2015-09-01,IWM,0
2015-09-01,QQQ,0
2015-09-01,SPY,0
2015-09-01,TLT,0.25
2015-09-02,GLD,0.75
2015-09-02,IWM,0
2015-09-02,QQQ,0
2015-09-02,SPY,0
2015-09-02,TLT,0.25
2015-09-03,GLD,0.75
2015-09-03,IWM,0
2015-09-03,QQQ,0
2015-09-03,SPY,0
2015-09-03,TLT,0.25
2015-09-04,GLD,0.75
2015-09-04,IWM,0
2015-09-04,QQQ,0
2015-09-04,SPY,0
2015-09-04,TLT,0.25
2015-09-08,GLD,0.75
2015-09-08,IWM,0
2015-09-08,QQQ,0
2015-09-08,SPY,0
2015-09-08,TLT,0.25
2015-09-09,GLD,0.75
2015-09-09,IWM,0
2015-09-09,QQQ,0
2015-09-09,SPY,0
2015-09-09,TLT,0.25
2015-09-10,GLD,0.75
2015-09-10,IWM,0
2015-09-10,QQQ,0
2015-09-10,SPY,0
2015-09-10,TLT,0.25
2015-09-11,GLD,0.75
2015-09-11,IWM,0
2015-09-11,QQQ,0
2015-09-11,SPY,0
2015-09-11,TLT,0.25
2015-09-14,GLD,0.75
2015-09-14,IWM,0
2015-09-14,QQQ,0
2015-09-14,SPY,0
2015-09-14,TLT,0.25
2015-09-15,GLD,0.75
2015-09-15,IWM,0
2015-09-15,QQQ,0
2015-09-15,SPY,0
2015-09-15,TLT,0.25
2015-09-16,GLD,0.75
2015-09-16,IWM,0
2015-09-16,QQQ,0
2015-09-16,SPY,0
2015-09-16,TLT,0.25
2015-09-17,GLD,0.75
2015-09-17,IWM,0
2015-09-17,QQQ,0
2015-09-17,SPY,0
2015-09-17,TLT,0.25
2015-09-18,GLD,0.75
2015-09-18,IWM,0
2015-09-18,QQQ,0
2015-09-18,SPY,0
2015-09-18,TLT,0.25
2015-09-21,GLD,0.75
2015-09-21,IWM,0
2015-09-21,QQQ,0
2015-09-21,SPY,0
2015-09-21,TLT,0.25
2015-09-22,GLD,0.75
2015-09-22,IWM,0
2015-09-22,QQQ,0
2015-09-22,SPY,0
2015-09-22,TLT,0.25
2015-09-23,GLD,0.75
2015-09-23,IWM,0
2015-09-23,QQQ,0
2015-09-23,SPY,0
2015-09-23,TLT,0.25
2015-09-24,GLD,0.75
2015-09-24,IWM,0
2015-09-24,QQQ,0
2015-09-24,SPY,0
2015-09-24,TLT,0.25
2015-09-25,GLD,0.75
2015-09-25,IWM,0
2015-09-25,QQQ,0
2015-09-25,SPY,0
2015-09-25,TLT,0.25
2015-09-28,GLD,0.75
2015-09-28,IWM,0
2015-09-28,QQQ,0
2015-09-28,SPY,0
2015-09-28,TLT,0.25
2015-09-29,GLD,0.75
2015-09-29,IWM,0
2015-09-29,QQQ,0
2015-09-29,SPY,0
2015-09-29,TLT,0.25
2015-09-30,GLD,0.75
2015-09-30,IWM,0
2015-09-30,QQQ,0
2015-09-30,SPY,0
2015-09-30,TLT,0.25
2015-10-01,GLD,0.75
2015-10-01,IWM,0
2015-10-01,QQQ,0
2015-10-01,SPY,0
2015-10-01,TLT,0.25
2015-10-02,GLD,0.75
2015-10-02,IWM,0
2015-10-02,QQQ,0
2015-10-02,SPY,0
2015-10-02,TLT,0.25
2015-10-05,GLD,0.75
2015-10-05,IWM,0
2015-10-05,QQQ,0
2015-10-05,SPY,0
2015-10-05,TLT,0.25
2015-10-06,GLD,0.75
2015-10-06,IWM,0
2015-10-06,QQQ,0
2015-10-06,SPY,0
2015-10-06,TLT,0.25
2015-10-07,GLD,0.75
2015-10-07,IWM,0
2015-10-07,QQQ,0
2015-10-07,SPY,0
2015-10-07,TLT,0.25
2015-10-08,GLD,0.75
2015-10-08,IWM,0
2015-10-08,QQQ,0
2015-10-08,SPY,0
2015-10-08,TLT,0.25
2015-10-09,GLD,0.75
2015-10-09,IWM,0
2015-10-09,QQQ,0
2015-10-09,SPY,0
2015-10-09,TLT,0.25
2015-10-12,GLD,0.75
2015-10-12,IWM,0
2015-10-12,QQQ,0
2015-10-12,SPY,0
2015-10-12,TLT,0.25
2015-10-13,GLD,0.75
2015-10-13,IWM,0
2015-10-13,QQQ,0
2015-10-13,SPY,0
2015-10-13,TLT,0.25
2015-10-14,GLD,0.75
2015-10-14,IWM,0
2015-10-14,QQQ,0
2015-10-14,SPY,0
2015-10-14,TLT,0.25
2015-10-15,GLD,0.75
2015-10-15,IWM,0
2015-10-15,QQQ,0
2015-10-15,SPY,0
2015-10-15,TLT,0.25
2015-10-16,GLD,0.75
2015-10-16,IWM,0
2015-10-16,QQQ,0
2015-10-16,SPY,0
2015-10-16,TLT,0.25
2015-10-19,GLD,0.75
2015-10-19,IWM,0
2015-10-19,QQQ,0
2015-10-19,SPY,0
2015-10-19,TLT,0.25
2015-10-20,GLD,0.75
2015-10-20,IWM,0
2015-10-20,QQQ,0
2015-10-20,SPY,0
2015-10-20,TLT,0.25
2015-10-21,GLD,0.75
2015-10-21,IWM,0
2015-10-21,QQQ,0
2015-10-21,SPY,0
2015-10-21,TLT,0.25
2015-10-22,GLD,0.75
2015-10-22,IWM,0
2015-10-22,QQQ,0
2015-10-22,SPY,0
2015-10-22,TLT,0.25
2015-10-23,GLD,0.75
2015-10-23,IWM,0
2015-10-23,QQQ,0
2015-10-23,SPY,0
2015-10-23,TLT,0.25
2015-10-26,GLD,0.75
2015-10-26,IWM,0
2015-10-26,QQQ,0
2015-10-26,SPY,0
2015-10-26,TLT,0.25
2015-10-27,GLD,0.75
2015-10-27,IWM,0
2015-10-27,QQQ,0
2015-10-27,SPY,0
2015-10-27,TLT,0.25
2015-10-28,GLD,0.75
2015-10-28,IWM,0
2015-10-28,QQQ,0
2015-10-28,SPY,0
2015-10-28,TLT,0.25
2015-10-29,GLD,0.75
2015-10-29,IWM,0
2015-10-29,QQQ,0
2015-10-29,SPY,0
2015-10-29,TLT,0.25
2015-10-30,GLD,0.5
2015-10-30,IWM,0
2015-10-30,QQQ,0.23034787531548231
2015-10-30,SPY,0.26965212468451766
2015-10-30,TLT,0
2015-11-02,GLD,0.5
2015-11-02,IWM,0
2015-11-02,QQQ,0.23034787531548231
2015-11-02,SPY,0.26965212468451766
2015-11-02,TLT,0
2015-11-03,GLD,0.5
2015-11-03,IWM,0
2015-11-03,QQQ,0.23034787531548231
2015-11-03,SPY,0.26965212468451766
2015-11-03,TLT,0
2015-11-04,GLD,0.5
2015-11-04,IWM,0
2015-11-04,QQQ,0.23034787531548231
2015-11-04,SPY,0.26965212468451766
2015-11-04,TLT,0
2015-11-05,GLD,0.5
2015-11-05,IWM,0
2015-11-05,QQQ,0.23034787531548231
2015-11-05,SPY,0.26965212468451766
2015-11-05,TLT,0
2015-11-06,GLD,0.5
2015-11-06,IWM,0
2015-11-06,QQQ,0.23034787531548231
2015-11-06,SPY,0.26965212468451766
2015-11-06,TLT,0
2015-11-09,GLD,0.5
2015-11-09,IWM,0
2015-11-09,QQQ,0.23034787531548231
2015-11-09,SPY,0.26965212468451766
2015-11-09,TLT,0
2015-11-10,GLD,0.5
2015-11-10,IWM,0
2015-11-10,QQQ,0.23034787531548231
2015-11-10,SPY,0.26965212468451766
2015-11-10,TLT,0
2015-11-11,GLD,0.5
2015-11-11,IWM,0
2015-11-11,QQQ,0.23034787531548231
2015-11-11,SPY,0.26965212468451766
2015-11-11,TLT,0
2015-11-12,GLD,0.5
2015-11-12,IWM,0
2015-11-12,QQQ,0.23034787531548231
2015-11-12,SPY,0.26965212468451766
2015-11-12,TLT,0
2015-11-13,GLD,0.5
2015-11-13,IWM,0
2015-11-13,QQQ,0.23034787531548231
2015-11-13,SPY,0.26965212468451766
2015-11-13,TLT,0
2015-11-16,GLD,0.5
2015-11-16,IWM,0
2015-11-16,QQQ,0.23034787531548231
2015-11-16,SPY,0.26965212468451766
2015-11-16,TLT,0
2015-11-17,GLD,0.5
2015-11-17,IWM,0
2015-11-17,QQQ,0.23034787531548231
2015-11-17,SPY,0.26965212468451766
2015-11-17,TLT,0
2015-11-18,GLD,0.5
2015-11-18,IWM,0
2015-11-18,QQQ,0.23034787531548231
2015-11-18,SPY,0.26965212468451766
2015-11-18,TLT,0
2015-11-19,GLD,0.5
2015-11-19,IWM,0
2015-11-19,QQQ,0.23034787531548231
2015-11-19,SPY,0.26965212468451766
2015-11-19,TLT,0
2015-11-20,GLD,0.5
2015-11-20,IWM,0
2015-11-20,QQQ,0.23034787531548231
2015-11-20,SPY,0.26965212468451766
2015-11-20,TLT,0
2015-11-23,GLD,0.5
2015-11-23,IWM,0
2015-11-23,QQQ,0.23034787531548231
2015-11-23,SPY,0.26965212468451766
2015-11-23,TLT,0
2015-11-24,GLD,0.5
2015-11-24,IWM,0
2015-11-24,QQQ,0.23034787531548231
2015-11-24,SPY,0.26965212468451766
2015-11-24,TLT,0
2015-11-25,GLD,0.5
2015-11-25,IWM,0
2015-11-25,QQQ,0.23034787531548231
2015-11-25,SPY,0.26965212468451766
2015-11-25,TLT,0
2015-11-27,GLD,0.5
2015-11-27,IWM,0
2015-11-27,QQQ,0.23034787531548231
2015-11-27,SPY,0.26965212468451766
2015-11-27,TLT,0
2015-11-30,GLD,0.5
2015-11-30,IWM,0
2015-11-30,QQQ,0.23034787531548231
2015-11-30,SPY,0.26965212468451766
2015-11-30,TLT,0
2015-12-01,GLD,0.25
2015-12-01,IWM,0.23068713090836371
2015-12-01,QQQ,0.24160876864945202
2015-12-01,SPY,0.27770410044218413
2015-12-01,TLT,0
2015-12-02,GLD,0.25
2015-12-02,IWM,0.23068713090836371
2015-12-02,QQQ,0.24160876864945202
2015-12-02,SPY,0.27770410044218413
2015-12-02,TLT,0
2015-12-03,GLD,0.25
2015-12-03,IWM,0.23068713090836371
2015-12-03,QQQ,0.24160876864945202
2015-12-03,SPY,0.27770410044218413
2015-12-03,TLT,0
2015-12-04,GLD,0.25
2015-12-04,IWM,0.23068713090836371
2015-12-04,QQQ,0.24160876864945202
2015-12-04,SPY,0.27770410044218413
2015-12-04,TLT,0
2015-12-07,GLD,0.25
2015-12-07,IWM,0.23068713090836371
2015-12-07,QQQ,0.24160876864945202
2015-12-07,SPY,0.27770410044218413
2015-12-07,TLT,0
2015-12-08,GLD,0.25
2015-12-08,IWM,0.23068713090836371
2015-12-08,QQQ,0.24160876864945202
2015-12-08,SPY,0.27770410044218413
2015-12-08,TLT,0
2015-12-09,GLD,0.25
2015-12-09,IWM,0.23068713090836371
2015-12-09,QQQ,0.24160876864945202
2015-12-09,SPY,0.27770410044218413
2015-12-09,TLT,0
2015-12-10,GLD,0.25
2015-12-10,IWM,0.23068713090836371
2015-12-10,QQQ,0.24160876864945202
2015-12-10,SPY,0.27770410044218413
2015-12-10,TLT,0
2015-12-11,GLD,0.25
2015-12-11,IWM,0.23068713090836371
2015-12-11,QQQ,0.24160876864945202
2015-12-11,SPY,0.27770410044218413
2015-12-11,TLT,0
2015-12-14,GLD,0.25
2015-12-14,IWM,0.23068713090836371
2015-12-14,QQQ,0.24160876864945202
2015-12-14,SPY,0.27770410044218413
2015-12-14,TLT,0
2015-12-15,GLD,0.25
2015-12-15,IWM,0.23068713090836371
2015-12-15,QQQ,0.24160876864945202
2015-12-15,SPY,0.27770410044218413
2015-12-15,TLT,0
2015-12-16,GLD,0.25
2015-12-16,IWM,0.23068713090836371
2015-12-16,QQQ,0.24160876864945202
2015-12-16,SPY,0.27770410044218413
2015-12-16,TLT,0
2015-12-17,GLD,0.25
2015-12-17,IWM,0.23068713090836371
2015-12-17,QQQ,0.24160876864945202
2015-12-17,SPY,0.27770410044218413
2015-12-17,TLT,0
2015-12-18,GLD,0.25
2015-12-18,IWM,0.23068713090836371
2015-12-18,QQQ,0.24160876864945202
2015-12-18,SPY,0.27770410044218413
2015-12-18,TLT,0
2015-12-21,GLD,0.25
2015-12-21,IWM,0.23068713090836371
2015-12-21,QQQ,0.24160876864945202
2015-12-21,SPY,0.27770410044218413
2015-12-21,TLT,0
2015-12-22,GLD,0.25
2015-12-22,IWM,0.23068713090836371
2015-12-22,QQQ,0.24160876864945202
2015-12-22,SPY,0.27770410044218413
2015-12-22,TLT,0
2015-12-23,GLD,0.25
2015-12-23,IWM,0.23068713090836371
2015-12-23,QQQ,0.24160876864945202
2015-12-23,SPY,0.27770410044218413
2015-12-23,TLT,0
2015-12-24,GLD,0.25
2015-12-24,IWM,0.23068713090836371
2015-12-24,QQQ,0.24160876864945202
2015-12-24,SPY,0.27770410044218413
2015-12-24,TLT,0
2015-12-28,GLD,0.25
2015-12-28,IWM,0.23068713090836371
2015-12-28,QQQ,0.24160876864945202
2015-12-28,SPY,0.27770410044218413
2015-12-28,TLT,0
2015-12-29,GLD,0.25
2015-12-29,IWM,0.23068713090836371
2015-12-29,QQQ,0.24160876864945202
2015-12-29,SPY,0.27770410044218413
2015-12-29,TLT,0
2015-12-30,GLD,0.25
2015-12-30,IWM,0.23068713090836371
2015-12-30,QQQ,0.24160876864945202
2015-12-30,SPY,0.27770410044218413
2015-12-30,TLT,0
2015-12-31,GLD,0.5
2015-12-31,IWM,0
2015-12-31,QQQ,0.2351313713331607
2015-12-31,SPY,0.2648686286668393
2015-12-31,TLT,0
2016-01-04,GLD,0.5
2016-01-04,IWM,0
2016-01-04,QQQ,0.2351313713331607
2016-01-04,SPY,0.2648686286668393
2016-01-04,TLT,0
2016-01-05,GLD,0.5
2016-01-05,IWM,0
2016-01-05,QQQ,0.2351313713331607
2016-01-05,SPY,0.2648686286668393
2016-01-05,TLT,0
2016-01-06,GLD,0.5
2016-01-06,IWM,0
2016-01-06,QQQ,0.2351313713331607
2016-01-06,SPY,0.2648686286668393
2016-01-06,TLT,0
2016-01-07,GLD,0.5
2016-01-07,IWM,0
2016-01-07,QQQ,0.2351313713331607
2016-01-07,SPY,0.2648686286668393
2016-01-07,TLT,0
2016-01-08,GLD,0.5
2016-01-08,IWM,0
2016-01-08,QQQ,0.2351313713331607
2016-01-08,SPY,0.2648686286668393
2016-01-08,TLT,0
2016-01-11,GLD,0.5
2016-01-11,IWM,0
2016-01-11,QQQ,0.2351313713331607
2016-01-11,SPY,0.2648686286668393
2016-01-11,TLT,0
2016-01-12,GLD,0.5
2016-01-12,IWM,0
2016-01-12,QQQ,0.2351313713331607
2016-01-12,SPY,0.2648686286668393
2016-01-12,TLT,0
2016-01-13,GLD,0.5
2016-01-13,IWM,0
2016-01-13,QQQ,0.2351313713331607
2016-01-13,SPY,0.2648686286668393
2016-01-13,TLT,0
2016-01-14,GLD,0.5
2016-01-14,IWM,0
2016-01-14,QQQ,0.2351313713331607
2016-01-14,SPY,0.2648686286668393
2016-01-14,TLT,0
2016-01-15,GLD,0.5
2016-01-15,IWM,0
2016-01-15,QQQ,0.2351313713331607
2016-01-15,SPY,0.2648686286668393
2016-01-15,TLT,0
2016-01-19,GLD,0.5
2016-01-19,IWM,0
2016-01-19,QQQ,0.2351313713331607
2016-01-19,SPY,0.2648686286668393
2016-01-19,TLT,0
2016-01-20,GLD,0.5
2016-01-20,IWM,0
2016-01-20,QQQ,0.2351313713331607
2016-01-20,SPY,0.2648686286668393
2016-01-20,TLT,0
2016-01-21,GLD,0.5
2016-01-21,IWM,0
2016-01-21,QQQ,0.2351313713331607
2016-01-21,SPY,0.2648686286668393
2016-01-21,TLT,0
2016-01-22,GLD,0.5
2016-01-22,IWM,0
2016-01-22,QQQ,0.2351313713331607
2016-01-22,SPY,0.2648686286668393
2016-01-22,TLT,0
2016-01-25,GLD,0.5
2016-01-25,IWM,0
2016-01-25,QQQ,0.2351313713331607
2016-01-25,SPY,0.2648686286668393
2016-01-25,TLT,0
2016-01-26,GLD,0.5
2016-01-26,IWM,0
2016-01-26,QQQ,0.2351313713331607
2016-01-26,SPY,0.2648686286668393
2016-01-26,TLT,0
2016-01-27,GLD,0.5
2016-01-27,IWM,0
2016-01-27,QQQ,0.2351313713331607
2016-01-27,SPY,0.2648686286668393
2016-01-27,TLT,0
2016-01-28,GLD,0.5
2016-01-28,IWM,0
2016-01-28,QQQ,0.2351313713331607
2016-01-28,SPY,0.2648686286668393
2016-01-28,TLT,0
2016-01-29,GLD,0.5
2016-01-29,IWM,0
2016-01-29,QQQ,0.2351313713331607
2016-01-29,SPY,0.2648686286668393
2016-01-29,TLT,0
2016-02-01,GLD,0.5
2016-02-01,IWM,0
2016-02-01,QQQ,0.2351313713331607
2016-02-01,SPY,0.2648686286668393
2016-02-01,TLT,0
2016-02-02,GLD,0.75
2016-02-02,IWM,0
2016-02-02,QQQ,0
2016-02-02,SPY,0
2016-02-02,TLT,0.25
2016-02-03,GLD,0.75
2016-02-03,IWM,0
2016-02-03,QQQ,0
2016-02-03,SPY,0
2016-02-03,TLT,0.25
2016-02-04,GLD,0.75
2016-02-04,IWM,0
2016-02-04,QQQ,0
2016-02-04,SPY,0
2016-02-04,TLT,0.25
2016-02-05,GLD,0.75
2016-02-05,IWM,0
2016-02-05,QQQ,0
2016-02-05,SPY,0
2016-02-05,TLT,0.25
2016-02-08,GLD,0.75
2016-02-08,IWM,0
2016-02-08,QQQ,0
2016-02-08,SPY,0
2016-02-08,TLT,0.25
2016-02-09,GLD,0.75
2016-02-09,IWM,0
2016-02-09,QQQ,0
2016-02-09,SPY,0
2016-02-09,TLT,0.25
2016-02-10,GLD,0.75
2016-02-10,IWM,0
2016-02-10,QQQ,0
2016-02-10,SPY,0
2016-02-10,TLT,0.25
2016-02-11,GLD,0.75
2016-02-11,IWM,0
2016-02-11,QQQ,0
2016-02-11,SPY,0
2016-02-11,TLT,0.25
2016-02-12,GLD,0.75
2016-02-12,IWM,0
2016-02-12,QQQ,0
2016-02-12,SPY,0
2016-02-12,TLT,0.25
2016-02-16,GLD,0.75
2016-02-16,IWM,0
2016-02-16,QQQ,0
2016-02-16,SPY,0
2016-02-16,TLT,0.25
2016-02-17,GLD,0.75
2016-02-17,IWM,0
2016-02-17,QQQ,0
2016-02-17,SPY,0
2016-02-17,TLT,0.25
2016-02-18,GLD,0.75
2016-02-18,IWM,0
2016-02-18,QQQ,0
2016-02-18,SPY,0
2016-02-18,TLT,0.25
2016-02-19,GLD,0.75
2016-02-19,IWM,0
2016-02-19,QQQ,0
2016-02-19,SPY,0
2016-02-19,TLT,0.25
2016-02-22,GLD,0.75
2016-02-22,IWM,0
2016-02-22,QQQ,0
2016-02-22,SPY,0
2016-02-22,TLT,0.25
2016-02-23,GLD,0.75
2016-02-23,IWM,0
2016-02-23,QQQ,0
2016-02-23,SPY,0
2016-02-23,TLT,0.25
2016-02-24,GLD,0.75
2016-02-24,IWM,0
2016-02-24,QQQ,0
2016-02-24,SPY,0
2016-02-24,TLT,0.25
2016-02-25,GLD,0.75
2016-02-25,IWM,0
2016-02-25,QQQ,0
2016-02-25,SPY,0
2016-02-25,TLT,0.25
2016-02-26,GLD,0.75
2016-02-26,IWM,0
2016-02-26,QQQ,0
2016-02-26,SPY,0
2016-02-26,TLT,0.25
2016-02-29,GLD,0.75
2016-02-29,IWM,0
2016-02-29,QQQ,0
2016-02-29,SPY,0
2016-02-29,TLT,0.25
2016-03-01,GLD,0.75
2016-03-01,IWM,0
2016-03-01,QQQ,0
2016-03-01,SPY,0
2016-03-01,TLT,0.25
2016-03-02,GLD,0.75
2016-03-02,IWM,0
2016-03-02,QQQ,0
2016-03-02,SPY,0
2016-03-02,TLT,0.25
2016-03-03,GLD,0.75
2016-03-03,IWM,0
2016-03-03,QQQ,0
2016-03-03,SPY,0
2016-03-03,TLT,0.25
2016-03-04,GLD,0.75
2016-03-04,IWM,0
2016-03-04,QQQ,0
2016-03-04,SPY,0
2016-03-04,TLT,0.25
2016-03-07,GLD,0.75
2016-03-07,IWM,0
2016-03-07,QQQ,0
2016-03-07,SPY,0
2016-03-07,TLT,0.25
2016-03-08,GLD,0.75
2016-03-08,IWM,0
2016-03-08,QQQ,0
2016-03-08,SPY,0
2016-03-08,TLT,0.25
2016-03-09,GLD,0.75
2016-03-09,IWM,0
2016-03-09,QQQ,0
2016-03-09,SPY,0
2016-03-09,TLT,0.25
2016-03-10,GLD,0.75
2016-03-10,IWM,0
2016-03-10,QQQ,0
2016-03-10,SPY,0
2016-03-10,TLT,0.25
2016-03-11,GLD,0.75
2016-03-11,IWM,0
2016-03-11,QQQ,0
2016-03-11,SPY,0
2016-03-11,TLT,0.25
2016-03-14,GLD,0.75
2016-03-14,IWM,0
2016-03-14,QQQ,0
2016-03-14,SPY,0
2016-03-14,TLT,0.25
2016-03-15,GLD,0.75
2016-03-15,IWM,0
2016-03-15,QQQ,0
2016-03-15,SPY,0
2016-03-15,TLT,0.25
2016-03-16,GLD,0.75
2016-03-16,IWM,0
2016-03-16,QQQ,0
2016-03-16,SPY,0
2016-03-16,TLT,0.25
2016-03-17,GLD,0.75
2016-03-17,IWM,0
2016-03-17,QQQ,0
2016-03-17,SPY,0
2016-03-17,TLT,0.25
2016-03-18,GLD,0.75
2016-03-18,IWM,0
2016-03-18,QQQ,0
2016-03-18,SPY,0
2016-03-18,TLT,0.25
2016-03-21,GLD,0.75
2016-03-21,IWM,0
2016-03-21,QQQ,0
2016-03-21,SPY,0
2016-03-21,TLT,0.25
2016-03-22,GLD,0.75
2016-03-22,IWM,0
2016-03-22,QQQ,0
2016-03-22,SPY,0
2016-03-22,TLT,0.25
2016-03-23,GLD,0.75
2016-03-23,IWM,0
2016-03-23,QQQ,0
2016-03-23,SPY,0
2016-03-23,TLT,0.25
2016-03-24,GLD,0.75
2016-03-24,IWM,0
2016-03-24,QQQ,0
2016-03-24,SPY,0
2016-03-24,TLT,0.25
2016-03-28,GLD,0.75
2016-03-28,IWM,0
2016-03-28,QQQ,0
2016-03-28,SPY,0
2016-03-28,TLT,0.25
2016-03-29,GLD,0.75
2016-03-29,IWM,0
2016-03-29,QQQ,0
2016-03-29,SPY,0
2016-03-29,TLT,0.25
2016-03-30,GLD,0.75
2016-03-30,IWM,0
2016-03-30,QQQ,0
2016-03-30,SPY,0
2016-03-30,TLT,0.25
2016-03-31,GLD,0.75
2016-03-31,IWM,0
2016-03-31,QQQ,0
2016-03-31,SPY,0
2016-03-31,TLT,0.25
2016-04-01,GLD,0.75
2016-04-01,IWM,0
2016-04-01,QQQ,0
2016-04-01,SPY,0
2016-04-01,TLT,0.25
2016-04-04,GLD,0.25
2016-04-04,IWM,0
2016-04-04,QQQ,0.1840486009562039
2016-04-04,SPY,0.23107959847323892
2016-04-04,TLT,0.3348718005705571
2016-04-05,GLD,0.25
2016-04-05,IWM,0
2016-04-05,QQQ,0.1840486009562039
2016-04-05,SPY,0.23107959847323892
2016-04-05,TLT,0.3348718005705571
2016-04-06,GLD,0.25
2016-04-06,IWM,0
2016-04-06,QQQ,0.1840486009562039
2016-04-06,SPY,0.23107959847323892
2016-04-06,TLT,0.3348718005705571
2016-04-07,GLD,0.25
2016-04-07,IWM,0
2016-04-07,QQQ,0.1840486009562039
2016-04-07,SPY,0.23107959847323892
2016-04-07,TLT,0.3348718005705571
2016-04-08,GLD,0.25
2016-04-08,IWM,0
2016-04-08,QQQ,0.1840486009562039
2016-04-08,SPY,0.23107959847323892
2016-04-08,TLT,0.3348718005705571
2016-04-11,GLD,0.25
2016-04-11,IWM,0
2016-04-11,QQQ,0.1840486009562039
2016-04-11,SPY,0.23107959847323892
2016-04-11,TLT,0.3348718005705571
2016-04-12,GLD,0.25
2016-04-12,IWM,0
2016-04-12,QQQ,0.1840486009562039
2016-04-12,SPY,0.23107959847323892
2016-04-12,TLT,0.3348718005705571
2016-04-13,GLD,0.25
2016-04-13,IWM,0
2016-04-13,QQQ,0.1840486009562039
2016-04-13,SPY,0.23107959847323892
2016-04-13,TLT,0.3348718005705571
2016-04-14,GLD,0.25
2016-04-14,IWM,0
2016-04-14,QQQ,0.1840486009562039
2016-04-14,SPY,0.23107959847323892
2016-04-14,TLT,0.3348718005705571
2016-04-15,GLD,0.25
2016-04-15,IWM,0
2016-04-15,QQQ,0.1840486009562039
2016-04-15,SPY,0.23107959847323892
2016-04-15,TLT,0.3348718005705571
2016-04-18,GLD,0.25
2016-04-18,IWM,0
2016-04-18,QQQ,0.1840486009562039
2016-04-18,SPY,0.23107959847323892
2016-04-18,TLT,0.3348718005705571
2016-04-19,GLD,0.25
2016-04-19,IWM,0
2016-04-19,QQQ,0.1840486009562039
2016-04-19,SPY,0.23107959847323892
2016-04-19,TLT,0.3348718005705571
2016-04-20,GLD,0.25
2016-04-20,IWM,0
2016-04-20,QQQ,0.1840486009562039
2016-04-20,SPY,0.23107959847323892
2016-04-20,TLT,0.3348718005705571
2016-04-21,GLD,0.25
2016-04-21,IWM,0
2016-04-21,QQQ,0.1840486009562039
2016-04-21,SPY,0.23107959847323892
2016-04-21,TLT,0.3348718005705571
2016-04-22,GLD,0.25
2016-04-22,IWM,0
2016-04-22,QQQ,0.1840486009562039
2016-04-22,SPY,0.23107959847323892
2016-04-22,TLT,0.3348718005705571
2016-04-25,GLD,0.25
2016-04-25,IWM,0
2016-04-25,QQQ,0.1840486009562039
2016-04-25,SPY,0.23107959847323892
2016-04-25,TLT,0.3348718005705571
2016-04-26,GLD,0.25
2016-04-26,IWM,0
2016-04-26,QQQ,0.1840486009562039
2016-04-26,SPY,0.23107959847323892
2016-04-26,TLT,0.3348718005705571
2016-04-27,GLD,0.25
2016-04-27,IWM,0
2016-04-27,QQQ,0.1840486009562039
2016-04-27,SPY,0.23107959847323892
2016-04-27,TLT,0.3348718005705571
2016-04-28,GLD,0.25
2016-04-28,IWM,0
2016-04-28,QQQ,0.1840486009562039
2016-04-28,SPY,0.23107959847323892
2016-04-28,TLT,0.3348718005705571
2016-04-29,GLD,0.25
2016-04-29,IWM,0
2016-04-29,QQQ,0.1840486009562039
2016-04-29,SPY,0.23107959847323892
2016-04-29,TLT,0.3348718005705571
2016-05-02,GLD,0.25
2016-05-02,IWM,0
2016-05-02,QQQ,0.1840486009562039
2016-05-02,SPY,0.23107959847323892
2016-05-02,TLT,0.3348718005705571
2016-05-03,GLD,0.5
2016-05-03,IWM,0
2016-05-03,QQQ,0
2016-05-03,SPY,0.23820187783539562
2016-05-03,TLT,0.26179812216460441
2016-05-04,GLD,0.5
2016-05-04,IWM,0
2016-05-04,QQQ,0
2016-05-04,SPY,0.23820187783539562
2016-05-04,TLT,0.26179812216460441
2016-05-05,GLD,0.5
2016-05-05,IWM,0
2016-05-05,QQQ,0
2016-05-05,SPY,0.23820187783539562
2016-05-05,TLT,0.26179812216460441
2016-05-06,GLD,0.5
2016-05-06,IWM,0
2016-05-06,QQQ,0
2016-05-06,SPY,0.23820187783539562
2016-05-06,TLT,0.26179812216460441
2016-05-09,GLD,0.5
2016-05-09,IWM,0
2016-05-09,QQQ,0
2016-05-09,SPY,0.23820187783539562
2016-05-09,TLT,0.26179812216460441
2016-05-10,GLD,0.5
2016-05-10,IWM,0
2016-05-10,QQQ,0
2016-05-10,SPY,0.23820187783539562
2016-05-10,TLT,0.26179812216460441
2016-05-11,GLD,0.5
2016-05-11,IWM,0
2016-05-11,QQQ,0
2016-05-11,SPY,0.23820187783539562
2016-05-11,TLT,0.26179812216460441
2016-05-12,GLD,0.5
2016-05-12,IWM,0
2016-05-12,QQQ,0
2016-05-12,SPY,0.23820187783539562
2016-05-12,TLT,0.26179812216460441
2016-05-13,GLD,0.5
2016-05-13,IWM,0
2016-05-13,QQQ,0
2016-05-13,SPY,0.23820187783539562
2016-05-13,TLT,0.26179812216460441
2016-05-16,GLD,0.5
2016-05-16,IWM,0
2016-05-16,QQQ,0
2016-05-16,SPY,0.23820187783539562
2016-05-16,TLT,0.26179812216460441
2016-05-17,GLD,0.5
2016-05-17,IWM,0
2016-05-17,QQQ,0
2016-05-17,SPY,0.23820187783539562
2016-05-17,TLT,0.26179812216460441
2016-05-18,GLD,0.5
2016-05-18,IWM,0
2016-05-18,QQQ,0
2016-05-18,SPY,0.23820187783539562
2016-05-18,TLT,0.26179812216460441
2016-05-19,GLD,0.5
2016-05-19,IWM,0
2016-05-19,QQQ,0
2016-05-19,SPY,0.23820187783539562
2016-05-19,TLT,0.26179812216460441
2016-05-20,GLD,0.5
2016-05-20,IWM,0
2016-05-20,QQQ,0
2016-05-20,SPY,0.23820187783539562
2016-05-20,TLT,0.26179812216460441
2016-05-23,GLD,0.5
2016-05-23,IWM,0
2016-05-23,QQQ,0
2016-05-23,SPY,0.23820187783539562
2016-05-23,TLT,0.26179812216460441
2016-05-24,GLD,0.5
2016-05-24,IWM,0
2016-05-24,QQQ,0
2016-05-24,SPY,0.23820187783539562
2016-05-24,TLT,0.26179812216460441
2016-05-25,GLD,0.5
2016-05-25,IWM,0
2016-05-25,QQQ,0
2016-05-25,SPY,0.23820187783539562
2016-05-25,TLT,0.26179812216460441
2016-05-26,GLD,0.5
2016-05-26,IWM,0
2016-05-26,QQQ,0
2016-05-26,SPY,0.23820187783539562
2016-05-26,TLT,0.26179812216460441
2016-05-27,GLD,0.5
2016-05-27,IWM,0
2016-05-27,QQQ,0
2016-05-27,SPY,0.23820187783539562
2016-05-27,TLT,0.26179812216460441
2016-05-31,GLD,0.5
2016-05-31,IWM,0
2016-05-31,QQQ,0
2016-05-31,SPY,0.23820187783539562
2016-05-31,TLT,0.26179812216460441
2016-06-01,GLD,0.5
2016-06-01,IWM,0
2016-06-01,QQQ,0
2016-06-01,SPY,0.23820187783539562
2016-06-01,TLT,0.26179812216460441
2016-06-02,GLD,0
2016-06-02,IWM,0.17792633594800444
2016-06-02,QQQ,0.23575636892861759
2016-06-02,SPY,0.29895487576946556
2016-06-02,TLT,0.28736241935391249
2016-06-03,GLD,0
2016-06-03,IWM,0.17792633594800444
2016-06-03,QQQ,0.23575636892861759
2016-06-03,SPY,0.29895487576946556
2016-06-03,TLT,0.28736241935391249
2016-06-06,GLD,0
2016-06-06,IWM,0.17792633594800444
2016-06-06,QQQ,0.23575636892861759
2016-06-06,SPY,0.29895487576946556
2016-06-06,TLT,0.28736241935391249
2016-06-07,GLD,0
2016-06-07,IWM,0.17792633594800444
2016-06-07,QQQ,0.23575636892861759
2016-06-07,SPY,0.29895487576946556
2016-06-07,TLT,0.28736241935391249
2016-06-08,GLD,0
2016-06-08,IWM,0.17792633594800444
2016-06-08,QQQ,0.23575636892861759
2016-06-08,SPY,0.29895487576946556
2016-06-08,TLT,0.28736241935391249
2016-06-09,GLD,0
2016-06-09,IWM,0.17792633594800444
2016-06-09,QQQ,0.23575636892861759
2016-06-09,SPY,0.29895487576946556
2016-06-09,TLT,0.28736241935391249
2016-06-10,GLD,0
2016-06-10,IWM,0.17792633594800444
2016-06-10,QQQ,0.23575636892861759
2016-06-10,SPY,0.29895487576946556
2016-06-10,TLT,0.28736241935391249
2016-06-13,GLD,0
2016-06-13,IWM,0.17792633594800444
2016-06-13,QQQ,0.23575636892861759
2016-06-13,SPY,0.29895487576946556
2016-06-13,TLT,0.28736241935391249
2016-06-14,GLD,0
2016-06-14,IWM,0.17792633594800444
2016-06-14,QQQ,0.23575636892861759
2016-06-14,SPY,0.29895487576946556
2016-06-14,TLT,0.28736241935391249
2016-06-15,GLD,0
2016-06-15,IWM,0.17792633594800444
2016-06-15,QQQ,0.23575636892861759
2016-06-15,SPY,0.29895487576946556
2016-06-15,TLT,0.28736241935391249
2016-06-16,GLD,0
2016-06-16,IWM,0.17792633594800444
2016-06-16,QQQ,0.23575636892861759
2016-06-16,SPY,0.29895487576946556
2016-06-16,TLT,0.28736241935391249
2016-06-17,GLD,0
2016-06-17,IWM,0.17792633594800444
2016-06-17,QQQ,0.23575636892861759
2016-06-17,SPY,0.29895487576946556
2016-06-17,TLT,0.28736241935391249
2016-06-20,GLD,0
2016-06-20,IWM,0.17792633594800444
2016-06-20,QQQ,0.23575636892861759
2016-06-20,SPY,0.29895487576946556
2016-06-20,TLT,0.28736241935391249
2016-06-21,GLD,0
2016-06-21,IWM,0.17792633594800444
2016-06-21,QQQ,0.23575636892861759
2016-06-21,SPY,0.29895487576946556
2016-06-21,TLT,0.28736241935391249
2016-06-22,GLD,0
2016-06-22,IWM,0.17792633594800444
2016-06-22,QQQ,0.23575636892861759
2016-06-22,SPY,0.29895487576946556
2016-06-22,TLT,0.28736241935391249
2016-06-23,GLD,0
2016-06-23,IWM,0.17792633594800444
2016-06-23,QQQ,0.23575636892861759
2016-06-23,SPY,0.29895487576946556
2016-06-23,TLT,0.28736241935391249
2016-06-24,GLD,0
2016-06-24,IWM,0.17792633594800444
2016-06-24,QQQ,0.23575636892861759
2016-06-24,SPY,0.29895487576946556
2016-06-24,TLT,0.28736241935391249
2016-06-27,GLD,0
2016-06-27,IWM,0.17792633594800444
2016-06-27,QQQ,0.23575636892861759
2016-06-27,SPY,0.29895487576946556
2016-06-27,TLT,0.28736241935391249
2016-06-28,GLD,0
2016-06-28,IWM,0.17792633594800444
2016-06-28,QQQ,0.23575636892861759
2016-06-28,SPY,0.29895487576946556
2016-06-28,TLT,0.28736241935391249
2016-06-29,GLD,0
2016-06-29,IWM,0.17792633594800444
2016-06-29,QQQ,0.23575636892861759
2016-06-29,SPY,0.29895487576946556
2016-06-29,TLT,0.28736241935391249
2016-06-30,GLD,0
2016-06-30,IWM,0.17792633594800444
2016-06-30,QQQ,0.23575636892861759
2016-06-30,SPY,0.29895487576946556
2016-06-30,TLT,0.28736241935391249
2016-07-01,GLD,0
2016-07-01,IWM,0.2020435370590852
2016-07-01,QQQ,0.22967870842849472
2016-07-01,SPY,0.27453015499218042
2016-07-01,TLT,0.29374759952023966
2016-07-05,GLD,0
2016-07-05,IWM,0.2020435370590852
2016-07-05,QQQ,0.22967870842849472
2016-07-05,SPY,0.27453015499218042
2016-07-05,TLT,0.29374759952023966
2016-07-06,GLD,0
2016-07-06,IWM,0.2020435370590852
2016-07-06,QQQ,0.22967870842849472
2016-07-06,SPY,0.27453015499218042
2016-07-06,TLT,0.29374759952023966
2016-07-07,GLD,0
2016-07-07,IWM,0.2020435370590852
2016-07-07,QQQ,0.22967870842849472
2016-07-07,SPY,0.27453015499218042
2016-07-07,TLT,0.29374759952023966
2016-07-08,GLD,0
2016-07-08,IWM,0.2020435370590852
2016-07-08,QQQ,0.22967870842849472
2016-07-08,SPY,0.27453015499218042
2016-07-08,TLT,0.29374759952023966
2016-07-11,GLD,0
2016-07-11,IWM,0.2020435370590852
2016-07-11,QQQ,0.22967870842849472
2016-07-11,SPY,0.27453015499218042
2016-07-11,TLT,0.29374759952023966
2016-07-12,GLD,0
2016-07-12,IWM,0.2020435370590852
2016-07-12,QQQ,0.22967870842849472
2016-07-12,SPY,0.27453015499218042
2016-07-12,TLT,0.29374759952023966
2016-07-13,GLD,0
2016-07-13,IWM,0.2020435370590852
2016-07-13,QQQ,0.22967870842849472
2016-07-13,SPY,0.27453015499218042
2016-07-13,TLT,0.29374759952023966
2016-07-14,GLD,0
2016-07-14,IWM,0.2020435370590852
2016-07-14,QQQ,0.22967870842849472
2016-07-14,SPY,0.27453015499218042
2016-07-14,TLT,0.29374759952023966
2016-07-15,GLD,0
2016-07-15,IWM,0.2020435370590852
2016-07-15,QQQ,0.22967870842849472
2016-07-15,SPY,0.27453015499218042
2016-07-15,TLT,0.29374759952023966
2016-07-18,GLD,0
2016-07-18,IWM,0.2020435370590852
2016-07-18,QQQ,0.22967870842849472
2016-07-18,SPY,0.27453015499218042
2016-07-18,TLT,0.29374759952023966
2016-07-19,GLD,0
2016-07-19,IWM,0.2020435370590852
2016-07-19,QQQ,0.22967870842849472
2016-07-19,SPY,0.27453015499218042
2016-07-19,TLT,0.29374759952023966
2016-07-20,GLD,0
2016-07-20,IWM,0.2020435370590852
2016-07-20,QQQ,0.22967870842849472
2016-07-20,SPY,0.27453015499218042
2016-07-20,TLT,0.29374759952023966
2016-07-21,GLD,0
2016-07-21,IWM,0.2020435370590852
2016-07-21,QQQ,0.22967870842849472
2016-07-21,SPY,0.27453015499218042
2016-07-21,TLT,0.29374759952023966
2016-07-22,GLD,0
2016-07-22,IWM,0.2020435370590852
2016-07-22,QQQ,0.22967870842849472
2016-07-22,SPY,0.27453015499218042
2016-07-22,TLT,0.29374759952023966
2016-07-25,GLD,0
2016-07-25,IWM,0.2020435370590852
2016-07-25,QQQ,0.22967870842849472
2016-07-25,SPY,0.27453015499218042
2016-07-25,TLT,0.29374759952023966
2016-07-26,GLD,0
2016-07-26,IWM,0.2020435370590852
2016-07-26,QQQ,0.22967870842849472
2016-07-26,SPY,0.27453015499218042
2016-07-26,TLT,0.29374759952023966
2016-07-27,GLD,0
2016-07-27,IWM,0.2020435370590852
2016-07-27,QQQ,0.22967870842849472
2016-07-27,SPY,0.27453015499218042
2016-07-27,TLT,0.29374759952023966
2016-07-28,GLD,0
2016-07-28,IWM,0.2020435370590852
2016-07-28,QQQ,0.22967870842849472
2016-07-28,SPY,0.27453015499218042
2016-07-28,TLT,0.29374759952023966
2016-07-29,GLD,0
2016-07-29,IWM,0.2020435370590852
2016-07-29,QQQ,0.22967870842849472
2016-07-29,SPY,0.27453015499218042
2016-07-29,TLT,0.29374759952023966
2016-08-01,GLD,0
2016-08-01,IWM,0.2020435370590852
2016-08-01,QQQ,0.22967870842849472
2016-08-01,SPY,0.27453015499218042
2016-08-01,TLT,0.29374759952023966
2016-08-02,GLD,0
2016-08-02,IWM,0.2033059872317961
2016-08-02,QQQ,0.24013051901892352
2016-08-02,SPY,0.28173010893521799
2016-08-02,TLT,0.27483338481406244
2016-08-03,GLD,0
2016-08-03,IWM,0.2033059872317961
2016-08-03,QQQ,0.24013051901892352
2016-08-03,SPY,0.28173010893521799
2016-08-03,TLT,0.27483338481406244
2016-08-04,GLD,0
2016-08-04,IWM,0.2033059872317961
2016-08-04,QQQ,0.24013051901892352
2016-08-04,SPY,0.28173010893521799
2016-08-04,TLT,0.27483338481406244
2016-08-05,GLD,0
2016-08-05,IWM,0.2033059872317961
2016-08-05,QQQ,0.24013051901892352
2016-08-05,SPY,0.28173010893521799
2016-08-05,TLT,0.27483338481406244
2016-08-08,GLD,0
2016-08-08,IWM,0.2033059872317961
2016-08-08,QQQ,0.24013051901892352
2016-08-08,SPY,0.28173010893521799
2016-08-08,TLT,0.27483338481406244
2016-08-09,GLD,0
2016-08-09,IWM,0.2033059872317961
2016-08-09,QQQ,0.24013051901892352
2016-08-09,SPY,0.28173010893521799
2016-08-09,TLT,0.27483338481406244
2016-08-10,GLD,0
2016-08-10,IWM,0.2033059872317961
2016-08-10,QQQ,0.24013051901892352
2016-08-10,SPY,0.28173010893521799
2016-08-10,TLT,0.27483338481406244
2016-08-11,GLD,0
2016-08-11,IWM,0.2033059872317961
2016-08-11,QQQ,0.24013051901892352
2016-08-11,SPY,0.28173010893521799
2016-08-11,TLT,0.27483338481406244
2016-08-12,GLD,0
2016-08-12,IWM,0.2033059872317961
2016-08-12,QQQ,0.24013051901892352
2016-08-12,SPY,0.28173010893521799
2016-08-12,TLT,0.27483338481406244
2016-08-15,GLD,0
2016-08-15,IWM,0.2033059872317961
2016-08-15,QQQ,0.24013051901892352
2016-08-15,SPY,0.28173010893521799
2016-08-15,TLT,0.27483338481406244
2016-08-16,GLD,0
2016-08-16,IWM,0.2033059872317961
2016-08-16,QQQ,0.24013051901892352
2016-08-16,SPY,0.28173010893521799
2016-08-16,TLT,0.27483338481406244
2016-08-17,GLD,0
2016-08-17,IWM,0.2033059872317961
2016-08-17,QQQ,0.24013051901892352
2016-08-17,SPY,0.28173010893521799
2016-08-17,TLT,0.27483338481406244
2016-08-18,GLD,0
2016-08-18,IWM,0.2033059872317961
2016-08-18,QQQ,0.24013051901892352
2016-08-18,SPY,0.28173010893521799
2016-08-18,TLT,0.27483338481406244
2016-08-19,GLD,0
2016-08-19,IWM,0.2033059872317961
2016-08-19,QQQ,0.24013051901892352
2016-08-19,SPY,0.28173010893521799
2016-08-19,TLT,0.27483338481406244
2016-08-22,GLD,0
2016-08-22,IWM,0.2033059872317961
2016-08-22,QQQ,0.24013051901892352
2016-08-22,SPY,0.28173010893521799
2016-08-22,TLT,0.27483338481406244
2016-08-23,GLD,0
2016-08-23,IWM,0.2033059872317961
2016-08-23,QQQ,0.24013051901892352
2016-08-23,SPY,0.28173010893521799
2016-08-23,TLT,0.27483338481406244
2016-08-24,GLD,0
2016-08-24,IWM,0.2033059872317961
2016-08-24,QQQ,0.24013051901892352
2016-08-24,SPY,0.28173010893521799
2016-08-24,TLT,0.27483338481406244
2016-08-25,GLD,0
2016-08-25,IWM,0.2033059872317961
2016-08-25,QQQ,0.24013051901892352
2016-08-25,SPY,0.28173010893521799
2016-08-25,TLT,0.27483338481406244
2016-08-26,GLD,0
2016-08-26,IWM,0.2033059872317961
2016-08-26,QQQ,0.24013051901892352
2016-08-26,SPY,0.28173010893521799
2016-08-26,TLT,0.27483338481406244
2016-08-29,GLD,0
2016-08-29,IWM,0.2033059872317961
2016-08-29,QQQ,0.24013051901892352
2016-08-29,SPY,0.28173010893521799
2016-08-29,TLT,0.27483338481406244
2016-08-30,GLD,0
2016-08-30,IWM,0.2033059872317961
2016-08-30,QQQ,0.24013051901892352
2016-08-30,SPY,0.28173010893521799
2016-08-30,TLT,0.27483338481406244
2016-08-31,GLD,0
2016-08-31,IWM,0.20734361512240815
2016-08-31,QQQ,0.25080137667674862
2016-08-31,SPY,0.28855700958184766
2016-08-31,TLT,0.25329799861899555
2016-09-01,GLD,0
2016-09-01,IWM,0.20734361512240815
2016-09-01,QQQ,0.25080137667674862
2016-09-01,SPY,0.28855700958184766
2016-09-01,TLT,0.25329799861899555
2016-09-02,GLD,0
2016-09-02,IWM,0.20734361512240815
2016-09-02,QQQ,0.25080137667674862
2016-09-02,SPY,0.28855700958184766
2016-09-02,TLT,0.25329799861899555
2016-09-06,GLD,0
2016-09-06,IWM,0.20734361512240815
2016-09-06,QQQ,0.25080137667674862
2016-09-06,SPY,0.28855700958184766
2016-09-06,TLT,0.25329799861899555
2016-09-07,GLD,0
2016-09-07,IWM,0.20734361512240815
2016-09-07,QQQ,0.25080137667674862
2016-09-07,SPY,0.28855700958184766
2016-09-07,TLT,0.25329799861899555
2016-09-08,GLD,0
2016-09-08,IWM,0.20734361512240815
2016-09-08,QQQ,0.25080137667674862
2016-09-08,SPY,0.28855700958184766
2016-09-08,TLT,0.25329799861899555
2016-09-09,GLD,0
2016-09-09,IWM,0.20734361512240815
2016-09-09,QQQ,0.25080137667674862
2016-09-09,SPY,0.28855700958184766
2016-09-09,TLT,0.25329799861899555
2016-09-12,GLD,0
2016-09-12,IWM,0.20734361512240815
2016-09-12,QQQ,0.25080137667674862
2016-09-12,SPY,0.28855700958184766
2016-09-12,TLT,0.25329799861899555
2016-09-13,GLD,0
2016-09-13,IWM,0.20734361512240815
2016-09-13,QQQ,0.25080137667674862
2016-09-13,SPY,0.28855700958184766
2016-09-13,TLT,0.25329799861899555
2016-09-14,GLD,0
2016-09-14,IWM,0.20734361512240815
2016-09-14,QQQ,0.25080137667674862
2016-09-14,SPY,0.28855700958184766
2016-09-14,TLT,0.25329799861899555
2016-09-15,GLD,0
2016-09-15,IWM,0.20734361512240815
2016-09-15,QQQ,0.25080137667674862
2016-09-15,SPY,0.28855700958184766
2016-09-15,TLT,0.25329799861899555
2016-09-16,GLD,0
2016-09-16,IWM,0.20734361512240815
2016-09-16,QQQ,0.25080137667674862
2016-09-16,SPY,0.28855700958184766
2016-09-16,TLT,0.25329799861899555
2016-09-19,GLD,0
2016-09-19,IWM,0.20734361512240815
2016-09-19,QQQ,0.25080137667674862
2016-09-19,SPY,0.28855700958184766
2016-09-19,TLT,0.25329799861899555
2016-09-20,GLD,0
2016-09-20,IWM,0.20734361512240815
2016-09-20,QQQ,0.25080137667674862
2016-09-20,SPY,0.28855700958184766
2016-09-20,TLT,0.25329799861899555
2016-09-21,GLD,0
2016-09-21,IWM,0.20734361512240815
2016-09-21,QQQ,0.25080137667674862
2016-09-21,SPY,0.28855700958184766
2016-09-21,TLT,0.25329799861899555
2016-09-22,GLD,0
2016-09-22,IWM,0.20734361512240815
2016-09-22,QQQ,0.25080137667674862
2016-09-22,SPY,0.28855700958184766
2016-09-22,TLT,0.25329799861899555
2016-09-23,GLD,0
2016-09-23,IWM,0.20734361512240815
2016-09-23,QQQ,0.25080137667674862
2016-09-23,SPY,0.28855700958184766
2016-09-23,TLT,0.25329799861899555
2016-09-26,GLD,0
2016-09-26,IWM,0.20734361512240815
2016-09-26,QQQ,0.25080137667674862
2016-09-26,SPY,0.28855700958184766
2016-09-26,TLT,0.25329799861899555
2016-09-27,GLD,0
2016-09-27,IWM,0.20734361512240815
2016-09-27,QQQ,0.25080137667674862
2016-09-27,SPY,0.28855700958184766
2016-09-27,TLT,0.25329799861899555
2016-09-28,GLD,0
2016-09-28,IWM,0.20734361512240815
2016-09-28,QQQ,0.25080137667674862
2016-09-28,SPY,0.28855700958184766
2016-09-28,TLT,0.25329799861899555
2016-09-29,GLD,0
2016-09-29,IWM,0.20734361512240815
2016-09-29,QQQ,0.25080137667674862
2016-09-29,SPY,0.28855700958184766
2016-09-29,TLT,0.25329799861899555
2016-09-30,GLD,0
2016-09-30,IWM,0.19953725254148444
2016-09-30,QQQ,0.26555242271655793
2016-09-30,SPY,0.29507925612256319
2016-09-30,TLT,0.23983106861939449
2016-10-03,GLD,0
2016-10-03,IWM,0.19953725254148444
2016-10-03,QQQ,0.26555242271655793
2016-10-03,SPY,0.29507925612256319
2016-10-03,TLT,0.23983106861939449
2016-10-04,GLD,0
2016-10-04,IWM,0.19953725254148444
2016-10-04,QQQ,0.26555242271655793
2016-10-04,SPY,0.29507925612256319
2016-10-04,TLT,0.23983106861939449
2016-10-05,GLD,0
2016-10-05,IWM,0.19953725254148444
2016-10-05,QQQ,0.26555242271655793
2016-10-05,SPY,0.29507925612256319
2016-10-05,TLT,0.23983106861939449
2016-10-06,GLD,0
2016-10-06,IWM,0.19953725254148444
2016-10-06,QQQ,0.26555242271655793
2016-10-06,SPY,0.29507925612256319
2016-10-06,TLT,0.23983106861939449
2016-10-07,GLD,0
2016-10-07,IWM,0.19953725254148444
2016-10-07,QQQ,0.26555242271655793
2016-10-07,SPY,0.29507925612256319
2016-10-07,TLT,0.23983106861939449
2016-10-10,GLD,0
2016-10-10,IWM,0.19953725254148444
2016-10-10,QQQ,0.26555242271655793
2016-10-10,SPY,0.29507925612256319
2016-10-10,TLT,0.23983106861939449
2016-10-11,GLD,0
2016-10-11,IWM,0.19953725254148444
2016-10-11,QQQ,0.26555242271655793
2016-10-11,SPY,0.29507925612256319
2016-10-11,TLT,0.23983106861939449
2016-10-12,GLD,0
2016-10-12,IWM,0.19953725254148444
2016-10-12,QQQ,0.26555242271655793
2016-10-12,SPY,0.29507925612256319
2016-10-12,TLT,0.23983106861939449
2016-10-13,GLD,0
2016-10-13,IWM,0.19953725254148444
2016-10-13,QQQ,0.26555242271655793
2016-10-13,SPY,0.29507925612256319
2016-10-13,TLT,0.23983106861939449
2016-10-14,GLD,0
2016-10-14,IWM,0.19953725254148444
2016-10-14,QQQ,0.26555242271655793
2016-10-14,SPY,0.29507925612256319
2016-10-14,TLT,0.23983106861939449
2016-10-17,GLD,0
2016-10-17,IWM,0.19953725254148444
2016-10-17,QQQ,0.26555242271655793
2016-10-17,SPY,0.29507925612256319
2016-10-17,TLT,0.23983106861939449
2016-10-18,GLD,0
2016-10-18,IWM,0.19953725254148444
2016-10-18,QQQ,0.26555242271655793
2016-10-18,SPY,0.29507925612256319
2016-10-18,TLT,0.23983106861939449
2016-10-19,GLD,0
2016-10-19,IWM,0.19953725254148444
2016-10-19,QQQ,0.26555242271655793
2016-10-19,SPY,0.29507925612256319
2016-10-19,TLT,0.23983106861939449
2016-10-20,GLD,0
2016-10-20,IWM,0.19953725254148444
2016-10-20,QQQ,0.26555242271655793
2016-10-20,SPY,0.29507925612256319
2016-10-20,TLT,0.23983106861939449
2016-10-21,GLD,0
2016-10-21,IWM,0.19953725254148444
2016-10-21,QQQ,0.26555242271655793
2016-10-21,SPY,0.29507925612256319
2016-10-21,TLT,0.23983106861939449
2016-10-24,GLD,0
2016-10-24,IWM,0.19953725254148444
2016-10-24,QQQ,0.26555242271655793
2016-10-24,SPY,0.29507925612256319
2016-10-24,TLT,0.23983106861939449
2016-10-25,GLD,0
2016-10-25,IWM,0.19953725254148444
2016-10-25,QQQ,0.26555242271655793
2016-10-25,SPY,0.29507925612256319
2016-10-25,TLT,0.23983106861939449
2016-10-26,GLD,0
2016-10-26,IWM,0.19953725254148444
2016-10-26,QQQ,0.26555242271655793
2016-10-26,SPY,0.29507925612256319
2016-10-26,TLT,0.23983106861939449
2016-10-27,GLD,0
2016-10-27,IWM,0.19953725254148444
2016-10-27,QQQ,0.26555242271655793
2016-10-27,SPY,0.29507925612256319
2016-10-27,TLT,0.23983106861939449
2016-10-28,GLD,0
2016-10-28,IWM,0.19953725254148444
2016-10-28,QQQ,0.26555242271655793
2016-10-28,SPY,0.29507925612256319
2016-10-28,TLT,0.23983106861939449
2016-10-31,GLD,0
2016-10-31,IWM,0.19630340147847691
2016-10-31,QQQ,0.25486819721964515
2016-10-31,SPY,0.28901006031185289
2016-10-31,TLT,0.25981834099002504
2016-11-01,GLD,0
2016-11-01,IWM,0.19630340147847691
2016-11-01,QQQ,0.25486819721964515
2016-11-01,SPY,0.28901006031185289
2016-11-01,TLT,0.25981834099002504
2016-11-02,GLD,0
2016-11-02,IWM,0.19630340147847691
2016-11-02,QQQ,0.25486819721964515
2016-11-02,SPY,0.28901006031185289
2016-11-02,TLT,0.25981834099002504
2016-11-03,GLD,0
2016-11-03,IWM,0.19630340147847691
2016-11-03,QQQ,0.25486819721964515
2016-11-03,SPY,0.28901006031185289
2016-11-03,TLT,0.25981834099002504
2016-11-04,GLD,0
2016-11-04,IWM,0.19630340147847691
2016-11-04,QQQ,0.25486819721964515
2016-11-04,SPY,0.28901006031185289
2016-11-04,TLT,0.25981834099002504
2016-11-07,GLD,0
2016-11-07,IWM,0.19630340147847691
2016-11-07,QQQ,0.25486819721964515
2016-11-07,SPY,0.28901006031185289
2016-11-07,TLT,0.25981834099002504
2016-11-08,GLD,0
2016-11-08,IWM,0.19630340147847691
2016-11-08,QQQ,0.25486819721964515
2016-11-08,SPY,0.28901006031185289
2016-11-08,TLT,0.25981834099002504
2016-11-09,GLD,0
2016-11-09,IWM,0.19630340147847691
2016-11-09,QQQ,0.25486819721964515
2016-11-09,SPY,0.28901006031185289
2016-11-09,TLT,0.25981834099002504
2016-11-10,GLD,0
2016-11-10,IWM,0.19630340147847691
2016-11-10,QQQ,0.25486819721964515
2016-11-10,SPY,0.28901006031185289
2016-11-10,TLT,0.25981834099002504
2016-11-11,GLD,0
2016-11-11,IWM,0.19630340147847691
2016-11-11,QQQ,0.25486819721964515
2016-11-11,SPY,0.28901006031185289
2016-11-11,TLT,0.25981834099002504
2016-11-14,GLD,0
2016-11-14,IWM,0.19630340147847691
2016-11-14,QQQ,0.25486819721964515
2016-11-14,SPY,0.28901006031185289
2016-11-14,TLT,0.25981834099002504
2016-11-15,GLD,0
2016-11-15,IWM,0.19630340147847691
2016-11-15,QQQ,0.25486819721964515
2016-11-15,SPY,0.28901006031185289
2016-11-15,TLT,0.25981834099002504
2016-11-16,GLD,0
2016-11-16,IWM,0.19630340147847691
2016-11-16,QQQ,0.25486819721964515
2016-11-16,SPY,0.28901006031185289
2016-11-16,TLT,0.25981834099002504
2016-11-17,GLD,0
2016-11-17,IWM,0.19630340147847691
2016-11-17,QQQ,0.25486819721964515
2016-11-17,SPY,0.28901006031185289
2016-11-17,TLT,0.25981834099002504
2016-11-18,GLD,0
2016-11-18,IWM,0.19630340147847691
2016-11-18,QQQ,0.25486819721964515
2016-11-18,SPY,0.28901006031185289
2016-11-18,TLT,0.25981834099002504
2016-11-21,GLD,0
2016-11-21,IWM,0.19630340147847691
2016-11-21,QQQ,0.25486819721964515
2016-11-21,SPY,0.28901006031185289
2016-11-21,TLT,0.25981834099002504
2016-11-22,GLD,0
2016-11-22,IWM,0.19630340147847691
2016-11-22,QQQ,0.25486819721964515
2016-11-22,SPY,0.28901006031185289
2016-11-22,TLT,0.25981834099002504
2016-11-23,GLD,0
2016-11-23,IWM,0.19630340147847691
2016-11-23,QQQ,0.25486819721964515
2016-11-23,SPY,0.28901006031185289
2016-11-23,TLT,0.25981834099002504
2016-11-25,GLD,0
2016-11-25,IWM,0.19630340147847691
2016-11-25,QQQ,0.25486819721964515
2016-11-25,SPY,0.28901006031185289
2016-11-25,TLT,0.25981834099002504
2016-11-28,GLD,0
2016-11-28,IWM,0.19630340147847691
2016-11-28,QQQ,0.25486819721964515
2016-11-28,SPY,0.28901006031185289
2016-11-28,TLT,0.25981834099002504
2016-11-29,GLD,0
2016-11-29,IWM,0.19630340147847691
2016-11-29,QQQ,0.25486819721964515
2016-11-29,SPY,0.28901006031185289
2016-11-29,TLT,0.25981834099002504
2016-11-30,GLD,0.25
2016-11-30,IWM,0.19437423186956143
2016-11-30,QQQ,0.24924570184990685
2016-11-30,SPY,0.30638006628053177
2016-11-30,TLT,0
2016-12-01,GLD,0.25
2016-12-01,IWM,0.19437423186956143
2016-12-01,QQQ,0.24924570184990685
2016-12-01,SPY,0.30638006628053177
2016-12-01,TLT,0
2016-12-02,GLD,0.25
2016-12-02,IWM,0.19437423186956143
2016-12-02,QQQ,0.24924570184990685
2016-12-02,SPY,0.30638006628053177
2016-12-02,TLT,0
2016-12-05,GLD,0.25
2016-12-05,IWM,0.19437423186956143
2016-12-05,QQQ,0.24924570184990685
2016-12-05,SPY,0.30638006628053177
2016-12-05,TLT,0
2016-12-06,GLD,0.25
2016-12-06,IWM,0.19437423186956143
2016-12-06,QQQ,0.24924570184990685
2016-12-06,SPY,0.30638006628053177
2016-12-06,TLT,0
2016-12-07,GLD,0.25
2016-12-07,IWM,0.19437423186956143
2016-12-07,QQQ,0.24924570184990685
2016-12-07,SPY,0.30638006628053177
2016-12-07,TLT,0
2016-12-08,GLD,0.25
2016-12-08,IWM,0.19437423186956143
2016-12-08,QQQ,0.24924570184990685
2016-12-08,SPY,0.30638006628053177
2016-12-08,TLT,0
2016-12-09,GLD,0.25
2016-12-09,IWM,0.19437423186956143
2016-12-09,QQQ,0.24924570184990685
2016-12-09,SPY,0.30638006628053177
2016-12-09,TLT,0
2016-12-12,GLD,0.25
2016-12-12,IWM,0.19437423186956143
2016-12-12,QQQ,0.24924570184990685
2016-12-12,SPY,0.30638006628053177
2016-12-12,TLT,0
2016-12-13,GLD,0.25
2016-12-13,IWM,0.19437423186956143
2016-12-13,QQQ,0.24924570184990685
2016-12-13,SPY,0.30638006628053177
2016-12-13,TLT,0
2016-12-14,GLD,0.25
2016-12-14,IWM,0.19437423186956143
2016-12-14,QQQ,0.24924570184990685
2016-12-14,SPY,0.30638006628053177
2016-12-14,TLT,0
2016-12-15,GLD,0.25
2016-12-15,IWM,0.19437423186956143
2016-12-15,QQQ,0.24924570184990685
2016-12-15,SPY,0.30638006628053177
2016-12-15,TLT,0
2016-12-16,GLD,0.25
2016-12-16,IWM,0.19437423186956143
2016-12-16,QQQ,0.24924570184990685
2016-12-16,SPY,0.30638006628053177
2016-12-16,TLT,0
2016-12-19,GLD,0.25
2016-12-19,IWM,0.19437423186956143
2016-12-19,QQQ,0.24924570184990685
2016-12-19,SPY,0.30638006628053177
2016-12-19,TLT,0
2016-12-20,GLD,0.25
2016-12-20,IWM,0.19437423186956143
2016-12-20,QQQ,0.24924570184990685
2016-12-20,SPY,0.30638006628053177
2016-12-20,TLT,0
2016-12-21,GLD,0.25
2016-12-21,IWM,0.19437423186956143
2016-12-21,QQQ,0.24924570184990685
2016-12-21,SPY,0.30638006628053177
2016-12-21,TLT,0
2016-12-22,GLD,0.25
2016-12-22,IWM,0.19437423186956143
2016-12-22,QQQ,0.24924570184990685
2016-12-22,SPY,0.30638006628053177
2016-12-22,TLT,0
2016-12-23,GLD,0.25
2016-12-23,IWM,0.19437423186956143
2016-12-23,QQQ,0.24924570184990685
2016-12-23,SPY,0.30638006628053177
2016-12-23,TLT,0
2016-12-27,GLD,0.25
2016-12-27,IWM,0.19437423186956143
2016-12-27,QQQ,0.24924570184990685
2016-12-27,SPY,0.30638006628053177
2016-12-27,TLT,0
2016-12-28,GLD,0.25
2016-12-28,IWM,0.19437423186956143
2016-12-28,QQQ,0.24924570184990685
2016-12-28,SPY,0.30638006628053177
2016-12-28,TLT,0
2016-12-29,GLD,0.25
2016-12-29,IWM,0.19437423186956143
2016-12-29,QQQ,0.24924570184990685
2016-12-29,SPY,0.30638006628053177
2016-12-29,TLT,0
2016-12-30,GLD,0.25
2016-12-30,IWM,0.18387930253673432
2016-12-30,QQQ,0.23718839953833101
2016-12-30,SPY,0.32893229792493467
2016-12-30,TLT,0
2017-01-03,GLD,0.25
2017-01-03,IWM,0.18387930253673432
2017-01-03,QQQ,0.23718839953833101
2017-01-03,SPY,0.32893229792493467
2017-01-03,TLT,0
2017-01-04,GLD,0.25
2017-01-04,IWM,0.18387930253673432
2017-01-04,QQQ,0.23718839953833101
2017-01-04,SPY,0.32893229792493467
2017-01-04,TLT,0
2017-01-05,GLD,0.25
2017-01-05,IWM,0.18387930253673432
2017-01-05,QQQ,0.23718839953833101
2017-01-05,SPY,0.32893229792493467
2017-01-05,TLT,0
2017-01-06,GLD,0.25
2017-01-06,IWM,0.18387930253673432
2017-01-06,QQQ,0.23718839953833101
2017-01-06,SPY,0.32893229792493467
2017-01-06,TLT,0
2017-01-09,GLD,0.25
2017-01-09,IWM,0.18387930253673432
2017-01-09,QQQ,0.23718839953833101
2017-01-09,SPY,0.32893229792493467
2017-01-09,TLT,0
2017-01-10,GLD,0.25
2017-01-10,IWM,0.18387930253673432
2017-01-10,QQQ,0.23718839953833101
2017-01-10,SPY,0.32893229792493467
2017-01-10,TLT,0
2017-01-11,GLD,0.25
2017-01-11,IWM,0.18387930253673432
2017-01-11,QQQ,0.23718839953833101
2017-01-11,SPY,0.32893229792493467
2017-01-11,TLT,0
2017-01-12,GLD,0.25
2017-01-12,IWM,0.18387930253673432
2017-01-12,QQQ,0.23718839953833101
2017-01-12,SPY,0.32893229792493467
2017-01-12,TLT,0
2017-01-13,GLD,0.25
2017-01-13,IWM,0.18387930253673432
2017-01-13,QQQ,0.23718839953833101
2017-01-13,SPY,0.32893229792493467
2017-01-13,TLT,0
2017-01-17,GLD,0.25
2017-01-17,IWM,0.18387930253673432
2017-01-17,QQQ,0.23718839953833101
2017-01-17,SPY,0.32893229792493467
2017-01-17,TLT,0
2017-01-18,GLD,0.25
2017-01-18,IWM,0.18387930253673432
2017-01-18,QQQ,0.23718839953833101
2017-01-18,SPY,0.32893229792493467
2017-01-18,TLT,0
2017-01-19,GLD,0.25
2017-01-19,IWM,0.18387930253673432
2017-01-19,QQQ,0.23718839953833101
2017-01-19,SPY,0.32893229792493467
2017-01-19,TLT,0
2017-01-20,GLD,0.25
2017-01-20,IWM,0.18387930253673432
2017-01-20,QQQ,0.23718839953833101
2017-01-20,SPY,0.32893229792493467
2017-01-20,TLT,0
2017-01-23,GLD,0.25
2017-01-23,IWM,0.18387930253673432
2017-01-23,QQQ,0.23718839953833101
2017-01-23,SPY,0.32893229792493467
2017-01-23,TLT,0
2017-01-24,GLD,0.25
2017-01-24,IWM,0.18387930253673432
2017-01-24,QQQ,0.23718839953833101
2017-01-24,SPY,0.32893229792493467
2017-01-24,TLT,0
2017-01-25,GLD,0.25
2017-01-25,IWM,0.18387930253673432
2017-01-25,QQQ,0.23718839953833101
2017-01-25,SPY,0.32893229792493467
2017-01-25,TLT,0
2017-01-26,GLD,0.25
2017-01-26,IWM,0.18387930253673432
2017-01-26,QQQ,0.23718839953833101
2017-01-26,SPY,0.32893229792493467
2017-01-26,TLT,0
2017-01-27,GLD,0.25
2017-01-27,IWM,0.18387930253673432
2017-01-27,QQQ,0.23718839953833101
2017-01-27,SPY,0.32893229792493467
2017-01-27,TLT,0
2017-01-30,GLD,0.25
2017-01-30,IWM,0.18387930253673432
2017-01-30,QQQ,0.23718839953833101
2017-01-30,SPY,0.32893229792493467
2017-01-30,TLT,0
2017-01-31,GLD,0.25
2017-01-31,IWM,0.18387930253673432
2017-01-31,QQQ,0.23718839953833101
2017-01-31,SPY,0.32893229792493467
2017-01-31,TLT,0
2017-02-01,GLD,0.25
2017-02-01,IWM,0.17665174069972542
2017-02-01,QQQ,0.24063626782116271
2017-02-01,SPY,0.3327119914791119
2017-02-01,TLT,0
2017-02-02,GLD,0.25
2017-02-02,IWM,0.17665174069972542
2017-02-02,QQQ,0.24063626782116271
2017-02-02,SPY,0.3327119914791119
2017-02-02,TLT,0
2017-02-03,GLD,0.25
2017-02-03,IWM,0.17665174069972542
2017-02-03,QQQ,0.24063626782116271
2017-02-03,SPY,0.3327119914791119
2017-02-03,TLT,0
2017-02-06,GLD,0.25
2017-02-06,IWM,0.17665174069972542
2017-02-06,QQQ,0.24063626782116271
2017-02-06,SPY,0.3327119914791119
2017-02-06,TLT,0
2017-02-07,GLD,0.25
2017-02-07,IWM,0.17665174069972542
2017-02-07,QQQ,0.24063626782116271
2017-02-07,SPY,0.3327119914791119
2017-02-07,TLT,0
2017-02-08,GLD,0.25
2017-02-08,IWM,0.17665174069972542
2017-02-08,QQQ,0.24063626782116271
2017-02-08,SPY,0.3327119914791119
2017-02-08,TLT,0
2017-02-09,GLD,0.25
2017-02-09,IWM,0.17665174069972542
2017-02-09,QQQ,0.24063626782116271
2017-02-09,SPY,0.3327119914791119
2017-02-09,TLT,0
2017-02-10,GLD,0.25
2017-02-10,IWM,0.17665174069972542
2017-02-10,QQQ,0.24063626782116271
2017-02-10,SPY,0.3327119914791119
2017-02-10,TLT,0
2017-02-13,GLD,0.25
2017-02-13,IWM,0.17665174069972542
2017-02-13,QQQ,0.24063626782116271
2017-02-13,SPY,0.3327119914791119
2017-02-13,TLT,0
2017-02-14,GLD,0.25
2017-02-14,IWM,0.17665174069972542
2017-02-14,QQQ,0.24063626782116271
2017-02-14,SPY,0.3327119914791119
2017-02-14,TLT,0
2017-02-15,GLD,0.25
2017-02-15,IWM,0.17665174069972542
2017-02-15,QQQ,0.24063626782116271
2017-02-15,SPY,0.3327119914791119
2017-02-15,TLT,0
2017-02-16,GLD,0.25
2017-02-16,IWM,0.17665174069972542
2017-02-16,QQQ,0.24063626782116271
2017-02-16,SPY,0.3327119914791119
2017-02-16,TLT,0
2017-02-17,GLD,0.25
2017-02-17,IWM,0.17665174069972542
2017-02-17,QQQ,0.24063626782116271
2017-02-17,SPY,0.3327119914791119
2017-02-17,TLT,0
2017-02-21,GLD,0.25
2017-02-21,IWM,0.17665174069972542
2017-02-21,QQQ,0.24063626782116271
2017-02-21,SPY,0.3327119914791119
2017-02-21,TLT,0
2017-02-22,GLD,0.25
2017-02-22,IWM,0.17665174069972542
2017-02-22,QQQ,0.24063626782116271
2017-02-22,SPY,0.3327119914791119
2017-02-22,TLT,0
2017-02-23,GLD,0.25
2017-02-23,IWM,0.17665174069972542
2017-02-23,QQQ,0.24063626782116271
2017-02-23,SPY,0.3327119914791119
2017-02-23,TLT,0
2017-02-24,GLD,0.25
2017-02-24,IWM,0.17665174069972542
2017-02-24,QQQ,0.24063626782116271
2017-02-24,SPY,0.3327119914791119
2017-02-24,TLT,0
2017-02-27,GLD,0.25
2017-02-27,IWM,0.17665174069972542
2017-02-27,QQQ,0.24063626782116271
2017-02-27,SPY,0.3327119914791119
2017-02-27,TLT,0
2017-02-28,GLD,0.25
2017-02-28,IWM,0.17665174069972542
2017-02-28,QQQ,0.24063626782116271
2017-02-28,SPY,0.3327119914791119
2017-02-28,TLT,0
2017-03-01,GLD,0.25
2017-03-01,IWM,0.17665174069972542
2017-03-01,QQQ,0.24063626782116271
2017-03-01,SPY,0.3327119914791119
2017-03-01,TLT,0
2017-03-02,GLD,0.25
2017-03-02,IWM,0.17665174069972542
2017-03-02,QQQ,0.24063626782116271
2017-03-02,SPY,0.3327119914791119
2017-03-02,TLT,0
2017-03-03,GLD,0.25
2017-03-03,IWM,0.1635780939638094
2017-03-03,QQQ,0.26878648044592868
2017-03-03,SPY,0.31763542559026198
2017-03-03,TLT,0
2017-03-06,GLD,0.25
2017-03-06,IWM,0.1635780939638094
2017-03-06,QQQ,0.26878648044592868
2017-03-06,SPY,0.31763542559026198
2017-03-06,TLT,0
2017-03-07,GLD,0.25
2017-03-07,IWM,0.1635780939638094
2017-03-07,QQQ,0.26878648044592868
2017-03-07,SPY,0.31763542559026198
2017-03-07,TLT,0
2017-03-08,GLD,0.25
2017-03-08,IWM,0.1635780939638094
2017-03-08,QQQ,0.26878648044592868
2017-03-08,SPY,0.31763542559026198
2017-03-08,TLT,0
2017-03-09,GLD,0.25
2017-03-09,IWM,0.1635780939638094
2017-03-09,QQQ,0.26878648044592868
2017-03-09,SPY,0.31763542559026198
2017-03-09,TLT,0
2017-03-10,GLD,0.25
2017-03-10,IWM,0.1635780939638094
2017-03-10,QQQ,0.26878648044592868
2017-03-10,SPY,0.31763542559026198
2017-03-10,TLT,0
2017-03-13,GLD,0.25
2017-03-13,IWM,0.1635780939638094
2017-03-13,QQQ,0.26878648044592868
2017-03-13,SPY,0.31763542559026198
2017-03-13,TLT,0
2017-03-14,GLD,0.25
2017-03-14,IWM,0.1635780939638094
2017-03-14,QQQ,0.26878648044592868
2017-03-14,SPY,0.31763542559026198
2017-03-14,TLT,0
2017-03-15,GLD,0.25
2017-03-15,IWM,0.1635780939638094
2017-03-15,QQQ,0.26878648044592868
2017-03-15,SPY,0.31763542559026198
2017-03-15,TLT,0
2017-03-16,GLD,0.25
2017-03-16,IWM,0.1635780939638094
2017-03-16,QQQ,0.26878648044592868
2017-03-16,SPY,0.31763542559026198
2017-03-16,TLT,0
2017-03-17,GLD,0.25
2017-03-17,IWM,0.1635780939638094
2017-03-17,QQQ,0.26878648044592868
2017-03-17,SPY,0.31763542559026198
2017-03-17,TLT,0
2017-03-20,GLD,0.25
2017-03-20,IWM,0.1635780939638094
2017-03-20,QQQ,0.26878648044592868
2017-03-20,SPY,0.31763542559026198
2017-03-20,TLT,0
2017-03-21,GLD,0.25
2017-03-21,IWM,0.1635780939638094
2017-03-21,QQQ,0.26878648044592868
2017-03-21,SPY,0.31763542559026198
2017-03-21,TLT,0
2017-03-22,GLD,0.25
2017-03-22,IWM,0.1635780939638094
2017-03-22,QQQ,0.26878648044592868
2017-03-22,SPY,0.31763542559026198
2017-03-22,TLT,0
2017-03-23,GLD,0.25
2017-03-23,IWM,0.1635780939638094
2017-03-23,QQQ,0.26878648044592868
2017-03-23,SPY,0.31763542559026198
2017-03-23,TLT,0
2017-03-24,GLD,0.25
2017-03-24,IWM,0.1635780939638094
2017-03-24,QQQ,0.26878648044592868
2017-03-24,SPY,0.31763542559026198
2017-03-24,TLT,0
2017-03-27,GLD,0.25
2017-03-27,IWM,0.1635780939638094
2017-03-27,QQQ,0.26878648044592868
2017-03-27,SPY,0.31763542559026198
2017-03-27,TLT,0
2017-03-28,GLD,0.25
2017-03-28,IWM,0.1635780939638094
2017-03-28,QQQ,0.26878648044592868
2017-03-28,SPY,0.31763542559026198
2017-03-28,TLT,0
2017-03-29,GLD,0.25
2017-03-29,IWM,0.1635780939638094
2017-03-29,QQQ,0.26878648044592868
2017-03-29,SPY,0.31763542559026198
2017-03-29,TLT,0
2017-03-30,GLD,0.25
2017-03-30,IWM,0.1635780939638094
2017-03-30,QQQ,0.26878648044592868
2017-03-30,SPY,0.31763542559026198
2017-03-30,TLT,0
2017-03-31,GLD,0.25
2017-03-31,IWM,0.1635780939638094
2017-03-31,QQQ,0.26878648044592868
2017-03-31,SPY,0.31763542559026198
2017-03-31,TLT,0
2017-04-03,GLD,0.25
2017-04-03,IWM,0.14721486247518295
2017-04-03,QQQ,0.30311190729635701
2017-04-03,SPY,0.29967323022846004
2017-04-03,TLT,0
2017-04-04,GLD,0.25
2017-04-04,IWM,0.14721486247518295
2017-04-04,QQQ,0.30311190729635701
2017-04-04,SPY,0.29967323022846004
2017-04-04,TLT,0
2017-04-05,GLD,0.25
2017-04-05,IWM,0.14721486247518295
2017-04-05,QQQ,0.30311190729635701
2017-04-05,SPY,0.29967323022846004
2017-04-05,TLT,0
2017-04-06,GLD,0.25
2017-04-06,IWM,0.14721486247518295
2017-04-06,QQQ,0.30311190729635701
2017-04-06,SPY,0.29967323022846004
2017-04-06,TLT,0
2017-04-07,GLD,0.25
2017-04-07,IWM,0.14721486247518295
2017-04-07,QQQ,0.30311190729635701
2017-04-07,SPY,0.29967323022846004
2017-04-07,TLT,0
2017-04-10,GLD,0.25
2017-04-10,IWM,0.14721486247518295
2017-04-10,QQQ,0.30311190729635701
2017-04-10,SPY,0.29967323022846004
2017-04-10,TLT,0
2017-04-11,GLD,0.25
2017-04-11,IWM,0.14721486247518295
2017-04-11,QQQ,0.30311190729635701
2017-04-11,SPY,0.29967323022846004
2017-04-11,TLT,0
2017-04-12,GLD,0.25
2017-04-12,IWM,0.14721486247518295
2017-04-12,QQQ,0.30311190729635701
2017-04-12,SPY,0.29967323022846004
2017-04-12,TLT,0
2017-04-13,GLD,0.25
2017-04-13,IWM,0.14721486247518295
2017-04-13,QQQ,0.30311190729635701
2017-04-13,SPY,0.29967323022846004
2017-04-13,TLT,0
2017-04-17,GLD,0.25
2017-04-17,IWM,0.14721486247518295
2017-04-17,QQQ,0.30311190729635701
2017-04-17,SPY,0.29967323022846004
2017-04-17,TLT,0
2017-04-18,GLD,0.25
2017-04-18,IWM,0.14721486247518295
2017-04-18,QQQ,0.30311190729635701
2017-04-18,SPY,0.29967323022846004
2017-04-18,TLT,0
2017-04-19,GLD,0.25
2017-04-19,IWM,0.14721486247518295
2017-04-19,QQQ,0.30311190729635701
2017-04-19,SPY,0.29967323022846004
2017-04-19,TLT,0
2017-04-20,GLD,0.25
2017-04-20,IWM,0.14721486247518295
2017-04-20,QQQ,0.30311190729635701
2017-04-20,SPY,0.29967323022846004
2017-04-20,TLT,0
2017-04-21,GLD,0.25
2017-04-21,IWM,0.14721486247518295
2017-04-21,QQQ,0.30311190729635701
2017-04-21,SPY,0.29967323022846004
2017-04-21,TLT,0
2017-04-24,GLD,0.25
2017-04-24,IWM,0.14721486247518295
2017-04-24,QQQ,0.30311190729635701
2017-04-24,SPY,0.29967323022846004
2017-04-24,TLT,0
2017-04-25,GLD,0.25
2017-04-25,IWM,0.14721486247518295
2017-04-25,QQQ,0.30311190729635701
2017-04-25,SPY,0.29967323022846004
2017-04-25,TLT,0
2017-04-26,GLD,0.25
2017-04-26,IWM,0.14721486247518295
2017-04-26,QQQ,0.30311190729635701
2017-04-26,SPY,0.29967323022846004
2017-04-26,TLT,0
2017-04-27,GLD,0.25
2017-04-27,IWM,0.14721486247518295
2017-04-27,QQQ,0.30311190729635701
2017-04-27,SPY,0.29967323022846004
2017-04-27,TLT,0
2017-04-28,GLD,0.25
2017-04-28,IWM,0.14721486247518295
2017-04-28,QQQ,0.30311190729635701
2017-04-28,SPY,0.29967323022846004
2017-04-28,TLT,0
2017-05-01,GLD,0.25
2017-05-01,IWM,0.14721486247518295
2017-05-01,QQQ,0.30311190729635701
2017-05-01,SPY,0.29967323022846004
2017-05-01,TLT,0
2017-05-02,GLD,0.25
2017-05-02,IWM,0.14721486247518295
2017-05-02,QQQ,0.30311190729635701
2017-05-02,SPY,0.29967323022846004
2017-05-02,TLT,0
2017-05-03,GLD,0.25
2017-05-03,IWM,0.15345238089615368
2017-05-03,QQQ,0.30015442226058048
2017-05-03,SPY,0.29639319684326582
2017-05-03,TLT,0
2017-05-04,GLD,0.25
2017-05-04,IWM,0.15345238089615368
2017-05-04,QQQ,0.30015442226058048
2017-05-04,SPY,0.29639319684326582
2017-05-04,TLT,0
2017-05-05,GLD,0.25
2017-05-05,IWM,0.15345238089615368
2017-05-05,QQQ,0.30015442226058048
2017-05-05,SPY,0.29639319684326582
2017-05-05,TLT,0
2017-05-08,GLD,0.25
2017-05-08,IWM,0.15345238089615368
2017-05-08,QQQ,0.30015442226058048
2017-05-08,SPY,0.29639319684326582
2017-05-08,TLT,0
2017-05-09,GLD,0.25
2017-05-09,IWM,0.15345238089615368
2017-05-09,QQQ,0.30015442226058048
2017-05-09,SPY,0.29639319684326582
2017-05-09,TLT,0
2017-05-10,GLD,0.25
2017-05-10,IWM,0.15345238089615368
2017-05-10,QQQ,0.30015442226058048
2017-05-10,SPY,0.29639319684326582
2017-05-10,TLT,0
2017-05-11,GLD,0.25
2017-05-11,IWM,0.15345238089615368
2017-05-11,QQQ,0.30015442226058048
2017-05-11,SPY,0.29639319684326582
2017-05-11,TLT,0
2017-05-12,GLD,0.25
2017-05-12,IWM,0.15345238089615368
2017-05-12,QQQ,0.30015442226058048
2017-05-12,SPY,0.29639319684326582
2017-05-12,TLT,0
2017-05-15,GLD,0.25
2017-05-15,IWM,0.15345238089615368
2017-05-15,QQQ,0.30015442226058048
2017-05-15,SPY,0.29639319684326582
2017-05-15,TLT,0
2017-05-16,GLD,0.25
2017-05-16,IWM,0.15345238089615368
2017-05-16,QQQ,0.30015442226058048
2017-05-16,SPY,0.29639319684326582
2017-05-16,TLT,0
2017-05-17,GLD,0.25
2017-05-17,IWM,0.15345238089615368
2017-05-17,QQQ,0.30015442226058048
2017-05-17,SPY,0.29639319684326582
2017-05-17,TLT,0
2017-05-18,GLD,0.25
2017-05-18,IWM,0.15345238089615368
2017-05-18,QQQ,0.30015442226058048
2017-05-18,SPY,0.29639319684326582
2017-05-18,TLT,0
2017-05-19,GLD,0.25
2017-05-19,IWM,0.15345238089615368
2017-05-19,QQQ,0.30015442226058048
2017-05-19,SPY,0.29639319684326582
2017-05-19,TLT,0
2017-05-22,GLD,0.25
2017-05-22,IWM,0.15345238089615368
2017-05-22,QQQ,0.30015442226058048
2017-05-22,SPY,0.29639319684326582
2017-05-22,TLT,0
2017-05-23,GLD,0.25
2017-05-23,IWM,0.15345238089615368
2017-05-23,QQQ,0.30015442226058048
2017-05-23,SPY,0.29639319684326582
2017-05-23,TLT,0
2017-05-24,GLD,0.25
2017-05-24,IWM,0.15345238089615368
2017-05-24,QQQ,0.30015442226058048
2017-05-24,SPY,0.29639319684326582
2017-05-24,TLT,0
2017-05-25,GLD,0.25
2017-05-25,IWM,0.15345238089615368
2017-05-25,QQQ,0.30015442226058048
2017-05-25,SPY,0.29639319684326582
2017-05-25,TLT,0
2017-05-26,GLD,0.25
2017-05-26,IWM,0.15345238089615368
2017-05-26,QQQ,0.30015442226058048
2017-05-26,SPY,0.29639319684326582
2017-05-26,TLT,0
2017-05-30,GLD,0.25
2017-05-30,IWM,0.15345238089615368
2017-05-30,QQQ,0.30015442226058048
2017-05-30,SPY,0.29639319684326582
2017-05-30,TLT,0
2017-05-31,GLD,0.25
2017-05-31,IWM,0.15345238089615368
2017-05-31,QQQ,0.30015442226058048
2017-05-31,SPY,0.29639319684326582
2017-05-31,TLT,0
2017-06-01,GLD,0.25
2017-06-01,IWM,0.15345238089615368
2017-06-01,QQQ,0.30015442226058048
2017-06-01,SPY,0.29639319684326582
2017-06-01,TLT,0
2017-06-02,GLD,0.25
2017-06-02,IWM,0.17217487706501572
2017-06-02,QQQ,0.26221312594955404
2017-06-02,SPY,0.31561199698543013
2017-06-02,TLT,0
2017-06-05,GLD,0.25
2017-06-05,IWM,0.17217487706501572
2017-06-05,QQQ,0.26221312594955404
2017-06-05,SPY,0.31561199698543013
2017-06-05,TLT,0
2017-06-06,GLD,0.25
2017-06-06,IWM,0.17217487706501572
2017-06-06,QQQ,0.26221312594955404
2017-06-06,SPY,0.31561199698543013
2017-06-06,TLT,0
2017-06-07,GLD,0.25
2017-06-07,IWM,0.17217487706501572
2017-06-07,QQQ,0.26221312594955404
2017-06-07,SPY,0.31561199698543013
2017-06-07,TLT,0
2017-06-08,GLD,0.25
2017-06-08,IWM,0.17217487706501572
2017-06-08,QQQ,0.26221312594955404
2017-06-08,SPY,0.31561199698543013
2017-06-08,TLT,0
2017-06-09,GLD,0.25
2017-06-09,IWM,0.17217487706501572
2017-06-09,QQQ,0.26221312594955404
2017-06-09,SPY,0.31561199698543013
2017-06-09,TLT,0
2017-06-12,GLD,0.25
2017-06-12,IWM,0.17217487706501572
2017-06-12,QQQ,0.26221312594955404
2017-06-12,SPY,0.31561199698543013
2017-06-12,TLT,0
2017-06-13,GLD,0.25
2017-06-13,IWM,0.17217487706501572
2017-06-13,QQQ,0.26221312594955404
2017-06-13,SPY,0.31561199698543013
2017-06-13,TLT,0
2017-06-14,GLD,0.25
2017-06-14,IWM,0.17217487706501572
2017-06-14,QQQ,0.26221312594955404
2017-06-14,SPY,0.31561199698543013
2017-06-14,TLT,0
2017-06-15,GLD,0.25
2017-06-15,IWM,0.17217487706501572
2017-06-15,QQQ,0.26221312594955404
2017-06-15,SPY,0.31561199698543013
2017-06-15,TLT,0
2017-06-16,GLD,0.25
2017-06-16,IWM,0.17217487706501572
2017-06-16,QQQ,0.26221312594955404
2017-06-16,SPY,0.31561199698543013
2017-06-16,TLT,0
2017-06-19,GLD,0.25
2017-06-19,IWM,0.17217487706501572
2017-06-19,QQQ,0.26221312594955404
2017-06-19,SPY,0.31561199698543013
2017-06-19,TLT,0
2017-06-20,GLD,0.25
2017-06-20,IWM,0.17217487706501572
2017-06-20,QQQ,0.26221312594955404
2017-06-20,SPY,0.31561199698543013
2017-06-20,TLT,0
2017-06-21,GLD,0.25
2017-06-21,IWM,0.17217487706501572
2017-06-21,QQQ,0.26221312594955404
2017-06-21,SPY,0.31561199698543013
2017-06-21,TLT,0
2017-06-22,GLD,0.25
2017-06-22,IWM,0.17217487706501572
2017-06-22,QQQ,0.26221312594955404
2017-06-22,SPY,0.31561199698543013
2017-06-22,TLT,0
2017-06-23,GLD,0.25
2017-06-23,IWM,0.17217487706501572
2017-06-23,QQQ,0.26221312594955404
2017-06-23,SPY,0.31561199698543013
2017-06-23,TLT,0
2017-06-26,GLD,0.25
2017-06-26,IWM,0.17217487706501572
2017-06-26,QQQ,0.26221312594955404
2017-06-26,SPY,0.31561199698543013
2017-06-26,TLT,0
2017-06-27,GLD,0.25
2017-06-27,IWM,0.17217487706501572
2017-06-27,QQQ,0.26221312594955404
2017-06-27,SPY,0.31561199698543013
2017-06-27,TLT,0
2017-06-28,GLD,0.25
2017-06-28,IWM,0.17217487706501572
2017-06-28,QQQ,0.26221312594955404
2017-06-28,SPY,0.31561199698543013
2017-06-28,TLT,0
2017-06-29,GLD,0.25
2017-06-29,IWM,0.17217487706501572
2017-06-29,QQQ,0.26221312594955404
2017-06-29,SPY,0.31561199698543013
2017-06-29,TLT,0
2017-06-30,GLD,0.25
2017-06-30,IWM,0.17217487706501572
2017-06-30,QQQ,0.26221312594955404
2017-06-30,SPY,0.31561199698543013
2017-06-30,TLT,0
2017-07-03,GLD,0.25
2017-07-03,IWM,0.20205835661820129
2017-07-03,QQQ,0.20358667659342308
2017-07-03,SPY,0.34435496678837563
2017-07-03,TLT,0
2017-07-05,GLD,0.25
2017-07-05,IWM,0.20205835661820129
2017-07-05,QQQ,0.20358667659342308
2017-07-05,SPY,0.34435496678837563
2017-07-05,TLT,0
2017-07-06,GLD,0.25
2017-07-06,IWM,0.20205835661820129
2017-07-06,QQQ,0.20358667659342308
2017-07-06,SPY,0.34435496678837563
2017-07-06,TLT,0
2017-07-07,GLD,0.25
2017-07-07,IWM,0.20205835661820129
2017-07-07,QQQ,0.20358667659342308
2017-07-07,SPY,0.34435496678837563
2017-07-07,TLT,0
2017-07-10,GLD,0.25
2017-07-10,IWM,0.20205835661820129
2017-07-10,QQQ,0.20358667659342308
2017-07-10,SPY,0.34435496678837563
2017-07-10,TLT,0
2017-07-11,GLD,0.25
2017-07-11,IWM,0.20205835661820129
2017-07-11,QQQ,0.20358667659342308
2017-07-11,SPY,0.34435496678837563
2017-07-11,TLT,0
2017-07-12,GLD,0.25
2017-07-12,IWM,0.20205835661820129
2017-07-12,QQQ,0.20358667659342308
2017-07-12,SPY,0.34435496678837563
2017-07-12,TLT,0
2017-07-13,GLD,0.25
2017-07-13,IWM,0.20205835661820129
2017-07-13,QQQ,0.20358667659342308
2017-07-13,SPY,0.34435496678837563
2017-07-13,TLT,0
2017-07-14,GLD,0.25
2017-07-14,IWM,0.20205835661820129
2017-07-14,QQQ,0.20358667659342308
2017-07-14,SPY,0.34435496678837563
2017-07-14,TLT,0
2017-07-17,GLD,0.25
2017-07-17,IWM,0.20205835661820129
2017-07-17,QQQ,0.20358667659342308
2017-07-17,SPY,0.34435496678837563
2017-07-17,TLT,0
2017-07-18,GLD,0.25
2017-07-18,IWM,0.20205835661820129
2017-07-18,QQQ,0.20358667659342308
2017-07-18,SPY,0.34435496678837563
2017-07-18,TLT,0
2017-07-19,GLD,0.25
2017-07-19,IWM,0.20205835661820129
2017-07-19,QQQ,0.20358667659342308
2017-07-19,SPY,0.34435496678837563
2017-07-19,TLT,0
2017-07-20,GLD,0.25
2017-07-20,IWM,0.20205835661820129
2017-07-20,QQQ,0.20358667659342308
2017-07-20,SPY,0.34435496678837563
2017-07-20,TLT,0
2017-07-21,GLD,0.25
2017-07-21,IWM,0.20205835661820129
2017-07-21,QQQ,0.20358667659342308
2017-07-21,SPY,0.34435496678837563
2017-07-21,TLT,0
2017-07-24,GLD,0.25
2017-07-24,IWM,0.20205835661820129
2017-07-24,QQQ,0.20358667659342308
2017-07-24,SPY,0.34435496678837563
2017-07-24,TLT,0
2017-07-25,GLD,0.25
2017-07-25,IWM,0.20205835661820129
2017-07-25,QQQ,0.20358667659342308
2017-07-25,SPY,0.34435496678837563
2017-07-25,TLT,0
2017-07-26,GLD,0.25
2017-07-26,IWM,0.20205835661820129
2017-07-26,QQQ,0.20358667659342308
2017-07-26,SPY,0.34435496678837563
2017-07-26,TLT,0
2017-07-27,GLD,0.25
2017-07-27,IWM,0.20205835661820129
2017-07-27,QQQ,0.20358667659342308
2017-07-27,SPY,0.34435496678837563
2017-07-27,TLT,0
2017-07-28,GLD,0.25
2017-07-28,IWM,0.20205835661820129
2017-07-28,QQQ,0.20358667659342308
2017-07-28,SPY,0.34435496678837563
2017-07-28,TLT,0
2017-07-31,GLD,0.25
2017-07-31,IWM,0.20205835661820129
2017-07-31,QQQ,0.20358667659342308
2017-07-31,SPY,0.34435496678837563
2017-07-31,TLT,0
2017-08-01,GLD,0.25
2017-08-01,IWM,0.20205835661820129
2017-08-01,QQQ,0.20358667659342308
2017-08-01,SPY,0.34435496678837563
2017-08-01,TLT,0
2017-08-02,GLD,0
2017-08-02,IWM,0.20318515561224049
2017-08-02,QQQ,0.18419192331223888
2017-08-02,SPY,0.34028308839073529
2017-08-02,TLT,0.27233983268478534
2017-08-03,GLD,0
2017-08-03,IWM,0.20318515561224049
2017-08-03,QQQ,0.18419192331223888
2017-08-03,SPY,0.34028308839073529
2017-08-03,TLT,0.27233983268478534
2017-08-04,GLD,0
2017-08-04,IWM,0.20318515561224049
2017-08-04,QQQ,0.18419192331223888
2017-08-04,SPY,0.34028308839073529
2017-08-04,TLT,0.27233983268478534
2017-08-07,GLD,0
2017-08-07,IWM,0.20318515561224049
2017-08-07,QQQ,0.18419192331223888
2017-08-07,SPY,0.34028308839073529
2017-08-07,TLT,0.27233983268478534
2017-08-08,GLD,0
2017-08-08,IWM,0.20318515561224049
2017-08-08,QQQ,0.18419192331223888
2017-08-08,SPY,0.34028308839073529
2017-08-08,TLT,0.27233983268478534
2017-08-09,GLD,0
2017-08-09,IWM,0.20318515561224049
2017-08-09,QQQ,0.18419192331223888
2017-08-09,SPY,0.34028308839073529
2017-08-09,TLT,0.27233983268478534
2017-08-10,GLD,0
2017-08-10,IWM,0.20318515561224049
2017-08-10,QQQ,0.18419192331223888
2017-08-10,SPY,0.34028308839073529
2017-08-10,TLT,0.27233983268478534
2017-08-11,GLD,0
2017-08-11,IWM,0.20318515561224049
2017-08-11,QQQ,0.18419192331223888
2017-08-11,SPY,0.34028308839073529
2017-08-11,TLT,0.27233983268478534
2017-08-14,GLD,0
2017-08-14,IWM,0.20318515561224049
2017-08-14,QQQ,0.18419192331223888
2017-08-14,SPY,0.34028308839073529
2017-08-14,TLT,0.27233983268478534
2017-08-15,GLD,0
2017-08-15,IWM,0.20318515561224049
2017-08-15,QQQ,0.18419192331223888
2017-08-15,SPY,0.34028308839073529
2017-08-15,TLT,0.27233983268478534
2017-08-16,GLD,0
2017-08-16,IWM,0.20318515561224049
2017-08-16,QQQ,0.18419192331223888
2017-08-16,SPY,0.34028308839073529
2017-08-16,TLT,0.27233983268478534
2017-08-17,GLD,0
2017-08-17,IWM,0.20318515561224049
2017-08-17,QQQ,0.18419192331223888
2017-08-17,SPY,0.34028308839073529
2017-08-17,TLT,0.27233983268478534
2017-08-18,GLD,0
2017-08-18,IWM,0.20318515561224049
2017-08-18,QQQ,0.18419192331223888
2017-08-18,SPY,0.34028308839073529
2017-08-18,TLT,0.27233983268478534
2017-08-21,GLD,0
2017-08-21,IWM,0.20318515561224049
2017-08-21,QQQ,0.18419192331223888
2017-08-21,SPY,0.34028308839073529
2017-08-21,TLT,0.27233983268478534
2017-08-22,GLD,0
2017-08-22,IWM,0.20318515561224049
2017-08-22,QQQ,0.18419192331223888
2017-08-22,SPY,0.34028308839073529
2017-08-22,TLT,0.27233983268478534
2017-08-23,GLD,0
2017-08-23,IWM,0.20318515561224049
2017-08-23,QQQ,0.18419192331223888
2017-08-23,SPY,0.34028308839073529
2017-08-23,TLT,0.27233983268478534
2017-08-24,GLD,0
2017-08-24,IWM,0.20318515561224049
2017-08-24,QQQ,0.18419192331223888
2017-08-24,SPY,0.34028308839073529
2017-08-24,TLT,0.27233983268478534
2017-08-25,GLD,0
2017-08-25,IWM,0.20318515561224049
2017-08-25,QQQ,0.18419192331223888
2017-08-25,SPY,0.34028308839073529
2017-08-25,TLT,0.27233983268478534
2017-08-28,GLD,0
2017-08-28,IWM,0.20318515561224049
2017-08-28,QQQ,0.18419192331223888
2017-08-28,SPY,0.34028308839073529
2017-08-28,TLT,0.27233983268478534
2017-08-29,GLD,0
2017-08-29,IWM,0.20318515561224049
2017-08-29,QQQ,0.18419192331223888
2017-08-29,SPY,0.34028308839073529
2017-08-29,TLT,0.27233983268478534
2017-08-30,GLD,0
2017-08-30,IWM,0.20318515561224049
2017-08-30,QQQ,0.18419192331223888
2017-08-30,SPY,0.34028308839073529
2017-08-30,TLT,0.27233983268478534
2017-08-31,GLD,0
2017-08-31,IWM,0.21379555809170606
2017-08-31,QQQ,0.17670166264648629
2017-08-31,SPY,0.32233773139334027
2017-08-31,TLT,0.28716504786846742
2017-09-01,GLD,0
2017-09-01,IWM,0.21379555809170606
2017-09-01,QQQ,0.17670166264648629
2017-09-01,SPY,0.32233773139334027
2017-09-01,TLT,0.28716504786846742
2017-09-05,GLD,0
2017-09-05,IWM,0.21379555809170606
2017-09-05,QQQ,0.17670166264648629
2017-09-05,SPY,0.32233773139334027
2017-09-05,TLT,0.28716504786846742
2017-09-06,GLD,0
2017-09-06,IWM,0.21379555809170606
2017-09-06,QQQ,0.17670166264648629
2017-09-06,SPY,0.32233773139334027
2017-09-06,TLT,0.28716504786846742
2017-09-07,GLD,0
2017-09-07,IWM,0.21379555809170606
2017-09-07,QQQ,0.17670166264648629
2017-09-07,SPY,0.32233773139334027
2017-09-07,TLT,0.28716504786846742
2017-09-08,GLD,0
2017-09-08,IWM,0.21379555809170606
2017-09-08,QQQ,0.17670166264648629
2017-09-08,SPY,0.32233773139334027
2017-09-08,TLT,0.28716504786846742
2017-09-11,GLD,0
2017-09-11,IWM,0.21379555809170606
2017-09-11,QQQ,0.17670166264648629
2017-09-11,SPY,0.32233773139334027
2017-09-11,TLT,0.28716504786846742
2017-09-12,GLD,0
2017-09-12,IWM,0.21379555809170606
2017-09-12,QQQ,0.17670166264648629
2017-09-12,SPY,0.32233773139334027
2017-09-12,TLT,0.28716504786846742
2017-09-13,GLD,0
2017-09-13,IWM,0.21379555809170606
2017-09-13,QQQ,0.17670166264648629
2017-09-13,SPY,0.32233773139334027
2017-09-13,TLT,0.28716504786846742
2017-09-14,GLD,0
2017-09-14,IWM,0.21379555809170606
2017-09-14,QQQ,0.17670166264648629
2017-09-14,SPY,0.32233773139334027
2017-09-14,TLT,0.28716504786846742
2017-09-15,GLD,0
2017-09-15,IWM,0.21379555809170606
2017-09-15,QQQ,0.17670166264648629
2017-09-15,SPY,0.32233773139334027
2017-09-15,TLT,0.28716504786846742
2017-09-18,GLD,0
2017-09-18,IWM,0.21379555809170606
2017-09-18,QQQ,0.17670166264648629
2017-09-18,SPY,0.32233773139334027
2017-09-18,TLT,0.28716504786846742
2017-09-19,GLD,0
2017-09-19,IWM,0.21379555809170606
2017-09-19,QQQ,0.17670166264648629
2017-09-19,SPY,0.32233773139334027
2017-09-19,TLT,0.28716504786846742
2017-09-20,GLD,0
2017-09-20,IWM,0.21379555809170606
2017-09-20,QQQ,0.17670166264648629
2017-09-20,SPY,0.32233773139334027
2017-09-20,TLT,0.28716504786846742
2017-09-21,GLD,0
2017-09-21,IWM,0.21379555809170606
2017-09-21,QQQ,0.17670166264648629
2017-09-21,SPY,0.32233773139334027
2017-09-21,TLT,0.28716504786846742
2017-09-22,GLD,0
2017-09-22,IWM,0.21379555809170606
2017-09-22,QQQ,0.17670166264648629
2017-09-22,SPY,0.32233773139334027
2017-09-22,TLT,0.28716504786846742
2017-09-25,GLD,0
2017-09-25,IWM,0.21379555809170606
2017-09-25,QQQ,0.17670166264648629
2017-09-25,SPY,0.32233773139334027
2017-09-25,TLT,0.28716504786846742
2017-09-26,GLD,0
2017-09-26,IWM,0.21379555809170606
2017-09-26,QQQ,0.17670166264648629
2017-09-26,SPY,0.32233773139334027
2017-09-26,TLT,0.28716504786846742
2017-09-27,GLD,0
2017-09-27,IWM,0.21379555809170606
2017-09-27,QQQ,0.17670166264648629
2017-09-27,SPY,0.32233773139334027
2017-09-27,TLT,0.28716504786846742
2017-09-28,GLD,0
2017-09-28,IWM,0.21379555809170606
2017-09-28,QQQ,0.17670166264648629
2017-09-28,SPY,0.32233773139334027
2017-09-28,TLT,0.28716504786846742
2017-09-29,GLD,0
2017-09-29,IWM,0.21379555809170606
2017-09-29,QQQ,0.17670166264648629
2017-09-29,SPY,0.32233773139334027
2017-09-29,TLT,0.28716504786846742
2017-10-02,GLD,0
2017-10-02,IWM,0.20901254331796379
2017-10-02,QQQ,0.21056347857748678
2017-10-02,SPY,0.3289953911189093
2017-10-02,TLT,0.25142858698564019
2017-10-03,GLD,0
2017-10-03,IWM,0.20901254331796379
2017-10-03,QQQ,0.21056347857748678
2017-10-03,SPY,0.3289953911189093
2017-10-03,TLT,0.25142858698564019
2017-10-04,GLD,0
2017-10-04,IWM,0.20901254331796379
2017-10-04,QQQ,0.21056347857748678
2017-10-04,SPY,0.3289953911189093
2017-10-04,TLT,0.25142858698564019
2017-10-05,GLD,0
2017-10-05,IWM,0.20901254331796379
2017-10-05,QQQ,0.21056347857748678
2017-10-05,SPY,0.3289953911189093
2017-10-05,TLT,0.25142858698564019
2017-10-06,GLD,0
2017-10-06,IWM,0.20901254331796379
2017-10-06,QQQ,0.21056347857748678
2017-10-06,SPY,0.3289953911189093
2017-10-06,TLT,0.25142858698564019
2017-10-09,GLD,0
2017-10-09,IWM,0.20901254331796379
2017-10-09,QQQ,0.21056347857748678
2017-10-09,SPY,0.3289953911189093
2017-10-09,TLT,0.25142858698564019
2017-10-10,GLD,0
2017-10-10,IWM,0.20901254331796379
2017-10-10,QQQ,0.21056347857748678
2017-10-10,SPY,0.3289953911189093
2017-10-10,TLT,0.25142858698564019
2017-10-11,GLD,0
2017-10-11,IWM,0.20901254331796379
2017-10-11,QQQ,0.21056347857748678
2017-10-11,SPY,0.3289953911189093
2017-10-11,TLT,0.25142858698564019
2017-10-12,GLD,0
2017-10-12,IWM,0.20901254331796379
2017-10-12,QQQ,0.21056347857748678
2017-10-12,SPY,0.3289953911189093
2017-10-12,TLT,0.25142858698564019
2017-10-13,GLD,0
2017-10-13,IWM,0.20901254331796379
2017-10-13,QQQ,0.21056347857748678
2017-10-13,SPY,0.3289953911189093
2017-10-13,TLT,0.25142858698564019
2017-10-16,GLD,0
2017-10-16,IWM,0.20901254331796379
2017-10-16,QQQ,0.21056347857748678
2017-10-16,SPY,0.3289953911189093
2017-10-16,TLT,0.25142858698564019
2017-10-17,GLD,0
2017-10-17,IWM,0.20901254331796379
2017-10-17,QQQ,0.21056347857748678
2017-10-17,SPY,0.3289953911189093
2017-10-17,TLT,0.25142858698564019
2017-10-18,GLD,0
2017-10-18,IWM,0.20901254331796379
2017-10-18,QQQ,0.21056347857748678
2017-10-18,SPY,0.3289953911189093
2017-10-18,TLT,0.25142858698564019
2017-10-19,GLD,0
2017-10-19,IWM,0.20901254331796379
2017-10-19,QQQ,0.21056347857748678
2017-10-19,SPY,0.3289953911189093
2017-10-19,TLT,0.25142858698564019
2017-10-20,GLD,0
2017-10-20,IWM,0.20901254331796379
2017-10-20,QQQ,0.21056347857748678
2017-10-20,SPY,0.3289953911189093
2017-10-20,TLT,0.25142858698564019
2017-10-23,GLD,0
2017-10-23,IWM,0.20901254331796379
2017-10-23,QQQ,0.21056347857748678
2017-10-23,SPY,0.3289953911189093
2017-10-23,TLT,0.25142858698564019
2017-10-24,GLD,0
2017-10-24,IWM,0.20901254331796379
2017-10-24,QQQ,0.21056347857748678
2017-10-24,SPY,0.3289953911189093
2017-10-24,TLT,0.25142858698564019
2017-10-25,GLD,0
2017-10-25,IWM,0.20901254331796379
2017-10-25,QQQ,0.21056347857748678
2017-10-25,SPY,0.3289953911189093
2017-10-25,TLT,0.25142858698564019
2017-10-26,GLD,0
2017-10-26,IWM,0.20901254331796379
2017-10-26,QQQ,0.21056347857748678
2017-10-26,SPY,0.3289953911189093
2017-10-26,TLT,0.25142858698564019
2017-10-27,GLD,0
2017-10-27,IWM,0.20901254331796379
2017-10-27,QQQ,0.21056347857748678
2017-10-27,SPY,0.3289953911189093
2017-10-27,TLT,0.25142858698564019
2017-10-30,GLD,0
2017-10-30,IWM,0.20901254331796379
2017-10-30,QQQ,0.21056347857748678
2017-10-30,SPY,0.3289953911189093
2017-10-30,TLT,0.25142858698564019
2017-10-31,GLD,0
2017-10-31,IWM,0.22057004580080619
2017-10-31,QQQ,0.19519985381188942
2017-10-31,SPY,0.32902211336632431
2017-10-31,TLT,0.25520798702098008
2017-11-01,GLD,0
2017-11-01,IWM,0.22057004580080619
2017-11-01,QQQ,0.19519985381188942
2017-11-01,SPY,0.32902211336632431
2017-11-01,TLT,0.25520798702098008
2017-11-02,GLD,0
2017-11-02,IWM,0.22057004580080619
2017-11-02,QQQ,0.19519985381188942
2017-11-02,SPY,0.32902211336632431
2017-11-02,TLT,0.25520798702098008
2017-11-03,GLD,0
2017-11-03,IWM,0.22057004580080619
2017-11-03,QQQ,0.19519985381188942
2017-11-03,SPY,0.32902211336632431
2017-11-03,TLT,0.25520798702098008
2017-11-06,GLD,0
2017-11-06,IWM,0.22057004580080619
2017-11-06,QQQ,0.19519985381188942
2017-11-06,SPY,0.32902211336632431
2017-11-06,TLT,0.25520798702098008
2017-11-07,GLD,0
2017-11-07,IWM,0.22057004580080619
2017-11-07,QQQ,0.19519985381188942
2017-11-07,SPY,0.32902211336632431
2017-11-07,TLT,0.25520798702098008
2017-11-08,GLD,0
2017-11-08,IWM,0.22057004580080619
2017-11-08,QQQ,0.19519985381188942
2017-11-08,SPY,0.32902211336632431
2017-11-08,TLT,0.25520798702098008
2017-11-09,GLD,0
2017-11-09,IWM,0.22057004580080619
2017-11-09,QQQ,0.19519985381188942
2017-11-09,SPY,0.32902211336632431
2017-11-09,TLT,0.25520798702098008
2017-11-10,GLD,0
2017-11-10,IWM,0.22057004580080619
2017-11-10,QQQ,0.19519985381188942
2017-11-10,SPY,0.32902211336632431
2017-11-10,TLT,0.25520798702098008
