date,symbol,target_weight
2015-01-02,GDX,0
2015-01-02,GLD,0
2015-01-05,GDX,0
2015-01-05,GLD,0
2015-01-06,GDX,0
2015-01-06,GLD,0
2015-01-07,GDX,0
2015-01-07,GLD,0
2015-01-08,GDX,0
2015-01-08,GLD,0
2015-01-09,GDX,0
2015-01-09,GLD,0
2015-01-12,GDX,0
2015-01-12,GLD,0
2015-01-13,GDX,0
2015-01-13,GLD,0
2015-01-14,GDX,0
2015-01-14,GLD,0
2015-01-15,GDX,0
2015-01-15,GLD,0
2015-01-16,GDX,0
2015-01-16,GLD,0
2015-01-19,GDX,0
2015-01-19,GLD,0
2015-01-20,GDX,0
2015-01-20,GLD,0
2015-01-21,GDX,0
2015-01-21,GLD,0
2015-01-22,GDX,0
2015-01-22,GLD,0
2015-01-23,GDX,0
2015-01-23,GLD,0
2015-01-26,GDX,0
2015-01-26,GLD,0
2015-01-27,GDX,0
2015-01-27,GLD,0
2015-01-28,GDX,0
2015-01-28,GLD,0
2015-01-29,GDX,0
2015-01-29,GLD,0
2015-01-30,GDX,0
2015-01-30,GLD,0
2015-02-02,GDX,0
2015-02-02,GLD,0
2015-02-03,GDX,0
2015-02-03,GLD,0
2015-02-04,GDX,0
2015-02-04,GLD,0
2015-02-05,GDX,0.44220845487662652
2015-02-05,GLD,-0.45779154512337344
2015-02-06,GDX,0.43970171464436408
2015-02-06,GLD,-0.46029828535563599
2015-02-09,GDX,0.43688620880119644
2015-02-09,GLD,-0.46311379119880358
2015-02-10,GDX,0.44288139147146366
2015-02-10,GLD,-0.45711860852853625
2015-02-11,GDX,0.44404477823284166
2015-02-11,GLD,-0.45595522176715836
2015-02-12,GDX,0
2015-02-12,GLD,0
2015-02-13,GDX,0
2015-02-13,GLD,0
2015-02-16,GDX,0
2015-02-16,GLD,0
2015-02-17,GDX,0
2015-02-17,GLD,0
2015-02-18,GDX,0
2015-02-18,GLD,0
2015-02-19,GDX,0
2015-02-19,GLD,0
2015-02-20,GDX,0
2015-02-20,GLD,0
2015-02-23,GDX,0
2015-02-23,GLD,0
2015-02-24,GDX,0
2015-02-24,GLD,0
2015-02-25,GDX,0
2015-02-25,GLD,0
2015-02-26,GDX,0
2015-02-26,GLD,0
2015-02-27,GDX,0
2015-02-27,GLD,0
2015-03-02,GDX,0
2015-03-02,GLD,0
2015-03-03,GDX,0
2015-03-03,GLD,0
2015-03-04,GDX,0
2015-03-04,GLD,0
2015-03-05,GDX,0
2015-03-05,GLD,0
2015-03-06,GDX,0
2015-03-06,GLD,0
2015-03-09,GDX,0
2015-03-09,GLD,0
2015-03-10,GDX,0
2015-03-10,GLD,0
2015-03-11,GDX,0
2015-03-11,GLD,0
2015-03-12,GDX,0
2015-03-12,GLD,0
2015-03-13,GDX,0
2015-03-13,GLD,0
2015-03-16,GDX,0.44306454445838339
2015-03-16,GLD,-0.45693545554161669
2015-03-17,GDX,0.44355668656111125
2015-03-17,GLD,-0.45644331343888866
2015-03-18,GDX,0.44200502912306266
2015-03-18,GLD,-0.45799497087693736
2015-03-19,GDX,0.44014103405409449
2015-03-19,GLD,-0.45985896594590553
2015-03-20,GDX,0.43579498537305461
2015-03-20,GLD,-0.46420501462694541
2015-03-23,GDX,0.44073359206125218
2015-03-23,GLD,-0.4592664079387479
2015-03-24,GDX,0.43764047336279716
2015-03-24,GLD,-0.46235952663720292
2015-03-25,GDX,0.44029598462125358
2015-03-25,GLD,-0.4597040153787465
2015-03-26,GDX,0.4438261989745354
2015-03-26,GLD,-0.45617380102546462
2015-03-27,GDX,0
2015-03-27,GLD,0
2015-03-30,GDX,0
2015-03-30,GLD,0
2015-03-31,GDX,0
2015-03-31,GLD,0
2015-04-01,GDX,0
2015-04-01,GLD,0
2015-04-02,GDX,0
2015-04-02,GLD,0
2015-04-03,GDX,0
2015-04-03,GLD,0
2015-04-06,GDX,0
2015-04-06,GLD,0
2015-04-07,GDX,0
2015-04-07,GLD,0
2015-04-08,GDX,0
2015-04-08,GLD,0
2015-04-09,GDX,0
2015-04-09,GLD,0
2015-04-10,GDX,0
2015-04-10,GLD,0
2015-04-13,GDX,0
2015-04-13,GLD,0
2015-04-14,GDX,0
2015-04-14,GLD,0
2015-04-15,GDX,0
2015-04-15,GLD,0
2015-04-16,GDX,0
2015-04-16,GLD,0
2015-04-17,GDX,0
2015-04-17,GLD,0
2015-04-20,GDX,0
2015-04-20,GLD,0
2015-04-21,GDX,0
2015-04-21,GLD,0
2015-04-22,GDX,0
2015-04-22,GLD,0
2015-04-23,GDX,0
2015-04-23,GLD,0
2015-04-24,GDX,0
2015-04-24,GLD,0
2015-04-27,GDX,0
2015-04-27,GLD,0
2015-04-28,GDX,0
2015-04-28,GLD,0
2015-04-29,GDX,0
2015-04-29,GLD,0
2015-04-30,GDX,0
2015-04-30,GLD,0
2015-05-01,GDX,0
2015-05-01,GLD,0
2015-05-04,GDX,0
2015-05-04,GLD,0
2015-05-05,GDX,0
2015-05-05,GLD,0
2015-05-06,GDX,0
2015-05-06,GLD,0
2015-05-07,GDX,0
2015-05-07,GLD,0
2015-05-08,GDX,0
2015-05-08,GLD,0
2015-05-11,GDX,0
2015-05-11,GLD,0
2015-05-12,GDX,0
2015-05-12,GLD,0
2015-05-13,GDX,0
2015-05-13,GLD,0
2015-05-14,GDX,0
2015-05-14,GLD,0
2015-05-15,GDX,0
2015-05-15,GLD,0
2015-05-18,GDX,0
2015-05-18,GLD,0
2015-05-19,GDX,0
2015-05-19,GLD,0
2015-05-20,GDX,0
2015-05-20,GLD,0
2015-05-21,GDX,0
2015-05-21,GLD,0
2015-05-22,GDX,0
2015-05-22,GLD,0
2015-05-25,GDX,0
2015-05-25,GLD,0
2015-05-26,GDX,0
2015-05-26,GLD,0
2015-05-27,GDX,0
2015-05-27,GLD,0
2015-05-28,GDX,0
2015-05-28,GLD,0
2015-05-29,GDX,0
2015-05-29,GLD,0
2015-06-01,GDX,0
2015-06-01,GLD,0
2015-06-02,GDX,0
2015-06-02,GLD,0
2015-06-03,GDX,0
2015-06-03,GLD,0
2015-06-04,GDX,0
2015-06-04,GLD,0
2015-06-05,GDX,0
2015-06-05,GLD,0
2015-06-08,GDX,0
2015-06-08,GLD,0
2015-06-09,GDX,-0.47025708306243463
2015-06-09,GLD,0.42974291693756533
2015-06-10,GDX,-0.46841493833633968
2015-06-10,GLD,0.43158506166366029
2015-06-11,GDX,-0.47488508234877375
2015-06-11,GLD,0.42511491765122633
2015-06-12,GDX,-0.47225301653807567
2015-06-12,GLD,0.42774698346192441
2015-06-15,GDX,-0.46590332871837192
2015-06-15,GLD,0.4340966712816281
2015-06-16,GDX,-0.46380954578095046
2015-06-16,GLD,0.43619045421904967
2015-06-17,GDX,-0.46431625980705654
2015-06-17,GLD,0.43568374019294348
2015-06-18,GDX,-0.46403600167414139
2015-06-18,GLD,0.43596399832585864
2015-06-19,GDX,-0.46360442225099963
2015-06-19,GLD,0.43639557774900029
2015-06-22,GDX,-0.46497811774072012
2015-06-22,GLD,0.43502188225927996
2015-06-23,GDX,-0.46633375343310501
2015-06-23,GLD,0.4336662465668949
2015-06-24,GDX,-0.46938489902624481
2015-06-24,GLD,0.43061510097375527
2015-06-25,GDX,0
2015-06-25,GLD,0
2015-06-26,GDX,0
2015-06-26,GLD,0
2015-06-29,GDX,0
2015-06-29,GLD,0
2015-06-30,GDX,0
2015-06-30,GLD,0
2015-07-01,GDX,0
2015-07-01,GLD,0
2015-07-02,GDX,0
2015-07-02,GLD,0
2015-07-03,GDX,0
2015-07-03,GLD,0
2015-07-06,GDX,0
2015-07-06,GLD,0
2015-07-07,GDX,0
2015-07-07,GLD,0
2015-07-08,GDX,0
2015-07-08,GLD,0
2015-07-09,GDX,0
2015-07-09,GLD,0
2015-07-10,GDX,0
2015-07-10,GLD,0
2015-07-13,GDX,0
2015-07-13,GLD,0
2015-07-14,GDX,0
2015-07-14,GLD,0
2015-07-15,GDX,0
2015-07-15,GLD,0
2015-07-16,GDX,0.44269965446538656
2015-07-16,GLD,-0.45730034553461341
2015-07-17,GDX,0.44152538717412887
2015-07-17,GLD,-0.45847461282587126
2015-07-20,GDX,0.44386819253155868
2015-07-20,GLD,-0.45613180746844134
2015-07-21,GDX,0.43552262504488326
2015-07-21,GLD,-0.46447737495511676
2015-07-22,GDX,0.43519658299292718
2015-07-22,GLD,-0.46480341700707284
2015-07-23,GDX,0.43432879845341377
2015-07-23,GLD,-0.46567120154658626
2015-07-24,GDX,0.43614290039310782
2015-07-24,GLD,-0.46385709960689225
2015-07-27,GDX,0.44314235824791315
2015-07-27,GLD,-0.45685764175208687
2015-07-28,GDX,0
2015-07-28,GLD,0
2015-07-29,GDX,0
2015-07-29,GLD,0
2015-07-30,GDX,0
2015-07-30,GLD,0
2015-07-31,GDX,0
2015-07-31,GLD,0
2015-08-03,GDX,0
2015-08-03,GLD,0
2015-08-04,GDX,0
2015-08-04,GLD,0
2015-08-05,GDX,0
2015-08-05,GLD,0
2015-08-06,GDX,-0.46582424738683642
2015-08-06,GLD,0.43417575261316355
2015-08-07,GDX,-0.46083442846788819
2015-08-07,GLD,0.43916557153211189
2015-08-10,GDX,-0.45526515691089325
2015-08-10,GLD,0.44473484308910677
2015-08-11,GDX,0
2015-08-11,GLD,0
2015-08-12,GDX,0
2015-08-12,GLD,0
2015-08-13,GDX,0
2015-08-13,GLD,0
2015-08-14,GDX,0
2015-08-14,GLD,0
2015-08-17,GDX,0
2015-08-17,GLD,0
2015-08-18,GDX,0
2015-08-18,GLD,0
2015-08-19,GDX,0
2015-08-19,GLD,0
2015-08-20,GDX,0
2015-08-20,GLD,0
2015-08-21,GDX,0
2015-08-21,GLD,0
2015-08-24,GDX,0
2015-08-24,GLD,0
2015-08-25,GDX,0
2015-08-25,GLD,0
2015-08-26,GDX,0
2015-08-26,GLD,0
2015-08-27,GDX,0
2015-08-27,GLD,0
2015-08-28,GDX,0
2015-08-28,GLD,0
2015-08-31,GDX,0
2015-08-31,GLD,0
2015-09-01,GDX,0
2015-09-01,GLD,0
2015-09-02,GDX,0
2015-09-02,GLD,0
2015-09-03,GDX,0
2015-09-03,GLD,0
2015-09-04,GDX,0
2015-09-04,GLD,0
2015-09-07,GDX,0
2015-09-07,GLD,0
2015-09-08,GDX,0
2015-09-08,GLD,0
2015-09-09,GDX,0
2015-09-09,GLD,0
2015-09-10,GDX,0
2015-09-10,GLD,0
2015-09-11,GDX,0
2015-09-11,GLD,0
2015-09-14,GDX,0
2015-09-14,GLD,0
2015-09-15,GDX,0
2015-09-15,GLD,0
2015-09-16,GDX,0
2015-09-16,GLD,0
2015-09-17,GDX,0
2015-09-17,GLD,0
2015-09-18,GDX,0
2015-09-18,GLD,0
2015-09-21,GDX,0
2015-09-21,GLD,0
2015-09-22,GDX,0
2015-09-22,GLD,0
2015-09-23,GDX,0
2015-09-23,GLD,0
2015-09-24,GDX,0
2015-09-24,GLD,0
2015-09-25,GDX,0
2015-09-25,GLD,0
2015-09-28,GDX,0
2015-09-28,GLD,0
2015-09-29,GDX,-0.45673252335632497
2015-09-29,GLD,0.44326747664367511
2015-09-30,GDX,-0.45238016699943351
2015-09-30,GLD,0.44761983300056657
2015-10-01,GDX,-0.4570461838961129
2015-10-01,GLD,0.44295381610388707
2015-10-02,GDX,-0.45366510255555342
2015-10-02,GLD,0.44633489744444654
2015-10-05,GDX,-0.45175757803701644
2015-10-05,GLD,0.44824242196298358
2015-10-06,GDX,-0.45891079541994223
2015-10-06,GLD,0.44108920458005774
2015-10-07,GDX,-0.46257737621102546
2015-10-07,GLD,0.43742262378897462
2015-10-08,GDX,-0.46382045421175921
2015-10-08,GLD,0.43617954578824092
2015-10-09,GDX,-0.4667172944056418
2015-10-09,GLD,0.43328270559435839
2015-10-12,GDX,-0.47070158262336353
2015-10-12,GLD,0.42929841737663638
2015-10-13,GDX,-0.46579090562500702
2015-10-13,GLD,0.434209094374993
2015-10-14,GDX,-0.46560319601160643
2015-10-14,GLD,0.43439680398839359
2015-10-15,GDX,-0.46261365916697561
2015-10-15,GLD,0.43738634083302441
2015-10-16,GDX,-0.46339261399509363
2015-10-16,GLD,0.43660738600490645
2015-10-19,GDX,-0.46136076625975492
2015-10-19,GLD,0.43863923374024522
2015-10-20,GDX,-0.4640132614726214
2015-10-20,GLD,0.43598673852737857
2015-10-21,GDX,-0.46307015595811274
2015-10-21,GLD,0.43692984404188723
2015-10-22,GDX,0
2015-10-22,GLD,0
2015-10-23,GDX,0
2015-10-23,GLD,0
2015-10-26,GDX,0
2015-10-26,GLD,0
2015-10-27,GDX,0
2015-10-27,GLD,0
2015-10-28,GDX,0
2015-10-28,GLD,0
2015-10-29,GDX,0
2015-10-29,GLD,0
2015-10-30,GDX,0
2015-10-30,GLD,0
2015-11-02,GDX,0
2015-11-02,GLD,0
2015-11-03,GDX,0
2015-11-03,GLD,0
2015-11-04,GDX,0.44923001227683318
2015-11-04,GLD,-0.45076998772316679
2015-11-05,GDX,0.45073547040682566
2015-11-05,GLD,-0.44926452959317437
2015-11-06,GDX,0.44941466553450654
2015-11-06,GLD,-0.45058533446549365
2015-11-09,GDX,0.44798485487741324
2015-11-09,GLD,-0.45201514512258684
2015-11-10,GDX,0
2015-11-10,GLD,0
2015-11-11,GDX,0
2015-11-11,GLD,0
2015-11-12,GDX,0
2015-11-12,GLD,0
2015-11-13,GDX,0
2015-11-13,GLD,0
2015-11-16,GDX,0
2015-11-16,GLD,0
2015-11-17,GDX,0
2015-11-17,GLD,0
2015-11-18,GDX,0
2015-11-18,GLD,0
2015-11-19,GDX,0
2015-11-19,GLD,0
2015-11-20,GDX,0
2015-11-20,GLD,0
2015-11-23,GDX,0
2015-11-23,GLD,0
2015-11-24,GDX,0
2015-11-24,GLD,0
2015-11-25,GDX,0
2015-11-25,GLD,0
2015-11-26,GDX,0
2015-11-26,GLD,0
2015-11-27,GDX,0
2015-11-27,GLD,0
2015-11-30,GDX,0
2015-11-30,GLD,0
2015-12-01,GDX,0
2015-12-01,GLD,0
2015-12-02,GDX,0.44235095893819637
2015-12-02,GLD,-0.45764904106180371
2015-12-03,GDX,0.43850918296549757
2015-12-03,GLD,-0.46149081703450245
2015-12-04,GDX,0.43234109240778118
2015-12-04,GLD,-0.4676589075922189
2015-12-07,GDX,0.42950019877421208
2015-12-07,GLD,-0.47049980122578805
2015-12-08,GDX,0.4317281448125358
2015-12-08,GLD,-0.46827185518746434
2015-12-09,GDX,0.43224708488236269
2015-12-09,GLD,-0.46775291511763734
2015-12-10,GDX,0.43297743339585382
2015-12-10,GLD,-0.46702256660414632
2015-12-11,GDX,0.43344606188079937
2015-12-11,GLD,-0.46655393811920071
2015-12-14,GDX,0.43406379144816681
2015-12-14,GLD,-0.46593620855183315
2015-12-15,GDX,0.43845767689002924
2015-12-15,GLD,-0.46154232310997068
2015-12-16,GDX,0
2015-12-16,GLD,0
2015-12-17,GDX,0
2015-12-17,GLD,0
2015-12-18,GDX,0
2015-12-18,GLD,0
2015-12-21,GDX,0
2015-12-21,GLD,0
2015-12-22,GDX,0
2015-12-22,GLD,0
2015-12-23,GDX,0
2015-12-23,GLD,0
2015-12-24,GDX,0
2015-12-24,GLD,0
2015-12-25,GDX,0
2015-12-25,GLD,0
2015-12-28,GDX,0
2015-12-28,GLD,0
2015-12-29,GDX,0
2015-12-29,GLD,0
2015-12-30,GDX,0
2015-12-30,GLD,0
2015-12-31,GDX,0
2015-12-31,GLD,0
2016-01-01,GDX,0
2016-01-01,GLD,0
2016-01-04,GDX,0
2016-01-04,GLD,0
2016-01-05,GDX,0
2016-01-05,GLD,0
2016-01-06,GDX,0
2016-01-06,GLD,0
2016-01-07,GDX,0
2016-01-07,GLD,0
2016-01-08,GDX,0
2016-01-08,GLD,0
2016-01-11,GDX,0
2016-01-11,GLD,0
2016-01-12,GDX,0
2016-01-12,GLD,0
2016-01-13,GDX,0
2016-01-13,GLD,0
2016-01-14,GDX,0
2016-01-14,GLD,0
2016-01-15,GDX,0
2016-01-15,GLD,0
2016-01-18,GDX,0
2016-01-18,GLD,0
2016-01-19,GDX,0
2016-01-19,GLD,0
2016-01-20,GDX,0
2016-01-20,GLD,0
2016-01-21,GDX,0
2016-01-21,GLD,0
2016-01-22,GDX,0
2016-01-22,GLD,0
2016-01-25,GDX,0
2016-01-25,GLD,0
2016-01-26,GDX,0
2016-01-26,GLD,0
2016-01-27,GDX,0
2016-01-27,GLD,0
2016-01-28,GDX,0
2016-01-28,GLD,0
2016-01-29,GDX,0
2016-01-29,GLD,0
2016-02-01,GDX,0
2016-02-01,GLD,0
2016-02-02,GDX,0
2016-02-02,GLD,0
2016-02-03,GDX,0
2016-02-03,GLD,0
2016-02-04,GDX,0
2016-02-04,GLD,0
2016-02-05,GDX,0
2016-02-05,GLD,0
2016-02-08,GDX,0
2016-02-08,GLD,0
2016-02-09,GDX,0
2016-02-09,GLD,0
2016-02-10,GDX,0
2016-02-10,GLD,0
2016-02-11,GDX,0
2016-02-11,GLD,0
2016-02-12,GDX,0.44359302303016596
2016-02-12,GLD,-0.45640697696983418
2016-02-15,GDX,0.43997528172976424
2016-02-15,GLD,-0.46002471827023572
2016-02-16,GDX,0.43934053618906721
2016-02-16,GLD,-0.4606594638109327
2016-02-17,GDX,0.43651413889983098
2016-02-17,GLD,-0.46348586110016898
2016-02-18,GDX,0.43733314438984361
2016-02-18,GLD,-0.46266685561015641
2016-02-19,GDX,0.43296851169088357
2016-02-19,GLD,-0.46703148830911645
2016-02-22,GDX,0.43462964229550977
2016-02-22,GLD,-0.4653703577044902
2016-02-23,GDX,0
2016-02-23,GLD,0
2016-02-24,GDX,0
2016-02-24,GLD,0
2016-02-25,GDX,0
2016-02-25,GLD,0
2016-02-26,GDX,0
2016-02-26,GLD,0
2016-02-29,GDX,0
2016-02-29,GLD,0
2016-03-01,GDX,0
2016-03-01,GLD,0
2016-03-02,GDX,0
2016-03-02,GLD,0
2016-03-03,GDX,0
2016-03-03,GLD,0
2016-03-04,GDX,0
2016-03-04,GLD,0
2016-03-07,GDX,0
2016-03-07,GLD,0
2016-03-08,GDX,0
2016-03-08,GLD,0
2016-03-09,GDX,0
2016-03-09,GLD,0
2016-03-10,GDX,0
2016-03-10,GLD,0
2016-03-11,GDX,-0.45760159122586735
2016-03-11,GLD,0.44239840877413267
2016-03-14,GDX,-0.45682135090358533
2016-03-14,GLD,0.44317864909641475
2016-03-15,GDX,-0.45814612753545569
2016-03-15,GLD,0.44185387246454444
2016-03-16,GDX,-0.4597018788676912
2016-03-16,GLD,0.44029812113230871
2016-03-17,GDX,-0.46971235447066922
2016-03-17,GLD,0.43028764552933074
2016-03-18,GDX,-0.4661257744522091
2016-03-18,GLD,0.43387422554779087
2016-03-21,GDX,-0.45695111838345454
2016-03-21,GLD,0.44304888161654543
2016-03-22,GDX,-0.46609779766366471
2016-03-22,GLD,0.43390220233633536
2016-03-23,GDX,-0.4591973296269703
2016-03-23,GLD,0.44080267037302961
2016-03-24,GDX,-0.46139333069658911
2016-03-24,GLD,0.43860666930341102
2016-03-25,GDX,0
2016-03-25,GLD,0
2016-03-28,GDX,0
2016-03-28,GLD,0
2016-03-29,GDX,0
2016-03-29,GLD,0
2016-03-30,GDX,0
2016-03-30,GLD,0
2016-03-31,GDX,0
2016-03-31,GLD,0
2016-04-01,GDX,0
2016-04-01,GLD,0
2016-04-04,GDX,0
2016-04-04,GLD,0
2016-04-05,GDX,0
2016-04-05,GLD,0
2016-04-06,GDX,0
2016-04-06,GLD,0
2016-04-07,GDX,0
2016-04-07,GLD,0
2016-04-08,GDX,0
2016-04-08,GLD,0
2016-04-11,GDX,0
2016-04-11,GLD,0
2016-04-12,GDX,0
2016-04-12,GLD,0
2016-04-13,GDX,0
2016-04-13,GLD,0
2016-04-14,GDX,0
2016-04-14,GLD,0
2016-04-15,GDX,0
2016-04-15,GLD,0
2016-04-18,GDX,0
2016-04-18,GLD,0
2016-04-19,GDX,0
2016-04-19,GLD,0
2016-04-20,GDX,0
2016-04-20,GLD,0
2016-04-21,GDX,0
2016-04-21,GLD,0
2016-04-22,GDX,0
2016-04-22,GLD,0
2016-04-25,GDX,0
2016-04-25,GLD,0
2016-04-26,GDX,0
2016-04-26,GLD,0
2016-04-27,GDX,0
2016-04-27,GLD,0
2016-04-28,GDX,0
2016-04-28,GLD,0
2016-04-29,GDX,0
2016-04-29,GLD,0
2016-05-02,GDX,0
2016-05-02,GLD,0
2016-05-03,GDX,0
2016-05-03,GLD,0
2016-05-04,GDX,0
2016-05-04,GLD,0
2016-05-05,GDX,0
2016-05-05,GLD,0
2016-05-06,GDX,0
2016-05-06,GLD,0
2016-05-09,GDX,0
2016-05-09,GLD,0
2016-05-10,GDX,0
2016-05-10,GLD,0
2016-05-11,GDX,0
2016-05-11,GLD,0
2016-05-12,GDX,0
2016-05-12,GLD,0
2016-05-13,GDX,0
2016-05-13,GLD,0
2016-05-16,GDX,0
2016-05-16,GLD,0
2016-05-17,GDX,0.44944258842315554
2016-05-17,GLD,-0.45055741157684448
2016-05-18,GDX,0.45104529124849924
2016-05-18,GLD,-0.44895470875150068
2016-05-19,GDX,0.45257196234176394
2016-05-19,GLD,-0.44742803765823602
2016-05-20,GDX,0.45199621418200636
2016-05-20,GLD,-0.44800378581799366
2016-05-23,GDX,0
2016-05-23,GLD,0
2016-05-24,GDX,0
2016-05-24,GLD,0
2016-05-25,GDX,0
2016-05-25,GLD,0
2016-05-26,GDX,0
2016-05-26,GLD,0
2016-05-27,GDX,0.44383342725059599
2016-05-27,GLD,-0.45616657274940403
2016-05-30,GDX,0.44547866527219837
2016-05-30,GLD,-0.4545213347278016
2016-05-31,GDX,0.43872428189141344
2016-05-31,GLD,-0.46127571810858664
2016-06-01,GDX,0.44010845715805202
2016-06-01,GLD,-0.459891542841948
2016-06-02,GDX,0.43951239247929408
2016-06-02,GLD,-0.460487607520706
2016-06-03,GDX,0.43668583643665415
2016-06-03,GLD,-0.46331416356334593
2016-06-06,GDX,0.43633978349388675
2016-06-06,GLD,-0.46366021650611322
2016-06-07,GDX,0.427140893960885
2016-06-07,GLD,-0.47285910603911502
2016-06-08,GDX,0.42784817920257695
2016-06-08,GLD,-0.47215182079742302
2016-06-09,GDX,0.43503850321403226
2016-06-09,GLD,-0.46496149678596782
2016-06-10,GDX,0.43129289761140638
2016-06-10,GLD,-0.46870710238859375
2016-06-13,GDX,0.43469554547419237
2016-06-13,GLD,-0.46530445452580754
2016-06-14,GDX,0.437225498537339
2016-06-14,GLD,-0.46277450146266097
2016-06-15,GDX,0
2016-06-15,GLD,0
2016-06-16,GDX,0
2016-06-16,GLD,0
2016-06-17,GDX,0
2016-06-17,GLD,0
2016-06-20,GDX,0
2016-06-20,GLD,0
2016-06-21,GDX,0
2016-06-21,GLD,0
2016-06-22,GDX,0
2016-06-22,GLD,0
2016-06-23,GDX,0
2016-06-23,GLD,0
2016-06-24,GDX,0
2016-06-24,GLD,0
2016-06-27,GDX,0
2016-06-27,GLD,0
2016-06-28,GDX,0
2016-06-28,GLD,0
2016-06-29,GDX,0
2016-06-29,GLD,0
2016-06-30,GDX,0
2016-06-30,GLD,0
2016-07-01,GDX,0
2016-07-01,GLD,0
2016-07-04,GDX,0
2016-07-04,GLD,0
2016-07-05,GDX,0
2016-07-05,GLD,0
2016-07-06,GDX,0
2016-07-06,GLD,0
2016-07-07,GDX,0
2016-07-07,GLD,0
2016-07-08,GDX,0
2016-07-08,GLD,0
2016-07-11,GDX,-0.45575179368365382
2016-07-11,GLD,0.44424820631634626
2016-07-12,GDX,-0.46081306447962328
2016-07-12,GLD,0.43918693552037669
2016-07-13,GDX,-0.45165728330804539
2016-07-13,GLD,0.44834271669195469
2016-07-14,GDX,-0.45916057678977301
2016-07-14,GLD,0.44083942321022712
2016-07-15,GDX,-0.45749600336679491
2016-07-15,GLD,0.44250399663320511
2016-07-18,GDX,-0.45408520609349884
2016-07-18,GLD,0.44591479390650118
2016-07-19,GDX,-0.45086806264422374
2016-07-19,GLD,0.44913193735577622
2016-07-20,GDX,-0.45690535988288833
2016-07-20,GLD,0.44309464011711175
2016-07-21,GDX,-0.45809897582989179
2016-07-21,GLD,0.44190102417010824
2016-07-22,GDX,-0.45702165547254014
2016-07-22,GLD,0.44297834452745988
2016-07-25,GDX,0
2016-07-25,GLD,0
2016-07-26,GDX,0
2016-07-26,GLD,0
2016-07-27,GDX,0
2016-07-27,GLD,0
2016-07-28,GDX,0
2016-07-28,GLD,0
2016-07-29,GDX,0
2016-07-29,GLD,0
2016-08-01,GDX,0
2016-08-01,GLD,0
2016-08-02,GDX,0
2016-08-02,GLD,0
2016-08-03,GDX,0
2016-08-03,GLD,0
2016-08-04,GDX,0
2016-08-04,GLD,0
2016-08-05,GDX,0
2016-08-05,GLD,0
2016-08-08,GDX,0
2016-08-08,GLD,0
2016-08-09,GDX,0
2016-08-09,GLD,0
2016-08-10,GDX,0
2016-08-10,GLD,0
2016-08-11,GDX,0
2016-08-11,GLD,0
2016-08-12,GDX,0
2016-08-12,GLD,0
2016-08-15,GDX,0
2016-08-15,GLD,0
2016-08-16,GDX,0
2016-08-16,GLD,0
2016-08-17,GDX,0
2016-08-17,GLD,0
2016-08-18,GDX,0
2016-08-18,GLD,0
2016-08-19,GDX,0
2016-08-19,GLD,0
2016-08-22,GDX,0
2016-08-22,GLD,0
2016-08-23,GDX,0
2016-08-23,GLD,0
2016-08-24,GDX,0
2016-08-24,GLD,0
2016-08-25,GDX,0
2016-08-25,GLD,0
2016-08-26,GDX,0
2016-08-26,GLD,0
2016-08-29,GDX,0
2016-08-29,GLD,0
2016-08-30,GDX,0
2016-08-30,GLD,0
2016-08-31,GDX,0
2016-08-31,GLD,0
2016-09-01,GDX,0
2016-09-01,GLD,0
2016-09-02,GDX,0
2016-09-02,GLD,0
2016-09-05,GDX,0
2016-09-05,GLD,0
2016-09-06,GDX,0
2016-09-06,GLD,0
2016-09-07,GDX,0
2016-09-07,GLD,0
2016-09-08,GDX,0
2016-09-08,GLD,0
2016-09-09,GDX,0
2016-09-09,GLD,0
2016-09-12,GDX,0
2016-09-12,GLD,0
2016-09-13,GDX,0
2016-09-13,GLD,0
2016-09-14,GDX,0.43170794667019607
2016-09-14,GLD,-0.468292053329804
2016-09-15,GDX,0.432317208918577
2016-09-15,GLD,-0.46768279108142291
2016-09-16,GDX,0.4280858789993367
2016-09-16,GLD,-0.47191412100066338
2016-09-19,GDX,0.43478516614144497
2016-09-19,GLD,-0.46521483385855511
2016-09-20,GDX,0
2016-09-20,GLD,0
2016-09-21,GDX,0
2016-09-21,GLD,0
2016-09-22,GDX,0
2016-09-22,GLD,0
2016-09-23,GDX,0
2016-09-23,GLD,0
2016-09-26,GDX,0
2016-09-26,GLD,0
2016-09-27,GDX,0
2016-09-27,GLD,0
2016-09-28,GDX,0
2016-09-28,GLD,0
2016-09-29,GDX,0
2016-09-29,GLD,0
2016-09-30,GDX,0
2016-09-30,GLD,0
2016-10-03,GDX,0
2016-10-03,GLD,0
2016-10-04,GDX,0
2016-10-04,GLD,0
2016-10-05,GDX,0
2016-10-05,GLD,0
2016-10-06,GDX,0
2016-10-06,GLD,0
2016-10-07,GDX,0
2016-10-07,GLD,0
2016-10-10,GDX,0
2016-10-10,GLD,0
2016-10-11,GDX,0
2016-10-11,GLD,0
2016-10-12,GDX,0
2016-10-12,GLD,0
2016-10-13,GDX,0
2016-10-13,GLD,0
2016-10-14,GDX,0
2016-10-14,GLD,0
2016-10-17,GDX,0
2016-10-17,GLD,0
2016-10-18,GDX,0
2016-10-18,GLD,0
2016-10-19,GDX,0
2016-10-19,GLD,0
2016-10-20,GDX,0
2016-10-20,GLD,0
2016-10-21,GDX,0
2016-10-21,GLD,0
2016-10-24,GDX,-0.43861830749450703
2016-10-24,GLD,0.4613816925054931
2016-10-25,GDX,-0.4441964307578754
2016-10-25,GLD,0.45580356924212462
2016-10-26,GDX,-0.44180130288408476
2016-10-26,GLD,0.45819869711591527
2016-10-27,GDX,-0.4442855680213576
2016-10-27,GLD,0.45571443197864248
2016-10-28,GDX,-0.4404303371091367
2016-10-28,GLD,0.45956966289086343
2016-10-31,GDX,0
2016-10-31,GLD,0
2016-11-01,GDX,0
2016-11-01,GLD,0
2016-11-02,GDX,0
2016-11-02,GLD,0
2016-11-03,GDX,0
2016-11-03,GLD,0
2016-11-04,GDX,0
2016-11-04,GLD,0
2016-11-07,GDX,0
2016-11-07,GLD,0
2016-11-08,GDX,0
2016-11-08,GLD,0
2016-11-09,GDX,0
2016-11-09,GLD,0
2016-11-10,GDX,0
2016-11-10,GLD,0
2016-11-11,GDX,0
2016-11-11,GLD,0
2016-11-14,GDX,0
2016-11-14,GLD,0
2016-11-15,GDX,-0.47009279811098376
2016-11-15,GLD,0.42990720188901627
2016-11-16,GDX,-0.47778781283933952
2016-11-16,GLD,0.4222121871606605
2016-11-17,GDX,-0.47248875563237291
2016-11-17,GLD,0.42751124436762705
2016-11-18,GDX,-0.47025080115040874
2016-11-18,GLD,0.42974919884959123
2016-11-21,GDX,-0.46253230001087803
2016-11-21,GLD,0.43746769998912188
2016-11-22,GDX,0
2016-11-22,GLD,0
2016-11-23,GDX,0
2016-11-23,GLD,0
2016-11-24,GDX,0
2016-11-24,GLD,0
2016-11-25,GDX,0
2016-11-25,GLD,0
2016-11-28,GDX,0
2016-11-28,GLD,0
2016-11-29,GDX,0
2016-11-29,GLD,0
2016-11-30,GDX,0
2016-11-30,GLD,0
2016-12-01,GDX,0
2016-12-01,GLD,0
2016-12-02,GDX,0
2016-12-02,GLD,0
2016-12-05,GDX,0
2016-12-05,GLD,0
2016-12-06,GDX,0
2016-12-06,GLD,0
2016-12-07,GDX,0
2016-12-07,GLD,0
2016-12-08,GDX,0
2016-12-08,GLD,0
2016-12-09,GDX,0
2016-12-09,GLD,0
2016-12-12,GDX,0
2016-12-12,GLD,0
2016-12-13,GDX,0
2016-12-13,GLD,0
2016-12-14,GDX,0
2016-12-14,GLD,0
2016-12-15,GDX,0
2016-12-15,GLD,0
2016-12-16,GDX,0
2016-12-16,GLD,0
2016-12-19,GDX,0
2016-12-19,GLD,0
2016-12-20,GDX,0
2016-12-20,GLD,0
2016-12-21,GDX,0
2016-12-21,GLD,0
2016-12-22,GDX,0
2016-12-22,GLD,0
2016-12-23,GDX,0
2016-12-23,GLD,0
2016-12-26,GDX,0
2016-12-26,GLD,0
2016-12-27,GDX,0
2016-12-27,GLD,0
2016-12-28,GDX,0
2016-12-28,GLD,0
2016-12-29,GDX,0
2016-12-29,GLD,0
2016-12-30,GDX,0
2016-12-30,GLD,0
2017-01-02,GDX,0
2017-01-02,GLD,0
2017-01-03,GDX,0
2017-01-03,GLD,0
2017-01-04,GDX,0
2017-01-04,GLD,0
2017-01-05,GDX,0
2017-01-05,GLD,0
2017-01-06,GDX,0
2017-01-06,GLD,0
2017-01-09,GDX,0
2017-01-09,GLD,0
2017-01-10,GDX,0
2017-01-10,GLD,0
2017-01-11,GDX,0
2017-01-11,GLD,0
2017-01-12,GDX,0
2017-01-12,GLD,0
2017-01-13,GDX,0
2017-01-13,GLD,0
2017-01-16,GDX,0
2017-01-16,GLD,0
2017-01-17,GDX,0
2017-01-17,GLD,0
2017-01-18,GDX,0
2017-01-18,GLD,0
2017-01-19,GDX,-0.47955651196237609
2017-01-19,GLD,0.42044348803762394
2017-01-20,GDX,-0.47314219461182089
2017-01-20,GLD,0.42685780538817908
2017-01-23,GDX,-0.47431768063399588
2017-01-23,GLD,0.42568231936600415
2017-01-24,GDX,-0.48142041948153946
2017-01-24,GLD,0.4185795805184605
2017-01-25,GDX,-0.4832333244120533
2017-01-25,GLD,0.41676667558794678
2017-01-26,GDX,0
2017-01-26,GLD,0
2017-01-27,GDX,0
2017-01-27,GLD,0
2017-01-30,GDX,0
2017-01-30,GLD,0
2017-01-31,GDX,0
2017-01-31,GLD,0
2017-02-01,GDX,0
2017-02-01,GLD,0
2017-02-02,GDX,0
2017-02-02,GLD,0
2017-02-03,GDX,0
2017-02-03,GLD,0
2017-02-06,GDX,0
2017-02-06,GLD,0
2017-02-07,GDX,0
2017-02-07,GLD,0
2017-02-08,GDX,0
2017-02-08,GLD,0
2017-02-09,GDX,0
2017-02-09,GLD,0
2017-02-10,GDX,0
2017-02-10,GLD,0
2017-02-13,GDX,0
2017-02-13,GLD,0
2017-02-14,GDX,0
2017-02-14,GLD,0
2017-02-15,GDX,0
2017-02-15,GLD,0
2017-02-16,GDX,0
2017-02-16,GLD,0
2017-02-17,GDX,0
2017-02-17,GLD,0
2017-02-20,GDX,0
2017-02-20,GLD,0
2017-02-21,GDX,0
2017-02-21,GLD,0
2017-02-22,GDX,0
2017-02-22,GLD,0
2017-02-23,GDX,0
2017-02-23,GLD,0
2017-02-24,GDX,0
2017-02-24,GLD,0
2017-02-27,GDX,0
2017-02-27,GLD,0
2017-02-28,GDX,0
2017-02-28,GLD,0
2017-03-01,GDX,0
2017-03-01,GLD,0
2017-03-02,GDX,0
2017-03-02,GLD,0
2017-03-03,GDX,0
2017-03-03,GLD,0
2017-03-06,GDX,0
2017-03-06,GLD,0
2017-03-07,GDX,0
2017-03-07,GLD,0
2017-03-08,GDX,0
2017-03-08,GLD,0
2017-03-09,GDX,0
2017-03-09,GLD,0
2017-03-10,GDX,0
2017-03-10,GLD,0
2017-03-13,GDX,0
2017-03-13,GLD,0
2017-03-14,GDX,0.45339909122242472
2017-03-14,GLD,-0.44660090877757525
2017-03-15,GDX,0.44223227741819537
2017-03-15,GLD,-0.45776772258180476
2017-03-16,GDX,0.44910572406728944
2017-03-16,GLD,-0.45089427593271059
2017-03-17,GDX,0.4345610837395546
2017-03-17,GLD,-0.46543891626044542
2017-03-20,GDX,0.43485411725114448
2017-03-20,GLD,-0.46514588274885554
2017-03-21,GDX,0.43795354899335981
2017-03-21,GLD,-0.46204645100664021
2017-03-22,GDX,0.44096296320870232
2017-03-22,GLD,-0.45903703679129765
2017-03-23,GDX,0.43740599945301478
2017-03-23,GLD,-0.46259400054698524
2017-03-24,GDX,0.43824687124252693
2017-03-24,GLD,-0.46175312875747321
2017-03-27,GDX,0.44088512615045972
2017-03-27,GLD,-0.45911487384954031
2017-03-28,GDX,0.43306832317044741
2017-03-28,GLD,-0.46693167682955256
2017-03-29,GDX,0.43955569104340475
2017-03-29,GLD,-0.46044430895659522
2017-03-30,GDX,0
2017-03-30,GLD,0
2017-03-31,GDX,0
2017-03-31,GLD,0
2017-04-03,GDX,0
2017-04-03,GLD,0
2017-04-04,GDX,0
2017-04-04,GLD,0
2017-04-05,GDX,0
2017-04-05,GLD,0
2017-04-06,GDX,0
2017-04-06,GLD,0
2017-04-07,GDX,0
2017-04-07,GLD,0
2017-04-10,GDX,0.4219478196466695
2017-04-10,GLD,-0.47805218035333047
2017-04-11,GDX,0.43264362198750866
2017-04-11,GLD,-0.46735637801249147
2017-04-12,GDX,0.43282588577739284
2017-04-12,GLD,-0.46717411422260713
2017-04-13,GDX,0
2017-04-13,GLD,0
2017-04-14,GDX,0
2017-04-14,GLD,0
2017-04-17,GDX,-0.45442176990484856
2017-04-17,GLD,0.44557823009515152
2017-04-18,GDX,-0.44612762639052422
2017-04-18,GLD,0.45387237360947574
2017-04-19,GDX,-0.44999685642467613
2017-04-19,GLD,0.45000314357532384
2017-04-20,GDX,-0.45548466739707544
2017-04-20,GLD,0.44451533260292464
2017-04-21,GDX,-0.44879975473213551
2017-04-21,GLD,0.4512002452678644
2017-04-24,GDX,0
2017-04-24,GLD,0
2017-04-25,GDX,0
2017-04-25,GLD,0
2017-04-26,GDX,0
2017-04-26,GLD,0
2017-04-27,GDX,0
2017-04-27,GLD,0
2017-04-28,GDX,0
2017-04-28,GLD,0
2017-05-01,GDX,0
2017-05-01,GLD,0
2017-05-02,GDX,0
2017-05-02,GLD,0
2017-05-03,GDX,0
2017-05-03,GLD,0
2017-05-04,GDX,0
2017-05-04,GLD,0
2017-05-05,GDX,0
2017-05-05,GLD,0
2017-05-08,GDX,-0.46354180428976249
2017-05-08,GLD,0.43645819571023747
2017-05-09,GDX,-0.47501105746721034
2017-05-09,GLD,0.42498894253278963
2017-05-10,GDX,-0.48203480891566269
2017-05-10,GLD,0.41796519108433733
2017-05-11,GDX,-0.48047302547890158
2017-05-11,GLD,0.41952697452109838
2017-05-12,GDX,-0.47349249796897142
2017-05-12,GLD,0.42650750203102861
2017-05-15,GDX,-0.47305654643326639
2017-05-15,GLD,0.42694345356673369
2017-05-16,GDX,-0.47739939133691278
2017-05-16,GLD,0.42260060866308724
2017-05-17,GDX,-0.47375593525100118
2017-05-17,GLD,0.42624406474899895
2017-05-18,GDX,-0.47987311143169181
2017-05-18,GLD,0.42012688856830815
2017-05-19,GDX,-0.47759600186501983
2017-05-19,GLD,0.4224039981349802
2017-05-22,GDX,-0.48088748108746476
2017-05-22,GLD,0.41911251891253531
2017-05-23,GDX,0
2017-05-23,GLD,0
2017-05-24,GDX,0
2017-05-24,GLD,0
2017-05-25,GDX,0
2017-05-25,GLD,0
2017-05-26,GDX,0
2017-05-26,GLD,0
2017-05-29,GDX,0
2017-05-29,GLD,0
2017-05-30,GDX,0
2017-05-30,GLD,0
2017-05-31,GDX,0
2017-05-31,GLD,0
2017-06-01,GDX,0
2017-06-01,GLD,0
2017-06-02,GDX,0
2017-06-02,GLD,0
2017-06-05,GDX,0
2017-06-05,GLD,0
2017-06-06,GDX,0
2017-06-06,GLD,0
2017-06-07,GDX,0
2017-06-07,GLD,0
2017-06-08,GDX,0
2017-06-08,GLD,0
2017-06-09,GDX,0
2017-06-09,GLD,0
2017-06-12,GDX,0
2017-06-12,GLD,0
2017-06-13,GDX,0
2017-06-13,GLD,0
2017-06-14,GDX,0
2017-06-14,GLD,0
2017-06-15,GDX,0
2017-06-15,GLD,0
2017-06-16,GDX,0
2017-06-16,GLD,0
2017-06-19,GDX,0
2017-06-19,GLD,0
2017-06-20,GDX,0
2017-06-20,GLD,0
2017-06-21,GDX,0
2017-06-21,GLD,0
2017-06-22,GDX,0
2017-06-22,GLD,0
2017-06-23,GDX,0
2017-06-23,GLD,0
2017-06-26,GDX,0
2017-06-26,GLD,0
2017-06-27,GDX,0.45717703318375785
2017-06-27,GLD,-0.44282296681624217
2017-06-28,GDX,0.45975036333935071
2017-06-28,GLD,-0.44024963666064931
2017-06-29,GDX,0.46195256045494704
2017-06-29,GLD,-0.43804743954505304
2017-06-30,GDX,0.46601453607320908
2017-06-30,GLD,-0.43398546392679088
2017-07-03,GDX,0.45774103148850082
2017-07-03,GLD,-0.44225896851149921
2017-07-04,GDX,0.45482937951123592
2017-07-04,GLD,-0.4451706204887641
2017-07-05,GDX,0.45635278573594601
2017-07-05,GLD,-0.44364721426405412
2017-07-06,GDX,0.45852029812382672
2017-07-06,GLD,-0.44147970187617336
2017-07-07,GDX,0.45388349973208836
2017-07-07,GLD,-0.44611650026791166
2017-07-10,GDX,0.45142667184911273
2017-07-10,GLD,-0.4485733281508873
2017-07-11,GDX,0.45763363179774491
2017-07-11,GLD,-0.44236636820225506
2017-07-12,GDX,0.44476748627212948
2017-07-12,GLD,-0.45523251372787055
2017-07-13,GDX,0.44352651346734356
2017-07-13,GLD,-0.4564734865326564
2017-07-14,GDX,0.44424340137964874
2017-07-14,GLD,-0.45575659862035117
2017-07-17,GDX,0.4346474387143166
2017-07-17,GLD,-0.46535256128568342
2017-07-18,GDX,0.42907355476813969
2017-07-18,GLD,-0.47092644523186034
2017-07-19,GDX,0.43173310270206944
2017-07-19,GLD,-0.4682668972979307
2017-07-20,GDX,0.43036952481649082
2017-07-20,GLD,-0.46963047518350926
2017-07-21,GDX,0.43934383311283914
2017-07-21,GLD,-0.46065616688716093
2017-07-24,GDX,0
2017-07-24,GLD,0
2017-07-25,GDX,0
2017-07-25,GLD,0
2017-07-26,GDX,0
2017-07-26,GLD,0
2017-07-27,GDX,0
2017-07-27,GLD,0
2017-07-28,GDX,0
2017-07-28,GLD,0
2017-07-31,GDX,0
2017-07-31,GLD,0
2017-08-01,GDX,0
2017-08-01,GLD,0
2017-08-02,GDX,0
2017-08-02,GLD,0
2017-08-03,GDX,0
2017-08-03,GLD,0
2017-08-04,GDX,0
2017-08-04,GLD,0
2017-08-07,GDX,0
2017-08-07,GLD,0
2017-08-08,GDX,0
2017-08-08,GLD,0
2017-08-09,GDX,0
2017-08-09,GLD,0
2017-08-10,GDX,0
2017-08-10,GLD,0
2017-08-11,GDX,0
2017-08-11,GLD,0
2017-08-14,GDX,0
2017-08-14,GLD,0
2017-08-15,GDX,0
2017-08-15,GLD,0
2017-08-16,GDX,0
2017-08-16,GLD,0
2017-08-17,GDX,0
2017-08-17,GLD,0
2017-08-18,GDX,0
2017-08-18,GLD,0
2017-08-21,GDX,0
2017-08-21,GLD,0
2017-08-22,GDX,0
2017-08-22,GLD,0
2017-08-23,GDX,0
2017-08-23,GLD,0
2017-08-24,GDX,0
2017-08-24,GLD,0
2017-08-25,GDX,0
2017-08-25,GLD,0
2017-08-28,GDX,0
2017-08-28,GLD,0
2017-08-29,GDX,0
2017-08-29,GLD,0
2017-08-30,GDX,-0.47340371495019035
2017-08-30,GLD,0.42659628504980968
2017-08-31,GDX,-0.47738278193116024
2017-08-31,GLD,0.42261721806883978
2017-09-01,GDX,-0.4691980419164225
2017-09-01,GLD,0.43080195808357757
2017-09-04,GDX,-0.48047281256593494
2017-09-04,GLD,0.41952718743406503
2017-09-05,GDX,0
2017-09-05,GLD,0
2017-09-06,GDX,0
2017-09-06,GLD,0
2017-09-07,GDX,0
2017-09-07,GLD,0
2017-09-08,GDX,0
2017-09-08,GLD,0
2017-09-11,GDX,0
2017-09-11,GLD,0
2017-09-12,GDX,0
2017-09-12,GLD,0
2017-09-13,GDX,0
2017-09-13,GLD,0
2017-09-14,GDX,0
2017-09-14,GLD,0
2017-09-15,GDX,0
2017-09-15,GLD,0
2017-09-18,GDX,0
2017-09-18,GLD,0
2017-09-19,GDX,0
2017-09-19,GLD,0
2017-09-20,GDX,0
2017-09-20,GLD,0
2017-09-21,GDX,0
2017-09-21,GLD,0
2017-09-22,GDX,0
2017-09-22,GLD,0
2017-09-25,GDX,0
2017-09-25,GLD,0
2017-09-26,GDX,0
2017-09-26,GLD,0
2017-09-27,GDX,0
2017-09-27,GLD,0
2017-09-28,GDX,0
2017-09-28,GLD,0
2017-09-29,GDX,0
2017-09-29,GLD,0
2017-10-02,GDX,0
2017-10-02,GLD,0
2017-10-03,GDX,0
2017-10-03,GLD,0
2017-10-04,GDX,0
2017-10-04,GLD,0
2017-10-05,GDX,0
2017-10-05,GLD,0
2017-10-06,GDX,0
2017-10-06,GLD,0
2017-10-09,GDX,0
2017-10-09,GLD,0
2017-10-10,GDX,0
2017-10-10,GLD,0
2017-10-11,GDX,0
2017-10-11,GLD,0
2017-10-12,GDX,0
2017-10-12,GLD,0
2017-10-13,GDX,0
2017-10-13,GLD,0
2017-10-16,GDX,0
2017-10-16,GLD,0
2017-10-17,GDX,0
2017-10-17,GLD,0
2017-10-18,GDX,0
2017-10-18,GLD,0
2017-10-19,GDX,0
2017-10-19,GLD,0
2017-10-20,GDX,0
2017-10-20,GLD,0
2017-10-23,GDX,0.44095058810417109
2017-10-23,GLD,-0.45904941189582882
2017-10-24,GDX,0.43361858218624905
2017-10-24,GLD,-0.46638141781375098
2017-10-25,GDX,0.43305917731964727
2017-10-25,GLD,-0.46694082268035281
2017-10-26,GDX,0.43598118431132232
2017-10-26,GLD,-0.46401881568867775
2017-10-27,GDX,0.43443507126885733
2017-10-27,GLD,-0.46556492873114269
2017-10-30,GDX,0.43606472365908283
2017-10-30,GLD,-0.46393527634091719
2017-10-31,GDX,0.42786440843073981
2017-10-31,GLD,-0.47213559156926022
2017-11-01,GDX,0.42370322764225793
2017-11-01,GLD,-0.47629677235774209
2017-11-02,GDX,0.43117543451688189
2017-11-02,GLD,-0.46882456548311818
2017-11-03,GDX,0.43722163290842958
2017-11-03,GLD,-0.46277836709157039
2017-11-06,GDX,0.42926736686586126
2017-11-06,GLD,-0.47073263313413882
2017-11-07,GDX,0.42858455559706055
2017-11-07,GLD,-0.47141544440293948
2017-11-08,GDX,0.43194121262786062
2017-11-08,GLD,-0.4680587873721393
2017-11-09,GDX,0.42622372111135581
2017-11-09,GLD,-0.47377627888864421
2017-11-10,GDX,0.43120485377066159
2017-11-10,GLD,-0.46879514622933843
2017-11-13,GDX,0
2017-11-13,GLD,0
2017-11-14,GDX,0
2017-11-14,GLD,0
2017-11-15,GDX,0
2017-11-15,GLD,0
2017-11-16,GDX,0
2017-11-16,GLD,0
2017-11-17,GDX,-0.45611010081269937
2017-11-17,GLD,0.44388989918730071
2017-11-20,GDX,-0.45976165418719583
2017-11-20,GLD,0.44023834581280413
2017-11-21,GDX,-0.46445880818061958
2017-11-21,GLD,0.43554119181938045
2017-11-22,GDX,-0.45833735459843072
2017-11-22,GLD,0.44166264540156924
2017-11-23,GDX,-0.45836755243376393
2017-11-23,GLD,0.44163244756623599
2017-11-24,GDX,-0.45778447594781774
2017-11-24,GLD,0.44221552405218223
2017-11-27,GDX,-0.46960712684329486
2017-11-27,GLD,0.43039287315670516
2017-11-28,GDX,-0.46890766149766794
2017-11-28,GLD,0.43109233850233203
2017-11-29,GDX,-0.47800541020048404
2017-11-29,GLD,0.42199458979951598
2017-11-30,GDX,-0.4735831510873113
2017-11-30,GLD,0.42641684891268872
2017-12-01,GDX,-0.46918408474200196
2017-12-01,GLD,0.43081591525799806
2017-12-04,GDX,-0.46782031086037013
2017-12-04,GLD,0.43217968913962995
2017-12-05,GDX,0
2017-12-05,GLD,0
2017-12-06,GDX,0
2017-12-06,GLD,0
2017-12-07,GDX,0
2017-12-07,GLD,0
2017-12-08,GDX,0
2017-12-08,GLD,0
2017-12-11,GDX,0
2017-12-11,GLD,0
2017-12-12,GDX,0
2017-12-12,GLD,0
2017-12-13,GDX,0
2017-12-13,GLD,0
2017-12-14,GDX,0
2017-12-14,GLD,0
2017-12-15,GDX,0
2017-12-15,GLD,0
2017-12-18,GDX,0
2017-12-18,GLD,0
2017-12-19,GDX,0
2017-12-19,GLD,0
2017-12-20,GDX,0
2017-12-20,GLD,0
2017-12-21,GDX,0
2017-12-21,GLD,0
2017-12-22,GDX,0
2017-12-22,GLD,0
2017-12-25,GDX,0
2017-12-25,GLD,0
2017-12-26,GDX,0
2017-12-26,GLD,0
2017-12-27,GDX,0
2017-12-27,GLD,0
2017-12-28,GDX,0
2017-12-28,GLD,0
2017-12-29,GDX,0
2017-12-29,GLD,0
2018-01-01,GDX,-0.46073271972653373
2018-01-01,GLD,0.43926728027346634
2018-01-02,GDX,-0.4765016102713438
2018-01-02,GLD,0.42349838972865617
2018-01-03,GDX,-0.48631111639280583
2018-01-03,GLD,0.41368888360719419
2018-01-04,GDX,-0.48170199770366767
2018-01-04,GLD,0.41829800229633241
2018-01-05,GDX,-0.48030590973302911
2018-01-05,GLD,0.41969409026697096
2018-01-08,GDX,-0.47999403899352266
2018-01-08,GLD,0.42000596100647741
2018-01-09,GDX,-0.47592104662061596
2018-01-09,GLD,0.42407895337938412
2018-01-10,GDX,-0.46949624385225569
2018-01-10,GLD,0.43050375614774433
2018-01-11,GDX,-0.48442214055438187
2018-01-11,GLD,0.41557785944561815
2018-01-12,GDX,-0.48398304949875781
2018-01-12,GLD,0.41601695050124216
2018-01-15,GDX,-0.48723840297913545
2018-01-15,GLD,0.41276159702086451
2018-01-16,GDX,-0.49428791812376244
2018-01-16,GLD,0.40571208187623753
2018-01-17,GDX,-0.49599949612941269
2018-01-17,GLD,0.40400050387058739
2018-01-18,GDX,-0.49362956019273196
2018-01-18,GLD,0.40637043980726811
2018-01-19,GDX,-0.49275931059740408
2018-01-19,GLD,0.40724068940259589
2018-01-22,GDX,-0.50257341782699949
2018-01-22,GLD,0.39742658217300042
2018-01-23,GDX,-0.50215391117202446
2018-01-23,GLD,0.39784608882797567
2018-01-24,GDX,0
2018-01-24,GLD,0
2018-01-25,GDX,0
2018-01-25,GLD,0
2018-01-26,GDX,0
2018-01-26,GLD,0
2018-01-29,GDX,0
2018-01-29,GLD,0
2018-01-30,GDX,0
2018-01-30,GLD,0
2018-01-31,GDX,0
2018-01-31,GLD,0
2018-02-01,GDX,0
2018-02-01,GLD,0
2018-02-02,GDX,0
2018-02-02,GLD,0
2018-02-05,GDX,0
2018-02-05,GLD,0
2018-02-06,GDX,0
2018-02-06,GLD,0
2018-02-07,GDX,0
2018-02-07,GLD,0
2018-02-08,GDX,0
2018-02-08,GLD,0
2018-02-09,GDX,0
2018-02-09,GLD,0
2018-02-12,GDX,0
2018-02-12,GLD,0
2018-02-13,GDX,0
2018-02-13,GLD,0
2018-02-14,GDX,0.46005431793470331
2018-02-14,GLD,-0.43994568206529677
2018-02-15,GDX,0.45893525401231328
2018-02-15,GLD,-0.44106474598768675
2018-02-16,GDX,0.45177161256387566
2018-02-16,GLD,-0.44822838743612431
2018-02-19,GDX,0.46211156356404065
2018-02-19,GLD,-0.43788843643595943
2018-02-20,GDX,0
2018-02-20,GLD,0
2018-02-21,GDX,0
2018-02-21,GLD,0
2018-02-22,GDX,0
2018-02-22,GLD,0
2018-02-23,GDX,0
2018-02-23,GLD,0
2018-02-26,GDX,0
2018-02-26,GLD,0
2018-02-27,GDX,0
2018-02-27,GLD,0
2018-02-28,GDX,0
2018-02-28,GLD,0
2018-03-01,GDX,0
2018-03-01,GLD,0
2018-03-02,GDX,0
2018-03-02,GLD,0
2018-03-05,GDX,0
2018-03-05,GLD,0
2018-03-06,GDX,0
2018-03-06,GLD,0
2018-03-07,GDX,0
2018-03-07,GLD,0
2018-03-08,GDX,0
2018-03-08,GLD,0
2018-03-09,GDX,0
2018-03-09,GLD,0
2018-03-12,GDX,0.43639295882473683
2018-03-12,GLD,-0.46360704117526308
2018-03-13,GDX,0.44616035017387873
2018-03-13,GLD,-0.45383964982612135
2018-03-14,GDX,0.44593851414303476
2018-03-14,GLD,-0.45406148585696532
2018-03-15,GDX,0.44779042824476728
2018-03-15,GLD,-0.45220957175523269
2018-03-16,GDX,0.44405558226669806
2018-03-16,GLD,-0.45594441773330197
2018-03-19,GDX,0.44345666632568265
2018-03-19,GLD,-0.45654333367431732
2018-03-20,GDX,0.43921868326687824
2018-03-20,GLD,-0.46078131673312173
2018-03-21,GDX,0.44330202973545951
2018-03-21,GLD,-0.45669797026454045
2018-03-22,GDX,0.443435551655051
2018-03-22,GLD,-0.45656444834494908
2018-03-23,GDX,0
2018-03-23,GLD,0
2018-03-26,GDX,0
2018-03-26,GLD,0
2018-03-27,GDX,0
2018-03-27,GLD,0
2018-03-28,GDX,0
2018-03-28,GLD,0
2018-03-29,GDX,0
2018-03-29,GLD,0
2018-03-30,GDX,0
2018-03-30,GLD,0
2018-04-02,GDX,0
2018-04-02,GLD,0
2018-04-03,GDX,0
2018-04-03,GLD,0
2018-04-04,GDX,0
2018-04-04,GLD,0
2018-04-05,GDX,0
2018-04-05,GLD,0
2018-04-06,GDX,0
2018-04-06,GLD,0
2018-04-09,GDX,0
2018-04-09,GLD,0
2018-04-10,GDX,0
2018-04-10,GLD,0
2018-04-11,GDX,0
2018-04-11,GLD,0
2018-04-12,GDX,0
2018-04-12,GLD,0
2018-04-13,GDX,0
2018-04-13,GLD,0
2018-04-16,GDX,0
2018-04-16,GLD,0
2018-04-17,GDX,0
2018-04-17,GLD,0
2018-04-18,GDX,0
2018-04-18,GLD,0
2018-04-19,GDX,0
2018-04-19,GLD,0
2018-04-20,GDX,0
2018-04-20,GLD,0
2018-04-23,GDX,-0.47277222578842726
2018-04-23,GLD,0.42722777421157287
2018-04-24,GDX,0
2018-04-24,GLD,0
2018-04-25,GDX,0
2018-04-25,GLD,0
2018-04-26,GDX,0.43954453517730668
2018-04-26,GLD,-0.46045546482269323
2018-04-27,GDX,0.43660412170648116
2018-04-27,GLD,-0.46339587829351891
2018-04-30,GDX,0.43748006602980094
2018-04-30,GLD,-0.46251993397019908
2018-05-01,GDX,0.43507781287522967
2018-05-01,GLD,-0.46492218712477029
2018-05-02,GDX,0.43141238728707526
2018-05-02,GLD,-0.46858761271292482
2018-05-03,GDX,0.4244404599139317
2018-05-03,GLD,-0.47555954008606838
2018-05-04,GDX,0.4234677745570738
2018-05-04,GLD,-0.47653222544292628
2018-05-07,GDX,0.42466075181430857
2018-05-07,GLD,-0.47533924818569157
2018-05-08,GDX,0.42590345411825131
2018-05-08,GLD,-0.47409654588174871
2018-05-09,GDX,0.41868526042857973
2018-05-09,GLD,-0.48131473957142024
2018-05-10,GDX,0.41603170646503185
2018-05-10,GLD,-0.48396829353496817
2018-05-11,GDX,0.42519590351798819
2018-05-11,GLD,-0.47480409648201177
2018-05-14,GDX,0
2018-05-14,GLD,0
2018-05-15,GDX,0
2018-05-15,GLD,0
2018-05-16,GDX,0
2018-05-16,GLD,0
2018-05-17,GDX,0
2018-05-17,GLD,0
2018-05-18,GDX,0
2018-05-18,GLD,0
2018-05-21,GDX,0
2018-05-21,GLD,0
2018-05-22,GDX,0
2018-05-22,GLD,0
2018-05-23,GDX,0
2018-05-23,GLD,0
2018-05-24,GDX,0
2018-05-24,GLD,0
2018-05-25,GDX,0
2018-05-25,GLD,0
2018-05-28,GDX,0
2018-05-28,GLD,0
2018-05-29,GDX,0
2018-05-29,GLD,0
2018-05-30,GDX,0
2018-05-30,GLD,0
2018-05-31,GDX,0
2018-05-31,GLD,0
2018-06-01,GDX,0
2018-06-01,GLD,0
2018-06-04,GDX,0
2018-06-04,GLD,0
2018-06-05,GDX,0
2018-06-05,GLD,0
2018-06-06,GDX,0
2018-06-06,GLD,0
2018-06-07,GDX,0
2018-06-07,GLD,0
2018-06-08,GDX,0
2018-06-08,GLD,0
2018-06-11,GDX,0
2018-06-11,GLD,0
2018-06-12,GDX,0
2018-06-12,GLD,0
2018-06-13,GDX,0
2018-06-13,GLD,0
2018-06-14,GDX,0
2018-06-14,GLD,0
2018-06-15,GDX,0
2018-06-15,GLD,0
2018-06-18,GDX,0
2018-06-18,GLD,0
2018-06-19,GDX,0
2018-06-19,GLD,0
2018-06-20,GDX,0
2018-06-20,GLD,0
2018-06-21,GDX,0
2018-06-21,GLD,0
2018-06-22,GDX,0
2018-06-22,GLD,0
2018-06-25,GDX,0
2018-06-25,GLD,0
2018-06-26,GDX,0
2018-06-26,GLD,0
2018-06-27,GDX,0
2018-06-27,GLD,0
2018-06-28,GDX,0
2018-06-28,GLD,0
2018-06-29,GDX,0
2018-06-29,GLD,0
2018-07-02,GDX,0
2018-07-02,GLD,0
2018-07-03,GDX,0
2018-07-03,GLD,0
2018-07-04,GDX,0
2018-07-04,GLD,0
2018-07-05,GDX,0
2018-07-05,GLD,0
2018-07-06,GDX,0
2018-07-06,GLD,0
2018-07-09,GDX,0
2018-07-09,GLD,0
2018-07-10,GDX,0
2018-07-10,GLD,0
2018-07-11,GDX,0
2018-07-11,GLD,0
2018-07-12,GDX,0
2018-07-12,GLD,0
2018-07-13,GDX,0
2018-07-13,GLD,0
2018-07-16,GDX,0
2018-07-16,GLD,0
2018-07-17,GDX,0
2018-07-17,GLD,0
2018-07-18,GDX,0
2018-07-18,GLD,0
2018-07-19,GDX,0
2018-07-19,GLD,0
2018-07-20,GDX,-0.45686908612946936
2018-07-20,GLD,0.44313091387053066
2018-07-23,GDX,-0.45162905334298764
2018-07-23,GLD,0.44837094665701238
2018-07-24,GDX,-0.44661307613330242
2018-07-24,GLD,0.4533869238666976
2018-07-25,GDX,-0.44858336719526115
2018-07-25,GLD,0.45141663280473887
2018-07-26,GDX,-0.44848496102159224
2018-07-26,GLD,0.45151503897840772
2018-07-27,GDX,-0.45087520647238594
2018-07-27,GLD,0.44912479352761409
2018-07-30,GDX,-0.45855756527403624
2018-07-30,GLD,0.44144243472596384
2018-07-31,GDX,0
2018-07-31,GLD,0
2018-08-01,GDX,0
2018-08-01,GLD,0
2018-08-02,GDX,0.43165732850364552
2018-08-02,GLD,-0.46834267149635456
2018-08-03,GDX,0.43776595852042249
2018-08-03,GLD,-0.46223404147957753
2018-08-06,GDX,0.43974376436992429
2018-08-06,GLD,-0.46025623563007573
2018-08-07,GDX,0.43522774382225393
2018-08-07,GLD,-0.46477225617774615
2018-08-08,GDX,0.43831550508943734
2018-08-08,GLD,-0.46168449491056263
2018-08-09,GDX,0
2018-08-09,GLD,0
2018-08-10,GDX,0
2018-08-10,GLD,0
2018-08-13,GDX,0
2018-08-13,GLD,0
2018-08-14,GDX,0
2018-08-14,GLD,0
2018-08-15,GDX,0
2018-08-15,GLD,0
2018-08-16,GDX,0
2018-08-16,GLD,0
2018-08-17,GDX,0
2018-08-17,GLD,0
2018-08-20,GDX,0
2018-08-20,GLD,0
2018-08-21,GDX,0
2018-08-21,GLD,0
2018-08-22,GDX,0
2018-08-22,GLD,0
2018-08-23,GDX,0
2018-08-23,GLD,0
2018-08-24,GDX,0
2018-08-24,GLD,0
2018-08-27,GDX,0
2018-08-27,GLD,0
2018-08-28,GDX,0
2018-08-28,GLD,0
2018-08-29,GDX,0
2018-08-29,GLD,0
2018-08-30,GDX,0
2018-08-30,GLD,0
2018-08-31,GDX,0
2018-08-31,GLD,0
2018-09-03,GDX,0
2018-09-03,GLD,0
2018-09-04,GDX,0
2018-09-04,GLD,0
2018-09-05,GDX,0
2018-09-05,GLD,0
2018-09-06,GDX,0
2018-09-06,GLD,0
2018-09-07,GDX,0
2018-09-07,GLD,0
2018-09-10,GDX,0
2018-09-10,GLD,0
2018-09-11,GDX,0.4251515305158477
2018-09-11,GLD,-0.47484846948415227
2018-09-12,GDX,0.43037322224384189
2018-09-12,GLD,-0.46962677775615813
2018-09-13,GDX,0.43327045276362525
2018-09-13,GLD,-0.46672954723637483
2018-09-14,GDX,0.43416889953568033
2018-09-14,GLD,-0.46583110046431969
2018-09-17,GDX,0
2018-09-17,GLD,0
2018-09-18,GDX,0
2018-09-18,GLD,0
2018-09-19,GDX,0
2018-09-19,GLD,0
2018-09-20,GDX,0
2018-09-20,GLD,0
2018-09-21,GDX,0
2018-09-21,GLD,0
2018-09-24,GDX,0
2018-09-24,GLD,0
2018-09-25,GDX,0
2018-09-25,GLD,0
2018-09-26,GDX,0
2018-09-26,GLD,0
2018-09-27,GDX,0
2018-09-27,GLD,0
2018-09-28,GDX,0
2018-09-28,GLD,0
2018-10-01,GDX,0
2018-10-01,GLD,0
2018-10-02,GDX,0
2018-10-02,GLD,0
2018-10-03,GDX,0
2018-10-03,GLD,0
2018-10-04,GDX,0
2018-10-04,GLD,0
2018-10-05,GDX,0
2018-10-05,GLD,0
2018-10-08,GDX,0
2018-10-08,GLD,0
2018-10-09,GDX,0
2018-10-09,GLD,0
2018-10-10,GDX,-0.44944782035143588
2018-10-10,GLD,0.45055217964856409
2018-10-11,GDX,-0.44389764769524709
2018-10-11,GLD,0.45610235230475288
2018-10-12,GDX,-0.44474242726401475
2018-10-12,GLD,0.45525757273598522
2018-10-15,GDX,0
2018-10-15,GLD,0
2018-10-16,GDX,0
2018-10-16,GLD,0
2018-10-17,GDX,0
2018-10-17,GLD,0
2018-10-18,GDX,0
2018-10-18,GLD,0
2018-10-19,GDX,0
2018-10-19,GLD,0
2018-10-22,GDX,0
2018-10-22,GLD,0
2018-10-23,GDX,0
2018-10-23,GLD,0
2018-10-24,GDX,0
2018-10-24,GLD,0
2018-10-25,GDX,0
2018-10-25,GLD,0
2018-10-26,GDX,0.41754222007478969
2018-10-26,GLD,-0.48245777992521027
2018-10-29,GDX,0.42098319097589659
2018-10-29,GLD,-0.47901680902410348
2018-10-30,GDX,0.4245902591463408
2018-10-30,GLD,-0.47540974085365922
2018-10-31,GDX,0
2018-10-31,GLD,0
2018-11-01,GDX,0
2018-11-01,GLD,0
2018-11-02,GDX,0
2018-11-02,GLD,0
2018-11-05,GDX,0
2018-11-05,GLD,0
2018-11-06,GDX,0
2018-11-06,GLD,0
2018-11-07,GDX,0
2018-11-07,GLD,0
2018-11-08,GDX,0.41583431845347557
2018-11-08,GLD,-0.48416568154652445
2018-11-09,GDX,0.42371173020393327
2018-11-09,GLD,-0.4762882697960667
2018-11-12,GDX,0.42083752550822873
2018-11-12,GLD,-0.47916247449177124
2018-11-13,GDX,0.4198440323809276
2018-11-13,GLD,-0.48015596761907253
2018-11-14,GDX,0.42013303494775811
2018-11-14,GLD,-0.47986696505224191
2018-11-15,GDX,0.42027963330995299
2018-11-15,GLD,-0.47972036669004686
2018-11-16,GDX,0.42281847315505916
2018-11-16,GLD,-0.47718152684494092
2018-11-19,GDX,0.41707686741082151
2018-11-19,GLD,-0.48292313258917841
2018-11-20,GDX,0.41654117531741219
2018-11-20,GLD,-0.48345882468258777
2018-11-21,GDX,0.41677689799250062
2018-11-21,GLD,-0.48322310200749935
2018-11-22,GDX,0.41304782949194829
2018-11-22,GLD,-0.48695217050805184
2018-11-23,GDX,0.41047247203222192
2018-11-23,GLD,-0.48952752796777821
2018-11-26,GDX,0.41136460323652091
2018-11-26,GLD,-0.488635396763479
2018-11-27,GDX,0.41238863581757129
2018-11-27,GLD,-0.48761136418242884
2018-11-28,GDX,0.40607956463321104
2018-11-28,GLD,-0.49392043536678909
2018-11-29,GDX,0.40675511681569959
2018-11-29,GLD,-0.49324488318430054
2018-11-30,GDX,0.4106438509811105
2018-11-30,GLD,-0.48935614901888946
2018-12-03,GDX,0
2018-12-03,GLD,0
2018-12-04,GDX,0
2018-12-04,GLD,0
2018-12-05,GDX,-0.42950843910587944
2018-12-05,GLD,0.47049156089412053
2018-12-06,GDX,-0.4300948655424689
2018-12-06,GLD,0.46990513445753118
2018-12-07,GDX,-0.42998751800434981
2018-12-07,GLD,0.4700124819956501
2018-12-10,GDX,-0.44479279615639367
2018-12-10,GLD,0.45520720384360636
2018-12-11,GDX,-0.44517123372517048
2018-12-11,GLD,0.4548287662748296
2018-12-12,GDX,-0.44163282859635128
2018-12-12,GLD,0.45836717140364874
2018-12-13,GDX,-0.44122936716864308
2018-12-13,GLD,0.45877063283135694
2018-12-14,GDX,-0.44834351798063371
2018-12-14,GLD,0.45165648201936626
2018-12-17,GDX,-0.44037251978370706
2018-12-17,GLD,0.45962748021629302
2018-12-18,GDX,-0.44581125106963154
2018-12-18,GLD,0.45418874893036848
2018-12-19,GDX,-0.45452331721152961
2018-12-19,GLD,0.44547668278847041
2018-12-20,GDX,-0.46156597967103363
2018-12-20,GLD,0.4384340203289665
2018-12-21,GDX,-0.46088240449069195
2018-12-21,GLD,0.43911759550930807
2018-12-24,GDX,-0.45361390021078918
2018-12-24,GLD,0.44638609978921079
2018-12-25,GDX,-0.44590274639759991
2018-12-25,GLD,0.45409725360240022
2018-12-26,GDX,0
2018-12-26,GLD,0
2018-12-27,GDX,0
2018-12-27,GLD,0
2018-12-28,GDX,0
2018-12-28,GLD,0
2018-12-31,GDX,0
2018-12-31,GLD,0
2019-01-01,GDX,0
2019-01-01,GLD,0
2019-01-02,GDX,-0.47514390807007084
2019-01-02,GLD,0.42485609192992924
2019-01-03,GDX,-0.47250984575325944
2019-01-03,GLD,0.42749015424674053
2019-01-04,GDX,-0.46613961783753693
2019-01-04,GLD,0.43386038216246309
2019-01-07,GDX,-0.46608360654459163
2019-01-07,GLD,0.43391639345540833
2019-01-08,GDX,-0.46189966117630799
2019-01-08,GLD,0.43810033882369204
2019-01-09,GDX,-0.46766668347036133
2019-01-09,GLD,0.43233331652963863
2019-01-10,GDX,-0.47724763029304812
2019-01-10,GLD,0.42275236970695196
2019-01-11,GDX,-0.47986445855812565
2019-01-11,GLD,0.42013554144187432
2019-01-14,GDX,-0.46856969329070974
2019-01-14,GLD,0.43143030670929039
2019-01-15,GDX,0
2019-01-15,GLD,0
2019-01-16,GDX,0
2019-01-16,GLD,0
2019-01-17,GDX,0
2019-01-17,GLD,0
2019-01-18,GDX,0
2019-01-18,GLD,0
2019-01-21,GDX,0
2019-01-21,GLD,0
2019-01-22,GDX,0
2019-01-22,GLD,0
2019-01-23,GDX,0
2019-01-23,GLD,0
2019-01-24,GDX,0
2019-01-24,GLD,0
2019-01-25,GDX,0
2019-01-25,GLD,0
2019-01-28,GDX,0
2019-01-28,GLD,0
2019-01-29,GDX,0
2019-01-29,GLD,0
2019-01-30,GDX,0
2019-01-30,GLD,0
2019-01-31,GDX,0
2019-01-31,GLD,0
2019-02-01,GDX,0
2019-02-01,GLD,0
2019-02-04,GDX,0
2019-02-04,GLD,0
2019-02-05,GDX,0
2019-02-05,GLD,0
2019-02-06,GDX,0
2019-02-06,GLD,0
2019-02-07,GDX,0
2019-02-07,GLD,0
2019-02-08,GDX,0
2019-02-08,GLD,0
2019-02-11,GDX,0
2019-02-11,GLD,0
2019-02-12,GDX,0
2019-02-12,GLD,0
2019-02-13,GDX,0
2019-02-13,GLD,0
2019-02-14,GDX,0
2019-02-14,GLD,0
2019-02-15,GDX,0
2019-02-15,GLD,0
2019-02-18,GDX,0
2019-02-18,GLD,0
2019-02-19,GDX,0
2019-02-19,GLD,0
2019-02-20,GDX,0
2019-02-20,GLD,0
2019-02-21,GDX,0
2019-02-21,GLD,0
2019-02-22,GDX,0
2019-02-22,GLD,0
2019-02-25,GDX,0
2019-02-25,GLD,0
2019-02-26,GDX,0
2019-02-26,GLD,0
2019-02-27,GDX,0
2019-02-27,GLD,0
2019-02-28,GDX,0
2019-02-28,GLD,0
2019-03-01,GDX,0
2019-03-01,GLD,0
2019-03-04,GDX,0
2019-03-04,GLD,0
2019-03-05,GDX,0
2019-03-05,GLD,0
2019-03-06,GDX,-0.47229674481785661
2019-03-06,GLD,0.42770325518214342
2019-03-07,GDX,-0.46166026163581092
2019-03-07,GLD,0.43833973836418921
2019-03-08,GDX,0
2019-03-08,GLD,0
2019-03-11,GDX,0
2019-03-11,GLD,0
2019-03-12,GDX,0
2019-03-12,GLD,0
2019-03-13,GDX,0
2019-03-13,GLD,0
2019-03-14,GDX,0
2019-03-14,GLD,0
2019-03-15,GDX,0
2019-03-15,GLD,0
2019-03-18,GDX,0
2019-03-18,GLD,0
2019-03-19,GDX,0
2019-03-19,GLD,0
2019-03-20,GDX,0
2019-03-20,GLD,0
2019-03-21,GDX,0
2019-03-21,GLD,0
2019-03-22,GDX,0
2019-03-22,GLD,0
2019-03-25,GDX,0
2019-03-25,GLD,0
2019-03-26,GDX,0
2019-03-26,GLD,0
2019-03-27,GDX,0
2019-03-27,GLD,0
2019-03-28,GDX,0
2019-03-28,GLD,0
2019-03-29,GDX,0
2019-03-29,GLD,0
2019-04-01,GDX,0
2019-04-01,GLD,0
2019-04-02,GDX,0
2019-04-02,GLD,0
2019-04-03,GDX,0
2019-04-03,GLD,0
2019-04-04,GDX,0
2019-04-04,GLD,0
2019-04-05,GDX,0
2019-04-05,GLD,0
2019-04-08,GDX,0
2019-04-08,GLD,0
2019-04-09,GDX,0
2019-04-09,GLD,0
2019-04-10,GDX,0
2019-04-10,GLD,0
2019-04-11,GDX,0
2019-04-11,GLD,0
2019-04-12,GDX,0
2019-04-12,GLD,0
2019-04-15,GDX,0
2019-04-15,GLD,0
2019-04-16,GDX,0
2019-04-16,GLD,0
2019-04-17,GDX,0
2019-04-17,GLD,0
2019-04-18,GDX,0
2019-04-18,GLD,0
2019-04-19,GDX,0
2019-04-19,GLD,0
2019-04-22,GDX,0
2019-04-22,GLD,0
2019-04-23,GDX,0
2019-04-23,GLD,0
2019-04-24,GDX,0
2019-04-24,GLD,0
2019-04-25,GDX,0
2019-04-25,GLD,0
2019-04-26,GDX,0
2019-04-26,GLD,0
2019-04-29,GDX,0.45287296346582462
2019-04-29,GLD,-0.4471270365341754
2019-04-30,GDX,0.45289994069086459
2019-04-30,GLD,-0.44710005930913549
2019-05-01,GDX,0.45167329545871138
2019-05-01,GLD,-0.44832670454128859
2019-05-02,GDX,0.45208769571167801
2019-05-02,GLD,-0.44791230428832196
2019-05-03,GDX,0
2019-05-03,GLD,0
2019-05-06,GDX,0
2019-05-06,GLD,0
2019-05-07,GDX,0
2019-05-07,GLD,0
2019-05-08,GDX,0
2019-05-08,GLD,0
2019-05-09,GDX,0
2019-05-09,GLD,0
2019-05-10,GDX,-0.4802892681303757
2019-05-10,GLD,0.41971073186962427
2019-05-13,GDX,-0.47601284751301565
2019-05-13,GLD,0.42398715248698432
2019-05-14,GDX,-0.46963732228277089
2019-05-14,GLD,0.43036267771722914
2019-05-15,GDX,-0.48194880252156957
2019-05-15,GLD,0.41805119747843045
2019-05-16,GDX,0
2019-05-16,GLD,0
2019-05-17,GDX,0
2019-05-17,GLD,0
2019-05-20,GDX,0
2019-05-20,GLD,0
2019-05-21,GDX,0
2019-05-21,GLD,0
2019-05-22,GDX,0
2019-05-22,GLD,0
2019-05-23,GDX,0
2019-05-23,GLD,0
2019-05-24,GDX,0
2019-05-24,GLD,0
2019-05-27,GDX,0
2019-05-27,GLD,0
2019-05-28,GDX,0
2019-05-28,GLD,0
2019-05-29,GDX,0
2019-05-29,GLD,0
2019-05-30,GDX,0
2019-05-30,GLD,0
2019-05-31,GDX,0
2019-05-31,GLD,0
2019-06-03,GDX,0
2019-06-03,GLD,0
2019-06-04,GDX,0.43629441964876942
2019-06-04,GLD,-0.46370558035123055
2019-06-05,GDX,0.44316668209798404
2019-06-05,GLD,-0.45683331790201592
2019-06-06,GDX,0.44420453149423678
2019-06-06,GLD,-0.45579546850576325
2019-06-07,GDX,0.44055080588028905
2019-06-07,GLD,-0.45944919411971091
2019-06-10,GDX,0.4412647508789852
2019-06-10,GLD,-0.45873524912101488
2019-06-11,GDX,0
2019-06-11,GLD,0
2019-06-12,GDX,0
2019-06-12,GLD,0
2019-06-13,GDX,0
2019-06-13,GLD,0
2019-06-14,GDX,0
2019-06-14,GLD,0
2019-06-17,GDX,0
2019-06-17,GLD,0
2019-06-18,GDX,0.43296812027294118
2019-06-18,GLD,-0.46703187972705873
2019-06-19,GDX,0.43178862765973491
2019-06-19,GLD,-0.46821137234026511
2019-06-20,GDX,0.43107310634100876
2019-06-20,GLD,-0.46892689365899115
2019-06-21,GDX,0.43956226775235091
2019-06-21,GLD,-0.46043773224764911
2019-06-24,GDX,0
2019-06-24,GLD,0
2019-06-25,GDX,0
2019-06-25,GLD,0
2019-06-26,GDX,0
2019-06-26,GLD,0
2019-06-27,GDX,0
2019-06-27,GLD,0
2019-06-28,GDX,0
2019-06-28,GLD,0
2019-07-01,GDX,0
2019-07-01,GLD,0
2019-07-02,GDX,0.42746038864183972
2019-07-02,GLD,-0.47253961135816036
2019-07-03,GDX,0.43176581003335612
2019-07-03,GLD,-0.46823418996664379
2019-07-04,GDX,0.43034293703646381
2019-07-04,GLD,-0.46965706296353615
2019-07-05,GDX,0.43331671400622301
2019-07-05,GLD,-0.46668328599377695
2019-07-08,GDX,0.42696350412859674
2019-07-08,GLD,-0.47303649587140328
2019-07-09,GDX,0.42547965255711884
2019-07-09,GLD,-0.47452034744288119
2019-07-10,GDX,0.4269216361160531
2019-07-10,GLD,-0.47307836388394692
2019-07-11,GDX,0.43039435530689463
2019-07-11,GLD,-0.46960564469310545
2019-07-12,GDX,0
2019-07-12,GLD,0
2019-07-15,GDX,0
2019-07-15,GLD,0
2019-07-16,GDX,0
2019-07-16,GLD,0
2019-07-17,GDX,0
2019-07-17,GLD,0
2019-07-18,GDX,0
2019-07-18,GLD,0
2019-07-19,GDX,0
2019-07-19,GLD,0
2019-07-22,GDX,0
2019-07-22,GLD,0
2019-07-23,GDX,0
2019-07-23,GLD,0
2019-07-24,GDX,0
2019-07-24,GLD,0
2019-07-25,GDX,0
2019-07-25,GLD,0
2019-07-26,GDX,0
2019-07-26,GLD,0
2019-07-29,GDX,0
2019-07-29,GLD,0
2019-07-30,GDX,0
2019-07-30,GLD,0
2019-07-31,GDX,0
2019-07-31,GLD,0
2019-08-01,GDX,0
2019-08-01,GLD,0
2019-08-02,GDX,-0.44802314565689744
2019-08-02,GLD,0.45197685434310259
2019-08-05,GDX,-0.44617177510596401
2019-08-05,GLD,0.45382822489403596
2019-08-06,GDX,-0.45739295957904019
2019-08-06,GLD,0.44260704042095989
2019-08-07,GDX,-0.44829253205846664
2019-08-07,GLD,0.45170746794153338
2019-08-08,GDX,-0.4629482947327429
2019-08-08,GLD,0.43705170526725712
2019-08-09,GDX,-0.46997939968866437
2019-08-09,GLD,0.4300206003113356
2019-08-12,GDX,-0.4818362905781306
2019-08-12,GLD,0.41816370942186942
2019-08-13,GDX,-0.46648113595354712
2019-08-13,GLD,0.43351886404645296
2019-08-14,GDX,-0.47557075045608527
2019-08-14,GLD,0.4244292495439147
2019-08-15,GDX,-0.47316651341241078
2019-08-15,GLD,0.42683348658758935
2019-08-16,GDX,-0.47608049884142295
2019-08-16,GLD,0.42391950115857707
2019-08-19,GDX,-0.48948960403684244
2019-08-19,GLD,0.41051039596315764
2019-08-20,GDX,-0.4888312787238242
2019-08-20,GLD,0.41116872127617582
2019-08-21,GDX,-0.47972183238291888
2019-08-21,GLD,0.42027816761708114
2019-08-22,GDX,-0.47895772064200626
2019-08-22,GLD,0.42104227935799382
2019-08-23,GDX,0
2019-08-23,GLD,0
2019-08-26,GDX,0
2019-08-26,GLD,0
2019-08-27,GDX,0
2019-08-27,GLD,0
2019-08-28,GDX,0
2019-08-28,GLD,0
2019-08-29,GDX,0
2019-08-29,GLD,0
2019-08-30,GDX,0
2019-08-30,GLD,0
2019-09-02,GDX,0
2019-09-02,GLD,0
2019-09-03,GDX,0
2019-09-03,GLD,0
2019-09-04,GDX,0
2019-09-04,GLD,0
2019-09-05,GDX,0
2019-09-05,GLD,0
2019-09-06,GDX,0
2019-09-06,GLD,0
2019-09-09,GDX,0
2019-09-09,GLD,0
2019-09-10,GDX,0
2019-09-10,GLD,0
2019-09-11,GDX,0
2019-09-11,GLD,0
2019-09-12,GDX,0
2019-09-12,GLD,0
2019-09-13,GDX,0
2019-09-13,GLD,0
2019-09-16,GDX,0
2019-09-16,GLD,0
2019-09-17,GDX,0
2019-09-17,GLD,0
2019-09-18,GDX,0
2019-09-18,GLD,0
2019-09-19,GDX,0
2019-09-19,GLD,0
2019-09-20,GDX,0
2019-09-20,GLD,0
2019-09-23,GDX,0
2019-09-23,GLD,0
2019-09-24,GDX,0
2019-09-24,GLD,0
2019-09-25,GDX,0
2019-09-25,GLD,0
2019-09-26,GDX,0
2019-09-26,GLD,0
2019-09-27,GDX,0
2019-09-27,GLD,0
2019-09-30,GDX,0
2019-09-30,GLD,0
2019-10-01,GDX,0
2019-10-01,GLD,0
2019-10-02,GDX,0
2019-10-02,GLD,0
2019-10-03,GDX,0
2019-10-03,GLD,0
2019-10-04,GDX,0
2019-10-04,GLD,0
2019-10-07,GDX,0
2019-10-07,GLD,0
2019-10-08,GDX,0
2019-10-08,GLD,0
2019-10-09,GDX,0
2019-10-09,GLD,0
2019-10-10,GDX,0
2019-10-10,GLD,0
2019-10-11,GDX,0
2019-10-11,GLD,0
2019-10-14,GDX,0.43615879960814435
2019-10-14,GLD,-0.46384120039185567
2019-10-15,GDX,0
2019-10-15,GLD,0
2019-10-16,GDX,0
2019-10-16,GLD,0
2019-10-17,GDX,0
2019-10-17,GLD,0
2019-10-18,GDX,0
2019-10-18,GLD,0
2019-10-21,GDX,0
2019-10-21,GLD,0
2019-10-22,GDX,0
2019-10-22,GLD,0
2019-10-23,GDX,0
2019-10-23,GLD,0
2019-10-24,GDX,0
2019-10-24,GLD,0
2019-10-25,GDX,0
2019-10-25,GLD,0
2019-10-28,GDX,0
2019-10-28,GLD,0
2019-10-29,GDX,0
2019-10-29,GLD,0
2019-10-30,GDX,0
2019-10-30,GLD,0
2019-10-31,GDX,0
2019-10-31,GLD,0
2019-11-01,GDX,0
2019-11-01,GLD,0
2019-11-04,GDX,0
2019-11-04,GLD,0
2019-11-05,GDX,0
2019-11-05,GLD,0
2019-11-06,GDX,0
2019-11-06,GLD,0
2019-11-07,GDX,0
2019-11-07,GLD,0
2019-11-08,GDX,0
2019-11-08,GLD,0
2019-11-11,GDX,0
2019-11-11,GLD,0
2019-11-12,GDX,0.44089367341369867
2019-11-12,GLD,-0.45910632658630135
2019-11-13,GDX,0.43827918527783788
2019-11-13,GLD,-0.46172081472216214
2019-11-14,GDX,0.42765699829512899
2019-11-14,GLD,-0.47234300170487103
2019-11-15,GDX,0.4210184778631843
2019-11-15,GLD,-0.47898152213681572
2019-11-18,GDX,0.42453420874513059
2019-11-18,GLD,-0.47546579125486949
2019-11-19,GDX,0.42902053442344162
2019-11-19,GLD,-0.4709794655765584
2019-11-20,GDX,0.42572118247573981
2019-11-20,GLD,-0.47427881752426021
2019-11-21,GDX,0.42458743013438921
2019-11-21,GLD,-0.47541256986561081
2019-11-22,GDX,0.42723543287266125
2019-11-22,GLD,-0.47276456712733878
2019-11-25,GDX,0
2019-11-25,GLD,0
2019-11-26,GDX,0
2019-11-26,GLD,0
2019-11-27,GDX,0
2019-11-27,GLD,0
2019-11-28,GDX,0
2019-11-28,GLD,0
2019-11-29,GDX,0
2019-11-29,GLD,0
2019-12-02,GDX,0
2019-12-02,GLD,0
2019-12-03,GDX,0
2019-12-03,GLD,0
2019-12-04,GDX,0
2019-12-04,GLD,0
2019-12-05,GDX,0
2019-12-05,GLD,0
2019-12-06,GDX,0
2019-12-06,GLD,0
2019-12-09,GDX,0
2019-12-09,GLD,0
2019-12-10,GDX,0
2019-12-10,GLD,0
2019-12-11,GDX,-0.46640212911302714
2019-12-11,GLD,0.43359787088697294
2019-12-12,GDX,-0.47173960096492534
2019-12-12,GLD,0.42826039903507462
2019-12-13,GDX,-0.48329855483571926
2019-12-13,GLD,0.41670144516428081
2019-12-16,GDX,-0.47797034985363862
2019-12-16,GLD,0.4220296501463614
2019-12-17,GDX,-0.47491743030546302
2019-12-17,GLD,0.425082569694537
2019-12-18,GDX,-0.46684464294653999
2019-12-18,GLD,0.43315535705346003
2019-12-19,GDX,-0.46305418649596558
2019-12-19,GLD,0.43694581350403444
2019-12-20,GDX,-0.46636121229230804
2019-12-20,GLD,0.43363878770769193
2019-12-23,GDX,0
2019-12-23,GLD,0
2019-12-24,GDX,0
2019-12-24,GLD,0
2019-12-25,GDX,0
2019-12-25,GLD,0
2019-12-26,GDX,0
2019-12-26,GLD,0
2019-12-27,GDX,0
2019-12-27,GLD,0
2019-12-30,GDX,0
2019-12-30,GLD,0
2019-12-31,GDX,0
2019-12-31,GLD,0
2020-01-01,GDX,0
2020-01-01,GLD,0
2020-01-02,GDX,0
2020-01-02,GLD,0
2020-01-03,GDX,0.44489670225537015
2020-01-03,GLD,-0.45510329774462976
2020-01-06,GDX,0.4477240320821711
2020-01-06,GLD,-0.45227596791782887
2020-01-07,GDX,0.45020631367397096
2020-01-07,GLD,-0.44979368632602901
2020-01-08,GDX,0
2020-01-08,GLD,0
2020-01-09,GDX,0
2020-01-09,GLD,0
2020-01-10,GDX,0
2020-01-10,GLD,0
2020-01-13,GDX,-0.47935772308766333
2020-01-13,GLD,0.42064227691233663
2020-01-14,GDX,-0.47559280001915422
2020-01-14,GLD,0.42440719998084581
2020-01-15,GDX,-0.46942154224588245
2020-01-15,GLD,0.43057845775411752
2020-01-16,GDX,-0.47303587295699129
2020-01-16,GLD,0.42696412704300873
2020-01-17,GDX,-0.47365973531043065
2020-01-17,GLD,0.42634026468956931
2020-01-20,GDX,-0.47835800071406021
2020-01-20,GLD,0.42164199928593976
2020-01-21,GDX,-0.47167387290606277
2020-01-21,GLD,0.42832612709393725
2020-01-22,GDX,-0.48090559432099311
2020-01-22,GLD,0.41909440567900691
2020-01-23,GDX,-0.4806519483318214
2020-01-23,GLD,0.41934805166817862
2020-01-24,GDX,0
2020-01-24,GLD,0
2020-01-27,GDX,0
2020-01-27,GLD,0
2020-01-28,GDX,0
2020-01-28,GLD,0
2020-01-29,GDX,0
2020-01-29,GLD,0
2020-01-30,GDX,0
2020-01-30,GLD,0
2020-01-31,GDX,0
2020-01-31,GLD,0
2020-02-03,GDX,0
2020-02-03,GLD,0
2020-02-04,GDX,0
2020-02-04,GLD,0
2020-02-05,GDX,0
2020-02-05,GLD,0
2020-02-06,GDX,0
2020-02-06,GLD,0
2020-02-07,GDX,0.44878797349033756
2020-02-07,GLD,-0.45121202650966241
2020-02-10,GDX,0.45843710724983805
2020-02-10,GLD,-0.44156289275016203
2020-02-11,GDX,0
2020-02-11,GLD,0
2020-02-12,GDX,0
2020-02-12,GLD,0
2020-02-13,GDX,0
2020-02-13,GLD,0
2020-02-14,GDX,0
2020-02-14,GLD,0
2020-02-17,GDX,0
2020-02-17,GLD,0
2020-02-18,GDX,0
2020-02-18,GLD,0
2020-02-19,GDX,0
2020-02-19,GLD,0
2020-02-20,GDX,0
2020-02-20,GLD,0
2020-02-21,GDX,0
2020-02-21,GLD,0
2020-02-24,GDX,0
2020-02-24,GLD,0
2020-02-25,GDX,0
2020-02-25,GLD,0
2020-02-26,GDX,0
2020-02-26,GLD,0
2020-02-27,GDX,0
2020-02-27,GLD,0
2020-02-28,GDX,0
2020-02-28,GLD,0
2020-03-02,GDX,-0.47710833680726816
2020-03-02,GLD,0.42289166319273175
2020-03-03,GDX,-0.47712393682435783
2020-03-03,GLD,0.42287606317564225
2020-03-04,GDX,-0.47408971819578238
2020-03-04,GLD,0.42591028180421775
2020-03-05,GDX,-0.47450975117510319
2020-03-05,GLD,0.42549024882489689
2020-03-06,GDX,-0.47597189945534241
2020-03-06,GLD,0.42402810054465756
2020-03-09,GDX,-0.47937481509697849
2020-03-09,GLD,0.42062518490302159
2020-03-10,GDX,0
2020-03-10,GLD,0
2020-03-11,GDX,0
2020-03-11,GLD,0
2020-03-12,GDX,0
2020-03-12,GLD,0
2020-03-13,GDX,0
2020-03-13,GLD,0
2020-03-16,GDX,0
2020-03-16,GLD,0
2020-03-17,GDX,0
2020-03-17,GLD,0
2020-03-18,GDX,0
2020-03-18,GLD,0
2020-03-19,GDX,0
2020-03-19,GLD,0
2020-03-20,GDX,0
2020-03-20,GLD,0
2020-03-23,GDX,0
2020-03-23,GLD,0
2020-03-24,GDX,0
2020-03-24,GLD,0
2020-03-25,GDX,0.45928866981814187
2020-03-25,GLD,-0.4407113301818581
2020-03-26,GDX,0.45957344752484802
2020-03-26,GLD,-0.44042655247515194
2020-03-27,GDX,0.46101269909132458
2020-03-27,GLD,-0.43898730090867538
2020-03-30,GDX,0
2020-03-30,GLD,0
2020-03-31,GDX,0
2020-03-31,GLD,0
2020-04-01,GDX,0
2020-04-01,GLD,0
2020-04-02,GDX,0
2020-04-02,GLD,0
2020-04-03,GDX,0
2020-04-03,GLD,0
2020-04-06,GDX,0.44831528167981505
2020-04-06,GLD,-0.45168471832018497
2020-04-07,GDX,0.44872948449333977
2020-04-07,GLD,-0.45127051550666025
2020-04-08,GDX,0.45027805984775382
2020-04-08,GLD,-0.44972194015224626
2020-04-09,GDX,0.44966724931977442
2020-04-09,GLD,-0.45033275068022555
2020-04-10,GDX,0.44559656094360195
2020-04-10,GLD,-0.45440343905639796
2020-04-13,GDX,0.44318020900552457
2020-04-13,GLD,-0.45681979099447539
2020-04-14,GDX,0.44051519358578289
2020-04-14,GLD,-0.45948480641421713
2020-04-15,GDX,0.44041886709131078
2020-04-15,GLD,-0.45958113290868924
2020-04-16,GDX,0.44643845827220691
2020-04-16,GLD,-0.45356154172779312
2020-04-17,GDX,0.44870662815801882
2020-04-17,GLD,-0.45129337184198121
2020-04-20,GDX,0
2020-04-20,GLD,0
2020-04-21,GDX,0
2020-04-21,GLD,0
2020-04-22,GDX,0
2020-04-22,GLD,0
2020-04-23,GDX,0
2020-04-23,GLD,0
2020-04-24,GDX,0
2020-04-24,GLD,0
2020-04-27,GDX,0
2020-04-27,GLD,0
2020-04-28,GDX,0
2020-04-28,GLD,0
2020-04-29,GDX,0
2020-04-29,GLD,0
2020-04-30,GDX,0
2020-04-30,GLD,0
2020-05-01,GDX,0
2020-05-01,GLD,0
2020-05-04,GDX,0
2020-05-04,GLD,0
2020-05-05,GDX,0
2020-05-05,GLD,0
2020-05-06,GDX,0
2020-05-06,GLD,0
2020-05-07,GDX,0.43040124532705026
2020-05-07,GLD,-0.4695987546729497
2020-05-08,GDX,0.43146612697852654
2020-05-08,GLD,-0.46853387302147348
2020-05-11,GDX,0.43648131785443828
2020-05-11,GLD,-0.46351868214556174
2020-05-12,GDX,0.44080272640892459
2020-05-12,GLD,-0.45919727359107548
2020-05-13,GDX,0.43974882393419124
2020-05-13,GLD,-0.46025117606580873
2020-05-14,GDX,0.43842916164699125
2020-05-14,GLD,-0.46157083835300866
2020-05-15,GDX,0.4349700278934035
2020-05-15,GLD,-0.46502997210659663
2020-05-18,GDX,0.43549242442165065
2020-05-18,GLD,-0.46450757557834937
2020-05-19,GDX,0
2020-05-19,GLD,0
2020-05-20,GDX,0
2020-05-20,GLD,0
2020-05-21,GDX,0
2020-05-21,GLD,0
2020-05-22,GDX,0
2020-05-22,GLD,0
2020-05-25,GDX,0
2020-05-25,GLD,0
2020-05-26,GDX,0
2020-05-26,GLD,0
2020-05-27,GDX,-0.46442541437716278
2020-05-27,GLD,0.43557458562283724
2020-05-28,GDX,-0.46350433046733996
2020-05-28,GLD,0.43649566953266006
2020-05-29,GDX,-0.47222147256014491
2020-05-29,GLD,0.42777852743985506
2020-06-01,GDX,-0.46996632828609947
2020-06-01,GLD,0.43003367171390056
2020-06-02,GDX,-0.46784644283498711
2020-06-02,GLD,0.43215355716501291
2020-06-03,GDX,-0.47412400426635332
2020-06-03,GLD,0.42587599573364671
2020-06-04,GDX,-0.47628460310381743
2020-06-04,GLD,0.42371539689618265
2020-06-05,GDX,-0.48056098162323707
2020-06-05,GLD,0.4194390183767629
2020-06-08,GDX,-0.47203077317672393
2020-06-08,GLD,0.42796922682327604
2020-06-09,GDX,-0.48868179792487193
2020-06-09,GLD,0.41131820207512815
2020-06-10,GDX,-0.48802500138095006
2020-06-10,GLD,0.41197499861905001
2020-06-11,GDX,-0.49637520359411613
2020-06-11,GLD,0.40362479640588389
2020-06-12,GDX,-0.49616071001916107
2020-06-12,GLD,0.40383928998083896
2020-06-15,GDX,-0.48605949832323198
2020-06-15,GLD,0.41394050167676794
2020-06-16,GDX,-0.48811698617959942
2020-06-16,GLD,0.41188301382040049
2020-06-17,GDX,-0.48452072667138452
2020-06-17,GLD,0.41547927332861556
2020-06-18,GDX,-0.48854955126400673
2020-06-18,GLD,0.41145044873599323
2020-06-19,GDX,0
2020-06-19,GLD,0
2020-06-22,GDX,0
2020-06-22,GLD,0
2020-06-23,GDX,0
2020-06-23,GLD,0
2020-06-24,GDX,0
2020-06-24,GLD,0
2020-06-25,GDX,0
2020-06-25,GLD,0
2020-06-26,GDX,0
2020-06-26,GLD,0
2020-06-29,GDX,0
2020-06-29,GLD,0
2020-06-30,GDX,0
2020-06-30,GLD,0
2020-07-01,GDX,0
2020-07-01,GLD,0
2020-07-02,GDX,0
2020-07-02,GLD,0
2020-07-03,GDX,0
2020-07-03,GLD,0
2020-07-06,GDX,0
2020-07-06,GLD,0
2020-07-07,GDX,0
2020-07-07,GLD,0
2020-07-08,GDX,0
2020-07-08,GLD,0
2020-07-09,GDX,0
2020-07-09,GLD,0
2020-07-10,GDX,0
2020-07-10,GLD,0
2020-07-13,GDX,0
2020-07-13,GLD,0
2020-07-14,GDX,0
2020-07-14,GLD,0
2020-07-15,GDX,0.44155244623217182
2020-07-15,GLD,-0.4584475537678282
2020-07-16,GDX,0.43905291351882009
2020-07-16,GLD,-0.46094708648117994
2020-07-17,GDX,0.43608028359102224
2020-07-17,GLD,-0.46391971640897789
2020-07-20,GDX,0
2020-07-20,GLD,0
2020-07-21,GDX,0
2020-07-21,GLD,0
2020-07-22,GDX,0
2020-07-22,GLD,0
2020-07-23,GDX,0
2020-07-23,GLD,0
2020-07-24,GDX,0
2020-07-24,GLD,0
2020-07-27,GDX,0
2020-07-27,GLD,0
2020-07-28,GDX,0
2020-07-28,GLD,0
2020-07-29,GDX,0
2020-07-29,GLD,0
2020-07-30,GDX,0
2020-07-30,GLD,0
2020-07-31,GDX,0
2020-07-31,GLD,0
2020-08-03,GDX,0
2020-08-03,GLD,0
2020-08-04,GDX,0
2020-08-04,GLD,0
2020-08-05,GDX,0
2020-08-05,GLD,0
2020-08-06,GDX,0
2020-08-06,GLD,0
2020-08-07,GDX,0
2020-08-07,GLD,0
2020-08-10,GDX,0
2020-08-10,GLD,0
2020-08-11,GDX,0
2020-08-11,GLD,0
2020-08-12,GDX,0
2020-08-12,GLD,0
2020-08-13,GDX,0
2020-08-13,GLD,0
2020-08-14,GDX,0
2020-08-14,GLD,0
2020-08-17,GDX,0
2020-08-17,GLD,0
2020-08-18,GDX,0
2020-08-18,GLD,0
2020-08-19,GDX,0
2020-08-19,GLD,0
2020-08-20,GDX,0
2020-08-20,GLD,0
2020-08-21,GDX,0
2020-08-21,GLD,0
2020-08-24,GDX,0
2020-08-24,GLD,0
2020-08-25,GDX,0
2020-08-25,GLD,0
2020-08-26,GDX,0.41951654411176625
2020-08-26,GLD,-0.48048345588823371
2020-08-27,GDX,0.41785237046555757
2020-08-27,GLD,-0.48214762953444257
2020-08-28,GDX,0.4219199190352349
2020-08-28,GLD,-0.47808008096476506
2020-08-31,GDX,0.427106410744376
2020-08-31,GLD,-0.47289358925562403
2020-09-01,GDX,0.43045352922068214
2020-09-01,GLD,-0.46954647077931783
2020-09-02,GDX,0
2020-09-02,GLD,0
2020-09-03,GDX,0
2020-09-03,GLD,0
2020-09-04,GDX,-0.456948796781737
2020-09-04,GLD,0.44305120321826302
2020-09-07,GDX,-0.45537715088803754
2020-09-07,GLD,0.44462284911196243
2020-09-08,GDX,-0.45530631586052922
2020-09-08,GLD,0.44469368413947075
2020-09-09,GDX,0
2020-09-09,GLD,0
2020-09-10,GDX,0
2020-09-10,GLD,0
2020-09-11,GDX,0
2020-09-11,GLD,0
2020-09-14,GDX,0
2020-09-14,GLD,0
2020-09-15,GDX,0
2020-09-15,GLD,0
2020-09-16,GDX,0
2020-09-16,GLD,0
2020-09-17,GDX,0
2020-09-17,GLD,0
2020-09-18,GDX,0
2020-09-18,GLD,0
2020-09-21,GDX,0
2020-09-21,GLD,0
2020-09-22,GDX,0
2020-09-22,GLD,0
2020-09-23,GDX,0
2020-09-23,GLD,0
2020-09-24,GDX,0
2020-09-24,GLD,0
2020-09-25,GDX,0
2020-09-25,GLD,0
2020-09-28,GDX,0
2020-09-28,GLD,0
2020-09-29,GDX,0
2020-09-29,GLD,0
2020-09-30,GDX,0
2020-09-30,GLD,0
2020-10-01,GDX,0
2020-10-01,GLD,0
2020-10-02,GDX,0
2020-10-02,GLD,0
2020-10-05,GDX,0
2020-10-05,GLD,0
2020-10-06,GDX,0
2020-10-06,GLD,0
2020-10-07,GDX,0
2020-10-07,GLD,0
2020-10-08,GDX,0
2020-10-08,GLD,0
2020-10-09,GDX,0
2020-10-09,GLD,0
2020-10-12,GDX,0
2020-10-12,GLD,0
2020-10-13,GDX,0
2020-10-13,GLD,0
2020-10-14,GDX,0.43645434410684075
2020-10-14,GLD,-0.46354565589315921
2020-10-15,GDX,0.43373499826359074
2020-10-15,GLD,-0.46626500173640922
2020-10-16,GDX,0.43128960559281099
2020-10-16,GLD,-0.46871039440718898
2020-10-19,GDX,0.43811654582850956
2020-10-19,GLD,-0.46188345417149052
2020-10-20,GDX,0.4430248542361177
2020-10-20,GLD,-0.45697514576388237
2020-10-21,GDX,0.44040692111482604
2020-10-21,GLD,-0.45959307888517398
2020-10-22,GDX,0.43361806036321376
2020-10-22,GLD,-0.46638193963678637
2020-10-23,GDX,0.42791566290771799
2020-10-23,GLD,-0.47208433709228209
2020-10-26,GDX,0.41865475124758128
2020-10-26,GLD,-0.4813452487524188
2020-10-27,GDX,0.41937085690856901
2020-10-27,GLD,-0.48062914309143101
2020-10-28,GDX,0.42061853823977907
2020-10-28,GLD,-0.47938146176022095
2020-10-29,GDX,0.41787817971112234
2020-10-29,GLD,-0.48212182028887773
2020-10-30,GDX,0.42030893952214554
2020-10-30,GLD,-0.47969106047785443
2020-11-02,GDX,0.42307502010687054
2020-11-02,GLD,-0.47692497989312943
2020-11-03,GDX,0
2020-11-03,GLD,0
2020-11-04,GDX,0
2020-11-04,GLD,0
2020-11-05,GDX,0
2020-11-05,GLD,0
2020-11-06,GDX,0
2020-11-06,GLD,0
2020-11-09,GDX,0
2020-11-09,GLD,0
2020-11-10,GDX,0
2020-11-10,GLD,0
2020-11-11,GDX,0
2020-11-11,GLD,0
2020-11-12,GDX,0
2020-11-12,GLD,0
2020-11-13,GDX,0
2020-11-13,GLD,0
2020-11-16,GDX,0
2020-11-16,GLD,0
2020-11-17,GDX,0
2020-11-17,GLD,0
2020-11-18,GDX,0
2020-11-18,GLD,0
2020-11-19,GDX,0
2020-11-19,GLD,0
2020-11-20,GDX,0
2020-11-20,GLD,0
2020-11-23,GDX,0
2020-11-23,GLD,0
2020-11-24,GDX,0
2020-11-24,GLD,0
2020-11-25,GDX,0
2020-11-25,GLD,0
2020-11-26,GDX,0
2020-11-26,GLD,0
2020-11-27,GDX,0
2020-11-27,GLD,0
2020-11-30,GDX,0
2020-11-30,GLD,0
2020-12-01,GDX,0
2020-12-01,GLD,0
2020-12-02,GDX,0
2020-12-02,GLD,0
2020-12-03,GDX,0
2020-12-03,GLD,0
2020-12-04,GDX,0
2020-12-04,GLD,0
2020-12-07,GDX,0
2020-12-07,GLD,0
2020-12-08,GDX,0
2020-12-08,GLD,0
2020-12-09,GDX,0
2020-12-09,GLD,0
2020-12-10,GDX,0
2020-12-10,GLD,0
2020-12-11,GDX,0
2020-12-11,GLD,0
2020-12-14,GDX,0
2020-12-14,GLD,0
2020-12-15,GDX,0
2020-12-15,GLD,0
2020-12-16,GDX,0
2020-12-16,GLD,0
2020-12-17,GDX,0
2020-12-17,GLD,0
2020-12-18,GDX,0
2020-12-18,GLD,0
2020-12-21,GDX,0
2020-12-21,GLD,0
2020-12-22,GDX,-0.48087032379695965
2020-12-22,GLD,0.41912967620304037
2020-12-23,GDX,-0.47756546758089147
2020-12-23,GLD,0.4224345324191085
2020-12-24,GDX,-0.48061692417573854
2020-12-24,GLD,0.41938307582426149
2020-12-25,GDX,-0.47630981940283301
2020-12-25,GLD,0.42369018059716695
2020-12-28,GDX,-0.47253205247032021
2020-12-28,GLD,0.42746794752967976
2020-12-29,GDX,-0.4788098758156763
2020-12-29,GLD,0.42119012418432378
2020-12-30,GDX,0
2020-12-30,GLD,0
2020-12-31,GDX,0
2020-12-31,GLD,0
2021-01-01,GDX,0
2021-01-01,GLD,0
2021-01-04,GDX,0
2021-01-04,GLD,0
2021-01-05,GDX,0
2021-01-05,GLD,0
2021-01-06,GDX,0
2021-01-06,GLD,0
2021-01-07,GDX,0
2021-01-07,GLD,0
2021-01-08,GDX,0
2021-01-08,GLD,0
2021-01-11,GDX,0
2021-01-11,GLD,0
2021-01-12,GDX,0
2021-01-12,GLD,0
2021-01-13,GDX,0
2021-01-13,GLD,0
2021-01-14,GDX,0
2021-01-14,GLD,0
2021-01-15,GDX,0
2021-01-15,GLD,0
2021-01-18,GDX,0
2021-01-18,GLD,0
2021-01-19,GDX,0
2021-01-19,GLD,0
2021-01-20,GDX,0
2021-01-20,GLD,0
2021-01-21,GDX,0
2021-01-21,GLD,0
2021-01-22,GDX,0
2021-01-22,GLD,0
2021-01-25,GDX,0
2021-01-25,GLD,0
2021-01-26,GDX,0
2021-01-26,GLD,0
2021-01-27,GDX,0
2021-01-27,GLD,0
2021-01-28,GDX,0
2021-01-28,GLD,0
2021-01-29,GDX,0
2021-01-29,GLD,0
2021-02-01,GDX,0
2021-02-01,GLD,0
2021-02-02,GDX,0
2021-02-02,GLD,0
2021-02-03,GDX,0
2021-02-03,GLD,0
2021-02-04,GDX,0
2021-02-04,GLD,0
2021-02-05,GDX,-0.4740703265845686
2021-02-05,GLD,0.42592967341543153
2021-02-08,GDX,-0.46873059603327982
2021-02-08,GLD,0.43126940396672026
2021-02-09,GDX,-0.47103081375082761
2021-02-09,GLD,0.42896918624917241
2021-02-10,GDX,0
2021-02-10,GLD,0
2021-02-11,GDX,0
2021-02-11,GLD,0
2021-02-12,GDX,0
2021-02-12,GLD,0
2021-02-15,GDX,0.45163560338056502
2021-02-15,GLD,-0.44836439661943489
2021-02-16,GDX,0.45465726002382806
2021-02-16,GLD,-0.44534273997617185
2021-02-17,GDX,0.45535155533115312
2021-02-17,GLD,-0.44464844466884684
2021-02-18,GDX,0
2021-02-18,GLD,0
2021-02-19,GDX,0
2021-02-19,GLD,0
2021-02-22,GDX,0
2021-02-22,GLD,0
2021-02-23,GDX,0.44303101993963351
2021-02-23,GLD,-0.45696898006036651
2021-02-24,GDX,0.4454123586453036
2021-02-24,GLD,-0.45458764135469648
2021-02-25,GDX,0
2021-02-25,GLD,0
2021-02-26,GDX,0
2021-02-26,GLD,0
2021-03-01,GDX,0
2021-03-01,GLD,0
2021-03-02,GDX,0
2021-03-02,GLD,0
2021-03-03,GDX,0
2021-03-03,GLD,0
2021-03-04,GDX,0
2021-03-04,GLD,0
2021-03-05,GDX,0
2021-03-05,GLD,0
2021-03-08,GDX,0
2021-03-08,GLD,0
2021-03-09,GDX,0
2021-03-09,GLD,0
2021-03-10,GDX,0
2021-03-10,GLD,0
2021-03-11,GDX,0
2021-03-11,GLD,0
2021-03-12,GDX,0
2021-03-12,GLD,0
2021-03-15,GDX,0
2021-03-15,GLD,0
2021-03-16,GDX,0
2021-03-16,GLD,0
2021-03-17,GDX,0
2021-03-17,GLD,0
2021-03-18,GDX,0
2021-03-18,GLD,0
2021-03-19,GDX,0
2021-03-19,GLD,0
2021-03-22,GDX,0
2021-03-22,GLD,0
2021-03-23,GDX,0
2021-03-23,GLD,0
2021-03-24,GDX,-0.46110868545146588
2021-03-24,GLD,0.43889131454853414
2021-03-25,GDX,-0.46802470457501688
2021-03-25,GLD,0.43197529542498314
2021-03-26,GDX,-0.46534946319246479
2021-03-26,GLD,0.43465053680753529
2021-03-29,GDX,-0.45944347214088033
2021-03-29,GLD,0.4405565278591197
2021-03-30,GDX,0
2021-03-30,GLD,0
2021-03-31,GDX,0
2021-03-31,GLD,0
2021-04-01,GDX,0
2021-04-01,GLD,0
2021-04-02,GDX,0
2021-04-02,GLD,0
2021-04-05,GDX,0
2021-04-05,GLD,0
2021-04-06,GDX,0
2021-04-06,GLD,0
2021-04-07,GDX,0
2021-04-07,GLD,0
2021-04-08,GDX,0
2021-04-08,GLD,0
2021-04-09,GDX,0
2021-04-09,GLD,0
2021-04-12,GDX,0
2021-04-12,GLD,0
2021-04-13,GDX,0
2021-04-13,GLD,0
2021-04-14,GDX,0
2021-04-14,GLD,0
2021-04-15,GDX,0
2021-04-15,GLD,0
2021-04-16,GDX,0
2021-04-16,GLD,0
2021-04-19,GDX,0
2021-04-19,GLD,0
2021-04-20,GDX,0.43008139697010633
2021-04-20,GLD,-0.46991860302989358
2021-04-21,GDX,0.42875698319670541
2021-04-21,GLD,-0.47124301680329461
2021-04-22,GDX,0.4301875900837418
2021-04-22,GLD,-0.46981240991625828
2021-04-23,GDX,0.43493676436111367
2021-04-23,GLD,-0.46506323563888635
2021-04-26,GDX,0.43705026599941887
2021-04-26,GLD,-0.46294973400058104
2021-04-27,GDX,0.43490383038109726
2021-04-27,GLD,-0.46509616961890277
2021-04-28,GDX,0
2021-04-28,GLD,0
2021-04-29,GDX,0
2021-04-29,GLD,0
2021-04-30,GDX,0
2021-04-30,GLD,0
2021-05-03,GDX,0
2021-05-03,GLD,0
2021-05-04,GDX,-0.45940346086347411
2021-05-04,GLD,0.4405965391365258
2021-05-05,GDX,-0.46838798211333482
2021-05-05,GLD,0.43161201788666526
2021-05-06,GDX,-0.47503995136505733
2021-05-06,GLD,0.42496004863494263
2021-05-07,GDX,-0.46676629307892725
2021-05-07,GLD,0.43323370692107277
2021-05-10,GDX,-0.46678130274378715
2021-05-10,GLD,0.43321869725621293
2021-05-11,GDX,-0.46433069402060873
2021-05-11,GLD,0.4356693059793913
2021-05-12,GDX,-0.45673696754253279
2021-05-12,GLD,0.44326303245746718
2021-05-13,GDX,0
2021-05-13,GLD,0
2021-05-14,GDX,0
2021-05-14,GLD,0
2021-05-17,GDX,0
2021-05-17,GLD,0
2021-05-18,GDX,0
2021-05-18,GLD,0
2021-05-19,GDX,0
2021-05-19,GLD,0
2021-05-20,GDX,0
2021-05-20,GLD,0
2021-05-21,GDX,0
2021-05-21,GLD,0
2021-05-24,GDX,0
2021-05-24,GLD,0
2021-05-25,GDX,0
2021-05-25,GLD,0
2021-05-26,GDX,0
2021-05-26,GLD,0
2021-05-27,GDX,0
2021-05-27,GLD,0
2021-05-28,GDX,0
2021-05-28,GLD,0
2021-05-31,GDX,0
2021-05-31,GLD,0
2021-06-01,GDX,0
2021-06-01,GLD,0
2021-06-02,GDX,0
2021-06-02,GLD,0
2021-06-03,GDX,0.4322845988143697
2021-06-03,GLD,-0.46771540118563032
2021-06-04,GDX,0.43581795557610115
2021-06-04,GLD,-0.46418204442389877
2021-06-07,GDX,0.43904607714840566
2021-06-07,GLD,-0.46095392285159431
2021-06-08,GDX,0.43848418561706498
2021-06-08,GLD,-0.4615158143829351
2021-06-09,GDX,0.44115340373757861
2021-06-09,GLD,-0.45884659626242147
2021-06-10,GDX,0
2021-06-10,GLD,0
2021-06-11,GDX,0
2021-06-11,GLD,0
2021-06-14,GDX,0
2021-06-14,GLD,0
2021-06-15,GDX,0
2021-06-15,GLD,0
2021-06-16,GDX,0
2021-06-16,GLD,0
2021-06-17,GDX,0
2021-06-17,GLD,0
2021-06-18,GDX,0
2021-06-18,GLD,0
2021-06-21,GDX,0
2021-06-21,GLD,0
2021-06-22,GDX,0
2021-06-22,GLD,0
2021-06-23,GDX,0
2021-06-23,GLD,0
2021-06-24,GDX,0
2021-06-24,GLD,0
2021-06-25,GDX,0
2021-06-25,GLD,0
2021-06-28,GDX,0
2021-06-28,GLD,0
2021-06-29,GDX,0
2021-06-29,GLD,0
2021-06-30,GDX,0
2021-06-30,GLD,0
2021-07-01,GDX,0
2021-07-01,GLD,0
2021-07-02,GDX,0
2021-07-02,GLD,0
2021-07-05,GDX,0
2021-07-05,GLD,0
2021-07-06,GDX,0
2021-07-06,GLD,0
2021-07-07,GDX,0
2021-07-07,GLD,0
2021-07-08,GDX,0
2021-07-08,GLD,0
2021-07-09,GDX,0
2021-07-09,GLD,0
2021-07-12,GDX,-0.45174769561791223
2021-07-12,GLD,0.4482523043820878
2021-07-13,GDX,0
2021-07-13,GLD,0
2021-07-14,GDX,0
2021-07-14,GLD,0
2021-07-15,GDX,0
2021-07-15,GLD,0
2021-07-16,GDX,0
2021-07-16,GLD,0
2021-07-19,GDX,0
2021-07-19,GLD,0
2021-07-20,GDX,-0.45904706380981114
2021-07-20,GLD,0.44095293619018894
2021-07-21,GDX,-0.45172966064577741
2021-07-21,GLD,0.44827033935422261
2021-07-22,GDX,-0.45355613635363828
2021-07-22,GLD,0.44644386364636174
2021-07-23,GDX,-0.44970740258206721
2021-07-23,GLD,0.45029259741793276
2021-07-26,GDX,-0.45447875844738389
2021-07-26,GLD,0.44552124155261613
2021-07-27,GDX,-0.45759741607350241
2021-07-27,GLD,0.44240258392649756
2021-07-28,GDX,0
2021-07-28,GLD,0
2021-07-29,GDX,0
2021-07-29,GLD,0
2021-07-30,GDX,-0.46704245241459724
2021-07-30,GLD,0.43295754758540272
2021-08-02,GDX,-0.46309283471185292
2021-08-02,GLD,0.43690716528814705
2021-08-03,GDX,-0.47014396164872529
2021-08-03,GLD,0.42985603835127473
2021-08-04,GDX,-0.47180262295954078
2021-08-04,GLD,0.42819737704045929
2021-08-05,GDX,-0.46379926266195054
2021-08-05,GLD,0.43620073733804948
2021-08-06,GDX,-0.46868367883799583
2021-08-06,GLD,0.43131632116200425
2021-08-09,GDX,-0.4612497401243717
2021-08-09,GLD,0.43875025987562838
2021-08-10,GDX,-0.46507681226704195
2021-08-10,GLD,0.43492318773295807
2021-08-11,GDX,0
2021-08-11,GLD,0
2021-08-12,GDX,0
2021-08-12,GLD,0
2021-08-13,GDX,0
2021-08-13,GLD,0
2021-08-16,GDX,0
2021-08-16,GLD,0
2021-08-17,GDX,0
2021-08-17,GLD,0
2021-08-18,GDX,0
2021-08-18,GLD,0
2021-08-19,GDX,0
2021-08-19,GLD,0
2021-08-20,GDX,0
2021-08-20,GLD,0
2021-08-23,GDX,0
2021-08-23,GLD,0
2021-08-24,GDX,0
2021-08-24,GLD,0
2021-08-25,GDX,0
2021-08-25,GLD,0
2021-08-26,GDX,0
2021-08-26,GLD,0
2021-08-27,GDX,0
2021-08-27,GLD,0
2021-08-30,GDX,0
2021-08-30,GLD,0
2021-08-31,GDX,0
2021-08-31,GLD,0
2021-09-01,GDX,0
2021-09-01,GLD,0
2021-09-02,GDX,0
2021-09-02,GLD,0
2021-09-03,GDX,0
2021-09-03,GLD,0
2021-09-06,GDX,0
2021-09-06,GLD,0
2021-09-07,GDX,0
2021-09-07,GLD,0
2021-09-08,GDX,0
2021-09-08,GLD,0
2021-09-09,GDX,0
2021-09-09,GLD,0
2021-09-10,GDX,0
2021-09-10,GLD,0
2021-09-13,GDX,0
2021-09-13,GLD,0
2021-09-14,GDX,0
2021-09-14,GLD,0
2021-09-15,GDX,0
2021-09-15,GLD,0
2021-09-16,GDX,0
2021-09-16,GLD,0
2021-09-17,GDX,0
2021-09-17,GLD,0
2021-09-20,GDX,0
2021-09-20,GLD,0
2021-09-21,GDX,0
2021-09-21,GLD,0
2021-09-22,GDX,0
2021-09-22,GLD,0
2021-09-23,GDX,0.43699398470729794
2021-09-23,GLD,-0.46300601529270219
2021-09-24,GDX,0.43338373359994065
2021-09-24,GLD,-0.46661626640005938
2021-09-27,GDX,0.43657160881935497
2021-09-27,GLD,-0.46342839118064511
2021-09-28,GDX,0
2021-09-28,GLD,0
2021-09-29,GDX,0
2021-09-29,GLD,0
2021-09-30,GDX,0
2021-09-30,GLD,0
2021-10-01,GDX,0
2021-10-01,GLD,0
2021-10-04,GDX,-0.46450345916498964
2021-10-04,GLD,0.43549654083501038
2021-10-05,GDX,-0.47110085471775731
2021-10-05,GLD,0.42889914528224271
2021-10-06,GDX,-0.46315510204860172
2021-10-06,GLD,0.43684489795139825
2021-10-07,GDX,-0.46975459363186683
2021-10-07,GLD,0.43024540636813313
2021-10-08,GDX,-0.47144422517179413
2021-10-08,GLD,0.42855577482820595
2021-10-11,GDX,-0.4680634643006869
2021-10-11,GLD,0.43193653569931306
2021-10-12,GDX,-0.4586799990843704
2021-10-12,GLD,0.44132000091562962
2021-10-13,GDX,0
2021-10-13,GLD,0
2021-10-14,GDX,0
2021-10-14,GLD,0
2021-10-15,GDX,0
2021-10-15,GLD,0
2021-10-18,GDX,0
2021-10-18,GLD,0
2021-10-19,GDX,0
2021-10-19,GLD,0
2021-10-20,GDX,0
2021-10-20,GLD,0
2021-10-21,GDX,0
2021-10-21,GLD,0
2021-10-22,GDX,0
2021-10-22,GLD,0
2021-10-25,GDX,0
2021-10-25,GLD,0
2021-10-26,GDX,0
2021-10-26,GLD,0
2021-10-27,GDX,0
2021-10-27,GLD,0
2021-10-28,GDX,0
2021-10-28,GLD,0
2021-10-29,GDX,0
2021-10-29,GLD,0
2021-11-01,GDX,0
2021-11-01,GLD,0
2021-11-02,GDX,0
2021-11-02,GLD,0
2021-11-03,GDX,0
2021-11-03,GLD,0
2021-11-04,GDX,0
2021-11-04,GLD,0
2021-11-05,GDX,0.43717885972950005
2021-11-05,GLD,-0.46282114027049986
2021-11-08,GDX,0.44551710250487125
2021-11-08,GLD,-0.4544828974951286
2021-11-09,GDX,0
2021-11-09,GLD,0
2021-11-10,GDX,0
2021-11-10,GLD,0
2021-11-11,GDX,0
2021-11-11,GLD,0
2021-11-12,GDX,0
2021-11-12,GLD,0
2021-11-15,GDX,0
2021-11-15,GLD,0
2021-11-16,GDX,0
2021-11-16,GLD,0
2021-11-17,GDX,0
2021-11-17,GLD,0
2021-11-18,GDX,0
2021-11-18,GLD,0
2021-11-19,GDX,0
2021-11-19,GLD,0
2021-11-22,GDX,0
2021-11-22,GLD,0
2021-11-23,GDX,0
2021-11-23,GLD,0
2021-11-24,GDX,0
2021-11-24,GLD,0
2021-11-25,GDX,0
2021-11-25,GLD,0
2021-11-26,GDX,0
2021-11-26,GLD,0
2021-11-29,GDX,0
2021-11-29,GLD,0
2021-11-30,GDX,0
2021-11-30,GLD,0
2021-12-01,GDX,0
2021-12-01,GLD,0
2021-12-02,GDX,0
2021-12-02,GLD,0
2021-12-03,GDX,0
2021-12-03,GLD,0
2021-12-06,GDX,0
2021-12-06,GLD,0
2021-12-07,GDX,0
2021-12-07,GLD,0
2021-12-08,GDX,-0.46007938608288085
2021-12-08,GLD,0.43992061391711917
2021-12-09,GDX,-0.45933924964766409
2021-12-09,GLD,0.44066075035233593
2021-12-10,GDX,-0.45676619879639246
2021-12-10,GLD,0.44323380120360756
2021-12-13,GDX,-0.4577704195145425
2021-12-13,GLD,0.44222958048545752
2021-12-14,GDX,-0.45360986502543338
2021-12-14,GLD,0.44639013497456664
2021-12-15,GDX,-0.45573663070780146
2021-12-15,GLD,0.44426336929219845
2021-12-16,GDX,-0.45537419106315979
2021-12-16,GLD,0.44462580893684028
2021-12-17,GDX,-0.46524413214337584
2021-12-17,GLD,0.43475586785662423
2021-12-20,GDX,-0.46387088078017141
2021-12-20,GLD,0.43612911921982861
2021-12-21,GDX,-0.46859454672527023
2021-12-21,GLD,0.43140545327472979
2021-12-22,GDX,-0.47036175019410115
2021-12-22,GLD,0.42963824980589882
2021-12-23,GDX,-0.46970888481245965
2021-12-23,GLD,0.43029111518754043
2021-12-24,GDX,-0.46679252223982731
2021-12-24,GLD,0.43320747776017277
2021-12-27,GDX,-0.47773015488542508
2021-12-27,GLD,0.42226984511457483
2021-12-28,GDX,-0.48688783086721632
2021-12-28,GLD,0.4131121691327837
2021-12-29,GDX,-0.48569369770703974
2021-12-29,GLD,0.41430630229296023
2021-12-30,GDX,-0.47957168444669224
2021-12-30,GLD,0.42042831555330784
2021-12-31,GDX,-0.47485437045530388
2021-12-31,GLD,0.4251456295446962
2022-01-03,GDX,0
2022-01-03,GLD,0
2022-01-04,GDX,0
2022-01-04,GLD,0
2022-01-05,GDX,0
2022-01-05,GLD,0
2022-01-06,GDX,0
2022-01-06,GLD,0
2022-01-07,GDX,0
2022-01-07,GLD,0
2022-01-10,GDX,0
2022-01-10,GLD,0
2022-01-11,GDX,0
2022-01-11,GLD,0
2022-01-12,GDX,0
2022-01-12,GLD,0
2022-01-13,GDX,0
2022-01-13,GLD,0
2022-01-14,GDX,0
2022-01-14,GLD,0
2022-01-17,GDX,0
2022-01-17,GLD,0
2022-01-18,GDX,0
2022-01-18,GLD,0
2022-01-19,GDX,0
2022-01-19,GLD,0
2022-01-20,GDX,0
2022-01-20,GLD,0
2022-01-21,GDX,0
2022-01-21,GLD,0
2022-01-24,GDX,0
2022-01-24,GLD,0
2022-01-25,GDX,0
2022-01-25,GLD,0
2022-01-26,GDX,0
2022-01-26,GLD,0
2022-01-27,GDX,0
2022-01-27,GLD,0
2022-01-28,GDX,0
2022-01-28,GLD,0
2022-01-31,GDX,0
2022-01-31,GLD,0
2022-02-01,GDX,0.44223825460305244
2022-02-01,GLD,-0.45776174539694758
2022-02-02,GDX,0.44805005723207453
2022-02-02,GLD,-0.45194994276792555
2022-02-03,GDX,0.44992429372061959
2022-02-03,GLD,-0.45007570627938043
2022-02-04,GDX,0.44833845142140322
2022-02-04,GLD,-0.45166154857859681
2022-02-07,GDX,0
2022-02-07,GLD,0
2022-02-08,GDX,0
2022-02-08,GLD,0
2022-02-09,GDX,0
2022-02-09,GLD,0
2022-02-10,GDX,0.43825176894260703
2022-02-10,GLD,-0.46174823105739304
2022-02-11,GDX,0.43559967092499019
2022-02-11,GLD,-0.46440032907500972
2022-02-14,GDX,0.43343216899053921
2022-02-14,GLD,-0.46656783100946081
2022-02-15,GDX,0.43430957133408854
2022-02-15,GLD,-0.46569042866591143
2022-02-16,GDX,0.4300981038120788
2022-02-16,GLD,-0.46990189618792122
2022-02-17,GDX,0.43277610160770658
2022-02-17,GLD,-0.46722389839229345
2022-02-18,GDX,0.43698620488060785
2022-02-18,GLD,-0.46301379511939217
2022-02-21,GDX,0.4374910487257142
2022-02-21,GLD,-0.46250895127428576
2022-02-22,GDX,0.4336608008885523
2022-02-22,GLD,-0.46633919911144767
2022-02-23,GDX,0.43318266463432248
2022-02-23,GLD,-0.4668173353656776
2022-02-24,GDX,0.43104528965537353
2022-02-24,GLD,-0.46895471034462655
2022-02-25,GDX,0
2022-02-25,GLD,0
2022-02-28,GDX,0
2022-02-28,GLD,0
2022-03-01,GDX,0
2022-03-01,GLD,0
2022-03-02,GDX,0.42118381030292679
2022-03-02,GLD,-0.47881618969707335
2022-03-03,GDX,0.42483424934903025
2022-03-03,GLD,-0.47516575065096972
2022-03-04,GDX,0.43146641758706072
2022-03-04,GLD,-0.46853358241293924
2022-03-07,GDX,0
2022-03-07,GLD,0
2022-03-08,GDX,0
2022-03-08,GLD,0
2022-03-09,GDX,0
2022-03-09,GLD,0
2022-03-10,GDX,0
2022-03-10,GLD,0
2022-03-11,GDX,0
2022-03-11,GLD,0
2022-03-14,GDX,0
2022-03-14,GLD,0
2022-03-15,GDX,0
2022-03-15,GLD,0
2022-03-16,GDX,0
2022-03-16,GLD,0
2022-03-17,GDX,0
2022-03-17,GLD,0
2022-03-18,GDX,-0.45558974524319457
2022-03-18,GLD,0.4444102547568054
2022-03-21,GDX,-0.45901170458906559
2022-03-21,GLD,0.44098829541093443
2022-03-22,GDX,-0.45988855444146642
2022-03-22,GLD,0.4401114455585336
2022-03-23,GDX,-0.45306363678834333
2022-03-23,GLD,0.44693636321165664
2022-03-24,GDX,-0.46225661926001593
2022-03-24,GLD,0.43774338073998414
2022-03-25,GDX,-0.45512941335115648
2022-03-25,GLD,0.44487058664884349
2022-03-28,GDX,0
2022-03-28,GLD,0
2022-03-29,GDX,0
2022-03-29,GLD,0
2022-03-30,GDX,0
2022-03-30,GLD,0
2022-03-31,GDX,0
2022-03-31,GLD,0
2022-04-01,GDX,0
2022-04-01,GLD,0
2022-04-04,GDX,0
2022-04-04,GLD,0
2022-04-05,GDX,0
2022-04-05,GLD,0
2022-04-06,GDX,0
2022-04-06,GLD,0
2022-04-07,GDX,0
2022-04-07,GLD,0
2022-04-08,GDX,0
2022-04-08,GLD,0
2022-04-11,GDX,0
2022-04-11,GLD,0
2022-04-12,GDX,0.41907020927731087
2022-04-12,GLD,-0.48092979072268927
2022-04-13,GDX,0.42846845949765766
2022-04-13,GLD,-0.47153154050234236
2022-04-14,GDX,0
2022-04-14,GLD,0
2022-04-15,GDX,0
2022-04-15,GLD,0
2022-04-18,GDX,0
2022-04-18,GLD,0
2022-04-19,GDX,0
2022-04-19,GLD,0
2022-04-20,GDX,0
2022-04-20,GLD,0
2022-04-21,GDX,0
2022-04-21,GLD,0
2022-04-22,GDX,0
2022-04-22,GLD,0
2022-04-25,GDX,0
2022-04-25,GLD,0
2022-04-26,GDX,0
2022-04-26,GLD,0
2022-04-27,GDX,0
2022-04-27,GLD,0
2022-04-28,GDX,0
2022-04-28,GLD,0
2022-04-29,GDX,0
2022-04-29,GLD,0
2022-05-02,GDX,0
2022-05-02,GLD,0
2022-05-03,GDX,0
2022-05-03,GLD,0
2022-05-04,GDX,0
2022-05-04,GLD,0
2022-05-05,GDX,0
2022-05-05,GLD,0
2022-05-06,GDX,0
2022-05-06,GLD,0
2022-05-09,GDX,0
2022-05-09,GLD,0
2022-05-10,GDX,0
2022-05-10,GLD,0
2022-05-11,GDX,0
2022-05-11,GLD,0
2022-05-12,GDX,0
2022-05-12,GLD,0
2022-05-13,GDX,0
2022-05-13,GLD,0
2022-05-16,GDX,0
2022-05-16,GLD,0
2022-05-17,GDX,0
2022-05-17,GLD,0
2022-05-18,GDX,0
2022-05-18,GLD,0
2022-05-19,GDX,0
2022-05-19,GLD,0
2022-05-20,GDX,-0.44345557051693657
2022-05-20,GLD,0.4565444294830634
2022-05-23,GDX,0
2022-05-23,GLD,0
2022-05-24,GDX,0
2022-05-24,GLD,0
2022-05-25,GDX,0
2022-05-25,GLD,0
2022-05-26,GDX,0
2022-05-26,GLD,0
2022-05-27,GDX,0
2022-05-27,GLD,0
2022-05-30,GDX,0.42364229208520227
2022-05-30,GLD,-0.47635770791479787
2022-05-31,GDX,0.42415968488496614
2022-05-31,GLD,-0.47584031511503394
2022-06-01,GDX,0.41945782444100244
2022-06-01,GLD,-0.48054217555899764
2022-06-02,GDX,0.42885600245819888
2022-06-02,GLD,-0.47114399754180109
2022-06-03,GDX,0.42652576841772077
2022-06-03,GLD,-0.47347423158227936
2022-06-06,GDX,0
2022-06-06,GLD,0
2022-06-07,GDX,0
2022-06-07,GLD,0
2022-06-08,GDX,0
2022-06-08,GLD,0
2022-06-09,GDX,0
2022-06-09,GLD,0
2022-06-10,GDX,0
2022-06-10,GLD,0
2022-06-13,GDX,0
2022-06-13,GLD,0
2022-06-14,GDX,0
2022-06-14,GLD,0
2022-06-15,GDX,0
2022-06-15,GLD,0
2022-06-16,GDX,0
2022-06-16,GLD,0
2022-06-17,GDX,0
2022-06-17,GLD,0
2022-06-20,GDX,0
2022-06-20,GLD,0
2022-06-21,GDX,0
2022-06-21,GLD,0
2022-06-22,GDX,0
2022-06-22,GLD,0
2022-06-23,GDX,0
2022-06-23,GLD,0
2022-06-24,GDX,0
2022-06-24,GLD,0
2022-06-27,GDX,0
2022-06-27,GLD,0
2022-06-28,GDX,0
2022-06-28,GLD,0
2022-06-29,GDX,0
2022-06-29,GLD,0
2022-06-30,GDX,0
2022-06-30,GLD,0
2022-07-01,GDX,0
2022-07-01,GLD,0
2022-07-04,GDX,0
2022-07-04,GLD,0
2022-07-05,GDX,-0.45310201385839322
2022-07-05,GLD,0.44689798614160664
2022-07-06,GDX,-0.4633702019926052
2022-07-06,GLD,0.43662979800739488
2022-07-07,GDX,-0.47022818607775246
2022-07-07,GLD,0.4297718139222475
2022-07-08,GDX,-0.47181897209064227
2022-07-08,GLD,0.42818102790935769
2022-07-11,GDX,-0.47026794304177566
2022-07-11,GLD,0.42973205695822431
2022-07-12,GDX,-0.46893081692659472
2022-07-12,GLD,0.43106918307340525
2022-07-13,GDX,-0.46767948322318398
2022-07-13,GLD,0.43232051677681593
2022-07-14,GDX,-0.46248164138795012
2022-07-14,GLD,0.43751835861204991
2022-07-15,GDX,-0.46446925981026982
2022-07-15,GLD,0.4355307401897302
2022-07-18,GDX,-0.47090850802571071
2022-07-18,GLD,0.42909149197428931
2022-07-19,GDX,-0.47693169948252517
2022-07-19,GLD,0.4230683005174749
2022-07-20,GDX,0
2022-07-20,GLD,0
2022-07-21,GDX,0
2022-07-21,GLD,0
2022-07-22,GDX,0
2022-07-22,GLD,0
2022-07-25,GDX,0
2022-07-25,GLD,0
2022-07-26,GDX,0
2022-07-26,GLD,0
2022-07-27,GDX,0
2022-07-27,GLD,0
2022-07-28,GDX,0
2022-07-28,GLD,0
2022-07-29,GDX,0
2022-07-29,GLD,0
2022-08-01,GDX,0.45059636368165373
2022-08-01,GLD,-0.44940363631834646
2022-08-02,GDX,0.45584005652720172
2022-08-02,GLD,-0.44415994347279841
2022-08-03,GDX,0.45124991706834761
2022-08-03,GLD,-0.44875008293165231
2022-08-04,GDX,0.44990568166738765
2022-08-04,GLD,-0.45009431833261238
2022-08-05,GDX,0.44413230712657731
2022-08-05,GLD,-0.45586769287342277
2022-08-08,GDX,0.43752172461473327
2022-08-08,GLD,-0.46247827538526681
2022-08-09,GDX,0.44032156827583868
2022-08-09,GLD,-0.4596784317241614
2022-08-10,GDX,0.44914580396051362
2022-08-10,GLD,-0.45085419603948645
2022-08-11,GDX,0.44727182786305053
2022-08-11,GLD,-0.45272817213694949
2022-08-12,GDX,0.43829192580209003
2022-08-12,GLD,-0.46170807419790999
2022-08-15,GDX,0.43619528852717437
2022-08-15,GLD,-0.46380471147282565
2022-08-16,GDX,0.43654898077490401
2022-08-16,GLD,-0.46345101922509596
2022-08-17,GDX,0.42598445168959387
2022-08-17,GLD,-0.47401554831040621
2022-08-18,GDX,0.43301039179416756
2022-08-18,GLD,-0.46698960820583252
2022-08-19,GDX,0.42976242319003061
2022-08-19,GLD,-0.47023757680996936
2022-08-22,GDX,0.43438882642185095
2022-08-22,GLD,-0.46561117357814913
2022-08-23,GDX,0.43556315329555817
2022-08-23,GLD,-0.46443684670444185
2022-08-24,GDX,0.43691229974371953
2022-08-24,GLD,-0.46308770025628043
2022-08-25,GDX,0.4308298805654735
2022-08-25,GLD,-0.46917011943452647
2022-08-26,GDX,0
2022-08-26,GLD,0
2022-08-29,GDX,0
2022-08-29,GLD,0
2022-08-30,GDX,0
2022-08-30,GLD,0
2022-08-31,GDX,0
2022-08-31,GLD,0
2022-09-01,GDX,0
2022-09-01,GLD,0
2022-09-02,GDX,0
2022-09-02,GLD,0
2022-09-05,GDX,0
2022-09-05,GLD,0
2022-09-06,GDX,0
2022-09-06,GLD,0
2022-09-07,GDX,0
2022-09-07,GLD,0
2022-09-08,GDX,0
2022-09-08,GLD,0
2022-09-09,GDX,0
2022-09-09,GLD,0
2022-09-12,GDX,0
2022-09-12,GLD,0
2022-09-13,GDX,0
2022-09-13,GLD,0
2022-09-14,GDX,0
2022-09-14,GLD,0
2022-09-15,GDX,0
2022-09-15,GLD,0
2022-09-16,GDX,0
2022-09-16,GLD,0
2022-09-19,GDX,0
2022-09-19,GLD,0
2022-09-20,GDX,0
2022-09-20,GLD,0
2022-09-21,GDX,-0.46655614170273474
2022-09-21,GLD,0.43344385829726528
2022-09-22,GDX,-0.47884542951521936
2022-09-22,GLD,0.42115457048478055
2022-09-23,GDX,-0.48273953443175355
2022-09-23,GLD,0.41726046556824653
2022-09-26,GDX,-0.47304012821021652
2022-09-26,GLD,0.42695987178978351
2022-09-27,GDX,-0.46759531718728858
2022-09-27,GLD,0.43240468281271149
2022-09-28,GDX,-0.46650849981418085
2022-09-28,GLD,0.43349150018581922
2022-09-29,GDX,-0.46482715797773255
2022-09-29,GLD,0.43517284202226736
2022-09-30,GDX,0
2022-09-30,GLD,0
2022-10-03,GDX,0
2022-10-03,GLD,0
2022-10-04,GDX,0
2022-10-04,GLD,0
2022-10-05,GDX,0
2022-10-05,GLD,0
2022-10-06,GDX,0
2022-10-06,GLD,0
2022-10-07,GDX,0
2022-10-07,GLD,0
2022-10-10,GDX,0
2022-10-10,GLD,0
2022-10-11,GDX,0
2022-10-11,GLD,0
2022-10-12,GDX,0
2022-10-12,GLD,0
2022-10-13,GDX,0
2022-10-13,GLD,0
2022-10-14,GDX,0
2022-10-14,GLD,0
2022-10-17,GDX,0
2022-10-17,GLD,0
2022-10-18,GDX,0
2022-10-18,GLD,0
2022-10-19,GDX,0
2022-10-19,GLD,0
2022-10-20,GDX,-0.48373335163736769
2022-10-20,GLD,0.41626664836263227
2022-10-21,GDX,-0.48504444949484143
2022-10-21,GLD,0.41495555050515875
2022-10-24,GDX,-0.4967564789080598
2022-10-24,GLD,0.40324352109194028
2022-10-25,GDX,-0.50538859504556533
2022-10-25,GLD,0.3946114049544347
2022-10-26,GDX,-0.49499047457294043
2022-10-26,GLD,0.40500952542705959
2022-10-27,GDX,-0.48668275791635918
2022-10-27,GLD,0.41331724208364096
2022-10-28,GDX,-0.4956961761497769
2022-10-28,GLD,0.40430382385022301
2022-10-31,GDX,-0.48619168935408591
2022-10-31,GLD,0.41380831064591417
2022-11-01,GDX,0
2022-11-01,GLD,0
2022-11-02,GDX,0
2022-11-02,GLD,0
2022-11-03,GDX,0
2022-11-03,GLD,0
2022-11-04,GDX,0
2022-11-04,GLD,0
2022-11-07,GDX,0
2022-11-07,GLD,0
2022-11-08,GDX,0
2022-11-08,GLD,0
2022-11-09,GDX,0
2022-11-09,GLD,0
2022-11-10,GDX,0
2022-11-10,GLD,0
2022-11-11,GDX,0
2022-11-11,GLD,0
2022-11-14,GDX,0
2022-11-14,GLD,0
2022-11-15,GDX,0
2022-11-15,GLD,0
2022-11-16,GDX,0
2022-11-16,GLD,0
2022-11-17,GDX,0
2022-11-17,GLD,0
2022-11-18,GDX,0
2022-11-18,GLD,0
2022-11-21,GDX,0
2022-11-21,GLD,0
2022-11-22,GDX,0
2022-11-22,GLD,0
2022-11-23,GDX,0
2022-11-23,GLD,0
2022-11-24,GDX,0
2022-11-24,GLD,0
2022-11-25,GDX,0
2022-11-25,GLD,0
2022-11-28,GDX,0
2022-11-28,GLD,0
2022-11-29,GDX,0.47137527896034415
2022-11-29,GLD,-0.42862472103965582
2022-11-30,GDX,0.4734406273286636
2022-11-30,GLD,-0.42655937267133631
2022-12-01,GDX,0.47146840433659248
2022-12-01,GLD,-0.42853159566340754
2022-12-02,GDX,0.46213529676985654
2022-12-02,GLD,-0.43786470323014354
2022-12-05,GDX,0.4652450657257422
2022-12-05,GLD,-0.43475493427425776
2022-12-06,GDX,0.46949940769272508
2022-12-06,GLD,-0.43050059230727494
2022-12-07,GDX,0.47480985618341892
2022-12-07,GLD,-0.42519014381658105
2022-12-08,GDX,0.47098107868628697
2022-12-08,GLD,-0.42901892131371316
2022-12-09,GDX,0.46635142865439039
2022-12-09,GLD,-0.43364857134560969
2022-12-12,GDX,0.46618999389517979
2022-12-12,GLD,-0.43381000610482034
2022-12-13,GDX,0.46499783379467113
2022-12-13,GLD,-0.43500216620532878
2022-12-14,GDX,0.45652194942337654
2022-12-14,GLD,-0.44347805057662337
2022-12-15,GDX,0.45119026092218956
2022-12-15,GLD,-0.44880973907781035
2022-12-16,GDX,0.45965706138112605
2022-12-16,GLD,-0.44034293861887397
2022-12-19,GDX,0.45935825412140774
2022-12-19,GLD,-0.44064174587859234
2022-12-20,GDX,0.45817736914372043
2022-12-20,GLD,-0.44182263085627949
2022-12-21,GDX,0.45361409368052469
2022-12-21,GLD,-0.44638590631947528
2022-12-22,GDX,0.45495540650901811
2022-12-22,GLD,-0.44504459349098191
2022-12-23,GDX,0.45876897857022336
2022-12-23,GLD,-0.44123102142977655
2022-12-26,GDX,0
2022-12-26,GLD,0
2022-12-27,GDX,0
2022-12-27,GLD,0
2022-12-28,GDX,0
2022-12-28,GLD,0
2022-12-29,GDX,0
2022-12-29,GLD,0
2022-12-30,GDX,0
2022-12-30,GLD,0
2023-01-02,GDX,0
2023-01-02,GLD,0
2023-01-03,GDX,0
2023-01-03,GLD,0
2023-01-04,GDX,0
2023-01-04,GLD,0
2023-01-05,GDX,-0.48250522291124914
2023-01-05,GLD,0.41749477708875099
2023-01-06,GDX,-0.47623022452156039
2023-01-06,GLD,0.42376977547843969
2023-01-09,GDX,-0.47665248393245163
2023-01-09,GLD,0.42334751606754839
2023-01-10,GDX,-0.47235620573693121
2023-01-10,GLD,0.42764379426306892
2023-01-11,GDX,-0.47836063055408118
2023-01-11,GLD,0.42163936944591884
2023-01-12,GDX,-0.47582723003904365
2023-01-12,GLD,0.42417276996095638
2023-01-13,GDX,-0.48483558361746637
2023-01-13,GLD,0.41516441638253382
2023-01-16,GDX,-0.48459158622907433
2023-01-16,GLD,0.41540841377092569
2023-01-17,GDX,-0.48539497017230271
2023-01-17,GLD,0.41460502982769726
2023-01-18,GDX,-0.47917859825325043
2023-01-18,GLD,0.42082140174674953
2023-01-19,GDX,0
2023-01-19,GLD,0
2023-01-20,GDX,0
2023-01-20,GLD,0
2023-01-23,GDX,0
2023-01-23,GLD,0
2023-01-24,GDX,0
2023-01-24,GLD,0
2023-01-25,GDX,0.46197060471147094
2023-01-25,GLD,-0.43802939528852913
2023-01-26,GDX,0.45726130072836402
2023-01-26,GLD,-0.44273869927163617
2023-01-27,GDX,0.45745685696848115
2023-01-27,GLD,-0.44254314303151876
2023-01-30,GDX,0.45887622928739391
2023-01-30,GLD,-0.44112377071260611
2023-01-31,GDX,0.45686448814496255
2023-01-31,GLD,-0.44313551185503763
2023-02-01,GDX,0.45893494688354691
2023-02-01,GLD,-0.44106505311645322
2023-02-02,GDX,0.45662311792715926
2023-02-02,GLD,-0.44337688207284076
2023-02-03,GDX,0.45058170002503323
2023-02-03,GLD,-0.44941829997496674
2023-02-06,GDX,0.44658685710995832
2023-02-06,GLD,-0.4534131428900417
2023-02-07,GDX,0.44923239628457173
2023-02-07,GLD,-0.45076760371542829
2023-02-08,GDX,0.456496923766403
2023-02-08,GLD,-0.44350307623359703
2023-02-09,GDX,0.45672364253795467
2023-02-09,GLD,-0.44327635746204541
2023-02-10,GDX,0
2023-02-10,GLD,0
2023-02-13,GDX,0
2023-02-13,GLD,0
2023-02-14,GDX,0
2023-02-14,GLD,0
2023-02-15,GDX,0
2023-02-15,GLD,0
2023-02-16,GDX,0
2023-02-16,GLD,0
2023-02-17,GDX,0
2023-02-17,GLD,0
2023-02-20,GDX,0
2023-02-20,GLD,0
2023-02-21,GDX,0.44608389525528336
2023-02-21,GLD,-0.45391610474471672
2023-02-22,GDX,0.43942745505191022
2023-02-22,GLD,-0.4605725449480898
2023-02-23,GDX,0.43752852512268436
2023-02-23,GLD,-0.46247147487731555
2023-02-24,GDX,0.43780523136996696
2023-02-24,GLD,-0.46219476863003306
2023-02-27,GDX,0.44397810345853767
2023-02-27,GLD,-0.4560218965414623
2023-02-28,GDX,0.44180038062423899
2023-02-28,GLD,-0.45819961937576115
2023-03-01,GDX,0.44258531695284292
2023-03-01,GLD,-0.45741468304715704
2023-03-02,GDX,0.44231398771359065
2023-03-02,GLD,-0.45768601228640943
2023-03-03,GDX,0
2023-03-03,GLD,0
2023-03-06,GDX,0
2023-03-06,GLD,0
2023-03-07,GDX,0
2023-03-07,GLD,0
2023-03-08,GDX,0
2023-03-08,GLD,0
2023-03-09,GDX,0
2023-03-09,GLD,0
2023-03-10,GDX,0
2023-03-10,GLD,0
2023-03-13,GDX,0
2023-03-13,GLD,0
2023-03-14,GDX,0
2023-03-14,GLD,0
2023-03-15,GDX,-0.46364420326823819
2023-03-15,GLD,0.43635579673176184
2023-03-16,GDX,-0.46695378356233636
2023-03-16,GLD,0.43304621643766378
2023-03-17,GDX,-0.46319221214706713
2023-03-17,GLD,0.43680778785293284
2023-03-20,GDX,-0.46043284469817214
2023-03-20,GLD,0.43956715530182777
2023-03-21,GDX,-0.46301014439541754
2023-03-21,GLD,0.43698985560458248
2023-03-22,GDX,-0.46094296152919634
2023-03-22,GLD,0.43905703847080368
2023-03-23,GDX,-0.46451365228756858
2023-03-23,GLD,0.4354863477124315
2023-03-24,GDX,-0.47146745768175607
2023-03-24,GLD,0.42853254231824395
2023-03-27,GDX,-0.47801584266606301
2023-03-27,GLD,0.42198415733393702
2023-03-28,GDX,-0.48098080773873869
2023-03-28,GLD,0.41901919226126139
2023-03-29,GDX,-0.47069095337084338
2023-03-29,GLD,0.42930904662915664
2023-03-30,GDX,-0.47710760253709744
2023-03-30,GLD,0.42289239746290247
2023-03-31,GDX,-0.4683909952748288
2023-03-31,GLD,0.43160900472517116
2023-04-03,GDX,0
2023-04-03,GLD,0
2023-04-04,GDX,0
2023-04-04,GLD,0
2023-04-05,GDX,0
2023-04-05,GLD,0
2023-04-06,GDX,0
2023-04-06,GLD,0
2023-04-07,GDX,0
2023-04-07,GLD,0
2023-04-10,GDX,0
2023-04-10,GLD,0
2023-04-11,GDX,0
2023-04-11,GLD,0
2023-04-12,GDX,0
2023-04-12,GLD,0
2023-04-13,GDX,0.44789912139404903
2023-04-13,GLD,-0.45210087860595105
2023-04-14,GDX,0.44699302514087963
2023-04-14,GLD,-0.4530069748591205
2023-04-17,GDX,0.44615543603686358
2023-04-17,GLD,-0.45384456396313644
2023-04-18,GDX,0.44714663170120372
2023-04-18,GLD,-0.4528533682987963
2023-04-19,GDX,0.44615062358583296
2023-04-19,GLD,-0.45384937641416712
2023-04-20,GDX,0.4520708784501527
2023-04-20,GLD,-0.44792912154984732
2023-04-21,GDX,0.45039070434967915
2023-04-21,GLD,-0.44960929565032082
2023-04-24,GDX,0.44979488192797318
2023-04-24,GLD,-0.45020511807202679
2023-04-25,GDX,0
2023-04-25,GLD,0
2023-04-26,GDX,0
2023-04-26,GLD,0
2023-04-27,GDX,0
2023-04-27,GLD,0
2023-04-28,GDX,0
2023-04-28,GLD,0
2023-05-01,GDX,0
2023-05-01,GLD,0
2023-05-02,GDX,0
2023-05-02,GLD,0
2023-05-03,GDX,0
2023-05-03,GLD,0
2023-05-04,GDX,-0.47424917884206141
2023-05-04,GLD,0.42575082115793866
2023-05-05,GDX,-0.47823290817344061
2023-05-05,GLD,0.42176709182655936
2023-05-08,GDX,-0.47709248279199234
2023-05-08,GLD,0.42290751720800768
2023-05-09,GDX,-0.47358862483643421
2023-05-09,GLD,0.4264113751635657
2023-05-10,GDX,-0.46636133074006492
2023-05-10,GLD,0.43363866925993511
2023-05-11,GDX,0
2023-05-11,GLD,0
2023-05-12,GDX,0
2023-05-12,GLD,0
2023-05-15,GDX,0
2023-05-15,GLD,0
2023-05-16,GDX,0
2023-05-16,GLD,0
2023-05-17,GDX,0
2023-05-17,GLD,0
2023-05-18,GDX,0
2023-05-18,GLD,0
2023-05-19,GDX,0
2023-05-19,GLD,0
2023-05-22,GDX,0
2023-05-22,GLD,0
2023-05-23,GDX,0
2023-05-23,GLD,0
2023-05-24,GDX,0
2023-05-24,GLD,0
2023-05-25,GDX,0
2023-05-25,GLD,0
2023-05-26,GDX,0
2023-05-26,GLD,0
2023-05-29,GDX,0
2023-05-29,GLD,0
2023-05-30,GDX,0
2023-05-30,GLD,0
2023-05-31,GDX,0
2023-05-31,GLD,0
2023-06-01,GDX,0
2023-06-01,GLD,0
2023-06-02,GDX,0
2023-06-02,GLD,0
2023-06-05,GDX,0
2023-06-05,GLD,0
2023-06-06,GDX,0
2023-06-06,GLD,0
2023-06-07,GDX,0
2023-06-07,GLD,0
2023-06-08,GDX,0
2023-06-08,GLD,0
