date,symbol,target_weight
2005-02-25,GLD,1
2005-02-25,QQQ,0
2005-02-25,SPY,0
2005-02-25,VTI,0
2005-02-25,XLK,0
2005-02-28,GLD,1
2005-02-28,QQQ,0
2005-02-28,SPY,0
2005-02-28,VTI,0
2005-02-28,XLK,0
2005-03-01,GLD,1
2005-03-01,QQQ,0
2005-03-01,SPY,0
2005-03-01,VTI,0
2005-03-01,XLK,0
2005-03-02,GLD,1
2005-03-02,QQQ,0
2005-03-02,SPY,0
2005-03-02,VTI,0
2005-03-02,XLK,0
2005-03-03,GLD,1
2005-03-03,QQQ,0
2005-03-03,SPY,0
2005-03-03,VTI,0
2005-03-03,XLK,0
2005-03-04,GLD,1
2005-03-04,QQQ,0
2005-03-04,SPY,0
2005-03-04,VTI,0
2005-03-04,XLK,0
2005-03-07,GLD,1
2005-03-07,QQQ,0
2005-03-07,SPY,0
2005-03-07,VTI,0
2005-03-07,XLK,0
2005-03-08,GLD,1
2005-03-08,QQQ,0
2005-03-08,SPY,0
2005-03-08,VTI,0
2005-03-08,XLK,0
2005-03-09,GLD,1
2005-03-09,QQQ,0
2005-03-09,SPY,0
2005-03-09,VTI,0
2005-03-09,XLK,0
2005-03-10,GLD,1
2005-03-10,QQQ,0
2005-03-10,SPY,0
2005-03-10,VTI,0
2005-03-10,XLK,0
2005-03-11,GLD,1
2005-03-11,QQQ,0
2005-03-11,SPY,0
2005-03-11,VTI,0
2005-03-11,XLK,0
2005-03-14,GLD,1
2005-03-14,QQQ,0
2005-03-14,SPY,0
2005-03-14,VTI,0
2005-03-14,XLK,0
2005-03-15,GLD,1
2005-03-15,QQQ,0
2005-03-15,SPY,0
2005-03-15,VTI,0
2005-03-15,XLK,0
2005-03-16,GLD,1
2005-03-16,QQQ,0
2005-03-16,SPY,0
2005-03-16,VTI,0
2005-03-16,XLK,0
2005-03-17,GLD,1
2005-03-17,QQQ,0
2005-03-17,SPY,0
2005-03-17,VTI,0
2005-03-17,XLK,0
2005-03-18,GLD,1
2005-03-18,QQQ,0
2005-03-18,SPY,0
2005-03-18,VTI,0
2005-03-18,XLK,0
2005-03-21,GLD,1
2005-03-21,QQQ,0
2005-03-21,SPY,0
2005-03-21,VTI,0
2005-03-21,XLK,0
2005-03-22,GLD,1
2005-03-22,QQQ,0
2005-03-22,SPY,0
2005-03-22,VTI,0
2005-03-22,XLK,0
2005-03-23,GLD,1
2005-03-23,QQQ,0
2005-03-23,SPY,0
2005-03-23,VTI,0
2005-03-23,XLK,0
2005-03-24,GLD,1
2005-03-24,QQQ,0
2005-03-24,SPY,0
2005-03-24,VTI,0
2005-03-24,XLK,0
2005-03-28,GLD,1
2005-03-28,QQQ,0
2005-03-28,SPY,0
2005-03-28,VTI,0
2005-03-28,XLK,0
2005-03-29,GLD,1
2005-03-29,QQQ,0
2005-03-29,SPY,0
2005-03-29,VTI,0
2005-03-29,XLK,0
2005-03-30,GLD,1
2005-03-30,QQQ,0
2005-03-30,SPY,0
2005-03-30,VTI,0
2005-03-30,XLK,0
2005-03-31,GLD,1
2005-03-31,QQQ,0
2005-03-31,SPY,0
2005-03-31,VTI,0
2005-03-31,XLK,0
2005-04-01,GLD,1
2005-04-01,QQQ,0
2005-04-01,SPY,0
2005-04-01,VTI,0
2005-04-01,XLK,0
2005-04-04,GLD,1
2005-04-04,QQQ,0
2005-04-04,SPY,0
2005-04-04,VTI,0
2005-04-04,XLK,0
2005-04-05,GLD,1
2005-04-05,QQQ,0
2005-04-05,SPY,0
2005-04-05,VTI,0
2005-04-05,XLK,0
2005-04-06,GLD,1
2005-04-06,QQQ,0
2005-04-06,SPY,0
2005-04-06,VTI,0
2005-04-06,XLK,0
2005-04-07,GLD,1
2005-04-07,QQQ,0
2005-04-07,SPY,0
2005-04-07,VTI,0
2005-04-07,XLK,0
2005-04-08,GLD,1
2005-04-08,QQQ,0
2005-04-08,SPY,0
2005-04-08,VTI,0
2005-04-08,XLK,0
2005-04-11,GLD,1
2005-04-11,QQQ,0
2005-04-11,SPY,0
2005-04-11,VTI,0
2005-04-11,XLK,0
2005-04-12,GLD,1
2005-04-12,QQQ,0
2005-04-12,SPY,0
2005-04-12,VTI,0
2005-04-12,XLK,0
2005-04-13,GLD,1
2005-04-13,QQQ,0
2005-04-13,SPY,0
2005-04-13,VTI,0
2005-04-13,XLK,0
2005-04-14,GLD,1
2005-04-14,QQQ,0
2005-04-14,SPY,0
2005-04-14,VTI,0
2005-04-14,XLK,0
2005-04-15,GLD,1
2005-04-15,QQQ,0
2005-04-15,SPY,0
2005-04-15,VTI,0
2005-04-15,XLK,0
2005-04-18,GLD,1
2005-04-18,QQQ,0
2005-04-18,SPY,0
2005-04-18,VTI,0
2005-04-18,XLK,0
2005-04-19,GLD,1
2005-04-19,QQQ,0
2005-04-19,SPY,0
2005-04-19,VTI,0
2005-04-19,XLK,0
2005-04-20,GLD,1
2005-04-20,QQQ,0
2005-04-20,SPY,0
2005-04-20,VTI,0
2005-04-20,XLK,0
2005-04-21,GLD,1
2005-04-21,QQQ,0
2005-04-21,SPY,0
2005-04-21,VTI,0
2005-04-21,XLK,0
2005-04-22,GLD,1
2005-04-22,QQQ,0
2005-04-22,SPY,0
2005-04-22,VTI,0
2005-04-22,XLK,0
2005-04-25,GLD,1
2005-04-25,QQQ,0
2005-04-25,SPY,0
2005-04-25,VTI,0
2005-04-25,XLK,0
2005-04-26,GLD,1
2005-04-26,QQQ,0
2005-04-26,SPY,0
2005-04-26,VTI,0
2005-04-26,XLK,0
2005-04-27,GLD,1
2005-04-27,QQQ,0
2005-04-27,SPY,0
2005-04-27,VTI,0
2005-04-27,XLK,0
2005-04-28,GLD,1
2005-04-28,QQQ,0
2005-04-28,SPY,0
2005-04-28,VTI,0
2005-04-28,XLK,0
2005-04-29,GLD,1
2005-04-29,QQQ,0
2005-04-29,SPY,0
2005-04-29,VTI,0
2005-04-29,XLK,0
2005-05-02,GLD,1
2005-05-02,QQQ,0
2005-05-02,SPY,0
2005-05-02,VTI,0
2005-05-02,XLK,0
2005-05-03,GLD,1
2005-05-03,QQQ,0
2005-05-03,SPY,0
2005-05-03,VTI,0
2005-05-03,XLK,0
2005-05-04,GLD,1
2005-05-04,QQQ,0
2005-05-04,SPY,0
2005-05-04,VTI,0
2005-05-04,XLK,0
2005-05-05,GLD,1
2005-05-05,QQQ,0
2005-05-05,SPY,0
2005-05-05,VTI,0
2005-05-05,XLK,0
2005-05-06,GLD,1
2005-05-06,QQQ,0
2005-05-06,SPY,0
2005-05-06,VTI,0
2005-05-06,XLK,0
2005-05-09,GLD,1
2005-05-09,QQQ,0
2005-05-09,SPY,0
2005-05-09,VTI,0
2005-05-09,XLK,0
2005-05-10,GLD,1
2005-05-10,QQQ,0
2005-05-10,SPY,0
2005-05-10,VTI,0
2005-05-10,XLK,0
2005-05-11,GLD,1
2005-05-11,QQQ,0
2005-05-11,SPY,0
2005-05-11,VTI,0
2005-05-11,XLK,0
2005-05-12,GLD,1
2005-05-12,QQQ,0
2005-05-12,SPY,0
2005-05-12,VTI,0
2005-05-12,XLK,0
2005-05-13,GLD,1
2005-05-13,QQQ,0
2005-05-13,SPY,0
2005-05-13,VTI,0
2005-05-13,XLK,0
2005-05-16,GLD,1
2005-05-16,QQQ,0
2005-05-16,SPY,0
2005-05-16,VTI,0
2005-05-16,XLK,0
2005-05-17,GLD,1
2005-05-17,QQQ,0
2005-05-17,SPY,0
2005-05-17,VTI,0
2005-05-17,XLK,0
2005-05-18,GLD,1
2005-05-18,QQQ,0
2005-05-18,SPY,0
2005-05-18,VTI,0
2005-05-18,XLK,0
2005-05-19,GLD,1
2005-05-19,QQQ,0
2005-05-19,SPY,0
2005-05-19,VTI,0
2005-05-19,XLK,0
2005-05-20,GLD,1
2005-05-20,QQQ,0
2005-05-20,SPY,0
2005-05-20,VTI,0
2005-05-20,XLK,0
2005-05-23,GLD,1
2005-05-23,QQQ,0
2005-05-23,SPY,0
2005-05-23,VTI,0
2005-05-23,XLK,0
2005-05-24,GLD,1
2005-05-24,QQQ,0
2005-05-24,SPY,0
2005-05-24,VTI,0
2005-05-24,XLK,0
2005-05-25,GLD,1
2005-05-25,QQQ,0
2005-05-25,SPY,0
2005-05-25,VTI,0
2005-05-25,XLK,0
2005-05-26,GLD,1
2005-05-26,QQQ,0
2005-05-26,SPY,0
2005-05-26,VTI,0
2005-05-26,XLK,0
2005-05-27,GLD,1
2005-05-27,QQQ,0
2005-05-27,SPY,0
2005-05-27,VTI,0
2005-05-27,XLK,0
2005-05-31,GLD,1
2005-05-31,QQQ,0
2005-05-31,SPY,0
2005-05-31,VTI,0
2005-05-31,XLK,0
2005-06-01,GLD,1
2005-06-01,QQQ,0
2005-06-01,SPY,0
2005-06-01,VTI,0
2005-06-01,XLK,0
2005-06-02,GLD,1
2005-06-02,QQQ,0
2005-06-02,SPY,0
2005-06-02,VTI,0
2005-06-02,XLK,0
2005-06-03,GLD,1
2005-06-03,QQQ,0
2005-06-03,SPY,0
2005-06-03,VTI,0
2005-06-03,XLK,0
2005-06-06,GLD,1
2005-06-06,QQQ,0
2005-06-06,SPY,0
2005-06-06,VTI,0
2005-06-06,XLK,0
2005-06-07,GLD,1
2005-06-07,QQQ,0
2005-06-07,SPY,0
2005-06-07,VTI,0
2005-06-07,XLK,0
2005-06-08,GLD,1
2005-06-08,QQQ,0
2005-06-08,SPY,0
2005-06-08,VTI,0
2005-06-08,XLK,0
2005-06-09,GLD,1
2005-06-09,QQQ,0
2005-06-09,SPY,0
2005-06-09,VTI,0
2005-06-09,XLK,0
2005-06-10,GLD,1
2005-06-10,QQQ,0
2005-06-10,SPY,0
2005-06-10,VTI,0
2005-06-10,XLK,0
2005-06-13,GLD,1
2005-06-13,QQQ,0
2005-06-13,SPY,0
2005-06-13,VTI,0
2005-06-13,XLK,0
2005-06-14,GLD,1
2005-06-14,QQQ,0
2005-06-14,SPY,0
2005-06-14,VTI,0
2005-06-14,XLK,0
2005-06-15,GLD,1
2005-06-15,QQQ,0
2005-06-15,SPY,0
2005-06-15,VTI,0
2005-06-15,XLK,0
2005-06-16,GLD,1
2005-06-16,QQQ,0
2005-06-16,SPY,0
2005-06-16,VTI,0
2005-06-16,XLK,0
2005-06-17,GLD,1
2005-06-17,QQQ,0
2005-06-17,SPY,0
2005-06-17,VTI,0
2005-06-17,XLK,0
2005-06-20,GLD,1
2005-06-20,QQQ,0
2005-06-20,SPY,0
2005-06-20,VTI,0
2005-06-20,XLK,0
2005-06-21,GLD,1
2005-06-21,QQQ,0
2005-06-21,SPY,0
2005-06-21,VTI,0
2005-06-21,XLK,0
2005-06-22,GLD,1
2005-06-22,QQQ,0
2005-06-22,SPY,0
2005-06-22,VTI,0
2005-06-22,XLK,0
2005-06-23,GLD,1
2005-06-23,QQQ,0
2005-06-23,SPY,0
2005-06-23,VTI,0
2005-06-23,XLK,0
2005-06-24,GLD,1
2005-06-24,QQQ,0
2005-06-24,SPY,0
2005-06-24,VTI,0
2005-06-24,XLK,0
2005-06-27,GLD,1
2005-06-27,QQQ,0
2005-06-27,SPY,0
2005-06-27,VTI,0
2005-06-27,XLK,0
2005-06-28,GLD,1
2005-06-28,QQQ,0
2005-06-28,SPY,0
2005-06-28,VTI,0
2005-06-28,XLK,0
2005-06-29,GLD,1
2005-06-29,QQQ,0
2005-06-29,SPY,0
2005-06-29,VTI,0
2005-06-29,XLK,0
2005-06-30,GLD,1
2005-06-30,QQQ,0
2005-06-30,SPY,0
2005-06-30,VTI,0
2005-06-30,XLK,0
2005-07-01,GLD,1
2005-07-01,QQQ,0
2005-07-01,SPY,0
2005-07-01,VTI,0
2005-07-01,XLK,0
2005-07-05,GLD,1
2005-07-05,QQQ,0
2005-07-05,SPY,0
2005-07-05,VTI,0
2005-07-05,XLK,0
2005-07-06,GLD,1
2005-07-06,QQQ,0
2005-07-06,SPY,0
2005-07-06,VTI,0
2005-07-06,XLK,0
2005-07-07,GLD,1
2005-07-07,QQQ,0
2005-07-07,SPY,0
2005-07-07,VTI,0
2005-07-07,XLK,0
2005-07-08,GLD,1
2005-07-08,QQQ,0
2005-07-08,SPY,0
2005-07-08,VTI,0
2005-07-08,XLK,0
2005-07-11,GLD,1
2005-07-11,QQQ,0
2005-07-11,SPY,0
2005-07-11,VTI,0
2005-07-11,XLK,0
2005-07-12,GLD,1
2005-07-12,QQQ,0
2005-07-12,SPY,0
2005-07-12,VTI,0
2005-07-12,XLK,0
2005-07-13,GLD,1
2005-07-13,QQQ,0
2005-07-13,SPY,0
2005-07-13,VTI,0
2005-07-13,XLK,0
2005-07-14,GLD,1
2005-07-14,QQQ,0
2005-07-14,SPY,0
2005-07-14,VTI,0
2005-07-14,XLK,0
2005-07-15,GLD,1
2005-07-15,QQQ,0
2005-07-15,SPY,0
2005-07-15,VTI,0
2005-07-15,XLK,0
2005-07-18,GLD,1
2005-07-18,QQQ,0
2005-07-18,SPY,0
2005-07-18,VTI,0
2005-07-18,XLK,0
2005-07-19,GLD,1
2005-07-19,QQQ,0
2005-07-19,SPY,0
2005-07-19,VTI,0
2005-07-19,XLK,0
2005-07-20,GLD,1
2005-07-20,QQQ,0
2005-07-20,SPY,0
2005-07-20,VTI,0
2005-07-20,XLK,0
2005-07-21,GLD,1
2005-07-21,QQQ,0
2005-07-21,SPY,0
2005-07-21,VTI,0
2005-07-21,XLK,0
2005-07-22,GLD,1
2005-07-22,QQQ,0
2005-07-22,SPY,0
2005-07-22,VTI,0
2005-07-22,XLK,0
2005-07-25,GLD,1
2005-07-25,QQQ,0
2005-07-25,SPY,0
2005-07-25,VTI,0
2005-07-25,XLK,0
2005-07-26,GLD,1
2005-07-26,QQQ,0
2005-07-26,SPY,0
2005-07-26,VTI,0
2005-07-26,XLK,0
2005-07-27,GLD,1
2005-07-27,QQQ,0
2005-07-27,SPY,0
2005-07-27,VTI,0
2005-07-27,XLK,0
2005-07-28,GLD,1
2005-07-28,QQQ,0
2005-07-28,SPY,0
2005-07-28,VTI,0
2005-07-28,XLK,0
2005-07-29,GLD,1
2005-07-29,QQQ,0
2005-07-29,SPY,0
2005-07-29,VTI,0
2005-07-29,XLK,0
2005-08-01,GLD,1
2005-08-01,QQQ,0
2005-08-01,SPY,0
2005-08-01,VTI,0
2005-08-01,XLK,0
2005-08-02,GLD,1
2005-08-02,QQQ,0
2005-08-02,SPY,0
2005-08-02,VTI,0
2005-08-02,XLK,0
2005-08-03,GLD,1
2005-08-03,QQQ,0
2005-08-03,SPY,0
2005-08-03,VTI,0
2005-08-03,XLK,0
2005-08-04,GLD,1
2005-08-04,QQQ,0
2005-08-04,SPY,0
2005-08-04,VTI,0
2005-08-04,XLK,0
2005-08-05,GLD,1
2005-08-05,QQQ,0
2005-08-05,SPY,0
2005-08-05,VTI,0
2005-08-05,XLK,0
2005-08-08,GLD,1
2005-08-08,QQQ,0
2005-08-08,SPY,0
2005-08-08,VTI,0
2005-08-08,XLK,0
2005-08-09,GLD,1
2005-08-09,QQQ,0
2005-08-09,SPY,0
2005-08-09,VTI,0
2005-08-09,XLK,0
2005-08-10,GLD,1
2005-08-10,QQQ,0
2005-08-10,SPY,0
2005-08-10,VTI,0
2005-08-10,XLK,0
2005-08-11,GLD,1
2005-08-11,QQQ,0
2005-08-11,SPY,0
2005-08-11,VTI,0
2005-08-11,XLK,0
2005-08-12,GLD,1
2005-08-12,QQQ,0
2005-08-12,SPY,0
2005-08-12,VTI,0
2005-08-12,XLK,0
2005-08-15,GLD,1
2005-08-15,QQQ,0
2005-08-15,SPY,0
2005-08-15,VTI,0
2005-08-15,XLK,0
2005-08-16,GLD,1
2005-08-16,QQQ,0
2005-08-16,SPY,0
2005-08-16,VTI,0
2005-08-16,XLK,0
2005-08-17,GLD,1
2005-08-17,QQQ,0
2005-08-17,SPY,0
2005-08-17,VTI,0
2005-08-17,XLK,0
2005-08-18,GLD,1
2005-08-18,QQQ,0
2005-08-18,SPY,0
2005-08-18,VTI,0
2005-08-18,XLK,0
2005-08-19,GLD,1
2005-08-19,QQQ,0
2005-08-19,SPY,0
2005-08-19,VTI,0
2005-08-19,XLK,0
2005-08-22,GLD,1
2005-08-22,QQQ,0
2005-08-22,SPY,0
2005-08-22,VTI,0
2005-08-22,XLK,0
2005-08-23,GLD,1
2005-08-23,QQQ,0
2005-08-23,SPY,0
2005-08-23,VTI,0
2005-08-23,XLK,0
2005-08-24,GLD,1
2005-08-24,QQQ,0
2005-08-24,SPY,0
2005-08-24,VTI,0
2005-08-24,XLK,0
2005-08-25,GLD,1
2005-08-25,QQQ,0
2005-08-25,SPY,0
2005-08-25,VTI,0
2005-08-25,XLK,0
2005-08-26,GLD,1
2005-08-26,QQQ,0
2005-08-26,SPY,0
2005-08-26,VTI,0
2005-08-26,XLK,0
2005-08-29,GLD,1
2005-08-29,QQQ,0
2005-08-29,SPY,0
2005-08-29,VTI,0
2005-08-29,XLK,0
2005-08-30,GLD,1
2005-08-30,QQQ,0
2005-08-30,SPY,0
2005-08-30,VTI,0
2005-08-30,XLK,0
2005-08-31,GLD,1
2005-08-31,QQQ,0
2005-08-31,SPY,0
2005-08-31,VTI,0
2005-08-31,XLK,0
2005-09-01,GLD,1
2005-09-01,QQQ,0
2005-09-01,SPY,0
2005-09-01,VTI,0
2005-09-01,XLK,0
2005-09-02,GLD,1
2005-09-02,QQQ,0
2005-09-02,SPY,0
2005-09-02,VTI,0
2005-09-02,XLK,0
2005-09-06,GLD,1
2005-09-06,QQQ,0
2005-09-06,SPY,0
2005-09-06,VTI,0
2005-09-06,XLK,0
2005-09-07,GLD,1
2005-09-07,QQQ,0
2005-09-07,SPY,0
2005-09-07,VTI,0
2005-09-07,XLK,0
2005-09-08,GLD,1
2005-09-08,QQQ,0
2005-09-08,SPY,0
2005-09-08,VTI,0
2005-09-08,XLK,0
2005-09-09,GLD,1
2005-09-09,QQQ,0
2005-09-09,SPY,0
2005-09-09,VTI,0
2005-09-09,XLK,0
2005-09-12,GLD,1
2005-09-12,QQQ,0
2005-09-12,SPY,0
2005-09-12,VTI,0
2005-09-12,XLK,0
2005-09-13,GLD,1
2005-09-13,QQQ,0
2005-09-13,SPY,0
2005-09-13,VTI,0
2005-09-13,XLK,0
2005-09-14,GLD,1
2005-09-14,QQQ,0
2005-09-14,SPY,0
2005-09-14,VTI,0
2005-09-14,XLK,0
2005-09-15,GLD,1
2005-09-15,QQQ,0
2005-09-15,SPY,0
2005-09-15,VTI,0
2005-09-15,XLK,0
2005-09-16,GLD,1
2005-09-16,QQQ,0
2005-09-16,SPY,0
2005-09-16,VTI,0
2005-09-16,XLK,0
2005-09-19,GLD,1
2005-09-19,QQQ,0
2005-09-19,SPY,0
2005-09-19,VTI,0
2005-09-19,XLK,0
2005-09-20,GLD,1
2005-09-20,QQQ,0
2005-09-20,SPY,0
2005-09-20,VTI,0
2005-09-20,XLK,0
2005-09-21,GLD,1
2005-09-21,QQQ,0
2005-09-21,SPY,0
2005-09-21,VTI,0
2005-09-21,XLK,0
2005-09-22,GLD,1
2005-09-22,QQQ,0
2005-09-22,SPY,0
2005-09-22,VTI,0
2005-09-22,XLK,0
2005-09-23,GLD,1
2005-09-23,QQQ,0
2005-09-23,SPY,0
2005-09-23,VTI,0
2005-09-23,XLK,0
2005-09-26,GLD,1
2005-09-26,QQQ,0
2005-09-26,SPY,0
2005-09-26,VTI,0
2005-09-26,XLK,0
2005-09-27,GLD,1
2005-09-27,QQQ,0
2005-09-27,SPY,0
2005-09-27,VTI,0
2005-09-27,XLK,0
2005-09-28,GLD,1
2005-09-28,QQQ,0
2005-09-28,SPY,0
2005-09-28,VTI,0
2005-09-28,XLK,0
2005-09-29,GLD,1
2005-09-29,QQQ,0
2005-09-29,SPY,0
2005-09-29,VTI,0
2005-09-29,XLK,0
2005-09-30,GLD,1
2005-09-30,QQQ,0
2005-09-30,SPY,0
2005-09-30,VTI,0
2005-09-30,XLK,0
2005-10-03,GLD,1
2005-10-03,QQQ,0
2005-10-03,SPY,0
2005-10-03,VTI,0
2005-10-03,XLK,0
2005-10-04,GLD,1
2005-10-04,QQQ,0
2005-10-04,SPY,0
2005-10-04,VTI,0
2005-10-04,XLK,0
2005-10-05,GLD,1
2005-10-05,QQQ,0
2005-10-05,SPY,0
2005-10-05,VTI,0
2005-10-05,XLK,0
2005-10-06,GLD,1
2005-10-06,QQQ,0
2005-10-06,SPY,0
2005-10-06,VTI,0
2005-10-06,XLK,0
2005-10-07,GLD,1
2005-10-07,QQQ,0
2005-10-07,SPY,0
2005-10-07,VTI,0
2005-10-07,XLK,0
2005-10-10,GLD,1
2005-10-10,QQQ,0
2005-10-10,SPY,0
2005-10-10,VTI,0
2005-10-10,XLK,0
2005-10-11,GLD,1
2005-10-11,QQQ,0
2005-10-11,SPY,0
2005-10-11,VTI,0
2005-10-11,XLK,0
2005-10-12,GLD,1
2005-10-12,QQQ,0
2005-10-12,SPY,0
2005-10-12,VTI,0
2005-10-12,XLK,0
2005-10-13,GLD,1
2005-10-13,QQQ,0
2005-10-13,SPY,0
2005-10-13,VTI,0
2005-10-13,XLK,0
2005-10-14,GLD,1
2005-10-14,QQQ,0
2005-10-14,SPY,0
2005-10-14,VTI,0
2005-10-14,XLK,0
2005-10-17,GLD,1
2005-10-17,QQQ,0
2005-10-17,SPY,0
2005-10-17,VTI,0
2005-10-17,XLK,0
2005-10-18,GLD,1
2005-10-18,QQQ,0
2005-10-18,SPY,0
2005-10-18,VTI,0
2005-10-18,XLK,0
2005-10-19,GLD,1
2005-10-19,QQQ,0
2005-10-19,SPY,0
2005-10-19,VTI,0
2005-10-19,XLK,0
2005-10-20,GLD,1
2005-10-20,QQQ,0
2005-10-20,SPY,0
2005-10-20,VTI,0
2005-10-20,XLK,0
2005-10-21,GLD,1
2005-10-21,QQQ,0
2005-10-21,SPY,0
2005-10-21,VTI,0
2005-10-21,XLK,0
2005-10-24,GLD,1
2005-10-24,QQQ,0
2005-10-24,SPY,0
2005-10-24,VTI,0
2005-10-24,XLK,0
2005-10-25,GLD,1
2005-10-25,QQQ,0
2005-10-25,SPY,0
2005-10-25,VTI,0
2005-10-25,XLK,0
2005-10-26,GLD,1
2005-10-26,QQQ,0
2005-10-26,SPY,0
2005-10-26,VTI,0
2005-10-26,XLK,0
2005-10-27,GLD,1
2005-10-27,QQQ,0
2005-10-27,SPY,0
2005-10-27,VTI,0
2005-10-27,XLK,0
2005-10-28,GLD,1
2005-10-28,QQQ,0
2005-10-28,SPY,0
2005-10-28,VTI,0
2005-10-28,XLK,0
2005-10-31,GLD,1
2005-10-31,QQQ,0
2005-10-31,SPY,0
2005-10-31,VTI,0
2005-10-31,XLK,0
2005-11-01,GLD,1
2005-11-01,QQQ,0
2005-11-01,SPY,0
2005-11-01,VTI,0
2005-11-01,XLK,0
2005-11-02,GLD,1
2005-11-02,QQQ,0
2005-11-02,SPY,0
2005-11-02,VTI,0
2005-11-02,XLK,0
2005-11-03,GLD,1
2005-11-03,QQQ,0
2005-11-03,SPY,0
2005-11-03,VTI,0
2005-11-03,XLK,0
2005-11-04,GLD,1
2005-11-04,QQQ,0
2005-11-04,SPY,0
2005-11-04,VTI,0
2005-11-04,XLK,0
2005-11-07,GLD,1
2005-11-07,QQQ,0
2005-11-07,SPY,0
2005-11-07,VTI,0
2005-11-07,XLK,0
2005-11-08,GLD,1
2005-11-08,QQQ,0
2005-11-08,SPY,0
2005-11-08,VTI,0
2005-11-08,XLK,0
2005-11-09,GLD,1
2005-11-09,QQQ,0
2005-11-09,SPY,0
2005-11-09,VTI,0
2005-11-09,XLK,0
2005-11-10,GLD,1
2005-11-10,QQQ,0
2005-11-10,SPY,0
2005-11-10,VTI,0
2005-11-10,XLK,0
2005-11-11,GLD,1
2005-11-11,QQQ,0
2005-11-11,SPY,0
2005-11-11,VTI,0
2005-11-11,XLK,0
2005-11-14,GLD,1
2005-11-14,QQQ,0
2005-11-14,SPY,0
2005-11-14,VTI,0
2005-11-14,XLK,0
2005-11-15,GLD,1
2005-11-15,QQQ,0
2005-11-15,SPY,0
2005-11-15,VTI,0
2005-11-15,XLK,0
2005-11-16,GLD,1
2005-11-16,QQQ,0
2005-11-16,SPY,0
2005-11-16,VTI,0
2005-11-16,XLK,0
2005-11-17,GLD,1
2005-11-17,QQQ,0
2005-11-17,SPY,0
2005-11-17,VTI,0
2005-11-17,XLK,0
2005-11-18,GLD,1
2005-11-18,QQQ,0
2005-11-18,SPY,0
2005-11-18,VTI,0
2005-11-18,XLK,0
2005-11-21,GLD,1
2005-11-21,QQQ,0
2005-11-21,SPY,0
2005-11-21,VTI,0
2005-11-21,XLK,0
2005-11-22,GLD,1
2005-11-22,QQQ,0
2005-11-22,SPY,0
2005-11-22,VTI,0
2005-11-22,XLK,0
2005-11-23,GLD,1
2005-11-23,QQQ,0
2005-11-23,SPY,0
2005-11-23,VTI,0
2005-11-23,XLK,0
2005-11-25,GLD,1
2005-11-25,QQQ,0
2005-11-25,SPY,0
2005-11-25,VTI,0
2005-11-25,XLK,0
2005-11-28,GLD,1
2005-11-28,QQQ,0
2005-11-28,SPY,0
2005-11-28,VTI,0
2005-11-28,XLK,0
2005-11-29,GLD,1
2005-11-29,QQQ,0
2005-11-29,SPY,0
2005-11-29,VTI,0
2005-11-29,XLK,0
2005-11-30,GLD,1
2005-11-30,QQQ,0
2005-11-30,SPY,0
2005-11-30,VTI,0
2005-11-30,XLK,0
2005-12-01,GLD,1
2005-12-01,QQQ,0
2005-12-01,SPY,0
2005-12-01,VTI,0
2005-12-01,XLK,0
2005-12-02,GLD,1
2005-12-02,QQQ,0
2005-12-02,SPY,0
2005-12-02,VTI,0
2005-12-02,XLK,0
2005-12-05,GLD,1
2005-12-05,QQQ,0
2005-12-05,SPY,0
2005-12-05,VTI,0
2005-12-05,XLK,0
2005-12-06,GLD,1
2005-12-06,QQQ,0
2005-12-06,SPY,0
2005-12-06,VTI,0
2005-12-06,XLK,0
2005-12-07,GLD,1
2005-12-07,QQQ,0
2005-12-07,SPY,0
2005-12-07,VTI,0
2005-12-07,XLK,0
2005-12-08,GLD,0
2005-12-08,QQQ,0.25
2005-12-08,SPY,0.25
2005-12-08,VTI,0.25
2005-12-08,XLK,0.25
2005-12-09,GLD,0
2005-12-09,QQQ,0.25
2005-12-09,SPY,0.25
2005-12-09,VTI,0.25
2005-12-09,XLK,0.25
2005-12-12,GLD,0
2005-12-12,QQQ,0.25
2005-12-12,SPY,0.25
2005-12-12,VTI,0.25
2005-12-12,XLK,0.25
2005-12-13,GLD,0
2005-12-13,QQQ,0.25
2005-12-13,SPY,0.25
2005-12-13,VTI,0.25
2005-12-13,XLK,0.25
2005-12-14,GLD,0
2005-12-14,QQQ,0.25
2005-12-14,SPY,0.25
2005-12-14,VTI,0.25
2005-12-14,XLK,0.25
2005-12-15,GLD,0
2005-12-15,QQQ,0.25
2005-12-15,SPY,0.25
2005-12-15,VTI,0.25
2005-12-15,XLK,0.25
2005-12-16,GLD,0
2005-12-16,QQQ,0.25
2005-12-16,SPY,0.25
2005-12-16,VTI,0.25
2005-12-16,XLK,0.25
2005-12-19,GLD,0
2005-12-19,QQQ,0.25
2005-12-19,SPY,0.25
2005-12-19,VTI,0.25
2005-12-19,XLK,0.25
2005-12-20,GLD,0
2005-12-20,QQQ,0.25
2005-12-20,SPY,0.25
2005-12-20,VTI,0.25
2005-12-20,XLK,0.25
2005-12-21,GLD,0
2005-12-21,QQQ,0.25
2005-12-21,SPY,0.25
2005-12-21,VTI,0.25
2005-12-21,XLK,0.25
2005-12-22,GLD,0
2005-12-22,QQQ,0.25
2005-12-22,SPY,0.25
2005-12-22,VTI,0.25
2005-12-22,XLK,0.25
2005-12-23,GLD,0
2005-12-23,QQQ,0.25
2005-12-23,SPY,0.25
2005-12-23,VTI,0.25
2005-12-23,XLK,0.25
2005-12-27,GLD,0
2005-12-27,QQQ,0.25
2005-12-27,SPY,0.25
2005-12-27,VTI,0.25
2005-12-27,XLK,0.25
2005-12-28,GLD,0
2005-12-28,QQQ,0.25
2005-12-28,SPY,0.25
2005-12-28,VTI,0.25
2005-12-28,XLK,0.25
2005-12-29,GLD,0
2005-12-29,QQQ,0.25
2005-12-29,SPY,0.25
2005-12-29,VTI,0.25
2005-12-29,XLK,0.25
2005-12-30,GLD,0
2005-12-30,QQQ,0.25
2005-12-30,SPY,0.25
2005-12-30,VTI,0.25
2005-12-30,XLK,0.25
2006-01-03,GLD,0
2006-01-03,QQQ,0.25
2006-01-03,SPY,0.25
2006-01-03,VTI,0.25
2006-01-03,XLK,0.25
2006-01-04,GLD,0
2006-01-04,QQQ,0.25
2006-01-04,SPY,0.25
2006-01-04,VTI,0.25
2006-01-04,XLK,0.25
2006-01-05,GLD,0
2006-01-05,QQQ,0.25
2006-01-05,SPY,0.25
2006-01-05,VTI,0.25
2006-01-05,XLK,0.25
2006-01-06,GLD,0
2006-01-06,QQQ,0.25
2006-01-06,SPY,0.25
2006-01-06,VTI,0.25
2006-01-06,XLK,0.25
2006-01-09,GLD,0
2006-01-09,QQQ,0.25
2006-01-09,SPY,0.25
2006-01-09,VTI,0.25
2006-01-09,XLK,0.25
2006-01-10,GLD,0
2006-01-10,QQQ,0.25
2006-01-10,SPY,0.25
2006-01-10,VTI,0.25
2006-01-10,XLK,0.25
2006-01-11,GLD,0
2006-01-11,QQQ,0.25
2006-01-11,SPY,0.25
2006-01-11,VTI,0.25
2006-01-11,XLK,0.25
2006-01-12,GLD,0
2006-01-12,QQQ,0.25
2006-01-12,SPY,0.25
2006-01-12,VTI,0.25
2006-01-12,XLK,0.25
2006-01-13,GLD,0
2006-01-13,QQQ,0.25
2006-01-13,SPY,0.25
2006-01-13,VTI,0.25
2006-01-13,XLK,0.25
2006-01-17,GLD,0
2006-01-17,QQQ,0.25
2006-01-17,SPY,0.25
2006-01-17,VTI,0.25
2006-01-17,XLK,0.25
2006-01-18,GLD,0
2006-01-18,QQQ,0.25
2006-01-18,SPY,0.25
2006-01-18,VTI,0.25
2006-01-18,XLK,0.25
2006-01-19,GLD,0
2006-01-19,QQQ,0.25
2006-01-19,SPY,0.25
2006-01-19,VTI,0.25
2006-01-19,XLK,0.25
2006-01-20,GLD,0
2006-01-20,QQQ,0.25
2006-01-20,SPY,0.25
2006-01-20,VTI,0.25
2006-01-20,XLK,0.25
2006-01-23,GLD,0
2006-01-23,QQQ,0.25
2006-01-23,SPY,0.25
2006-01-23,VTI,0.25
2006-01-23,XLK,0.25
2006-01-24,GLD,0
2006-01-24,QQQ,0.25
2006-01-24,SPY,0.25
2006-01-24,VTI,0.25
2006-01-24,XLK,0.25
2006-01-25,GLD,0
2006-01-25,QQQ,0.25
2006-01-25,SPY,0.25
2006-01-25,VTI,0.25
2006-01-25,XLK,0.25
2006-01-26,GLD,0
2006-01-26,QQQ,0.25
2006-01-26,SPY,0.25
2006-01-26,VTI,0.25
2006-01-26,XLK,0.25
2006-01-27,GLD,0
2006-01-27,QQQ,0.25
2006-01-27,SPY,0.25
2006-01-27,VTI,0.25
2006-01-27,XLK,0.25
2006-01-30,GLD,0
2006-01-30,QQQ,0.25
2006-01-30,SPY,0.25
2006-01-30,VTI,0.25
2006-01-30,XLK,0.25
2006-01-31,GLD,0
2006-01-31,QQQ,0.25
2006-01-31,SPY,0.25
2006-01-31,VTI,0.25
2006-01-31,XLK,0.25
2006-02-01,GLD,0
2006-02-01,QQQ,0.25
2006-02-01,SPY,0.25
2006-02-01,VTI,0.25
2006-02-01,XLK,0.25
2006-02-02,GLD,0
2006-02-02,QQQ,0.25
2006-02-02,SPY,0.25
2006-02-02,VTI,0.25
2006-02-02,XLK,0.25
2006-02-03,GLD,0
2006-02-03,QQQ,0.25
2006-02-03,SPY,0.25
2006-02-03,VTI,0.25
2006-02-03,XLK,0.25
2006-02-06,GLD,0
2006-02-06,QQQ,0.25
2006-02-06,SPY,0.25
2006-02-06,VTI,0.25
2006-02-06,XLK,0.25
2006-02-07,GLD,0
2006-02-07,QQQ,0.25
2006-02-07,SPY,0.25
2006-02-07,VTI,0.25
2006-02-07,XLK,0.25
2006-02-08,GLD,0
2006-02-08,QQQ,0.25
2006-02-08,SPY,0.25
2006-02-08,VTI,0.25
2006-02-08,XLK,0.25
2006-02-09,GLD,0
2006-02-09,QQQ,0.25
2006-02-09,SPY,0.25
2006-02-09,VTI,0.25
2006-02-09,XLK,0.25
2006-02-10,GLD,0
2006-02-10,QQQ,0.25
2006-02-10,SPY,0.25
2006-02-10,VTI,0.25
2006-02-10,XLK,0.25
2006-02-13,GLD,0
2006-02-13,QQQ,0.25
2006-02-13,SPY,0.25
2006-02-13,VTI,0.25
2006-02-13,XLK,0.25
2006-02-14,GLD,0
2006-02-14,QQQ,0.25
2006-02-14,SPY,0.25
2006-02-14,VTI,0.25
2006-02-14,XLK,0.25
2006-02-15,GLD,0
2006-02-15,QQQ,0.25
2006-02-15,SPY,0.25
2006-02-15,VTI,0.25
2006-02-15,XLK,0.25
2006-02-16,GLD,0
2006-02-16,QQQ,0.25
2006-02-16,SPY,0.25
2006-02-16,VTI,0.25
2006-02-16,XLK,0.25
2006-02-17,GLD,0
2006-02-17,QQQ,0.25
2006-02-17,SPY,0.25
2006-02-17,VTI,0.25
2006-02-17,XLK,0.25
2006-02-21,GLD,0
2006-02-21,QQQ,0.25
2006-02-21,SPY,0.25
2006-02-21,VTI,0.25
2006-02-21,XLK,0.25
2006-02-22,GLD,0
2006-02-22,QQQ,0.25
2006-02-22,SPY,0.25
2006-02-22,VTI,0.25
2006-02-22,XLK,0.25
2006-02-23,GLD,0
2006-02-23,QQQ,0.25
2006-02-23,SPY,0.25
2006-02-23,VTI,0.25
2006-02-23,XLK,0.25
2006-02-24,GLD,0
2006-02-24,QQQ,0.25
2006-02-24,SPY,0.25
2006-02-24,VTI,0.25
2006-02-24,XLK,0.25
2006-02-27,GLD,0
2006-02-27,QQQ,0.25
2006-02-27,SPY,0.25
2006-02-27,VTI,0.25
2006-02-27,XLK,0.25
2006-02-28,GLD,0
2006-02-28,QQQ,0.25
2006-02-28,SPY,0.25
2006-02-28,VTI,0.25
2006-02-28,XLK,0.25
2006-03-01,GLD,0
2006-03-01,QQQ,0.25
2006-03-01,SPY,0.25
2006-03-01,VTI,0.25
2006-03-01,XLK,0.25
2006-03-02,GLD,0
2006-03-02,QQQ,0.25
2006-03-02,SPY,0.25
2006-03-02,VTI,0.25
2006-03-02,XLK,0.25
2006-03-03,GLD,0
2006-03-03,QQQ,0.25
2006-03-03,SPY,0.25
2006-03-03,VTI,0.25
2006-03-03,XLK,0.25
2006-03-06,GLD,0
2006-03-06,QQQ,0.25
2006-03-06,SPY,0.25
2006-03-06,VTI,0.25
2006-03-06,XLK,0.25
2006-03-07,GLD,0
2006-03-07,QQQ,0.25
2006-03-07,SPY,0.25
2006-03-07,VTI,0.25
2006-03-07,XLK,0.25
2006-03-08,GLD,0
2006-03-08,QQQ,0.25
2006-03-08,SPY,0.25
2006-03-08,VTI,0.25
2006-03-08,XLK,0.25
2006-03-09,GLD,0
2006-03-09,QQQ,0.25
2006-03-09,SPY,0.25
2006-03-09,VTI,0.25
2006-03-09,XLK,0.25
2006-03-10,GLD,0
2006-03-10,QQQ,0.25
2006-03-10,SPY,0.25
2006-03-10,VTI,0.25
2006-03-10,XLK,0.25
2006-03-13,GLD,0
2006-03-13,QQQ,0.25
2006-03-13,SPY,0.25
2006-03-13,VTI,0.25
2006-03-13,XLK,0.25
2006-03-14,GLD,0
2006-03-14,QQQ,0.25
2006-03-14,SPY,0.25
2006-03-14,VTI,0.25
2006-03-14,XLK,0.25
2006-03-15,GLD,0
2006-03-15,QQQ,0.25
2006-03-15,SPY,0.25
2006-03-15,VTI,0.25
2006-03-15,XLK,0.25
2006-03-16,GLD,0
2006-03-16,QQQ,0.25
2006-03-16,SPY,0.25
2006-03-16,VTI,0.25
2006-03-16,XLK,0.25
2006-03-17,GLD,0
2006-03-17,QQQ,0.25
2006-03-17,SPY,0.25
2006-03-17,VTI,0.25
2006-03-17,XLK,0.25
2006-03-20,GLD,0
2006-03-20,QQQ,0.25
2006-03-20,SPY,0.25
2006-03-20,VTI,0.25
2006-03-20,XLK,0.25
2006-03-21,GLD,0
2006-03-21,QQQ,0.25
2006-03-21,SPY,0.25
2006-03-21,VTI,0.25
2006-03-21,XLK,0.25
2006-03-22,GLD,0
2006-03-22,QQQ,0.25
2006-03-22,SPY,0.25
2006-03-22,VTI,0.25
2006-03-22,XLK,0.25
2006-03-23,GLD,0
2006-03-23,QQQ,0.25
2006-03-23,SPY,0.25
2006-03-23,VTI,0.25
2006-03-23,XLK,0.25
2006-03-24,GLD,0
2006-03-24,QQQ,0.25
2006-03-24,SPY,0.25
2006-03-24,VTI,0.25
2006-03-24,XLK,0.25
2006-03-27,GLD,0
2006-03-27,QQQ,0.25
2006-03-27,SPY,0.25
2006-03-27,VTI,0.25
2006-03-27,XLK,0.25
2006-03-28,GLD,0
2006-03-28,QQQ,0.25
2006-03-28,SPY,0.25
2006-03-28,VTI,0.25
2006-03-28,XLK,0.25
2006-03-29,GLD,0
2006-03-29,QQQ,0.25
2006-03-29,SPY,0.25
2006-03-29,VTI,0.25
2006-03-29,XLK,0.25
2006-03-30,GLD,0
2006-03-30,QQQ,0.25
2006-03-30,SPY,0.25
2006-03-30,VTI,0.25
2006-03-30,XLK,0.25
2006-03-31,GLD,0
2006-03-31,QQQ,0.25
2006-03-31,SPY,0.25
2006-03-31,VTI,0.25
2006-03-31,XLK,0.25
2006-04-03,GLD,0
2006-04-03,QQQ,0.25
2006-04-03,SPY,0.25
2006-04-03,VTI,0.25
2006-04-03,XLK,0.25
2006-04-04,GLD,0
2006-04-04,QQQ,0.25
2006-04-04,SPY,0.25
2006-04-04,VTI,0.25
2006-04-04,XLK,0.25
2006-04-05,GLD,0
2006-04-05,QQQ,0.25
2006-04-05,SPY,0.25
2006-04-05,VTI,0.25
2006-04-05,XLK,0.25
2006-04-06,GLD,0
2006-04-06,QQQ,0.25
2006-04-06,SPY,0.25
2006-04-06,VTI,0.25
2006-04-06,XLK,0.25
2006-04-07,GLD,0
2006-04-07,QQQ,0.25
2006-04-07,SPY,0.25
2006-04-07,VTI,0.25
2006-04-07,XLK,0.25
2006-04-10,GLD,0
2006-04-10,QQQ,0.25
2006-04-10,SPY,0.25
2006-04-10,VTI,0.25
2006-04-10,XLK,0.25
2006-04-11,GLD,0
2006-04-11,QQQ,0.25
2006-04-11,SPY,0.25
2006-04-11,VTI,0.25
2006-04-11,XLK,0.25
2006-04-12,GLD,0
2006-04-12,QQQ,0.25
2006-04-12,SPY,0.25
2006-04-12,VTI,0.25
2006-04-12,XLK,0.25
2006-04-13,GLD,0
2006-04-13,QQQ,0.25
2006-04-13,SPY,0.25
2006-04-13,VTI,0.25
2006-04-13,XLK,0.25
2006-04-17,GLD,0
2006-04-17,QQQ,0.25
2006-04-17,SPY,0.25
2006-04-17,VTI,0.25
2006-04-17,XLK,0.25
2006-04-18,GLD,0
2006-04-18,QQQ,0.25
2006-04-18,SPY,0.25
2006-04-18,VTI,0.25
2006-04-18,XLK,0.25
2006-04-19,GLD,0
2006-04-19,QQQ,0.25
2006-04-19,SPY,0.25
2006-04-19,VTI,0.25
2006-04-19,XLK,0.25
2006-04-20,GLD,0
2006-04-20,QQQ,0.25
2006-04-20,SPY,0.25
2006-04-20,VTI,0.25
2006-04-20,XLK,0.25
2006-04-21,GLD,0
2006-04-21,QQQ,0.25
2006-04-21,SPY,0.25
2006-04-21,VTI,0.25
2006-04-21,XLK,0.25
2006-04-24,GLD,0
2006-04-24,QQQ,0.25
2006-04-24,SPY,0.25
2006-04-24,VTI,0.25
2006-04-24,XLK,0.25
2006-04-25,GLD,0
2006-04-25,QQQ,0.25
2006-04-25,SPY,0.25
2006-04-25,VTI,0.25
2006-04-25,XLK,0.25
2006-04-26,GLD,0
2006-04-26,QQQ,0.25
2006-04-26,SPY,0.25
2006-04-26,VTI,0.25
2006-04-26,XLK,0.25
2006-04-27,GLD,0
2006-04-27,QQQ,0.25
2006-04-27,SPY,0.25
2006-04-27,VTI,0.25
2006-04-27,XLK,0.25
2006-04-28,GLD,0
2006-04-28,QQQ,0.25
2006-04-28,SPY,0.25
2006-04-28,VTI,0.25
2006-04-28,XLK,0.25
2006-05-01,GLD,0
2006-05-01,QQQ,0.25
2006-05-01,SPY,0.25
2006-05-01,VTI,0.25
2006-05-01,XLK,0.25
2006-05-02,GLD,0
2006-05-02,QQQ,0.25
2006-05-02,SPY,0.25
2006-05-02,VTI,0.25
2006-05-02,XLK,0.25
2006-05-03,GLD,0
2006-05-03,QQQ,0.25
2006-05-03,SPY,0.25
2006-05-03,VTI,0.25
2006-05-03,XLK,0.25
2006-05-04,GLD,0
2006-05-04,QQQ,0.25
2006-05-04,SPY,0.25
2006-05-04,VTI,0.25
2006-05-04,XLK,0.25
2006-05-05,GLD,0
2006-05-05,QQQ,0.25
2006-05-05,SPY,0.25
2006-05-05,VTI,0.25
2006-05-05,XLK,0.25
2006-05-08,GLD,0
2006-05-08,QQQ,0.25
2006-05-08,SPY,0.25
2006-05-08,VTI,0.25
2006-05-08,XLK,0.25
2006-05-09,GLD,0
2006-05-09,QQQ,0.25
2006-05-09,SPY,0.25
2006-05-09,VTI,0.25
2006-05-09,XLK,0.25
2006-05-10,GLD,0
2006-05-10,QQQ,0.25
2006-05-10,SPY,0.25
2006-05-10,VTI,0.25
2006-05-10,XLK,0.25
2006-05-11,GLD,0
2006-05-11,QQQ,0.25
2006-05-11,SPY,0.25
2006-05-11,VTI,0.25
2006-05-11,XLK,0.25
2006-05-12,GLD,0
2006-05-12,QQQ,0.25
2006-05-12,SPY,0.25
2006-05-12,VTI,0.25
2006-05-12,XLK,0.25
2006-05-15,GLD,0
2006-05-15,QQQ,0.25
2006-05-15,SPY,0.25
2006-05-15,VTI,0.25
2006-05-15,XLK,0.25
2006-05-16,GLD,0.25
2006-05-16,QQQ,0.25
2006-05-16,SPY,0.25
2006-05-16,VTI,0.25
2006-05-16,XLK,0
2006-05-17,GLD,0.5
2006-05-17,QQQ,0
2006-05-17,SPY,0.25
2006-05-17,VTI,0.25
2006-05-17,XLK,0
2006-05-18,GLD,0.5
2006-05-18,QQQ,0
2006-05-18,SPY,0.25
2006-05-18,VTI,0.25
2006-05-18,XLK,0
2006-05-19,GLD,0.5
2006-05-19,QQQ,0
2006-05-19,SPY,0.25
2006-05-19,VTI,0.25
2006-05-19,XLK,0
2006-05-22,GLD,0.5
2006-05-22,QQQ,0
2006-05-22,SPY,0.25
2006-05-22,VTI,0.25
2006-05-22,XLK,0
2006-05-23,GLD,0.5
2006-05-23,QQQ,0
2006-05-23,SPY,0.25
2006-05-23,VTI,0.25
2006-05-23,XLK,0
2006-05-24,GLD,0.5
2006-05-24,QQQ,0
2006-05-24,SPY,0.25
2006-05-24,VTI,0.25
2006-05-24,XLK,0
2006-05-25,GLD,0.5
2006-05-25,QQQ,0
2006-05-25,SPY,0.25
2006-05-25,VTI,0.25
2006-05-25,XLK,0
2006-05-26,GLD,0.5
2006-05-26,QQQ,0
2006-05-26,SPY,0.25
2006-05-26,VTI,0.25
2006-05-26,XLK,0
2006-05-30,GLD,0.5
2006-05-30,QQQ,0
2006-05-30,SPY,0.25
2006-05-30,VTI,0.25
2006-05-30,XLK,0
2006-05-31,GLD,0.5
2006-05-31,QQQ,0
2006-05-31,SPY,0.25
2006-05-31,VTI,0.25
2006-05-31,XLK,0
2006-06-01,GLD,0.5
2006-06-01,QQQ,0
2006-06-01,SPY,0.25
2006-06-01,VTI,0.25
2006-06-01,XLK,0
2006-06-02,GLD,0.5
2006-06-02,QQQ,0
2006-06-02,SPY,0.25
2006-06-02,VTI,0.25
2006-06-02,XLK,0
2006-06-05,GLD,0.5
2006-06-05,QQQ,0
2006-06-05,SPY,0.25
2006-06-05,VTI,0.25
2006-06-05,XLK,0
2006-06-06,GLD,0.5
2006-06-06,QQQ,0
2006-06-06,SPY,0.25
2006-06-06,VTI,0.25
2006-06-06,XLK,0
2006-06-07,GLD,0.5
2006-06-07,QQQ,0
2006-06-07,SPY,0.25
2006-06-07,VTI,0.25
2006-06-07,XLK,0
2006-06-08,GLD,0.5
2006-06-08,QQQ,0
2006-06-08,SPY,0.25
2006-06-08,VTI,0.25
2006-06-08,XLK,0
2006-06-09,GLD,0.5
2006-06-09,QQQ,0
2006-06-09,SPY,0.25
2006-06-09,VTI,0.25
2006-06-09,XLK,0
2006-06-12,GLD,0.5
2006-06-12,QQQ,0
2006-06-12,SPY,0.25
2006-06-12,VTI,0.25
2006-06-12,XLK,0
2006-06-13,GLD,1
2006-06-13,QQQ,0
2006-06-13,SPY,0
2006-06-13,VTI,0
2006-06-13,XLK,0
2006-06-14,GLD,1
2006-06-14,QQQ,0
2006-06-14,SPY,0
2006-06-14,VTI,0
2006-06-14,XLK,0
2006-06-15,GLD,1
2006-06-15,QQQ,0
2006-06-15,SPY,0
2006-06-15,VTI,0
2006-06-15,XLK,0
2006-06-16,GLD,1
2006-06-16,QQQ,0
2006-06-16,SPY,0
2006-06-16,VTI,0
2006-06-16,XLK,0
2006-06-19,GLD,1
2006-06-19,QQQ,0
2006-06-19,SPY,0
2006-06-19,VTI,0
2006-06-19,XLK,0
2006-06-20,GLD,1
2006-06-20,QQQ,0
2006-06-20,SPY,0
2006-06-20,VTI,0
2006-06-20,XLK,0
2006-06-21,GLD,1
2006-06-21,QQQ,0
2006-06-21,SPY,0
2006-06-21,VTI,0
2006-06-21,XLK,0
2006-06-22,GLD,1
2006-06-22,QQQ,0
2006-06-22,SPY,0
2006-06-22,VTI,0
2006-06-22,XLK,0
2006-06-23,GLD,1
2006-06-23,QQQ,0
2006-06-23,SPY,0
2006-06-23,VTI,0
2006-06-23,XLK,0
2006-06-26,GLD,1
2006-06-26,QQQ,0
2006-06-26,SPY,0
2006-06-26,VTI,0
2006-06-26,XLK,0
2006-06-27,GLD,1
2006-06-27,QQQ,0
2006-06-27,SPY,0
2006-06-27,VTI,0
2006-06-27,XLK,0
2006-06-28,GLD,1
2006-06-28,QQQ,0
2006-06-28,SPY,0
2006-06-28,VTI,0
2006-06-28,XLK,0
2006-06-29,GLD,1
2006-06-29,QQQ,0
2006-06-29,SPY,0
2006-06-29,VTI,0
2006-06-29,XLK,0
2006-06-30,GLD,1
2006-06-30,QQQ,0
2006-06-30,SPY,0
2006-06-30,VTI,0
2006-06-30,XLK,0
2006-07-03,GLD,1
2006-07-03,QQQ,0
2006-07-03,SPY,0
2006-07-03,VTI,0
2006-07-03,XLK,0
2006-07-05,GLD,1
2006-07-05,QQQ,0
2006-07-05,SPY,0
2006-07-05,VTI,0
2006-07-05,XLK,0
2006-07-06,GLD,1
2006-07-06,QQQ,0
2006-07-06,SPY,0
2006-07-06,VTI,0
2006-07-06,XLK,0
2006-07-07,GLD,1
2006-07-07,QQQ,0
2006-07-07,SPY,0
2006-07-07,VTI,0
2006-07-07,XLK,0
2006-07-10,GLD,1
2006-07-10,QQQ,0
2006-07-10,SPY,0
2006-07-10,VTI,0
2006-07-10,XLK,0
2006-07-11,GLD,1
2006-07-11,QQQ,0
2006-07-11,SPY,0
2006-07-11,VTI,0
2006-07-11,XLK,0
2006-07-12,GLD,1
2006-07-12,QQQ,0
2006-07-12,SPY,0
2006-07-12,VTI,0
2006-07-12,XLK,0
2006-07-13,GLD,1
2006-07-13,QQQ,0
2006-07-13,SPY,0
2006-07-13,VTI,0
2006-07-13,XLK,0
2006-07-14,GLD,1
2006-07-14,QQQ,0
2006-07-14,SPY,0
2006-07-14,VTI,0
2006-07-14,XLK,0
2006-07-17,GLD,1
2006-07-17,QQQ,0
2006-07-17,SPY,0
2006-07-17,VTI,0
2006-07-17,XLK,0
2006-07-18,GLD,1
2006-07-18,QQQ,0
2006-07-18,SPY,0
2006-07-18,VTI,0
2006-07-18,XLK,0
2006-07-19,GLD,1
2006-07-19,QQQ,0
2006-07-19,SPY,0
2006-07-19,VTI,0
2006-07-19,XLK,0
2006-07-20,GLD,1
2006-07-20,QQQ,0
2006-07-20,SPY,0
2006-07-20,VTI,0
2006-07-20,XLK,0
2006-07-21,GLD,1
2006-07-21,QQQ,0
2006-07-21,SPY,0
2006-07-21,VTI,0
2006-07-21,XLK,0
2006-07-24,GLD,1
2006-07-24,QQQ,0
2006-07-24,SPY,0
2006-07-24,VTI,0
2006-07-24,XLK,0
2006-07-25,GLD,1
2006-07-25,QQQ,0
2006-07-25,SPY,0
2006-07-25,VTI,0
2006-07-25,XLK,0
2006-07-26,GLD,1
2006-07-26,QQQ,0
2006-07-26,SPY,0
2006-07-26,VTI,0
2006-07-26,XLK,0
2006-07-27,GLD,1
2006-07-27,QQQ,0
2006-07-27,SPY,0
2006-07-27,VTI,0
2006-07-27,XLK,0
2006-07-28,GLD,1
2006-07-28,QQQ,0
2006-07-28,SPY,0
2006-07-28,VTI,0
2006-07-28,XLK,0
2006-07-31,GLD,1
2006-07-31,QQQ,0
2006-07-31,SPY,0
2006-07-31,VTI,0
2006-07-31,XLK,0
2006-08-01,GLD,1
2006-08-01,QQQ,0
2006-08-01,SPY,0
2006-08-01,VTI,0
2006-08-01,XLK,0
2006-08-02,GLD,1
2006-08-02,QQQ,0
2006-08-02,SPY,0
2006-08-02,VTI,0
2006-08-02,XLK,0
2006-08-03,GLD,1
2006-08-03,QQQ,0
2006-08-03,SPY,0
2006-08-03,VTI,0
2006-08-03,XLK,0
2006-08-04,GLD,1
2006-08-04,QQQ,0
2006-08-04,SPY,0
2006-08-04,VTI,0
2006-08-04,XLK,0
2006-08-07,GLD,1
2006-08-07,QQQ,0
2006-08-07,SPY,0
2006-08-07,VTI,0
2006-08-07,XLK,0
2006-08-08,GLD,1
2006-08-08,QQQ,0
2006-08-08,SPY,0
2006-08-08,VTI,0
2006-08-08,XLK,0
2006-08-09,GLD,1
2006-08-09,QQQ,0
2006-08-09,SPY,0
2006-08-09,VTI,0
2006-08-09,XLK,0
2006-08-10,GLD,1
2006-08-10,QQQ,0
2006-08-10,SPY,0
2006-08-10,VTI,0
2006-08-10,XLK,0
2006-08-11,GLD,1
2006-08-11,QQQ,0
2006-08-11,SPY,0
2006-08-11,VTI,0
2006-08-11,XLK,0
2006-08-14,GLD,1
2006-08-14,QQQ,0
2006-08-14,SPY,0
2006-08-14,VTI,0
2006-08-14,XLK,0
2006-08-15,GLD,1
2006-08-15,QQQ,0
2006-08-15,SPY,0
2006-08-15,VTI,0
2006-08-15,XLK,0
2006-08-16,GLD,1
2006-08-16,QQQ,0
2006-08-16,SPY,0
2006-08-16,VTI,0
2006-08-16,XLK,0
2006-08-17,GLD,0.75
2006-08-17,QQQ,0
2006-08-17,SPY,0.25
2006-08-17,VTI,0
2006-08-17,XLK,0
2006-08-18,GLD,0.75
2006-08-18,QQQ,0
2006-08-18,SPY,0.25
2006-08-18,VTI,0
2006-08-18,XLK,0
2006-08-21,GLD,0.75
2006-08-21,QQQ,0
2006-08-21,SPY,0.25
2006-08-21,VTI,0
2006-08-21,XLK,0
2006-08-22,GLD,0.75
2006-08-22,QQQ,0
2006-08-22,SPY,0.25
2006-08-22,VTI,0
2006-08-22,XLK,0
2006-08-23,GLD,0.75
2006-08-23,QQQ,0
2006-08-23,SPY,0.25
2006-08-23,VTI,0
2006-08-23,XLK,0
2006-08-24,GLD,0.75
2006-08-24,QQQ,0
2006-08-24,SPY,0.25
2006-08-24,VTI,0
2006-08-24,XLK,0
2006-08-25,GLD,0.75
2006-08-25,QQQ,0
2006-08-25,SPY,0.25
2006-08-25,VTI,0
2006-08-25,XLK,0
2006-08-28,GLD,0.75
2006-08-28,QQQ,0
2006-08-28,SPY,0.25
2006-08-28,VTI,0
2006-08-28,XLK,0
2006-08-29,GLD,0.75
2006-08-29,QQQ,0
2006-08-29,SPY,0.25
2006-08-29,VTI,0
2006-08-29,XLK,0
2006-08-30,GLD,0.75
2006-08-30,QQQ,0
2006-08-30,SPY,0.25
2006-08-30,VTI,0
2006-08-30,XLK,0
2006-08-31,GLD,0.75
2006-08-31,QQQ,0
2006-08-31,SPY,0.25
2006-08-31,VTI,0
2006-08-31,XLK,0
2006-09-01,GLD,0.5
2006-09-01,QQQ,0
2006-09-01,SPY,0.25
2006-09-01,VTI,0.25
2006-09-01,XLK,0
2006-09-05,GLD,0.5
2006-09-05,QQQ,0
2006-09-05,SPY,0.25
2006-09-05,VTI,0.25
2006-09-05,XLK,0
2006-09-06,GLD,0.5
2006-09-06,QQQ,0
2006-09-06,SPY,0.25
2006-09-06,VTI,0.25
2006-09-06,XLK,0
2006-09-07,GLD,0.5
2006-09-07,QQQ,0
2006-09-07,SPY,0.25
2006-09-07,VTI,0.25
2006-09-07,XLK,0
2006-09-08,GLD,0.5
2006-09-08,QQQ,0
2006-09-08,SPY,0.25
2006-09-08,VTI,0.25
2006-09-08,XLK,0
2006-09-11,GLD,0.5
2006-09-11,QQQ,0
2006-09-11,SPY,0.25
2006-09-11,VTI,0.25
2006-09-11,XLK,0
2006-09-12,GLD,0.25
2006-09-12,QQQ,0
2006-09-12,SPY,0.25
2006-09-12,VTI,0.25
2006-09-12,XLK,0.25
2006-09-13,GLD,0.25
2006-09-13,QQQ,0
2006-09-13,SPY,0.25
2006-09-13,VTI,0.25
2006-09-13,XLK,0.25
2006-09-14,GLD,0.25
2006-09-14,QQQ,0
2006-09-14,SPY,0.25
2006-09-14,VTI,0.25
2006-09-14,XLK,0.25
2006-09-15,GLD,0.25
2006-09-15,QQQ,0
2006-09-15,SPY,0.25
2006-09-15,VTI,0.25
2006-09-15,XLK,0.25
2006-09-18,GLD,0.25
2006-09-18,QQQ,0
2006-09-18,SPY,0.25
2006-09-18,VTI,0.25
2006-09-18,XLK,0.25
2006-09-19,GLD,0.25
2006-09-19,QQQ,0
2006-09-19,SPY,0.25
2006-09-19,VTI,0.25
2006-09-19,XLK,0.25
2006-09-20,GLD,0.25
2006-09-20,QQQ,0
2006-09-20,SPY,0.25
2006-09-20,VTI,0.25
2006-09-20,XLK,0.25
2006-09-21,GLD,0.25
2006-09-21,QQQ,0
2006-09-21,SPY,0.25
2006-09-21,VTI,0.25
2006-09-21,XLK,0.25
2006-09-22,GLD,0.25
2006-09-22,QQQ,0
2006-09-22,SPY,0.25
2006-09-22,VTI,0.25
2006-09-22,XLK,0.25
2006-09-25,GLD,0.25
2006-09-25,QQQ,0
2006-09-25,SPY,0.25
2006-09-25,VTI,0.25
2006-09-25,XLK,0.25
2006-09-26,GLD,0.25
2006-09-26,QQQ,0
2006-09-26,SPY,0.25
2006-09-26,VTI,0.25
2006-09-26,XLK,0.25
2006-09-27,GLD,0.25
2006-09-27,QQQ,0
2006-09-27,SPY,0.25
2006-09-27,VTI,0.25
2006-09-27,XLK,0.25
2006-09-28,GLD,0
2006-09-28,QQQ,0.25
2006-09-28,SPY,0.25
2006-09-28,VTI,0.25
2006-09-28,XLK,0.25
2006-09-29,GLD,0
2006-09-29,QQQ,0.25
2006-09-29,SPY,0.25
2006-09-29,VTI,0.25
2006-09-29,XLK,0.25
2006-10-02,GLD,0
2006-10-02,QQQ,0.25
2006-10-02,SPY,0.25
2006-10-02,VTI,0.25
2006-10-02,XLK,0.25
2006-10-03,GLD,0
2006-10-03,QQQ,0.25
2006-10-03,SPY,0.25
2006-10-03,VTI,0.25
2006-10-03,XLK,0.25
2006-10-04,GLD,0
2006-10-04,QQQ,0.25
2006-10-04,SPY,0.25
2006-10-04,VTI,0.25
2006-10-04,XLK,0.25
2006-10-05,GLD,0
2006-10-05,QQQ,0.25
2006-10-05,SPY,0.25
2006-10-05,VTI,0.25
2006-10-05,XLK,0.25
2006-10-06,GLD,0
2006-10-06,QQQ,0.25
2006-10-06,SPY,0.25
2006-10-06,VTI,0.25
2006-10-06,XLK,0.25
2006-10-09,GLD,0
2006-10-09,QQQ,0.25
2006-10-09,SPY,0.25
2006-10-09,VTI,0.25
2006-10-09,XLK,0.25
2006-10-10,GLD,0
2006-10-10,QQQ,0.25
2006-10-10,SPY,0.25
2006-10-10,VTI,0.25
2006-10-10,XLK,0.25
2006-10-11,GLD,0
2006-10-11,QQQ,0.25
2006-10-11,SPY,0.25
2006-10-11,VTI,0.25
2006-10-11,XLK,0.25
2006-10-12,GLD,0
2006-10-12,QQQ,0.25
2006-10-12,SPY,0.25
2006-10-12,VTI,0.25
2006-10-12,XLK,0.25
2006-10-13,GLD,0
2006-10-13,QQQ,0.25
2006-10-13,SPY,0.25
2006-10-13,VTI,0.25
2006-10-13,XLK,0.25
2006-10-16,GLD,0
2006-10-16,QQQ,0.25
2006-10-16,SPY,0.25
2006-10-16,VTI,0.25
2006-10-16,XLK,0.25
2006-10-17,GLD,0
2006-10-17,QQQ,0.25
2006-10-17,SPY,0.25
2006-10-17,VTI,0.25
2006-10-17,XLK,0.25
2006-10-18,GLD,0
2006-10-18,QQQ,0.25
2006-10-18,SPY,0.25
2006-10-18,VTI,0.25
2006-10-18,XLK,0.25
2006-10-19,GLD,0
2006-10-19,QQQ,0.25
2006-10-19,SPY,0.25
2006-10-19,VTI,0.25
2006-10-19,XLK,0.25
2006-10-20,GLD,0
2006-10-20,QQQ,0.25
2006-10-20,SPY,0.25
2006-10-20,VTI,0.25
2006-10-20,XLK,0.25
2006-10-23,GLD,0
2006-10-23,QQQ,0.25
2006-10-23,SPY,0.25
2006-10-23,VTI,0.25
2006-10-23,XLK,0.25
2006-10-24,GLD,0
2006-10-24,QQQ,0.25
2006-10-24,SPY,0.25
2006-10-24,VTI,0.25
2006-10-24,XLK,0.25
2006-10-25,GLD,0
2006-10-25,QQQ,0.25
2006-10-25,SPY,0.25
2006-10-25,VTI,0.25
2006-10-25,XLK,0.25
2006-10-26,GLD,0
2006-10-26,QQQ,0.25
2006-10-26,SPY,0.25
2006-10-26,VTI,0.25
2006-10-26,XLK,0.25
2006-10-27,GLD,0
2006-10-27,QQQ,0.25
2006-10-27,SPY,0.25
2006-10-27,VTI,0.25
2006-10-27,XLK,0.25
2006-10-30,GLD,0
2006-10-30,QQQ,0.25
2006-10-30,SPY,0.25
2006-10-30,VTI,0.25
2006-10-30,XLK,0.25
2006-10-31,GLD,0
2006-10-31,QQQ,0.25
2006-10-31,SPY,0.25
2006-10-31,VTI,0.25
2006-10-31,XLK,0.25
2006-11-01,GLD,0
2006-11-01,QQQ,0.25
2006-11-01,SPY,0.25
2006-11-01,VTI,0.25
2006-11-01,XLK,0.25
2006-11-02,GLD,0
2006-11-02,QQQ,0.25
2006-11-02,SPY,0.25
2006-11-02,VTI,0.25
2006-11-02,XLK,0.25
2006-11-03,GLD,0
2006-11-03,QQQ,0.25
2006-11-03,SPY,0.25
2006-11-03,VTI,0.25
2006-11-03,XLK,0.25
2006-11-06,GLD,0
2006-11-06,QQQ,0.25
2006-11-06,SPY,0.25
2006-11-06,VTI,0.25
2006-11-06,XLK,0.25
2006-11-07,GLD,0
2006-11-07,QQQ,0.25
2006-11-07,SPY,0.25
2006-11-07,VTI,0.25
2006-11-07,XLK,0.25
2006-11-08,GLD,0
2006-11-08,QQQ,0.25
2006-11-08,SPY,0.25
2006-11-08,VTI,0.25
2006-11-08,XLK,0.25
2006-11-09,GLD,0
2006-11-09,QQQ,0.25
2006-11-09,SPY,0.25
2006-11-09,VTI,0.25
2006-11-09,XLK,0.25
2006-11-10,GLD,0
2006-11-10,QQQ,0.25
2006-11-10,SPY,0.25
2006-11-10,VTI,0.25
2006-11-10,XLK,0.25
2006-11-13,GLD,0
2006-11-13,QQQ,0.25
2006-11-13,SPY,0.25
2006-11-13,VTI,0.25
2006-11-13,XLK,0.25
2006-11-14,GLD,0
2006-11-14,QQQ,0.25
2006-11-14,SPY,0.25
2006-11-14,VTI,0.25
2006-11-14,XLK,0.25
2006-11-15,GLD,0
2006-11-15,QQQ,0.25
2006-11-15,SPY,0.25
2006-11-15,VTI,0.25
2006-11-15,XLK,0.25
2006-11-16,GLD,0
2006-11-16,QQQ,0.25
2006-11-16,SPY,0.25
2006-11-16,VTI,0.25
2006-11-16,XLK,0.25
2006-11-17,GLD,0
2006-11-17,QQQ,0.25
2006-11-17,SPY,0.25
2006-11-17,VTI,0.25
2006-11-17,XLK,0.25
2006-11-20,GLD,0
2006-11-20,QQQ,0.25
2006-11-20,SPY,0.25
2006-11-20,VTI,0.25
2006-11-20,XLK,0.25
2006-11-21,GLD,0
2006-11-21,QQQ,0.25
2006-11-21,SPY,0.25
2006-11-21,VTI,0.25
2006-11-21,XLK,0.25
2006-11-22,GLD,0
2006-11-22,QQQ,0.25
2006-11-22,SPY,0.25
2006-11-22,VTI,0.25
2006-11-22,XLK,0.25
2006-11-24,GLD,0
2006-11-24,QQQ,0.25
2006-11-24,SPY,0.25
2006-11-24,VTI,0.25
2006-11-24,XLK,0.25
2006-11-27,GLD,0
2006-11-27,QQQ,0.25
2006-11-27,SPY,0.25
2006-11-27,VTI,0.25
2006-11-27,XLK,0.25
2006-11-28,GLD,0
2006-11-28,QQQ,0.25
2006-11-28,SPY,0.25
2006-11-28,VTI,0.25
2006-11-28,XLK,0.25
2006-11-29,GLD,0
2006-11-29,QQQ,0.25
2006-11-29,SPY,0.25
2006-11-29,VTI,0.25
2006-11-29,XLK,0.25
2006-11-30,GLD,0
2006-11-30,QQQ,0.25
2006-11-30,SPY,0.25
2006-11-30,VTI,0.25
2006-11-30,XLK,0.25
2006-12-01,GLD,0
2006-12-01,QQQ,0.25
2006-12-01,SPY,0.25
2006-12-01,VTI,0.25
2006-12-01,XLK,0.25
2006-12-04,GLD,0
2006-12-04,QQQ,0.25
2006-12-04,SPY,0.25
2006-12-04,VTI,0.25
2006-12-04,XLK,0.25
2006-12-05,GLD,0
2006-12-05,QQQ,0.25
2006-12-05,SPY,0.25
2006-12-05,VTI,0.25
2006-12-05,XLK,0.25
2006-12-06,GLD,0
2006-12-06,QQQ,0.25
2006-12-06,SPY,0.25
2006-12-06,VTI,0.25
2006-12-06,XLK,0.25
2006-12-07,GLD,0
2006-12-07,QQQ,0.25
2006-12-07,SPY,0.25
2006-12-07,VTI,0.25
2006-12-07,XLK,0.25
2006-12-08,GLD,0
2006-12-08,QQQ,0.25
2006-12-08,SPY,0.25
2006-12-08,VTI,0.25
2006-12-08,XLK,0.25
2006-12-11,GLD,0
2006-12-11,QQQ,0.25
2006-12-11,SPY,0.25
2006-12-11,VTI,0.25
2006-12-11,XLK,0.25
2006-12-12,GLD,0
2006-12-12,QQQ,0.25
2006-12-12,SPY,0.25
2006-12-12,VTI,0.25
2006-12-12,XLK,0.25
2006-12-13,GLD,0
2006-12-13,QQQ,0.25
2006-12-13,SPY,0.25
2006-12-13,VTI,0.25
2006-12-13,XLK,0.25
2006-12-14,GLD,0
2006-12-14,QQQ,0.25
2006-12-14,SPY,0.25
2006-12-14,VTI,0.25
2006-12-14,XLK,0.25
2006-12-15,GLD,0
2006-12-15,QQQ,0.25
2006-12-15,SPY,0.25
2006-12-15,VTI,0.25
2006-12-15,XLK,0.25
2006-12-18,GLD,0
2006-12-18,QQQ,0.25
2006-12-18,SPY,0.25
2006-12-18,VTI,0.25
2006-12-18,XLK,0.25
2006-12-19,GLD,0
2006-12-19,QQQ,0.25
2006-12-19,SPY,0.25
2006-12-19,VTI,0.25
2006-12-19,XLK,0.25
2006-12-20,GLD,0
2006-12-20,QQQ,0.25
2006-12-20,SPY,0.25
2006-12-20,VTI,0.25
2006-12-20,XLK,0.25
2006-12-21,GLD,0
2006-12-21,QQQ,0.25
2006-12-21,SPY,0.25
2006-12-21,VTI,0.25
2006-12-21,XLK,0.25
2006-12-22,GLD,0
2006-12-22,QQQ,0.25
2006-12-22,SPY,0.25
2006-12-22,VTI,0.25
2006-12-22,XLK,0.25
2006-12-26,GLD,0
2006-12-26,QQQ,0.25
2006-12-26,SPY,0.25
2006-12-26,VTI,0.25
2006-12-26,XLK,0.25
2006-12-27,GLD,0
2006-12-27,QQQ,0.25
2006-12-27,SPY,0.25
2006-12-27,VTI,0.25
2006-12-27,XLK,0.25
2006-12-28,GLD,0
2006-12-28,QQQ,0.25
2006-12-28,SPY,0.25
2006-12-28,VTI,0.25
2006-12-28,XLK,0.25
2006-12-29,GLD,0
2006-12-29,QQQ,0.25
2006-12-29,SPY,0.25
2006-12-29,VTI,0.25
2006-12-29,XLK,0.25
2007-01-03,GLD,0
2007-01-03,QQQ,0.25
2007-01-03,SPY,0.25
2007-01-03,VTI,0.25
2007-01-03,XLK,0.25
2007-01-04,GLD,0
2007-01-04,QQQ,0.25
2007-01-04,SPY,0.25
2007-01-04,VTI,0.25
2007-01-04,XLK,0.25
2007-01-05,GLD,0
2007-01-05,QQQ,0.25
2007-01-05,SPY,0.25
2007-01-05,VTI,0.25
2007-01-05,XLK,0.25
2007-01-08,GLD,0
2007-01-08,QQQ,0.25
2007-01-08,SPY,0.25
2007-01-08,VTI,0.25
2007-01-08,XLK,0.25
2007-01-09,GLD,0
2007-01-09,QQQ,0.25
2007-01-09,SPY,0.25
2007-01-09,VTI,0.25
2007-01-09,XLK,0.25
2007-01-10,GLD,0
2007-01-10,QQQ,0.25
2007-01-10,SPY,0.25
2007-01-10,VTI,0.25
2007-01-10,XLK,0.25
2007-01-11,GLD,0
2007-01-11,QQQ,0.25
2007-01-11,SPY,0.25
2007-01-11,VTI,0.25
2007-01-11,XLK,0.25
2007-01-12,GLD,0
2007-01-12,QQQ,0.25
2007-01-12,SPY,0.25
2007-01-12,VTI,0.25
2007-01-12,XLK,0.25
2007-01-16,GLD,0
2007-01-16,QQQ,0.25
2007-01-16,SPY,0.25
2007-01-16,VTI,0.25
2007-01-16,XLK,0.25
2007-01-17,GLD,0
2007-01-17,QQQ,0.25
2007-01-17,SPY,0.25
2007-01-17,VTI,0.25
2007-01-17,XLK,0.25
2007-01-18,GLD,0
2007-01-18,QQQ,0.25
2007-01-18,SPY,0.25
2007-01-18,VTI,0.25
2007-01-18,XLK,0.25
2007-01-19,GLD,0
2007-01-19,QQQ,0.25
2007-01-19,SPY,0.25
2007-01-19,VTI,0.25
2007-01-19,XLK,0.25
2007-01-22,GLD,0
2007-01-22,QQQ,0.25
2007-01-22,SPY,0.25
2007-01-22,VTI,0.25
2007-01-22,XLK,0.25
2007-01-23,GLD,0
2007-01-23,QQQ,0.25
2007-01-23,SPY,0.25
2007-01-23,VTI,0.25
2007-01-23,XLK,0.25
2007-01-24,GLD,0
2007-01-24,QQQ,0.25
2007-01-24,SPY,0.25
2007-01-24,VTI,0.25
2007-01-24,XLK,0.25
2007-01-25,GLD,0
2007-01-25,QQQ,0.25
2007-01-25,SPY,0.25
2007-01-25,VTI,0.25
2007-01-25,XLK,0.25
2007-01-26,GLD,0
2007-01-26,QQQ,0.25
2007-01-26,SPY,0.25
2007-01-26,VTI,0.25
2007-01-26,XLK,0.25
2007-01-29,GLD,0
2007-01-29,QQQ,0.25
2007-01-29,SPY,0.25
2007-01-29,VTI,0.25
2007-01-29,XLK,0.25
2007-01-30,GLD,0
2007-01-30,QQQ,0.25
2007-01-30,SPY,0.25
2007-01-30,VTI,0.25
2007-01-30,XLK,0.25
2007-01-31,GLD,0
2007-01-31,QQQ,0.25
2007-01-31,SPY,0.25
2007-01-31,VTI,0.25
2007-01-31,XLK,0.25
2007-02-01,GLD,0
2007-02-01,QQQ,0.25
2007-02-01,SPY,0.25
2007-02-01,VTI,0.25
2007-02-01,XLK,0.25
2007-02-02,GLD,0
2007-02-02,QQQ,0.25
2007-02-02,SPY,0.25
2007-02-02,VTI,0.25
2007-02-02,XLK,0.25
2007-02-05,GLD,0
2007-02-05,QQQ,0.25
2007-02-05,SPY,0.25
2007-02-05,VTI,0.25
2007-02-05,XLK,0.25
2007-02-06,GLD,0
2007-02-06,QQQ,0.25
2007-02-06,SPY,0.25
2007-02-06,VTI,0.25
2007-02-06,XLK,0.25
2007-02-07,GLD,0
2007-02-07,QQQ,0.25
2007-02-07,SPY,0.25
2007-02-07,VTI,0.25
2007-02-07,XLK,0.25
2007-02-08,GLD,0
2007-02-08,QQQ,0.25
2007-02-08,SPY,0.25
2007-02-08,VTI,0.25
2007-02-08,XLK,0.25
2007-02-09,GLD,0
2007-02-09,QQQ,0.25
2007-02-09,SPY,0.25
2007-02-09,VTI,0.25
2007-02-09,XLK,0.25
2007-02-12,GLD,0
2007-02-12,QQQ,0.25
2007-02-12,SPY,0.25
2007-02-12,VTI,0.25
2007-02-12,XLK,0.25
2007-02-13,GLD,0
2007-02-13,QQQ,0.25
2007-02-13,SPY,0.25
2007-02-13,VTI,0.25
2007-02-13,XLK,0.25
2007-02-14,GLD,0
2007-02-14,QQQ,0.25
2007-02-14,SPY,0.25
2007-02-14,VTI,0.25
2007-02-14,XLK,0.25
2007-02-15,GLD,0
2007-02-15,QQQ,0.25
2007-02-15,SPY,0.25
2007-02-15,VTI,0.25
2007-02-15,XLK,0.25
2007-02-16,GLD,0
2007-02-16,QQQ,0.25
2007-02-16,SPY,0.25
2007-02-16,VTI,0.25
2007-02-16,XLK,0.25
2007-02-20,GLD,0
2007-02-20,QQQ,0.25
2007-02-20,SPY,0.25
2007-02-20,VTI,0.25
2007-02-20,XLK,0.25
2007-02-21,GLD,0
2007-02-21,QQQ,0.25
2007-02-21,SPY,0.25
2007-02-21,VTI,0.25
2007-02-21,XLK,0.25
2007-02-22,GLD,0
2007-02-22,QQQ,0.25
2007-02-22,SPY,0.25
2007-02-22,VTI,0.25
2007-02-22,XLK,0.25
2007-02-23,GLD,0
2007-02-23,QQQ,0.25
2007-02-23,SPY,0.25
2007-02-23,VTI,0.25
2007-02-23,XLK,0.25
2007-02-26,GLD,0
2007-02-26,QQQ,0.25
2007-02-26,SPY,0.25
2007-02-26,VTI,0.25
2007-02-26,XLK,0.25
2007-02-27,GLD,0
2007-02-27,QQQ,0.25
2007-02-27,SPY,0.25
2007-02-27,VTI,0.25
2007-02-27,XLK,0.25
2007-02-28,GLD,0
2007-02-28,QQQ,0.25
2007-02-28,SPY,0.25
2007-02-28,VTI,0.25
2007-02-28,XLK,0.25
2007-03-01,GLD,0
2007-03-01,QQQ,0.25
2007-03-01,SPY,0.25
2007-03-01,VTI,0.25
2007-03-01,XLK,0.25
2007-03-02,GLD,0
2007-03-02,QQQ,0.25
2007-03-02,SPY,0.25
2007-03-02,VTI,0.25
2007-03-02,XLK,0.25
2007-03-05,GLD,0
2007-03-05,QQQ,0.25
2007-03-05,SPY,0.25
2007-03-05,VTI,0.25
2007-03-05,XLK,0.25
2007-03-06,GLD,0
2007-03-06,QQQ,0.25
2007-03-06,SPY,0.25
2007-03-06,VTI,0.25
2007-03-06,XLK,0.25
2007-03-07,GLD,0
2007-03-07,QQQ,0.25
2007-03-07,SPY,0.25
2007-03-07,VTI,0.25
2007-03-07,XLK,0.25
2007-03-08,GLD,0
2007-03-08,QQQ,0.25
2007-03-08,SPY,0.25
2007-03-08,VTI,0.25
2007-03-08,XLK,0.25
2007-03-09,GLD,0
2007-03-09,QQQ,0.25
2007-03-09,SPY,0.25
2007-03-09,VTI,0.25
2007-03-09,XLK,0.25
2007-03-12,GLD,0
2007-03-12,QQQ,0.25
2007-03-12,SPY,0.25
2007-03-12,VTI,0.25
2007-03-12,XLK,0.25
2007-03-13,GLD,0
2007-03-13,QQQ,0.25
2007-03-13,SPY,0.25
2007-03-13,VTI,0.25
2007-03-13,XLK,0.25
2007-03-14,GLD,0
2007-03-14,QQQ,0.25
2007-03-14,SPY,0.25
2007-03-14,VTI,0.25
2007-03-14,XLK,0.25
2007-03-15,GLD,0
2007-03-15,QQQ,0.25
2007-03-15,SPY,0.25
2007-03-15,VTI,0.25
2007-03-15,XLK,0.25
2007-03-16,GLD,0
2007-03-16,QQQ,0.25
2007-03-16,SPY,0.25
2007-03-16,VTI,0.25
2007-03-16,XLK,0.25
2007-03-19,GLD,0
2007-03-19,QQQ,0.25
2007-03-19,SPY,0.25
2007-03-19,VTI,0.25
2007-03-19,XLK,0.25
2007-03-20,GLD,0
2007-03-20,QQQ,0.25
2007-03-20,SPY,0.25
2007-03-20,VTI,0.25
2007-03-20,XLK,0.25
2007-03-21,GLD,0
2007-03-21,QQQ,0.25
2007-03-21,SPY,0.25
2007-03-21,VTI,0.25
2007-03-21,XLK,0.25
2007-03-22,GLD,0
2007-03-22,QQQ,0.25
2007-03-22,SPY,0.25
2007-03-22,VTI,0.25
2007-03-22,XLK,0.25
2007-03-23,GLD,0
2007-03-23,QQQ,0.25
2007-03-23,SPY,0.25
2007-03-23,VTI,0.25
2007-03-23,XLK,0.25
2007-03-26,GLD,0
2007-03-26,QQQ,0.25
2007-03-26,SPY,0.25
2007-03-26,VTI,0.25
2007-03-26,XLK,0.25
2007-03-27,GLD,0
2007-03-27,QQQ,0.25
2007-03-27,SPY,0.25
2007-03-27,VTI,0.25
2007-03-27,XLK,0.25
2007-03-28,GLD,0
2007-03-28,QQQ,0.25
2007-03-28,SPY,0.25
2007-03-28,VTI,0.25
2007-03-28,XLK,0.25
2007-03-29,GLD,0
2007-03-29,QQQ,0.25
2007-03-29,SPY,0.25
2007-03-29,VTI,0.25
2007-03-29,XLK,0.25
2007-03-30,GLD,0
2007-03-30,QQQ,0.25
2007-03-30,SPY,0.25
2007-03-30,VTI,0.25
2007-03-30,XLK,0.25
2007-04-02,GLD,0
2007-04-02,QQQ,0.25
2007-04-02,SPY,0.25
2007-04-02,VTI,0.25
2007-04-02,XLK,0.25
2007-04-03,GLD,0
2007-04-03,QQQ,0.25
2007-04-03,SPY,0.25
2007-04-03,VTI,0.25
2007-04-03,XLK,0.25
2007-04-04,GLD,0
2007-04-04,QQQ,0.25
2007-04-04,SPY,0.25
2007-04-04,VTI,0.25
2007-04-04,XLK,0.25
2007-04-05,GLD,0
2007-04-05,QQQ,0.25
2007-04-05,SPY,0.25
2007-04-05,VTI,0.25
2007-04-05,XLK,0.25
2007-04-09,GLD,0
2007-04-09,QQQ,0.25
2007-04-09,SPY,0.25
2007-04-09,VTI,0.25
2007-04-09,XLK,0.25
2007-04-10,GLD,0
2007-04-10,QQQ,0.25
2007-04-10,SPY,0.25
2007-04-10,VTI,0.25
2007-04-10,XLK,0.25
2007-04-11,GLD,0
2007-04-11,QQQ,0.25
2007-04-11,SPY,0.25
2007-04-11,VTI,0.25
2007-04-11,XLK,0.25
2007-04-12,GLD,0
2007-04-12,QQQ,0.25
2007-04-12,SPY,0.25
2007-04-12,VTI,0.25
2007-04-12,XLK,0.25
2007-04-13,GLD,0
2007-04-13,QQQ,0.25
2007-04-13,SPY,0.25
2007-04-13,VTI,0.25
2007-04-13,XLK,0.25
2007-04-16,GLD,0
2007-04-16,QQQ,0.25
2007-04-16,SPY,0.25
2007-04-16,VTI,0.25
2007-04-16,XLK,0.25
2007-04-17,GLD,0
2007-04-17,QQQ,0.25
2007-04-17,SPY,0.25
2007-04-17,VTI,0.25
2007-04-17,XLK,0.25
2007-04-18,GLD,0
2007-04-18,QQQ,0.25
2007-04-18,SPY,0.25
2007-04-18,VTI,0.25
2007-04-18,XLK,0.25
2007-04-19,GLD,0
2007-04-19,QQQ,0.25
2007-04-19,SPY,0.25
2007-04-19,VTI,0.25
2007-04-19,XLK,0.25
2007-04-20,GLD,0
2007-04-20,QQQ,0.25
2007-04-20,SPY,0.25
2007-04-20,VTI,0.25
2007-04-20,XLK,0.25
2007-04-23,GLD,0
2007-04-23,QQQ,0.25
2007-04-23,SPY,0.25
2007-04-23,VTI,0.25
2007-04-23,XLK,0.25
2007-04-24,GLD,0
2007-04-24,QQQ,0.25
2007-04-24,SPY,0.25
2007-04-24,VTI,0.25
2007-04-24,XLK,0.25
2007-04-25,GLD,0
2007-04-25,QQQ,0.25
2007-04-25,SPY,0.25
2007-04-25,VTI,0.25
2007-04-25,XLK,0.25
2007-04-26,GLD,0
2007-04-26,QQQ,0.25
2007-04-26,SPY,0.25
2007-04-26,VTI,0.25
2007-04-26,XLK,0.25
2007-04-27,GLD,0
2007-04-27,QQQ,0.25
2007-04-27,SPY,0.25
2007-04-27,VTI,0.25
2007-04-27,XLK,0.25
2007-04-30,GLD,0
2007-04-30,QQQ,0.25
2007-04-30,SPY,0.25
2007-04-30,VTI,0.25
2007-04-30,XLK,0.25
2007-05-01,GLD,0
2007-05-01,QQQ,0.25
2007-05-01,SPY,0.25
2007-05-01,VTI,0.25
2007-05-01,XLK,0.25
2007-05-02,GLD,0
2007-05-02,QQQ,0.25
2007-05-02,SPY,0.25
2007-05-02,VTI,0.25
2007-05-02,XLK,0.25
2007-05-03,GLD,0
2007-05-03,QQQ,0.25
2007-05-03,SPY,0.25
2007-05-03,VTI,0.25
2007-05-03,XLK,0.25
2007-05-04,GLD,0
2007-05-04,QQQ,0.25
2007-05-04,SPY,0.25
2007-05-04,VTI,0.25
2007-05-04,XLK,0.25
2007-05-07,GLD,0
2007-05-07,QQQ,0.25
2007-05-07,SPY,0.25
2007-05-07,VTI,0.25
2007-05-07,XLK,0.25
2007-05-08,GLD,0
2007-05-08,QQQ,0.25
2007-05-08,SPY,0.25
2007-05-08,VTI,0.25
2007-05-08,XLK,0.25
2007-05-09,GLD,0
2007-05-09,QQQ,0.25
2007-05-09,SPY,0.25
2007-05-09,VTI,0.25
2007-05-09,XLK,0.25
2007-05-10,GLD,0
2007-05-10,QQQ,0.25
2007-05-10,SPY,0.25
2007-05-10,VTI,0.25
2007-05-10,XLK,0.25
2007-05-11,GLD,0
2007-05-11,QQQ,0.25
2007-05-11,SPY,0.25
2007-05-11,VTI,0.25
2007-05-11,XLK,0.25
2007-05-14,GLD,0
2007-05-14,QQQ,0.25
2007-05-14,SPY,0.25
2007-05-14,VTI,0.25
2007-05-14,XLK,0.25
2007-05-15,GLD,0
2007-05-15,QQQ,0.25
2007-05-15,SPY,0.25
2007-05-15,VTI,0.25
2007-05-15,XLK,0.25
2007-05-16,GLD,0
2007-05-16,QQQ,0.25
2007-05-16,SPY,0.25
2007-05-16,VTI,0.25
2007-05-16,XLK,0.25
2007-05-17,GLD,0
2007-05-17,QQQ,0.25
2007-05-17,SPY,0.25
2007-05-17,VTI,0.25
2007-05-17,XLK,0.25
2007-05-18,GLD,0
2007-05-18,QQQ,0.25
2007-05-18,SPY,0.25
2007-05-18,VTI,0.25
2007-05-18,XLK,0.25
2007-05-21,GLD,0
2007-05-21,QQQ,0.25
2007-05-21,SPY,0.25
2007-05-21,VTI,0.25
2007-05-21,XLK,0.25
2007-05-22,GLD,0
2007-05-22,QQQ,0.25
2007-05-22,SPY,0.25
2007-05-22,VTI,0.25
2007-05-22,XLK,0.25
2007-05-23,GLD,0
2007-05-23,QQQ,0.25
2007-05-23,SPY,0.25
2007-05-23,VTI,0.25
2007-05-23,XLK,0.25
2007-05-24,GLD,0
2007-05-24,QQQ,0.25
2007-05-24,SPY,0.25
2007-05-24,VTI,0.25
2007-05-24,XLK,0.25
2007-05-25,GLD,0
2007-05-25,QQQ,0.25
2007-05-25,SPY,0.25
2007-05-25,VTI,0.25
2007-05-25,XLK,0.25
2007-05-29,GLD,0
2007-05-29,QQQ,0.25
2007-05-29,SPY,0.25
2007-05-29,VTI,0.25
2007-05-29,XLK,0.25
2007-05-30,GLD,0
2007-05-30,QQQ,0.25
2007-05-30,SPY,0.25
2007-05-30,VTI,0.25
2007-05-30,XLK,0.25
2007-05-31,GLD,0
2007-05-31,QQQ,0.25
2007-05-31,SPY,0.25
2007-05-31,VTI,0.25
2007-05-31,XLK,0.25
2007-06-01,GLD,0
2007-06-01,QQQ,0.25
2007-06-01,SPY,0.25
2007-06-01,VTI,0.25
2007-06-01,XLK,0.25
2007-06-04,GLD,0
2007-06-04,QQQ,0.25
2007-06-04,SPY,0.25
2007-06-04,VTI,0.25
2007-06-04,XLK,0.25
2007-06-05,GLD,0
2007-06-05,QQQ,0.25
2007-06-05,SPY,0.25
2007-06-05,VTI,0.25
2007-06-05,XLK,0.25
2007-06-06,GLD,0
2007-06-06,QQQ,0.25
2007-06-06,SPY,0.25
2007-06-06,VTI,0.25
2007-06-06,XLK,0.25
2007-06-07,GLD,0
2007-06-07,QQQ,0.25
2007-06-07,SPY,0.25
2007-06-07,VTI,0.25
2007-06-07,XLK,0.25
2007-06-08,GLD,0
2007-06-08,QQQ,0.25
2007-06-08,SPY,0.25
2007-06-08,VTI,0.25
2007-06-08,XLK,0.25
2007-06-11,GLD,0
2007-06-11,QQQ,0.25
2007-06-11,SPY,0.25
2007-06-11,VTI,0.25
2007-06-11,XLK,0.25
2007-06-12,GLD,0
2007-06-12,QQQ,0.25
2007-06-12,SPY,0.25
2007-06-12,VTI,0.25
2007-06-12,XLK,0.25
2007-06-13,GLD,0
2007-06-13,QQQ,0.25
2007-06-13,SPY,0.25
2007-06-13,VTI,0.25
2007-06-13,XLK,0.25
2007-06-14,GLD,0
2007-06-14,QQQ,0.25
2007-06-14,SPY,0.25
2007-06-14,VTI,0.25
2007-06-14,XLK,0.25
2007-06-15,GLD,0
2007-06-15,QQQ,0.25
2007-06-15,SPY,0.25
2007-06-15,VTI,0.25
2007-06-15,XLK,0.25
2007-06-18,GLD,0
2007-06-18,QQQ,0.25
2007-06-18,SPY,0.25
2007-06-18,VTI,0.25
2007-06-18,XLK,0.25
2007-06-19,GLD,0
2007-06-19,QQQ,0.25
2007-06-19,SPY,0.25
2007-06-19,VTI,0.25
2007-06-19,XLK,0.25
2007-06-20,GLD,0
2007-06-20,QQQ,0.25
2007-06-20,SPY,0.25
2007-06-20,VTI,0.25
2007-06-20,XLK,0.25
2007-06-21,GLD,0
2007-06-21,QQQ,0.25
2007-06-21,SPY,0.25
2007-06-21,VTI,0.25
2007-06-21,XLK,0.25
2007-06-22,GLD,0
2007-06-22,QQQ,0.25
2007-06-22,SPY,0.25
2007-06-22,VTI,0.25
2007-06-22,XLK,0.25
2007-06-25,GLD,0
2007-06-25,QQQ,0.25
2007-06-25,SPY,0.25
2007-06-25,VTI,0.25
2007-06-25,XLK,0.25
2007-06-26,GLD,0
2007-06-26,QQQ,0.25
2007-06-26,SPY,0.25
2007-06-26,VTI,0.25
2007-06-26,XLK,0.25
2007-06-27,GLD,0
2007-06-27,QQQ,0.25
2007-06-27,SPY,0.25
2007-06-27,VTI,0.25
2007-06-27,XLK,0.25
2007-06-28,GLD,0
2007-06-28,QQQ,0.25
2007-06-28,SPY,0.25
2007-06-28,VTI,0.25
2007-06-28,XLK,0.25
2007-06-29,GLD,0
2007-06-29,QQQ,0.25
2007-06-29,SPY,0.25
2007-06-29,VTI,0.25
2007-06-29,XLK,0.25
2007-07-02,GLD,0
2007-07-02,QQQ,0.25
2007-07-02,SPY,0.25
2007-07-02,VTI,0.25
2007-07-02,XLK,0.25
2007-07-03,GLD,0
2007-07-03,QQQ,0.25
2007-07-03,SPY,0.25
2007-07-03,VTI,0.25
2007-07-03,XLK,0.25
2007-07-05,GLD,0
2007-07-05,QQQ,0.25
2007-07-05,SPY,0.25
2007-07-05,VTI,0.25
2007-07-05,XLK,0.25
2007-07-06,GLD,0
2007-07-06,QQQ,0.25
2007-07-06,SPY,0.25
2007-07-06,VTI,0.25
2007-07-06,XLK,0.25
2007-07-09,GLD,0
2007-07-09,QQQ,0.25
2007-07-09,SPY,0.25
2007-07-09,VTI,0.25
2007-07-09,XLK,0.25
2007-07-10,GLD,0
2007-07-10,QQQ,0.25
2007-07-10,SPY,0.25
2007-07-10,VTI,0.25
2007-07-10,XLK,0.25
2007-07-11,GLD,0
2007-07-11,QQQ,0.25
2007-07-11,SPY,0.25
2007-07-11,VTI,0.25
2007-07-11,XLK,0.25
2007-07-12,GLD,0
2007-07-12,QQQ,0.25
2007-07-12,SPY,0.25
2007-07-12,VTI,0.25
2007-07-12,XLK,0.25
2007-07-13,GLD,0
2007-07-13,QQQ,0.25
2007-07-13,SPY,0.25
2007-07-13,VTI,0.25
2007-07-13,XLK,0.25
2007-07-16,GLD,0
2007-07-16,QQQ,0.25
2007-07-16,SPY,0.25
2007-07-16,VTI,0.25
2007-07-16,XLK,0.25
2007-07-17,GLD,0
2007-07-17,QQQ,0.25
2007-07-17,SPY,0.25
2007-07-17,VTI,0.25
2007-07-17,XLK,0.25
2007-07-18,GLD,0
2007-07-18,QQQ,0.25
2007-07-18,SPY,0.25
2007-07-18,VTI,0.25
2007-07-18,XLK,0.25
2007-07-19,GLD,0
2007-07-19,QQQ,0.25
2007-07-19,SPY,0.25
2007-07-19,VTI,0.25
2007-07-19,XLK,0.25
2007-07-20,GLD,0
2007-07-20,QQQ,0.25
2007-07-20,SPY,0.25
2007-07-20,VTI,0.25
2007-07-20,XLK,0.25
2007-07-23,GLD,0
2007-07-23,QQQ,0.25
2007-07-23,SPY,0.25
2007-07-23,VTI,0.25
2007-07-23,XLK,0.25
2007-07-24,GLD,0
2007-07-24,QQQ,0.25
2007-07-24,SPY,0.25
2007-07-24,VTI,0.25
2007-07-24,XLK,0.25
2007-07-25,GLD,0
2007-07-25,QQQ,0.25
2007-07-25,SPY,0.25
2007-07-25,VTI,0.25
2007-07-25,XLK,0.25
2007-07-26,GLD,0
2007-07-26,QQQ,0.25
2007-07-26,SPY,0.25
2007-07-26,VTI,0.25
2007-07-26,XLK,0.25
2007-07-27,GLD,0
2007-07-27,QQQ,0.25
2007-07-27,SPY,0.25
2007-07-27,VTI,0.25
2007-07-27,XLK,0.25
2007-07-30,GLD,0
2007-07-30,QQQ,0.25
2007-07-30,SPY,0.25
2007-07-30,VTI,0.25
2007-07-30,XLK,0.25
2007-07-31,GLD,0
2007-07-31,QQQ,0.25
2007-07-31,SPY,0.25
2007-07-31,VTI,0.25
2007-07-31,XLK,0.25
2007-08-01,GLD,0
2007-08-01,QQQ,0.25
2007-08-01,SPY,0.25
2007-08-01,VTI,0.25
2007-08-01,XLK,0.25
2007-08-02,GLD,0
2007-08-02,QQQ,0.25
2007-08-02,SPY,0.25
2007-08-02,VTI,0.25
2007-08-02,XLK,0.25
2007-08-03,GLD,0
2007-08-03,QQQ,0.25
2007-08-03,SPY,0.25
2007-08-03,VTI,0.25
2007-08-03,XLK,0.25
2007-08-06,GLD,0
2007-08-06,QQQ,0.25
2007-08-06,SPY,0.25
2007-08-06,VTI,0.25
2007-08-06,XLK,0.25
2007-08-07,GLD,0
2007-08-07,QQQ,0.25
2007-08-07,SPY,0.25
2007-08-07,VTI,0.25
2007-08-07,XLK,0.25
2007-08-08,GLD,0
2007-08-08,QQQ,0.25
2007-08-08,SPY,0.25
2007-08-08,VTI,0.25
2007-08-08,XLK,0.25
2007-08-09,GLD,0
2007-08-09,QQQ,0.25
2007-08-09,SPY,0.25
2007-08-09,VTI,0.25
2007-08-09,XLK,0.25
2007-08-10,GLD,0
2007-08-10,QQQ,0.25
2007-08-10,SPY,0.25
2007-08-10,VTI,0.25
2007-08-10,XLK,0.25
2007-08-13,GLD,0
2007-08-13,QQQ,0.25
2007-08-13,SPY,0.25
2007-08-13,VTI,0.25
2007-08-13,XLK,0.25
2007-08-14,GLD,0.25
2007-08-14,QQQ,0.25
2007-08-14,SPY,0.25
2007-08-14,VTI,0
2007-08-14,XLK,0.25
2007-08-15,GLD,0.5
2007-08-15,QQQ,0.25
2007-08-15,SPY,0
2007-08-15,VTI,0
2007-08-15,XLK,0.25
2007-08-16,GLD,0.5
2007-08-16,QQQ,0.25
2007-08-16,SPY,0
2007-08-16,VTI,0
2007-08-16,XLK,0.25
2007-08-17,GLD,0.5
2007-08-17,QQQ,0.25
2007-08-17,SPY,0
2007-08-17,VTI,0
2007-08-17,XLK,0.25
2007-08-20,GLD,0.5
2007-08-20,QQQ,0.25
2007-08-20,SPY,0
2007-08-20,VTI,0
2007-08-20,XLK,0.25
2007-08-21,GLD,0.5
2007-08-21,QQQ,0.25
2007-08-21,SPY,0
2007-08-21,VTI,0
2007-08-21,XLK,0.25
2007-08-22,GLD,0.5
2007-08-22,QQQ,0.25
2007-08-22,SPY,0
2007-08-22,VTI,0
2007-08-22,XLK,0.25
2007-08-23,GLD,0.5
2007-08-23,QQQ,0.25
2007-08-23,SPY,0
2007-08-23,VTI,0
2007-08-23,XLK,0.25
2007-08-24,GLD,0.5
2007-08-24,QQQ,0.25
2007-08-24,SPY,0
2007-08-24,VTI,0
2007-08-24,XLK,0.25
2007-08-27,GLD,0.5
2007-08-27,QQQ,0.25
2007-08-27,SPY,0
2007-08-27,VTI,0
2007-08-27,XLK,0.25
2007-08-28,GLD,0.5
2007-08-28,QQQ,0.25
2007-08-28,SPY,0
2007-08-28,VTI,0
2007-08-28,XLK,0.25
2007-08-29,GLD,0.5
2007-08-29,QQQ,0.25
2007-08-29,SPY,0
2007-08-29,VTI,0
2007-08-29,XLK,0.25
2007-08-30,GLD,0.5
2007-08-30,QQQ,0.25
2007-08-30,SPY,0
2007-08-30,VTI,0
2007-08-30,XLK,0.25
2007-08-31,GLD,0.5
2007-08-31,QQQ,0.25
2007-08-31,SPY,0
2007-08-31,VTI,0
2007-08-31,XLK,0.25
2007-09-04,GLD,0
2007-09-04,QQQ,0.25
2007-09-04,SPY,0.25
2007-09-04,VTI,0.25
2007-09-04,XLK,0.25
2007-09-05,GLD,0
2007-09-05,QQQ,0.25
2007-09-05,SPY,0.25
2007-09-05,VTI,0.25
2007-09-05,XLK,0.25
2007-09-06,GLD,0
2007-09-06,QQQ,0.25
2007-09-06,SPY,0.25
2007-09-06,VTI,0.25
2007-09-06,XLK,0.25
2007-09-07,GLD,0
2007-09-07,QQQ,0.25
2007-09-07,SPY,0.25
2007-09-07,VTI,0.25
2007-09-07,XLK,0.25
2007-09-10,GLD,0
2007-09-10,QQQ,0.25
2007-09-10,SPY,0.25
2007-09-10,VTI,0.25
2007-09-10,XLK,0.25
2007-09-11,GLD,0
2007-09-11,QQQ,0.25
2007-09-11,SPY,0.25
2007-09-11,VTI,0.25
2007-09-11,XLK,0.25
2007-09-12,GLD,0
2007-09-12,QQQ,0.25
2007-09-12,SPY,0.25
2007-09-12,VTI,0.25
2007-09-12,XLK,0.25
2007-09-13,GLD,0
2007-09-13,QQQ,0.25
2007-09-13,SPY,0.25
2007-09-13,VTI,0.25
2007-09-13,XLK,0.25
2007-09-14,GLD,0
2007-09-14,QQQ,0.25
2007-09-14,SPY,0.25
2007-09-14,VTI,0.25
2007-09-14,XLK,0.25
2007-09-17,GLD,0
2007-09-17,QQQ,0.25
2007-09-17,SPY,0.25
2007-09-17,VTI,0.25
2007-09-17,XLK,0.25
2007-09-18,GLD,0
2007-09-18,QQQ,0.25
2007-09-18,SPY,0.25
2007-09-18,VTI,0.25
2007-09-18,XLK,0.25
2007-09-19,GLD,0
2007-09-19,QQQ,0.25
2007-09-19,SPY,0.25
2007-09-19,VTI,0.25
2007-09-19,XLK,0.25
2007-09-20,GLD,0
2007-09-20,QQQ,0.25
2007-09-20,SPY,0.25
2007-09-20,VTI,0.25
2007-09-20,XLK,0.25
2007-09-21,GLD,0
2007-09-21,QQQ,0.25
2007-09-21,SPY,0.25
2007-09-21,VTI,0.25
2007-09-21,XLK,0.25
2007-09-24,GLD,0
2007-09-24,QQQ,0.25
2007-09-24,SPY,0.25
2007-09-24,VTI,0.25
2007-09-24,XLK,0.25
2007-09-25,GLD,0
2007-09-25,QQQ,0.25
2007-09-25,SPY,0.25
2007-09-25,VTI,0.25
2007-09-25,XLK,0.25
2007-09-26,GLD,0
2007-09-26,QQQ,0.25
2007-09-26,SPY,0.25
2007-09-26,VTI,0.25
2007-09-26,XLK,0.25
2007-09-27,GLD,0
2007-09-27,QQQ,0.25
2007-09-27,SPY,0.25
2007-09-27,VTI,0.25
2007-09-27,XLK,0.25
2007-09-28,GLD,0
2007-09-28,QQQ,0.25
2007-09-28,SPY,0.25
2007-09-28,VTI,0.25
2007-09-28,XLK,0.25
2007-10-01,GLD,0
2007-10-01,QQQ,0.25
2007-10-01,SPY,0.25
2007-10-01,VTI,0.25
2007-10-01,XLK,0.25
2007-10-02,GLD,0
2007-10-02,QQQ,0.25
2007-10-02,SPY,0.25
2007-10-02,VTI,0.25
2007-10-02,XLK,0.25
2007-10-03,GLD,0
2007-10-03,QQQ,0.25
2007-10-03,SPY,0.25
2007-10-03,VTI,0.25
2007-10-03,XLK,0.25
2007-10-04,GLD,0
2007-10-04,QQQ,0.25
2007-10-04,SPY,0.25
2007-10-04,VTI,0.25
2007-10-04,XLK,0.25
2007-10-05,GLD,0
2007-10-05,QQQ,0.25
2007-10-05,SPY,0.25
2007-10-05,VTI,0.25
2007-10-05,XLK,0.25
2007-10-08,GLD,0
2007-10-08,QQQ,0.25
2007-10-08,SPY,0.25
2007-10-08,VTI,0.25
2007-10-08,XLK,0.25
2007-10-09,GLD,0
2007-10-09,QQQ,0.25
2007-10-09,SPY,0.25
2007-10-09,VTI,0.25
2007-10-09,XLK,0.25
2007-10-10,GLD,0
2007-10-10,QQQ,0.25
2007-10-10,SPY,0.25
2007-10-10,VTI,0.25
2007-10-10,XLK,0.25
2007-10-11,GLD,0
2007-10-11,QQQ,0.25
2007-10-11,SPY,0.25
2007-10-11,VTI,0.25
2007-10-11,XLK,0.25
2007-10-12,GLD,0
2007-10-12,QQQ,0.25
2007-10-12,SPY,0.25
2007-10-12,VTI,0.25
2007-10-12,XLK,0.25
2007-10-15,GLD,0
2007-10-15,QQQ,0.25
2007-10-15,SPY,0.25
2007-10-15,VTI,0.25
2007-10-15,XLK,0.25
2007-10-16,GLD,0
2007-10-16,QQQ,0.25
2007-10-16,SPY,0.25
2007-10-16,VTI,0.25
2007-10-16,XLK,0.25
2007-10-17,GLD,0
2007-10-17,QQQ,0.25
2007-10-17,SPY,0.25
2007-10-17,VTI,0.25
2007-10-17,XLK,0.25
2007-10-18,GLD,0
2007-10-18,QQQ,0.25
2007-10-18,SPY,0.25
2007-10-18,VTI,0.25
2007-10-18,XLK,0.25
2007-10-19,GLD,0
2007-10-19,QQQ,0.25
2007-10-19,SPY,0.25
2007-10-19,VTI,0.25
2007-10-19,XLK,0.25
2007-10-22,GLD,0
2007-10-22,QQQ,0.25
2007-10-22,SPY,0.25
2007-10-22,VTI,0.25
2007-10-22,XLK,0.25
2007-10-23,GLD,0
2007-10-23,QQQ,0.25
2007-10-23,SPY,0.25
2007-10-23,VTI,0.25
2007-10-23,XLK,0.25
2007-10-24,GLD,0
2007-10-24,QQQ,0.25
2007-10-24,SPY,0.25
2007-10-24,VTI,0.25
2007-10-24,XLK,0.25
2007-10-25,GLD,0
2007-10-25,QQQ,0.25
2007-10-25,SPY,0.25
2007-10-25,VTI,0.25
2007-10-25,XLK,0.25
2007-10-26,GLD,0
2007-10-26,QQQ,0.25
2007-10-26,SPY,0.25
2007-10-26,VTI,0.25
2007-10-26,XLK,0.25
2007-10-29,GLD,0
2007-10-29,QQQ,0.25
2007-10-29,SPY,0.25
2007-10-29,VTI,0.25
2007-10-29,XLK,0.25
2007-10-30,GLD,0
2007-10-30,QQQ,0.25
2007-10-30,SPY,0.25
2007-10-30,VTI,0.25
2007-10-30,XLK,0.25
2007-10-31,GLD,0
2007-10-31,QQQ,0.25
2007-10-31,SPY,0.25
2007-10-31,VTI,0.25
2007-10-31,XLK,0.25
2007-11-01,GLD,0
2007-11-01,QQQ,0.25
2007-11-01,SPY,0.25
2007-11-01,VTI,0.25
2007-11-01,XLK,0.25
2007-11-02,GLD,0
2007-11-02,QQQ,0.25
2007-11-02,SPY,0.25
2007-11-02,VTI,0.25
2007-11-02,XLK,0.25
2007-11-05,GLD,0
2007-11-05,QQQ,0.25
2007-11-05,SPY,0.25
2007-11-05,VTI,0.25
2007-11-05,XLK,0.25
2007-11-06,GLD,0
2007-11-06,QQQ,0.25
2007-11-06,SPY,0.25
2007-11-06,VTI,0.25
2007-11-06,XLK,0.25
2007-11-07,GLD,0
2007-11-07,QQQ,0.25
2007-11-07,SPY,0.25
2007-11-07,VTI,0.25
2007-11-07,XLK,0.25
2007-11-08,GLD,0
2007-11-08,QQQ,0.25
2007-11-08,SPY,0.25
2007-11-08,VTI,0.25
2007-11-08,XLK,0.25
2007-11-09,GLD,0.25
2007-11-09,QQQ,0.25
2007-11-09,SPY,0
2007-11-09,VTI,0.25
2007-11-09,XLK,0.25
2007-11-12,GLD,0.5
2007-11-12,QQQ,0.25
2007-11-12,SPY,0
2007-11-12,VTI,0
2007-11-12,XLK,0.25
2007-11-13,GLD,0.5
2007-11-13,QQQ,0.25
2007-11-13,SPY,0
2007-11-13,VTI,0
2007-11-13,XLK,0.25
2007-11-14,GLD,0.5
2007-11-14,QQQ,0.25
2007-11-14,SPY,0
2007-11-14,VTI,0
2007-11-14,XLK,0.25
2007-11-15,GLD,0.5
2007-11-15,QQQ,0.25
2007-11-15,SPY,0
2007-11-15,VTI,0
2007-11-15,XLK,0.25
2007-11-16,GLD,0.5
2007-11-16,QQQ,0.25
2007-11-16,SPY,0
2007-11-16,VTI,0
2007-11-16,XLK,0.25
2007-11-19,GLD,0.5
2007-11-19,QQQ,0.25
2007-11-19,SPY,0
2007-11-19,VTI,0
2007-11-19,XLK,0.25
2007-11-20,GLD,0.5
2007-11-20,QQQ,0.25
2007-11-20,SPY,0
2007-11-20,VTI,0
2007-11-20,XLK,0.25
2007-11-21,GLD,0.5
2007-11-21,QQQ,0.25
2007-11-21,SPY,0
2007-11-21,VTI,0
2007-11-21,XLK,0.25
2007-11-23,GLD,0.5
2007-11-23,QQQ,0.25
2007-11-23,SPY,0
2007-11-23,VTI,0
2007-11-23,XLK,0.25
2007-11-26,GLD,0.5
2007-11-26,QQQ,0.25
2007-11-26,SPY,0
2007-11-26,VTI,0
2007-11-26,XLK,0.25
2007-11-27,GLD,0.5
2007-11-27,QQQ,0.25
2007-11-27,SPY,0
2007-11-27,VTI,0
2007-11-27,XLK,0.25
2007-11-28,GLD,0.5
2007-11-28,QQQ,0.25
2007-11-28,SPY,0
2007-11-28,VTI,0
2007-11-28,XLK,0.25
2007-11-29,GLD,0.5
2007-11-29,QQQ,0.25
2007-11-29,SPY,0
2007-11-29,VTI,0
2007-11-29,XLK,0.25
2007-11-30,GLD,0.5
2007-11-30,QQQ,0.25
2007-11-30,SPY,0
2007-11-30,VTI,0
2007-11-30,XLK,0.25
2007-12-03,GLD,0.5
2007-12-03,QQQ,0.25
2007-12-03,SPY,0
2007-12-03,VTI,0
2007-12-03,XLK,0.25
2007-12-04,GLD,0.5
2007-12-04,QQQ,0.25
2007-12-04,SPY,0
2007-12-04,VTI,0
2007-12-04,XLK,0.25
2007-12-05,GLD,0.5
2007-12-05,QQQ,0.25
2007-12-05,SPY,0
2007-12-05,VTI,0
2007-12-05,XLK,0.25
2007-12-06,GLD,0.5
2007-12-06,QQQ,0.25
2007-12-06,SPY,0
2007-12-06,VTI,0
2007-12-06,XLK,0.25
2007-12-07,GLD,0.5
2007-12-07,QQQ,0.25
2007-12-07,SPY,0
2007-12-07,VTI,0
2007-12-07,XLK,0.25
2007-12-10,GLD,0
2007-12-10,QQQ,0.25
2007-12-10,SPY,0.25
2007-12-10,VTI,0.25
2007-12-10,XLK,0.25
2007-12-11,GLD,0
2007-12-11,QQQ,0.25
2007-12-11,SPY,0.25
2007-12-11,VTI,0.25
2007-12-11,XLK,0.25
2007-12-12,GLD,0
2007-12-12,QQQ,0.25
2007-12-12,SPY,0.25
2007-12-12,VTI,0.25
2007-12-12,XLK,0.25
2007-12-13,GLD,0
2007-12-13,QQQ,0.25
2007-12-13,SPY,0.25
2007-12-13,VTI,0.25
2007-12-13,XLK,0.25
2007-12-14,GLD,0
2007-12-14,QQQ,0.25
2007-12-14,SPY,0.25
2007-12-14,VTI,0.25
2007-12-14,XLK,0.25
2007-12-17,GLD,0.5
2007-12-17,QQQ,0.25
2007-12-17,SPY,0
2007-12-17,VTI,0
2007-12-17,XLK,0.25
2007-12-18,GLD,0.5
2007-12-18,QQQ,0.25
2007-12-18,SPY,0
2007-12-18,VTI,0
2007-12-18,XLK,0.25
2007-12-19,GLD,0.5
2007-12-19,QQQ,0.25
2007-12-19,SPY,0
2007-12-19,VTI,0
2007-12-19,XLK,0.25
2007-12-20,GLD,0.5
2007-12-20,QQQ,0.25
2007-12-20,SPY,0
2007-12-20,VTI,0
2007-12-20,XLK,0.25
2007-12-21,GLD,0.5
2007-12-21,QQQ,0.25
2007-12-21,SPY,0
2007-12-21,VTI,0
2007-12-21,XLK,0.25
2007-12-24,GLD,0.5
2007-12-24,QQQ,0.25
2007-12-24,SPY,0
2007-12-24,VTI,0
2007-12-24,XLK,0.25
2007-12-26,GLD,0.5
2007-12-26,QQQ,0.25
2007-12-26,SPY,0
2007-12-26,VTI,0
2007-12-26,XLK,0.25
2007-12-27,GLD,0.5
2007-12-27,QQQ,0.25
2007-12-27,SPY,0
2007-12-27,VTI,0
2007-12-27,XLK,0.25
2007-12-28,GLD,0.5
2007-12-28,QQQ,0.25
2007-12-28,SPY,0
2007-12-28,VTI,0
2007-12-28,XLK,0.25
2007-12-31,GLD,0.5
2007-12-31,QQQ,0.25
2007-12-31,SPY,0
2007-12-31,VTI,0
2007-12-31,XLK,0.25
2008-01-02,GLD,0.5
2008-01-02,QQQ,0.25
2008-01-02,SPY,0
2008-01-02,VTI,0
2008-01-02,XLK,0.25
2008-01-03,GLD,0.5
2008-01-03,QQQ,0.25
2008-01-03,SPY,0
2008-01-03,VTI,0
2008-01-03,XLK,0.25
2008-01-04,GLD,0.75
2008-01-04,QQQ,0.25
2008-01-04,SPY,0
2008-01-04,VTI,0
2008-01-04,XLK,0
2008-01-07,GLD,0.75
2008-01-07,QQQ,0.25
2008-01-07,SPY,0
2008-01-07,VTI,0
2008-01-07,XLK,0
2008-01-08,GLD,1
2008-01-08,QQQ,0
2008-01-08,SPY,0
2008-01-08,VTI,0
2008-01-08,XLK,0
2008-01-09,GLD,1
2008-01-09,QQQ,0
2008-01-09,SPY,0
2008-01-09,VTI,0
2008-01-09,XLK,0
2008-01-10,GLD,1
2008-01-10,QQQ,0
2008-01-10,SPY,0
2008-01-10,VTI,0
2008-01-10,XLK,0
2008-01-11,GLD,1
2008-01-11,QQQ,0
2008-01-11,SPY,0
2008-01-11,VTI,0
2008-01-11,XLK,0
2008-01-14,GLD,1
2008-01-14,QQQ,0
2008-01-14,SPY,0
2008-01-14,VTI,0
2008-01-14,XLK,0
2008-01-15,GLD,1
2008-01-15,QQQ,0
2008-01-15,SPY,0
2008-01-15,VTI,0
2008-01-15,XLK,0
2008-01-16,GLD,1
2008-01-16,QQQ,0
2008-01-16,SPY,0
2008-01-16,VTI,0
2008-01-16,XLK,0
2008-01-17,GLD,1
2008-01-17,QQQ,0
2008-01-17,SPY,0
2008-01-17,VTI,0
2008-01-17,XLK,0
2008-01-18,GLD,1
2008-01-18,QQQ,0
2008-01-18,SPY,0
2008-01-18,VTI,0
2008-01-18,XLK,0
2008-01-22,GLD,1
2008-01-22,QQQ,0
2008-01-22,SPY,0
2008-01-22,VTI,0
2008-01-22,XLK,0
2008-01-23,GLD,1
2008-01-23,QQQ,0
2008-01-23,SPY,0
2008-01-23,VTI,0
2008-01-23,XLK,0
2008-01-24,GLD,1
2008-01-24,QQQ,0
2008-01-24,SPY,0
2008-01-24,VTI,0
2008-01-24,XLK,0
2008-01-25,GLD,1
2008-01-25,QQQ,0
2008-01-25,SPY,0
2008-01-25,VTI,0
2008-01-25,XLK,0
2008-01-28,GLD,1
2008-01-28,QQQ,0
2008-01-28,SPY,0
2008-01-28,VTI,0
2008-01-28,XLK,0
2008-01-29,GLD,1
2008-01-29,QQQ,0
2008-01-29,SPY,0
2008-01-29,VTI,0
2008-01-29,XLK,0
2008-01-30,GLD,1
2008-01-30,QQQ,0
2008-01-30,SPY,0
2008-01-30,VTI,0
2008-01-30,XLK,0
2008-01-31,GLD,1
2008-01-31,QQQ,0
2008-01-31,SPY,0
2008-01-31,VTI,0
2008-01-31,XLK,0
2008-02-01,GLD,1
2008-02-01,QQQ,0
2008-02-01,SPY,0
2008-02-01,VTI,0
2008-02-01,XLK,0
2008-02-04,GLD,1
2008-02-04,QQQ,0
2008-02-04,SPY,0
2008-02-04,VTI,0
2008-02-04,XLK,0
2008-02-05,GLD,1
2008-02-05,QQQ,0
2008-02-05,SPY,0
2008-02-05,VTI,0
2008-02-05,XLK,0
2008-02-06,GLD,1
2008-02-06,QQQ,0
2008-02-06,SPY,0
2008-02-06,VTI,0
2008-02-06,XLK,0
2008-02-07,GLD,1
2008-02-07,QQQ,0
2008-02-07,SPY,0
2008-02-07,VTI,0
2008-02-07,XLK,0
2008-02-08,GLD,1
2008-02-08,QQQ,0
2008-02-08,SPY,0
2008-02-08,VTI,0
2008-02-08,XLK,0
2008-02-11,GLD,1
2008-02-11,QQQ,0
2008-02-11,SPY,0
2008-02-11,VTI,0
2008-02-11,XLK,0
2008-02-12,GLD,1
2008-02-12,QQQ,0
2008-02-12,SPY,0
2008-02-12,VTI,0
2008-02-12,XLK,0
2008-02-13,GLD,1
2008-02-13,QQQ,0
2008-02-13,SPY,0
2008-02-13,VTI,0
2008-02-13,XLK,0
2008-02-14,GLD,1
2008-02-14,QQQ,0
2008-02-14,SPY,0
2008-02-14,VTI,0
2008-02-14,XLK,0
2008-02-15,GLD,1
2008-02-15,QQQ,0
2008-02-15,SPY,0
2008-02-15,VTI,0
2008-02-15,XLK,0
2008-02-19,GLD,1
2008-02-19,QQQ,0
2008-02-19,SPY,0
2008-02-19,VTI,0
2008-02-19,XLK,0
2008-02-20,GLD,1
2008-02-20,QQQ,0
2008-02-20,SPY,0
2008-02-20,VTI,0
2008-02-20,XLK,0
2008-02-21,GLD,1
2008-02-21,QQQ,0
2008-02-21,SPY,0
2008-02-21,VTI,0
2008-02-21,XLK,0
2008-02-22,GLD,1
2008-02-22,QQQ,0
2008-02-22,SPY,0
2008-02-22,VTI,0
2008-02-22,XLK,0
2008-02-25,GLD,1
2008-02-25,QQQ,0
2008-02-25,SPY,0
2008-02-25,VTI,0
2008-02-25,XLK,0
2008-02-26,GLD,1
2008-02-26,QQQ,0
2008-02-26,SPY,0
2008-02-26,VTI,0
2008-02-26,XLK,0
2008-02-27,GLD,1
2008-02-27,QQQ,0
2008-02-27,SPY,0
2008-02-27,VTI,0
2008-02-27,XLK,0
2008-02-28,GLD,1
2008-02-28,QQQ,0
2008-02-28,SPY,0
2008-02-28,VTI,0
2008-02-28,XLK,0
2008-02-29,GLD,1
2008-02-29,QQQ,0
2008-02-29,SPY,0
2008-02-29,VTI,0
2008-02-29,XLK,0
2008-03-03,GLD,1
2008-03-03,QQQ,0
2008-03-03,SPY,0
2008-03-03,VTI,0
2008-03-03,XLK,0
2008-03-04,GLD,1
2008-03-04,QQQ,0
2008-03-04,SPY,0
2008-03-04,VTI,0
2008-03-04,XLK,0
2008-03-05,GLD,1
2008-03-05,QQQ,0
2008-03-05,SPY,0
2008-03-05,VTI,0
2008-03-05,XLK,0
2008-03-06,GLD,1
2008-03-06,QQQ,0
2008-03-06,SPY,0
2008-03-06,VTI,0
2008-03-06,XLK,0
2008-03-07,GLD,1
2008-03-07,QQQ,0
2008-03-07,SPY,0
2008-03-07,VTI,0
2008-03-07,XLK,0
2008-03-10,GLD,1
2008-03-10,QQQ,0
2008-03-10,SPY,0
2008-03-10,VTI,0
2008-03-10,XLK,0
2008-03-11,GLD,1
2008-03-11,QQQ,0
2008-03-11,SPY,0
2008-03-11,VTI,0
2008-03-11,XLK,0
2008-03-12,GLD,1
2008-03-12,QQQ,0
2008-03-12,SPY,0
2008-03-12,VTI,0
2008-03-12,XLK,0
2008-03-13,GLD,1
2008-03-13,QQQ,0
2008-03-13,SPY,0
2008-03-13,VTI,0
2008-03-13,XLK,0
2008-03-14,GLD,1
2008-03-14,QQQ,0
2008-03-14,SPY,0
2008-03-14,VTI,0
2008-03-14,XLK,0
2008-03-17,GLD,1
2008-03-17,QQQ,0
2008-03-17,SPY,0
2008-03-17,VTI,0
2008-03-17,XLK,0
2008-03-18,GLD,1
2008-03-18,QQQ,0
2008-03-18,SPY,0
2008-03-18,VTI,0
2008-03-18,XLK,0
2008-03-19,GLD,1
2008-03-19,QQQ,0
2008-03-19,SPY,0
2008-03-19,VTI,0
2008-03-19,XLK,0
2008-03-20,GLD,1
2008-03-20,QQQ,0
2008-03-20,SPY,0
2008-03-20,VTI,0
2008-03-20,XLK,0
2008-03-24,GLD,1
2008-03-24,QQQ,0
2008-03-24,SPY,0
2008-03-24,VTI,0
2008-03-24,XLK,0
2008-03-25,GLD,1
2008-03-25,QQQ,0
2008-03-25,SPY,0
2008-03-25,VTI,0
2008-03-25,XLK,0
2008-03-26,GLD,1
2008-03-26,QQQ,0
2008-03-26,SPY,0
2008-03-26,VTI,0
2008-03-26,XLK,0
2008-03-27,GLD,1
2008-03-27,QQQ,0
2008-03-27,SPY,0
2008-03-27,VTI,0
2008-03-27,XLK,0
2008-03-28,GLD,1
2008-03-28,QQQ,0
2008-03-28,SPY,0
2008-03-28,VTI,0
2008-03-28,XLK,0
2008-03-31,GLD,1
2008-03-31,QQQ,0
2008-03-31,SPY,0
2008-03-31,VTI,0
2008-03-31,XLK,0
2008-04-01,GLD,1
2008-04-01,QQQ,0
2008-04-01,SPY,0
2008-04-01,VTI,0
2008-04-01,XLK,0
2008-04-02,GLD,1
2008-04-02,QQQ,0
2008-04-02,SPY,0
2008-04-02,VTI,0
2008-04-02,XLK,0
2008-04-03,GLD,1
2008-04-03,QQQ,0
2008-04-03,SPY,0
2008-04-03,VTI,0
2008-04-03,XLK,0
2008-04-04,GLD,1
2008-04-04,QQQ,0
2008-04-04,SPY,0
2008-04-04,VTI,0
2008-04-04,XLK,0
2008-04-07,GLD,1
2008-04-07,QQQ,0
2008-04-07,SPY,0
2008-04-07,VTI,0
2008-04-07,XLK,0
2008-04-08,GLD,1
2008-04-08,QQQ,0
2008-04-08,SPY,0
2008-04-08,VTI,0
2008-04-08,XLK,0
2008-04-09,GLD,1
2008-04-09,QQQ,0
2008-04-09,SPY,0
2008-04-09,VTI,0
2008-04-09,XLK,0
2008-04-10,GLD,1
2008-04-10,QQQ,0
2008-04-10,SPY,0
2008-04-10,VTI,0
2008-04-10,XLK,0
2008-04-11,GLD,1
2008-04-11,QQQ,0
2008-04-11,SPY,0
2008-04-11,VTI,0
2008-04-11,XLK,0
2008-04-14,GLD,1
2008-04-14,QQQ,0
2008-04-14,SPY,0
2008-04-14,VTI,0
2008-04-14,XLK,0
2008-04-15,GLD,1
2008-04-15,QQQ,0
2008-04-15,SPY,0
2008-04-15,VTI,0
2008-04-15,XLK,0
2008-04-16,GLD,1
2008-04-16,QQQ,0
2008-04-16,SPY,0
2008-04-16,VTI,0
2008-04-16,XLK,0
2008-04-17,GLD,1
2008-04-17,QQQ,0
2008-04-17,SPY,0
2008-04-17,VTI,0
2008-04-17,XLK,0
2008-04-18,GLD,1
2008-04-18,QQQ,0
2008-04-18,SPY,0
2008-04-18,VTI,0
2008-04-18,XLK,0
2008-04-21,GLD,1
2008-04-21,QQQ,0
2008-04-21,SPY,0
2008-04-21,VTI,0
2008-04-21,XLK,0
2008-04-22,GLD,1
2008-04-22,QQQ,0
2008-04-22,SPY,0
2008-04-22,VTI,0
2008-04-22,XLK,0
2008-04-23,GLD,1
2008-04-23,QQQ,0
2008-04-23,SPY,0
2008-04-23,VTI,0
2008-04-23,XLK,0
2008-04-24,GLD,1
2008-04-24,QQQ,0
2008-04-24,SPY,0
2008-04-24,VTI,0
2008-04-24,XLK,0
2008-04-25,GLD,1
2008-04-25,QQQ,0
2008-04-25,SPY,0
2008-04-25,VTI,0
2008-04-25,XLK,0
2008-04-28,GLD,1
2008-04-28,QQQ,0
2008-04-28,SPY,0
2008-04-28,VTI,0
2008-04-28,XLK,0
2008-04-29,GLD,1
2008-04-29,QQQ,0
2008-04-29,SPY,0
2008-04-29,VTI,0
2008-04-29,XLK,0
2008-04-30,GLD,1
2008-04-30,QQQ,0
2008-04-30,SPY,0
2008-04-30,VTI,0
2008-04-30,XLK,0
2008-05-01,GLD,1
2008-05-01,QQQ,0
2008-05-01,SPY,0
2008-05-01,VTI,0
2008-05-01,XLK,0
2008-05-02,GLD,1
2008-05-02,QQQ,0
2008-05-02,SPY,0
2008-05-02,VTI,0
2008-05-02,XLK,0
2008-05-05,GLD,1
2008-05-05,QQQ,0
2008-05-05,SPY,0
2008-05-05,VTI,0
2008-05-05,XLK,0
2008-05-06,GLD,1
2008-05-06,QQQ,0
2008-05-06,SPY,0
2008-05-06,VTI,0
2008-05-06,XLK,0
2008-05-07,GLD,1
2008-05-07,QQQ,0
2008-05-07,SPY,0
2008-05-07,VTI,0
2008-05-07,XLK,0
2008-05-08,GLD,1
2008-05-08,QQQ,0
2008-05-08,SPY,0
2008-05-08,VTI,0
2008-05-08,XLK,0
2008-05-09,GLD,1
2008-05-09,QQQ,0
2008-05-09,SPY,0
2008-05-09,VTI,0
2008-05-09,XLK,0
2008-05-12,GLD,0.75
2008-05-12,QQQ,0.25
2008-05-12,SPY,0
2008-05-12,VTI,0
2008-05-12,XLK,0
2008-05-13,GLD,0.75
2008-05-13,QQQ,0.25
2008-05-13,SPY,0
2008-05-13,VTI,0
2008-05-13,XLK,0
2008-05-14,GLD,0.75
2008-05-14,QQQ,0.25
2008-05-14,SPY,0
2008-05-14,VTI,0
2008-05-14,XLK,0
2008-05-15,GLD,0.75
2008-05-15,QQQ,0.25
2008-05-15,SPY,0
2008-05-15,VTI,0
2008-05-15,XLK,0
2008-05-16,GLD,0.75
2008-05-16,QQQ,0.25
2008-05-16,SPY,0
2008-05-16,VTI,0
2008-05-16,XLK,0
2008-05-19,GLD,0.75
2008-05-19,QQQ,0.25
2008-05-19,SPY,0
2008-05-19,VTI,0
2008-05-19,XLK,0
2008-05-20,GLD,0.75
2008-05-20,QQQ,0.25
2008-05-20,SPY,0
2008-05-20,VTI,0
2008-05-20,XLK,0
2008-05-21,GLD,0.75
2008-05-21,QQQ,0.25
2008-05-21,SPY,0
2008-05-21,VTI,0
2008-05-21,XLK,0
2008-05-22,GLD,0.75
2008-05-22,QQQ,0.25
2008-05-22,SPY,0
2008-05-22,VTI,0
2008-05-22,XLK,0
2008-05-23,GLD,0.75
2008-05-23,QQQ,0.25
2008-05-23,SPY,0
2008-05-23,VTI,0
2008-05-23,XLK,0
2008-05-27,GLD,0.75
2008-05-27,QQQ,0.25
2008-05-27,SPY,0
2008-05-27,VTI,0
2008-05-27,XLK,0
2008-05-28,GLD,0.75
2008-05-28,QQQ,0.25
2008-05-28,SPY,0
2008-05-28,VTI,0
2008-05-28,XLK,0
2008-05-29,GLD,0.75
2008-05-29,QQQ,0.25
2008-05-29,SPY,0
2008-05-29,VTI,0
2008-05-29,XLK,0
2008-05-30,GLD,0.75
2008-05-30,QQQ,0.25
2008-05-30,SPY,0
2008-05-30,VTI,0
2008-05-30,XLK,0
2008-06-02,GLD,0.75
2008-06-02,QQQ,0.25
2008-06-02,SPY,0
2008-06-02,VTI,0
2008-06-02,XLK,0
2008-06-03,GLD,0.75
2008-06-03,QQQ,0.25
2008-06-03,SPY,0
2008-06-03,VTI,0
2008-06-03,XLK,0
2008-06-04,GLD,0.75
2008-06-04,QQQ,0.25
2008-06-04,SPY,0
2008-06-04,VTI,0
2008-06-04,XLK,0
2008-06-05,GLD,0.75
2008-06-05,QQQ,0.25
2008-06-05,SPY,0
2008-06-05,VTI,0
2008-06-05,XLK,0
2008-06-06,GLD,0.75
2008-06-06,QQQ,0.25
2008-06-06,SPY,0
2008-06-06,VTI,0
2008-06-06,XLK,0
2008-06-09,GLD,0.75
2008-06-09,QQQ,0.25
2008-06-09,SPY,0
2008-06-09,VTI,0
2008-06-09,XLK,0
2008-06-10,GLD,0.75
2008-06-10,QQQ,0.25
2008-06-10,SPY,0
2008-06-10,VTI,0
2008-06-10,XLK,0
2008-06-11,GLD,0.75
2008-06-11,QQQ,0.25
2008-06-11,SPY,0
2008-06-11,VTI,0
2008-06-11,XLK,0
2008-06-12,GLD,0.75
2008-06-12,QQQ,0.25
2008-06-12,SPY,0
2008-06-12,VTI,0
2008-06-12,XLK,0
2008-06-13,GLD,0.75
2008-06-13,QQQ,0.25
2008-06-13,SPY,0
2008-06-13,VTI,0
2008-06-13,XLK,0
2008-06-16,GLD,0.75
2008-06-16,QQQ,0.25
2008-06-16,SPY,0
2008-06-16,VTI,0
2008-06-16,XLK,0
2008-06-17,GLD,0.75
2008-06-17,QQQ,0.25
2008-06-17,SPY,0
2008-06-17,VTI,0
2008-06-17,XLK,0
2008-06-18,GLD,0.75
2008-06-18,QQQ,0.25
2008-06-18,SPY,0
2008-06-18,VTI,0
2008-06-18,XLK,0
2008-06-19,GLD,0.75
2008-06-19,QQQ,0.25
2008-06-19,SPY,0
2008-06-19,VTI,0
2008-06-19,XLK,0
2008-06-20,GLD,0.75
2008-06-20,QQQ,0.25
2008-06-20,SPY,0
2008-06-20,VTI,0
2008-06-20,XLK,0
2008-06-23,GLD,1
2008-06-23,QQQ,0
2008-06-23,SPY,0
2008-06-23,VTI,0
2008-06-23,XLK,0
2008-06-24,GLD,1
2008-06-24,QQQ,0
2008-06-24,SPY,0
2008-06-24,VTI,0
2008-06-24,XLK,0
2008-06-25,GLD,1
2008-06-25,QQQ,0
2008-06-25,SPY,0
2008-06-25,VTI,0
2008-06-25,XLK,0
2008-06-26,GLD,1
2008-06-26,QQQ,0
2008-06-26,SPY,0
2008-06-26,VTI,0
2008-06-26,XLK,0
2008-06-27,GLD,1
2008-06-27,QQQ,0
2008-06-27,SPY,0
2008-06-27,VTI,0
2008-06-27,XLK,0
2008-06-30,GLD,1
2008-06-30,QQQ,0
2008-06-30,SPY,0
2008-06-30,VTI,0
2008-06-30,XLK,0
2008-07-01,GLD,1
2008-07-01,QQQ,0
2008-07-01,SPY,0
2008-07-01,VTI,0
2008-07-01,XLK,0
2008-07-02,GLD,1
2008-07-02,QQQ,0
2008-07-02,SPY,0
2008-07-02,VTI,0
2008-07-02,XLK,0
2008-07-03,GLD,1
2008-07-03,QQQ,0
2008-07-03,SPY,0
2008-07-03,VTI,0
2008-07-03,XLK,0
2008-07-07,GLD,1
2008-07-07,QQQ,0
2008-07-07,SPY,0
2008-07-07,VTI,0
2008-07-07,XLK,0
2008-07-08,GLD,1
2008-07-08,QQQ,0
2008-07-08,SPY,0
2008-07-08,VTI,0
2008-07-08,XLK,0
2008-07-09,GLD,1
2008-07-09,QQQ,0
2008-07-09,SPY,0
2008-07-09,VTI,0
2008-07-09,XLK,0
2008-07-10,GLD,1
2008-07-10,QQQ,0
2008-07-10,SPY,0
2008-07-10,VTI,0
2008-07-10,XLK,0
2008-07-11,GLD,1
2008-07-11,QQQ,0
2008-07-11,SPY,0
2008-07-11,VTI,0
2008-07-11,XLK,0
2008-07-14,GLD,1
2008-07-14,QQQ,0
2008-07-14,SPY,0
2008-07-14,VTI,0
2008-07-14,XLK,0
2008-07-15,GLD,1
2008-07-15,QQQ,0
2008-07-15,SPY,0
2008-07-15,VTI,0
2008-07-15,XLK,0
2008-07-16,GLD,1
2008-07-16,QQQ,0
2008-07-16,SPY,0
2008-07-16,VTI,0
2008-07-16,XLK,0
2008-07-17,GLD,1
2008-07-17,QQQ,0
2008-07-17,SPY,0
2008-07-17,VTI,0
2008-07-17,XLK,0
2008-07-18,GLD,1
2008-07-18,QQQ,0
2008-07-18,SPY,0
2008-07-18,VTI,0
2008-07-18,XLK,0
2008-07-21,GLD,1
2008-07-21,QQQ,0
2008-07-21,SPY,0
2008-07-21,VTI,0
2008-07-21,XLK,0
2008-07-22,GLD,1
2008-07-22,QQQ,0
2008-07-22,SPY,0
2008-07-22,VTI,0
2008-07-22,XLK,0
2008-07-23,GLD,1
2008-07-23,QQQ,0
2008-07-23,SPY,0
2008-07-23,VTI,0
2008-07-23,XLK,0
2008-07-24,GLD,1
2008-07-24,QQQ,0
2008-07-24,SPY,0
2008-07-24,VTI,0
2008-07-24,XLK,0
2008-07-25,GLD,1
2008-07-25,QQQ,0
2008-07-25,SPY,0
2008-07-25,VTI,0
2008-07-25,XLK,0
2008-07-28,GLD,1
2008-07-28,QQQ,0
2008-07-28,SPY,0
2008-07-28,VTI,0
2008-07-28,XLK,0
2008-07-29,GLD,1
2008-07-29,QQQ,0
2008-07-29,SPY,0
2008-07-29,VTI,0
2008-07-29,XLK,0
2008-07-30,GLD,1
2008-07-30,QQQ,0
2008-07-30,SPY,0
2008-07-30,VTI,0
2008-07-30,XLK,0
2008-07-31,GLD,1
2008-07-31,QQQ,0
2008-07-31,SPY,0
2008-07-31,VTI,0
2008-07-31,XLK,0
2008-08-01,GLD,1
2008-08-01,QQQ,0
2008-08-01,SPY,0
2008-08-01,VTI,0
2008-08-01,XLK,0
2008-08-04,GLD,1
2008-08-04,QQQ,0
2008-08-04,SPY,0
2008-08-04,VTI,0
2008-08-04,XLK,0
2008-08-05,GLD,1
2008-08-05,QQQ,0
2008-08-05,SPY,0
2008-08-05,VTI,0
2008-08-05,XLK,0
2008-08-06,GLD,1
2008-08-06,QQQ,0
2008-08-06,SPY,0
2008-08-06,VTI,0
2008-08-06,XLK,0
2008-08-07,GLD,1
2008-08-07,QQQ,0
2008-08-07,SPY,0
2008-08-07,VTI,0
2008-08-07,XLK,0
2008-08-08,GLD,1
2008-08-08,QQQ,0
2008-08-08,SPY,0
2008-08-08,VTI,0
2008-08-08,XLK,0
2008-08-11,GLD,1
2008-08-11,QQQ,0
2008-08-11,SPY,0
2008-08-11,VTI,0
2008-08-11,XLK,0
2008-08-12,GLD,1
2008-08-12,QQQ,0
2008-08-12,SPY,0
2008-08-12,VTI,0
2008-08-12,XLK,0
2008-08-13,GLD,1
2008-08-13,QQQ,0
2008-08-13,SPY,0
2008-08-13,VTI,0
2008-08-13,XLK,0
2008-08-14,GLD,0.75
2008-08-14,QQQ,0.25
2008-08-14,SPY,0
2008-08-14,VTI,0
2008-08-14,XLK,0
2008-08-15,GLD,0.75
2008-08-15,QQQ,0.25
2008-08-15,SPY,0
2008-08-15,VTI,0
2008-08-15,XLK,0
2008-08-18,GLD,0.75
2008-08-18,QQQ,0.25
2008-08-18,SPY,0
2008-08-18,VTI,0
2008-08-18,XLK,0
2008-08-19,GLD,0.75
2008-08-19,QQQ,0.25
2008-08-19,SPY,0
2008-08-19,VTI,0
2008-08-19,XLK,0
2008-08-20,GLD,0.75
2008-08-20,QQQ,0.25
2008-08-20,SPY,0
2008-08-20,VTI,0
2008-08-20,XLK,0
2008-08-21,GLD,0.75
2008-08-21,QQQ,0.25
2008-08-21,SPY,0
2008-08-21,VTI,0
2008-08-21,XLK,0
2008-08-22,GLD,0.75
2008-08-22,QQQ,0.25
2008-08-22,SPY,0
2008-08-22,VTI,0
2008-08-22,XLK,0
2008-08-25,GLD,0.75
2008-08-25,QQQ,0.25
2008-08-25,SPY,0
2008-08-25,VTI,0
2008-08-25,XLK,0
2008-08-26,GLD,0.75
2008-08-26,QQQ,0.25
2008-08-26,SPY,0
2008-08-26,VTI,0
2008-08-26,XLK,0
2008-08-27,GLD,0.75
2008-08-27,QQQ,0.25
2008-08-27,SPY,0
2008-08-27,VTI,0
2008-08-27,XLK,0
2008-08-28,GLD,0.75
2008-08-28,QQQ,0.25
2008-08-28,SPY,0
2008-08-28,VTI,0
2008-08-28,XLK,0
2008-08-29,GLD,0.75
2008-08-29,QQQ,0.25
2008-08-29,SPY,0
2008-08-29,VTI,0
2008-08-29,XLK,0
2008-09-02,GLD,1
2008-09-02,QQQ,0
2008-09-02,SPY,0
2008-09-02,VTI,0
2008-09-02,XLK,0
2008-09-03,GLD,1
2008-09-03,QQQ,0
2008-09-03,SPY,0
2008-09-03,VTI,0
2008-09-03,XLK,0
2008-09-04,GLD,1
2008-09-04,QQQ,0
2008-09-04,SPY,0
2008-09-04,VTI,0
2008-09-04,XLK,0
2008-09-05,GLD,1
2008-09-05,QQQ,0
2008-09-05,SPY,0
2008-09-05,VTI,0
2008-09-05,XLK,0
2008-09-08,GLD,1
2008-09-08,QQQ,0
2008-09-08,SPY,0
2008-09-08,VTI,0
2008-09-08,XLK,0
2008-09-09,GLD,1
2008-09-09,QQQ,0
2008-09-09,SPY,0
2008-09-09,VTI,0
2008-09-09,XLK,0
2008-09-10,GLD,1
2008-09-10,QQQ,0
2008-09-10,SPY,0
2008-09-10,VTI,0
2008-09-10,XLK,0
2008-09-11,GLD,1
2008-09-11,QQQ,0
2008-09-11,SPY,0
2008-09-11,VTI,0
2008-09-11,XLK,0
2008-09-12,GLD,1
2008-09-12,QQQ,0
2008-09-12,SPY,0
2008-09-12,VTI,0
2008-09-12,XLK,0
2008-09-15,GLD,1
2008-09-15,QQQ,0
2008-09-15,SPY,0
2008-09-15,VTI,0
2008-09-15,XLK,0
2008-09-16,GLD,1
2008-09-16,QQQ,0
2008-09-16,SPY,0
2008-09-16,VTI,0
2008-09-16,XLK,0
2008-09-17,GLD,1
2008-09-17,QQQ,0
2008-09-17,SPY,0
2008-09-17,VTI,0
2008-09-17,XLK,0
2008-09-18,GLD,1
2008-09-18,QQQ,0
2008-09-18,SPY,0
2008-09-18,VTI,0
2008-09-18,XLK,0
2008-09-19,GLD,1
2008-09-19,QQQ,0
2008-09-19,SPY,0
2008-09-19,VTI,0
2008-09-19,XLK,0
2008-09-22,GLD,1
2008-09-22,QQQ,0
2008-09-22,SPY,0
2008-09-22,VTI,0
2008-09-22,XLK,0
2008-09-23,GLD,1
2008-09-23,QQQ,0
2008-09-23,SPY,0
2008-09-23,VTI,0
2008-09-23,XLK,0
2008-09-24,GLD,1
2008-09-24,QQQ,0
2008-09-24,SPY,0
2008-09-24,VTI,0
2008-09-24,XLK,0
2008-09-25,GLD,1
2008-09-25,QQQ,0
2008-09-25,SPY,0
2008-09-25,VTI,0
2008-09-25,XLK,0
2008-09-26,GLD,1
2008-09-26,QQQ,0
2008-09-26,SPY,0
2008-09-26,VTI,0
2008-09-26,XLK,0
2008-09-29,GLD,1
2008-09-29,QQQ,0
2008-09-29,SPY,0
2008-09-29,VTI,0
2008-09-29,XLK,0
2008-09-30,GLD,1
2008-09-30,QQQ,0
2008-09-30,SPY,0
2008-09-30,VTI,0
2008-09-30,XLK,0
2008-10-01,GLD,1
2008-10-01,QQQ,0
2008-10-01,SPY,0
2008-10-01,VTI,0
2008-10-01,XLK,0
2008-10-02,GLD,1
2008-10-02,QQQ,0
2008-10-02,SPY,0
2008-10-02,VTI,0
2008-10-02,XLK,0
2008-10-03,GLD,1
2008-10-03,QQQ,0
2008-10-03,SPY,0
2008-10-03,VTI,0
2008-10-03,XLK,0
2008-10-06,GLD,1
2008-10-06,QQQ,0
2008-10-06,SPY,0
2008-10-06,VTI,0
2008-10-06,XLK,0
2008-10-07,GLD,1
2008-10-07,QQQ,0
2008-10-07,SPY,0
2008-10-07,VTI,0
2008-10-07,XLK,0
2008-10-08,GLD,1
2008-10-08,QQQ,0
2008-10-08,SPY,0
2008-10-08,VTI,0
2008-10-08,XLK,0
2008-10-09,GLD,1
2008-10-09,QQQ,0
2008-10-09,SPY,0
2008-10-09,VTI,0
2008-10-09,XLK,0
2008-10-10,GLD,1
2008-10-10,QQQ,0
2008-10-10,SPY,0
2008-10-10,VTI,0
2008-10-10,XLK,0
2008-10-13,GLD,1
2008-10-13,QQQ,0
2008-10-13,SPY,0
2008-10-13,VTI,0
2008-10-13,XLK,0
2008-10-14,GLD,1
2008-10-14,QQQ,0
2008-10-14,SPY,0
2008-10-14,VTI,0
2008-10-14,XLK,0
2008-10-15,GLD,1
2008-10-15,QQQ,0
2008-10-15,SPY,0
2008-10-15,VTI,0
2008-10-15,XLK,0
2008-10-16,GLD,1
2008-10-16,QQQ,0
2008-10-16,SPY,0
2008-10-16,VTI,0
2008-10-16,XLK,0
2008-10-17,GLD,1
2008-10-17,QQQ,0
2008-10-17,SPY,0
2008-10-17,VTI,0
2008-10-17,XLK,0
2008-10-20,GLD,1
2008-10-20,QQQ,0
2008-10-20,SPY,0
2008-10-20,VTI,0
2008-10-20,XLK,0
2008-10-21,GLD,1
2008-10-21,QQQ,0
2008-10-21,SPY,0
2008-10-21,VTI,0
2008-10-21,XLK,0
2008-10-22,GLD,1
2008-10-22,QQQ,0
2008-10-22,SPY,0
2008-10-22,VTI,0
2008-10-22,XLK,0
2008-10-23,GLD,1
2008-10-23,QQQ,0
2008-10-23,SPY,0
2008-10-23,VTI,0
2008-10-23,XLK,0
2008-10-24,GLD,1
2008-10-24,QQQ,0
2008-10-24,SPY,0
2008-10-24,VTI,0
2008-10-24,XLK,0
2008-10-27,GLD,1
2008-10-27,QQQ,0
2008-10-27,SPY,0
2008-10-27,VTI,0
2008-10-27,XLK,0
2008-10-28,GLD,1
2008-10-28,QQQ,0
2008-10-28,SPY,0
2008-10-28,VTI,0
2008-10-28,XLK,0
2008-10-29,GLD,1
2008-10-29,QQQ,0
2008-10-29,SPY,0
2008-10-29,VTI,0
2008-10-29,XLK,0
2008-10-30,GLD,1
2008-10-30,QQQ,0
2008-10-30,SPY,0
2008-10-30,VTI,0
2008-10-30,XLK,0
2008-10-31,GLD,1
2008-10-31,QQQ,0
2008-10-31,SPY,0
2008-10-31,VTI,0
2008-10-31,XLK,0
2008-11-03,GLD,1
2008-11-03,QQQ,0
2008-11-03,SPY,0
2008-11-03,VTI,0
2008-11-03,XLK,0
2008-11-04,GLD,1
2008-11-04,QQQ,0
2008-11-04,SPY,0
2008-11-04,VTI,0
2008-11-04,XLK,0
2008-11-05,GLD,1
2008-11-05,QQQ,0
2008-11-05,SPY,0
2008-11-05,VTI,0
2008-11-05,XLK,0
2008-11-06,GLD,1
2008-11-06,QQQ,0
2008-11-06,SPY,0
2008-11-06,VTI,0
2008-11-06,XLK,0
2008-11-07,GLD,1
2008-11-07,QQQ,0
2008-11-07,SPY,0
2008-11-07,VTI,0
2008-11-07,XLK,0
2008-11-10,GLD,1
2008-11-10,QQQ,0
2008-11-10,SPY,0
2008-11-10,VTI,0
2008-11-10,XLK,0
2008-11-11,GLD,1
2008-11-11,QQQ,0
2008-11-11,SPY,0
2008-11-11,VTI,0
2008-11-11,XLK,0
2008-11-12,GLD,1
2008-11-12,QQQ,0
2008-11-12,SPY,0
2008-11-12,VTI,0
2008-11-12,XLK,0
2008-11-13,GLD,1
2008-11-13,QQQ,0
2008-11-13,SPY,0
2008-11-13,VTI,0
2008-11-13,XLK,0
2008-11-14,GLD,1
2008-11-14,QQQ,0
2008-11-14,SPY,0
2008-11-14,VTI,0
2008-11-14,XLK,0
2008-11-17,GLD,1
2008-11-17,QQQ,0
2008-11-17,SPY,0
2008-11-17,VTI,0
2008-11-17,XLK,0
2008-11-18,GLD,1
2008-11-18,QQQ,0
2008-11-18,SPY,0
2008-11-18,VTI,0
2008-11-18,XLK,0
2008-11-19,GLD,1
2008-11-19,QQQ,0
2008-11-19,SPY,0
2008-11-19,VTI,0
2008-11-19,XLK,0
2008-11-20,GLD,1
2008-11-20,QQQ,0
2008-11-20,SPY,0
2008-11-20,VTI,0
2008-11-20,XLK,0
2008-11-21,GLD,1
2008-11-21,QQQ,0
2008-11-21,SPY,0
2008-11-21,VTI,0
2008-11-21,XLK,0
2008-11-24,GLD,1
2008-11-24,QQQ,0
2008-11-24,SPY,0
2008-11-24,VTI,0
2008-11-24,XLK,0
2008-11-25,GLD,1
2008-11-25,QQQ,0
2008-11-25,SPY,0
2008-11-25,VTI,0
2008-11-25,XLK,0
2008-11-26,GLD,1
2008-11-26,QQQ,0
2008-11-26,SPY,0
2008-11-26,VTI,0
2008-11-26,XLK,0
2008-11-28,GLD,1
2008-11-28,QQQ,0
2008-11-28,SPY,0
2008-11-28,VTI,0
2008-11-28,XLK,0
2008-12-01,GLD,1
2008-12-01,QQQ,0
2008-12-01,SPY,0
2008-12-01,VTI,0
2008-12-01,XLK,0
2008-12-02,GLD,1
2008-12-02,QQQ,0
2008-12-02,SPY,0
2008-12-02,VTI,0
2008-12-02,XLK,0
2008-12-03,GLD,1
2008-12-03,QQQ,0
2008-12-03,SPY,0
2008-12-03,VTI,0
2008-12-03,XLK,0
2008-12-04,GLD,1
2008-12-04,QQQ,0
2008-12-04,SPY,0
2008-12-04,VTI,0
2008-12-04,XLK,0
2008-12-05,GLD,1
2008-12-05,QQQ,0
2008-12-05,SPY,0
2008-12-05,VTI,0
2008-12-05,XLK,0
2008-12-08,GLD,1
2008-12-08,QQQ,0
2008-12-08,SPY,0
2008-12-08,VTI,0
2008-12-08,XLK,0
2008-12-09,GLD,1
2008-12-09,QQQ,0
2008-12-09,SPY,0
2008-12-09,VTI,0
2008-12-09,XLK,0
2008-12-10,GLD,1
2008-12-10,QQQ,0
2008-12-10,SPY,0
2008-12-10,VTI,0
2008-12-10,XLK,0
2008-12-11,GLD,1
2008-12-11,QQQ,0
2008-12-11,SPY,0
2008-12-11,VTI,0
2008-12-11,XLK,0
2008-12-12,GLD,1
2008-12-12,QQQ,0
2008-12-12,SPY,0
2008-12-12,VTI,0
2008-12-12,XLK,0
2008-12-15,GLD,1
2008-12-15,QQQ,0
2008-12-15,SPY,0
2008-12-15,VTI,0
2008-12-15,XLK,0
2008-12-16,GLD,1
2008-12-16,QQQ,0
2008-12-16,SPY,0
2008-12-16,VTI,0
2008-12-16,XLK,0
2008-12-17,GLD,1
2008-12-17,QQQ,0
2008-12-17,SPY,0
2008-12-17,VTI,0
2008-12-17,XLK,0
2008-12-18,GLD,1
2008-12-18,QQQ,0
2008-12-18,SPY,0
2008-12-18,VTI,0
2008-12-18,XLK,0
2008-12-19,GLD,1
2008-12-19,QQQ,0
2008-12-19,SPY,0
2008-12-19,VTI,0
2008-12-19,XLK,0
2008-12-22,GLD,1
2008-12-22,QQQ,0
2008-12-22,SPY,0
2008-12-22,VTI,0
2008-12-22,XLK,0
2008-12-23,GLD,1
2008-12-23,QQQ,0
2008-12-23,SPY,0
2008-12-23,VTI,0
2008-12-23,XLK,0
2008-12-24,GLD,1
2008-12-24,QQQ,0
2008-12-24,SPY,0
2008-12-24,VTI,0
2008-12-24,XLK,0
2008-12-26,GLD,1
2008-12-26,QQQ,0
2008-12-26,SPY,0
2008-12-26,VTI,0
2008-12-26,XLK,0
2008-12-29,GLD,1
2008-12-29,QQQ,0
2008-12-29,SPY,0
2008-12-29,VTI,0
2008-12-29,XLK,0
2008-12-30,GLD,1
2008-12-30,QQQ,0
2008-12-30,SPY,0
2008-12-30,VTI,0
2008-12-30,XLK,0
2008-12-31,GLD,1
2008-12-31,QQQ,0
2008-12-31,SPY,0
2008-12-31,VTI,0
2008-12-31,XLK,0
2009-01-02,GLD,1
2009-01-02,QQQ,0
2009-01-02,SPY,0
2009-01-02,VTI,0
2009-01-02,XLK,0
2009-01-05,GLD,1
2009-01-05,QQQ,0
2009-01-05,SPY,0
2009-01-05,VTI,0
2009-01-05,XLK,0
2009-01-06,GLD,1
2009-01-06,QQQ,0
2009-01-06,SPY,0
2009-01-06,VTI,0
2009-01-06,XLK,0
2009-01-07,GLD,1
2009-01-07,QQQ,0
2009-01-07,SPY,0
2009-01-07,VTI,0
2009-01-07,XLK,0
2009-01-08,GLD,1
2009-01-08,QQQ,0
2009-01-08,SPY,0
2009-01-08,VTI,0
2009-01-08,XLK,0
2009-01-09,GLD,1
2009-01-09,QQQ,0
2009-01-09,SPY,0
2009-01-09,VTI,0
2009-01-09,XLK,0
2009-01-12,GLD,1
2009-01-12,QQQ,0
2009-01-12,SPY,0
2009-01-12,VTI,0
2009-01-12,XLK,0
2009-01-13,GLD,1
2009-01-13,QQQ,0
2009-01-13,SPY,0
2009-01-13,VTI,0
2009-01-13,XLK,0
2009-01-14,GLD,1
2009-01-14,QQQ,0
2009-01-14,SPY,0
2009-01-14,VTI,0
2009-01-14,XLK,0
2009-01-15,GLD,1
2009-01-15,QQQ,0
2009-01-15,SPY,0
2009-01-15,VTI,0
2009-01-15,XLK,0
2009-01-16,GLD,1
2009-01-16,QQQ,0
2009-01-16,SPY,0
2009-01-16,VTI,0
2009-01-16,XLK,0
2009-01-20,GLD,1
2009-01-20,QQQ,0
2009-01-20,SPY,0
2009-01-20,VTI,0
2009-01-20,XLK,0
2009-01-21,GLD,1
2009-01-21,QQQ,0
2009-01-21,SPY,0
2009-01-21,VTI,0
2009-01-21,XLK,0
2009-01-22,GLD,1
2009-01-22,QQQ,0
2009-01-22,SPY,0
2009-01-22,VTI,0
2009-01-22,XLK,0
2009-01-23,GLD,1
2009-01-23,QQQ,0
2009-01-23,SPY,0
2009-01-23,VTI,0
2009-01-23,XLK,0
2009-01-26,GLD,1
2009-01-26,QQQ,0
2009-01-26,SPY,0
2009-01-26,VTI,0
2009-01-26,XLK,0
2009-01-27,GLD,1
2009-01-27,QQQ,0
2009-01-27,SPY,0
2009-01-27,VTI,0
2009-01-27,XLK,0
2009-01-28,GLD,1
2009-01-28,QQQ,0
2009-01-28,SPY,0
2009-01-28,VTI,0
2009-01-28,XLK,0
2009-01-29,GLD,1
2009-01-29,QQQ,0
2009-01-29,SPY,0
2009-01-29,VTI,0
2009-01-29,XLK,0
2009-01-30,GLD,1
2009-01-30,QQQ,0
2009-01-30,SPY,0
2009-01-30,VTI,0
2009-01-30,XLK,0
2009-02-02,GLD,1
2009-02-02,QQQ,0
2009-02-02,SPY,0
2009-02-02,VTI,0
2009-02-02,XLK,0
2009-02-03,GLD,1
2009-02-03,QQQ,0
2009-02-03,SPY,0
2009-02-03,VTI,0
2009-02-03,XLK,0
2009-02-04,GLD,1
2009-02-04,QQQ,0
2009-02-04,SPY,0
2009-02-04,VTI,0
2009-02-04,XLK,0
2009-02-05,GLD,1
2009-02-05,QQQ,0
2009-02-05,SPY,0
2009-02-05,VTI,0
2009-02-05,XLK,0
2009-02-06,GLD,1
2009-02-06,QQQ,0
2009-02-06,SPY,0
2009-02-06,VTI,0
2009-02-06,XLK,0
2009-02-09,GLD,1
2009-02-09,QQQ,0
2009-02-09,SPY,0
2009-02-09,VTI,0
2009-02-09,XLK,0
2009-02-10,GLD,1
2009-02-10,QQQ,0
2009-02-10,SPY,0
2009-02-10,VTI,0
2009-02-10,XLK,0
2009-02-11,GLD,1
2009-02-11,QQQ,0
2009-02-11,SPY,0
2009-02-11,VTI,0
2009-02-11,XLK,0
2009-02-12,GLD,1
2009-02-12,QQQ,0
2009-02-12,SPY,0
2009-02-12,VTI,0
2009-02-12,XLK,0
2009-02-13,GLD,1
2009-02-13,QQQ,0
2009-02-13,SPY,0
2009-02-13,VTI,0
2009-02-13,XLK,0
2009-02-17,GLD,1
2009-02-17,QQQ,0
2009-02-17,SPY,0
2009-02-17,VTI,0
2009-02-17,XLK,0
2009-02-18,GLD,1
2009-02-18,QQQ,0
2009-02-18,SPY,0
2009-02-18,VTI,0
2009-02-18,XLK,0
2009-02-19,GLD,1
2009-02-19,QQQ,0
2009-02-19,SPY,0
2009-02-19,VTI,0
2009-02-19,XLK,0
2009-02-20,GLD,1
2009-02-20,QQQ,0
2009-02-20,SPY,0
2009-02-20,VTI,0
2009-02-20,XLK,0
2009-02-23,GLD,1
2009-02-23,QQQ,0
2009-02-23,SPY,0
2009-02-23,VTI,0
2009-02-23,XLK,0
2009-02-24,GLD,1
2009-02-24,QQQ,0
2009-02-24,SPY,0
2009-02-24,VTI,0
2009-02-24,XLK,0
2009-02-25,GLD,1
2009-02-25,QQQ,0
2009-02-25,SPY,0
2009-02-25,VTI,0
2009-02-25,XLK,0
2009-02-26,GLD,1
2009-02-26,QQQ,0
2009-02-26,SPY,0
2009-02-26,VTI,0
2009-02-26,XLK,0
2009-02-27,GLD,1
2009-02-27,QQQ,0
2009-02-27,SPY,0
2009-02-27,VTI,0
2009-02-27,XLK,0
2009-03-02,GLD,1
2009-03-02,QQQ,0
2009-03-02,SPY,0
2009-03-02,VTI,0
2009-03-02,XLK,0
2009-03-03,GLD,1
2009-03-03,QQQ,0
2009-03-03,SPY,0
2009-03-03,VTI,0
2009-03-03,XLK,0
2009-03-04,GLD,1
2009-03-04,QQQ,0
2009-03-04,SPY,0
2009-03-04,VTI,0
2009-03-04,XLK,0
2009-03-05,GLD,1
2009-03-05,QQQ,0
2009-03-05,SPY,0
2009-03-05,VTI,0
2009-03-05,XLK,0
2009-03-06,GLD,1
2009-03-06,QQQ,0
2009-03-06,SPY,0
2009-03-06,VTI,0
2009-03-06,XLK,0
2009-03-09,GLD,1
2009-03-09,QQQ,0
2009-03-09,SPY,0
2009-03-09,VTI,0
2009-03-09,XLK,0
2009-03-10,GLD,1
2009-03-10,QQQ,0
2009-03-10,SPY,0
2009-03-10,VTI,0
2009-03-10,XLK,0
2009-03-11,GLD,1
2009-03-11,QQQ,0
2009-03-11,SPY,0
2009-03-11,VTI,0
2009-03-11,XLK,0
2009-03-12,GLD,1
2009-03-12,QQQ,0
2009-03-12,SPY,0
2009-03-12,VTI,0
2009-03-12,XLK,0
2009-03-13,GLD,1
2009-03-13,QQQ,0
2009-03-13,SPY,0
2009-03-13,VTI,0
2009-03-13,XLK,0
2009-03-16,GLD,1
2009-03-16,QQQ,0
2009-03-16,SPY,0
2009-03-16,VTI,0
2009-03-16,XLK,0
2009-03-17,GLD,1
2009-03-17,QQQ,0
2009-03-17,SPY,0
2009-03-17,VTI,0
2009-03-17,XLK,0
2009-03-18,GLD,1
2009-03-18,QQQ,0
2009-03-18,SPY,0
2009-03-18,VTI,0
2009-03-18,XLK,0
2009-03-19,GLD,1
2009-03-19,QQQ,0
2009-03-19,SPY,0
2009-03-19,VTI,0
2009-03-19,XLK,0
2009-03-20,GLD,1
2009-03-20,QQQ,0
2009-03-20,SPY,0
2009-03-20,VTI,0
2009-03-20,XLK,0
2009-03-23,GLD,1
2009-03-23,QQQ,0
2009-03-23,SPY,0
2009-03-23,VTI,0
2009-03-23,XLK,0
2009-03-24,GLD,1
2009-03-24,QQQ,0
2009-03-24,SPY,0
2009-03-24,VTI,0
2009-03-24,XLK,0
2009-03-25,GLD,1
2009-03-25,QQQ,0
2009-03-25,SPY,0
2009-03-25,VTI,0
2009-03-25,XLK,0
2009-03-26,GLD,1
2009-03-26,QQQ,0
2009-03-26,SPY,0
2009-03-26,VTI,0
2009-03-26,XLK,0
2009-03-27,GLD,1
2009-03-27,QQQ,0
2009-03-27,SPY,0
2009-03-27,VTI,0
2009-03-27,XLK,0
2009-03-30,GLD,1
2009-03-30,QQQ,0
2009-03-30,SPY,0
2009-03-30,VTI,0
2009-03-30,XLK,0
2009-03-31,GLD,1
2009-03-31,QQQ,0
2009-03-31,SPY,0
2009-03-31,VTI,0
2009-03-31,XLK,0
2009-04-01,GLD,1
2009-04-01,QQQ,0
2009-04-01,SPY,0
2009-04-01,VTI,0
2009-04-01,XLK,0
2009-04-02,GLD,1
2009-04-02,QQQ,0
2009-04-02,SPY,0
2009-04-02,VTI,0
2009-04-02,XLK,0
2009-04-03,GLD,1
2009-04-03,QQQ,0
2009-04-03,SPY,0
2009-04-03,VTI,0
2009-04-03,XLK,0
2009-04-06,GLD,1
2009-04-06,QQQ,0
2009-04-06,SPY,0
2009-04-06,VTI,0
2009-04-06,XLK,0
2009-04-07,GLD,1
2009-04-07,QQQ,0
2009-04-07,SPY,0
2009-04-07,VTI,0
2009-04-07,XLK,0
2009-04-08,GLD,1
2009-04-08,QQQ,0
2009-04-08,SPY,0
2009-04-08,VTI,0
2009-04-08,XLK,0
2009-04-09,GLD,1
2009-04-09,QQQ,0
2009-04-09,SPY,0
2009-04-09,VTI,0
2009-04-09,XLK,0
2009-04-13,GLD,1
2009-04-13,QQQ,0
2009-04-13,SPY,0
2009-04-13,VTI,0
2009-04-13,XLK,0
2009-04-14,GLD,1
2009-04-14,QQQ,0
2009-04-14,SPY,0
2009-04-14,VTI,0
2009-04-14,XLK,0
2009-04-15,GLD,1
2009-04-15,QQQ,0
2009-04-15,SPY,0
2009-04-15,VTI,0
2009-04-15,XLK,0
2009-04-16,GLD,1
2009-04-16,QQQ,0
2009-04-16,SPY,0
2009-04-16,VTI,0
2009-04-16,XLK,0
2009-04-17,GLD,1
2009-04-17,QQQ,0
2009-04-17,SPY,0
2009-04-17,VTI,0
2009-04-17,XLK,0
2009-04-20,GLD,1
2009-04-20,QQQ,0
2009-04-20,SPY,0
2009-04-20,VTI,0
2009-04-20,XLK,0
2009-04-21,GLD,1
2009-04-21,QQQ,0
2009-04-21,SPY,0
2009-04-21,VTI,0
2009-04-21,XLK,0
2009-04-22,GLD,1
2009-04-22,QQQ,0
2009-04-22,SPY,0
2009-04-22,VTI,0
2009-04-22,XLK,0
2009-04-23,GLD,1
2009-04-23,QQQ,0
2009-04-23,SPY,0
2009-04-23,VTI,0
2009-04-23,XLK,0
2009-04-24,GLD,1
2009-04-24,QQQ,0
2009-04-24,SPY,0
2009-04-24,VTI,0
2009-04-24,XLK,0
2009-04-27,GLD,1
2009-04-27,QQQ,0
2009-04-27,SPY,0
2009-04-27,VTI,0
2009-04-27,XLK,0
2009-04-28,GLD,1
2009-04-28,QQQ,0
2009-04-28,SPY,0
2009-04-28,VTI,0
2009-04-28,XLK,0
2009-04-29,GLD,1
2009-04-29,QQQ,0
2009-04-29,SPY,0
2009-04-29,VTI,0
2009-04-29,XLK,0
2009-04-30,GLD,1
2009-04-30,QQQ,0
2009-04-30,SPY,0
2009-04-30,VTI,0
2009-04-30,XLK,0
2009-05-01,GLD,1
2009-05-01,QQQ,0
2009-05-01,SPY,0
2009-05-01,VTI,0
2009-05-01,XLK,0
2009-05-04,GLD,0.5
2009-05-04,QQQ,0.25
2009-05-04,SPY,0
2009-05-04,VTI,0
2009-05-04,XLK,0.25
2009-05-05,GLD,0.5
2009-05-05,QQQ,0.25
2009-05-05,SPY,0
2009-05-05,VTI,0
2009-05-05,XLK,0.25
2009-05-06,GLD,0.5
2009-05-06,QQQ,0.25
2009-05-06,SPY,0
2009-05-06,VTI,0
2009-05-06,XLK,0.25
2009-05-07,GLD,0.5
2009-05-07,QQQ,0.25
2009-05-07,SPY,0
2009-05-07,VTI,0
2009-05-07,XLK,0.25
2009-05-08,GLD,0.5
2009-05-08,QQQ,0.25
2009-05-08,SPY,0
2009-05-08,VTI,0
2009-05-08,XLK,0.25
2009-05-11,GLD,0.5
2009-05-11,QQQ,0.25
2009-05-11,SPY,0
2009-05-11,VTI,0
2009-05-11,XLK,0.25
2009-05-12,GLD,0.5
2009-05-12,QQQ,0.25
2009-05-12,SPY,0
2009-05-12,VTI,0
2009-05-12,XLK,0.25
2009-05-13,GLD,0.75
2009-05-13,QQQ,0.25
2009-05-13,SPY,0
2009-05-13,VTI,0
2009-05-13,XLK,0
2009-05-14,GLD,0.75
2009-05-14,QQQ,0.25
2009-05-14,SPY,0
2009-05-14,VTI,0
2009-05-14,XLK,0
2009-05-15,GLD,0.75
2009-05-15,QQQ,0.25
2009-05-15,SPY,0
2009-05-15,VTI,0
2009-05-15,XLK,0
2009-05-18,GLD,0.75
2009-05-18,QQQ,0.25
2009-05-18,SPY,0
2009-05-18,VTI,0
2009-05-18,XLK,0
2009-05-19,GLD,0.5
2009-05-19,QQQ,0.25
2009-05-19,SPY,0
2009-05-19,VTI,0
2009-05-19,XLK,0.25
2009-05-20,GLD,0.5
2009-05-20,QQQ,0.25
2009-05-20,SPY,0
2009-05-20,VTI,0
2009-05-20,XLK,0.25
2009-05-21,GLD,0.5
2009-05-21,QQQ,0.25
2009-05-21,SPY,0
2009-05-21,VTI,0
2009-05-21,XLK,0.25
2009-05-22,GLD,0.5
2009-05-22,QQQ,0.25
2009-05-22,SPY,0
2009-05-22,VTI,0
2009-05-22,XLK,0.25
2009-05-26,GLD,0.5
2009-05-26,QQQ,0.25
2009-05-26,SPY,0
2009-05-26,VTI,0
2009-05-26,XLK,0.25
2009-05-27,GLD,0.5
2009-05-27,QQQ,0.25
2009-05-27,SPY,0
2009-05-27,VTI,0
2009-05-27,XLK,0.25
2009-05-28,GLD,0.5
2009-05-28,QQQ,0.25
2009-05-28,SPY,0
2009-05-28,VTI,0
2009-05-28,XLK,0.25
2009-05-29,GLD,0.5
2009-05-29,QQQ,0.25
2009-05-29,SPY,0
2009-05-29,VTI,0
2009-05-29,XLK,0.25
2009-06-01,GLD,0
2009-06-01,QQQ,0.25
2009-06-01,SPY,0.25
2009-06-01,VTI,0.25
2009-06-01,XLK,0.25
2009-06-02,GLD,0
2009-06-02,QQQ,0.25
2009-06-02,SPY,0.25
2009-06-02,VTI,0.25
2009-06-02,XLK,0.25
2009-06-03,GLD,0
2009-06-03,QQQ,0.25
2009-06-03,SPY,0.25
2009-06-03,VTI,0.25
2009-06-03,XLK,0.25
2009-06-04,GLD,0
2009-06-04,QQQ,0.25
2009-06-04,SPY,0.25
2009-06-04,VTI,0.25
2009-06-04,XLK,0.25
2009-06-05,GLD,0
2009-06-05,QQQ,0.25
2009-06-05,SPY,0.25
2009-06-05,VTI,0.25
2009-06-05,XLK,0.25
2009-06-08,GLD,0
2009-06-08,QQQ,0.25
2009-06-08,SPY,0.25
2009-06-08,VTI,0.25
2009-06-08,XLK,0.25
2009-06-09,GLD,0
2009-06-09,QQQ,0.25
2009-06-09,SPY,0.25
2009-06-09,VTI,0.25
2009-06-09,XLK,0.25
2009-06-10,GLD,0
2009-06-10,QQQ,0.25
2009-06-10,SPY,0.25
2009-06-10,VTI,0.25
2009-06-10,XLK,0.25
2009-06-11,GLD,0
2009-06-11,QQQ,0.25
2009-06-11,SPY,0.25
2009-06-11,VTI,0.25
2009-06-11,XLK,0.25
2009-06-12,GLD,0
2009-06-12,QQQ,0.25
2009-06-12,SPY,0.25
2009-06-12,VTI,0.25
2009-06-12,XLK,0.25
2009-06-15,GLD,0
2009-06-15,QQQ,0.25
2009-06-15,SPY,0.25
2009-06-15,VTI,0.25
2009-06-15,XLK,0.25
2009-06-16,GLD,0
2009-06-16,QQQ,0.25
2009-06-16,SPY,0.25
2009-06-16,VTI,0.25
2009-06-16,XLK,0.25
2009-06-17,GLD,0
2009-06-17,QQQ,0.25
2009-06-17,SPY,0.25
2009-06-17,VTI,0.25
2009-06-17,XLK,0.25
2009-06-18,GLD,0
2009-06-18,QQQ,0.25
2009-06-18,SPY,0.25
2009-06-18,VTI,0.25
2009-06-18,XLK,0.25
2009-06-19,GLD,0
2009-06-19,QQQ,0.25
2009-06-19,SPY,0.25
2009-06-19,VTI,0.25
2009-06-19,XLK,0.25
2009-06-22,GLD,0
2009-06-22,QQQ,0.25
2009-06-22,SPY,0.25
2009-06-22,VTI,0.25
2009-06-22,XLK,0.25
2009-06-23,GLD,0
2009-06-23,QQQ,0.25
2009-06-23,SPY,0.25
2009-06-23,VTI,0.25
2009-06-23,XLK,0.25
2009-06-24,GLD,0
2009-06-24,QQQ,0.25
2009-06-24,SPY,0.25
2009-06-24,VTI,0.25
2009-06-24,XLK,0.25
2009-06-25,GLD,0
2009-06-25,QQQ,0.25
2009-06-25,SPY,0.25
2009-06-25,VTI,0.25
2009-06-25,XLK,0.25
2009-06-26,GLD,0
2009-06-26,QQQ,0.25
2009-06-26,SPY,0.25
2009-06-26,VTI,0.25
2009-06-26,XLK,0.25
2009-06-29,GLD,0
2009-06-29,QQQ,0.25
2009-06-29,SPY,0.25
2009-06-29,VTI,0.25
2009-06-29,XLK,0.25
2009-06-30,GLD,0
2009-06-30,QQQ,0.25
2009-06-30,SPY,0.25
2009-06-30,VTI,0.25
2009-06-30,XLK,0.25
2009-07-01,GLD,0
2009-07-01,QQQ,0.25
2009-07-01,SPY,0.25
2009-07-01,VTI,0.25
2009-07-01,XLK,0.25
2009-07-02,GLD,0
2009-07-02,QQQ,0.25
2009-07-02,SPY,0.25
2009-07-02,VTI,0.25
2009-07-02,XLK,0.25
2009-07-06,GLD,0
2009-07-06,QQQ,0.25
2009-07-06,SPY,0.25
2009-07-06,VTI,0.25
2009-07-06,XLK,0.25
2009-07-07,GLD,0
2009-07-07,QQQ,0.25
2009-07-07,SPY,0.25
2009-07-07,VTI,0.25
2009-07-07,XLK,0.25
2009-07-08,GLD,0
2009-07-08,QQQ,0.25
2009-07-08,SPY,0.25
2009-07-08,VTI,0.25
2009-07-08,XLK,0.25
2009-07-09,GLD,0
2009-07-09,QQQ,0.25
2009-07-09,SPY,0.25
2009-07-09,VTI,0.25
2009-07-09,XLK,0.25
2009-07-10,GLD,0
2009-07-10,QQQ,0.25
2009-07-10,SPY,0.25
2009-07-10,VTI,0.25
2009-07-10,XLK,0.25
2009-07-13,GLD,0
2009-07-13,QQQ,0.25
2009-07-13,SPY,0.25
2009-07-13,VTI,0.25
2009-07-13,XLK,0.25
2009-07-14,GLD,0
2009-07-14,QQQ,0.25
2009-07-14,SPY,0.25
2009-07-14,VTI,0.25
2009-07-14,XLK,0.25
2009-07-15,GLD,0
2009-07-15,QQQ,0.25
2009-07-15,SPY,0.25
2009-07-15,VTI,0.25
2009-07-15,XLK,0.25
2009-07-16,GLD,0
2009-07-16,QQQ,0.25
2009-07-16,SPY,0.25
2009-07-16,VTI,0.25
2009-07-16,XLK,0.25
2009-07-17,GLD,0
2009-07-17,QQQ,0.25
2009-07-17,SPY,0.25
2009-07-17,VTI,0.25
2009-07-17,XLK,0.25
2009-07-20,GLD,0
2009-07-20,QQQ,0.25
2009-07-20,SPY,0.25
2009-07-20,VTI,0.25
2009-07-20,XLK,0.25
2009-07-21,GLD,0
2009-07-21,QQQ,0.25
2009-07-21,SPY,0.25
2009-07-21,VTI,0.25
2009-07-21,XLK,0.25
2009-07-22,GLD,0
2009-07-22,QQQ,0.25
2009-07-22,SPY,0.25
2009-07-22,VTI,0.25
2009-07-22,XLK,0.25
2009-07-23,GLD,0
2009-07-23,QQQ,0.25
2009-07-23,SPY,0.25
2009-07-23,VTI,0.25
2009-07-23,XLK,0.25
2009-07-24,GLD,0
2009-07-24,QQQ,0.25
2009-07-24,SPY,0.25
2009-07-24,VTI,0.25
2009-07-24,XLK,0.25
2009-07-27,GLD,0
2009-07-27,QQQ,0.25
2009-07-27,SPY,0.25
2009-07-27,VTI,0.25
2009-07-27,XLK,0.25
2009-07-28,GLD,0
2009-07-28,QQQ,0.25
2009-07-28,SPY,0.25
2009-07-28,VTI,0.25
2009-07-28,XLK,0.25
2009-07-29,GLD,0
2009-07-29,QQQ,0.25
2009-07-29,SPY,0.25
2009-07-29,VTI,0.25
2009-07-29,XLK,0.25
2009-07-30,GLD,0
2009-07-30,QQQ,0.25
2009-07-30,SPY,0.25
2009-07-30,VTI,0.25
2009-07-30,XLK,0.25
2009-07-31,GLD,0
2009-07-31,QQQ,0.25
2009-07-31,SPY,0.25
2009-07-31,VTI,0.25
2009-07-31,XLK,0.25
2009-08-03,GLD,0
2009-08-03,QQQ,0.25
2009-08-03,SPY,0.25
2009-08-03,VTI,0.25
2009-08-03,XLK,0.25
2009-08-04,GLD,0
2009-08-04,QQQ,0.25
2009-08-04,SPY,0.25
2009-08-04,VTI,0.25
2009-08-04,XLK,0.25
2009-08-05,GLD,0
2009-08-05,QQQ,0.25
2009-08-05,SPY,0.25
2009-08-05,VTI,0.25
2009-08-05,XLK,0.25
2009-08-06,GLD,0
2009-08-06,QQQ,0.25
2009-08-06,SPY,0.25
2009-08-06,VTI,0.25
2009-08-06,XLK,0.25
2009-08-07,GLD,0
2009-08-07,QQQ,0.25
2009-08-07,SPY,0.25
2009-08-07,VTI,0.25
2009-08-07,XLK,0.25
2009-08-10,GLD,0
2009-08-10,QQQ,0.25
2009-08-10,SPY,0.25
2009-08-10,VTI,0.25
2009-08-10,XLK,0.25
2009-08-11,GLD,0
2009-08-11,QQQ,0.25
2009-08-11,SPY,0.25
2009-08-11,VTI,0.25
2009-08-11,XLK,0.25
2009-08-12,GLD,0
2009-08-12,QQQ,0.25
2009-08-12,SPY,0.25
2009-08-12,VTI,0.25
2009-08-12,XLK,0.25
2009-08-13,GLD,0
2009-08-13,QQQ,0.25
2009-08-13,SPY,0.25
2009-08-13,VTI,0.25
2009-08-13,XLK,0.25
2009-08-14,GLD,0
2009-08-14,QQQ,0.25
2009-08-14,SPY,0.25
2009-08-14,VTI,0.25
2009-08-14,XLK,0.25
2009-08-17,GLD,0
2009-08-17,QQQ,0.25
2009-08-17,SPY,0.25
2009-08-17,VTI,0.25
2009-08-17,XLK,0.25
2009-08-18,GLD,0
2009-08-18,QQQ,0.25
2009-08-18,SPY,0.25
2009-08-18,VTI,0.25
2009-08-18,XLK,0.25
2009-08-19,GLD,0
2009-08-19,QQQ,0.25
2009-08-19,SPY,0.25
2009-08-19,VTI,0.25
2009-08-19,XLK,0.25
2009-08-20,GLD,0
2009-08-20,QQQ,0.25
2009-08-20,SPY,0.25
2009-08-20,VTI,0.25
2009-08-20,XLK,0.25
2009-08-21,GLD,0
2009-08-21,QQQ,0.25
2009-08-21,SPY,0.25
2009-08-21,VTI,0.25
2009-08-21,XLK,0.25
2009-08-24,GLD,0
2009-08-24,QQQ,0.25
2009-08-24,SPY,0.25
2009-08-24,VTI,0.25
2009-08-24,XLK,0.25
2009-08-25,GLD,0
2009-08-25,QQQ,0.25
2009-08-25,SPY,0.25
2009-08-25,VTI,0.25
2009-08-25,XLK,0.25
2009-08-26,GLD,0
2009-08-26,QQQ,0.25
2009-08-26,SPY,0.25
2009-08-26,VTI,0.25
2009-08-26,XLK,0.25
2009-08-27,GLD,0
2009-08-27,QQQ,0.25
2009-08-27,SPY,0.25
2009-08-27,VTI,0.25
2009-08-27,XLK,0.25
2009-08-28,GLD,0
2009-08-28,QQQ,0.25
2009-08-28,SPY,0.25
2009-08-28,VTI,0.25
2009-08-28,XLK,0.25
2009-08-31,GLD,0
2009-08-31,QQQ,0.25
2009-08-31,SPY,0.25
2009-08-31,VTI,0.25
2009-08-31,XLK,0.25
2009-09-01,GLD,0
2009-09-01,QQQ,0.25
2009-09-01,SPY,0.25
2009-09-01,VTI,0.25
2009-09-01,XLK,0.25
2009-09-02,GLD,0
2009-09-02,QQQ,0.25
2009-09-02,SPY,0.25
2009-09-02,VTI,0.25
2009-09-02,XLK,0.25
2009-09-03,GLD,0
2009-09-03,QQQ,0.25
2009-09-03,SPY,0.25
2009-09-03,VTI,0.25
2009-09-03,XLK,0.25
2009-09-04,GLD,0
2009-09-04,QQQ,0.25
2009-09-04,SPY,0.25
2009-09-04,VTI,0.25
2009-09-04,XLK,0.25
2009-09-08,GLD,0
2009-09-08,QQQ,0.25
2009-09-08,SPY,0.25
2009-09-08,VTI,0.25
2009-09-08,XLK,0.25
2009-09-09,GLD,0
2009-09-09,QQQ,0.25
2009-09-09,SPY,0.25
2009-09-09,VTI,0.25
2009-09-09,XLK,0.25
2009-09-10,GLD,0
2009-09-10,QQQ,0.25
2009-09-10,SPY,0.25
2009-09-10,VTI,0.25
2009-09-10,XLK,0.25
2009-09-11,GLD,0
2009-09-11,QQQ,0.25
2009-09-11,SPY,0.25
2009-09-11,VTI,0.25
2009-09-11,XLK,0.25
2009-09-14,GLD,0
2009-09-14,QQQ,0.25
2009-09-14,SPY,0.25
2009-09-14,VTI,0.25
2009-09-14,XLK,0.25
2009-09-15,GLD,0
2009-09-15,QQQ,0.25
2009-09-15,SPY,0.25
2009-09-15,VTI,0.25
2009-09-15,XLK,0.25
2009-09-16,GLD,0
2009-09-16,QQQ,0.25
2009-09-16,SPY,0.25
2009-09-16,VTI,0.25
2009-09-16,XLK,0.25
2009-09-17,GLD,0
2009-09-17,QQQ,0.25
2009-09-17,SPY,0.25
2009-09-17,VTI,0.25
2009-09-17,XLK,0.25
2009-09-18,GLD,0
2009-09-18,QQQ,0.25
2009-09-18,SPY,0.25
2009-09-18,VTI,0.25
2009-09-18,XLK,0.25
2009-09-21,GLD,0
2009-09-21,QQQ,0.25
2009-09-21,SPY,0.25
2009-09-21,VTI,0.25
2009-09-21,XLK,0.25
2009-09-22,GLD,0
2009-09-22,QQQ,0.25
2009-09-22,SPY,0.25
2009-09-22,VTI,0.25
2009-09-22,XLK,0.25
2009-09-23,GLD,0
2009-09-23,QQQ,0.25
2009-09-23,SPY,0.25
2009-09-23,VTI,0.25
2009-09-23,XLK,0.25
2009-09-24,GLD,0
2009-09-24,QQQ,0.25
2009-09-24,SPY,0.25
2009-09-24,VTI,0.25
2009-09-24,XLK,0.25
2009-09-25,GLD,0
2009-09-25,QQQ,0.25
2009-09-25,SPY,0.25
2009-09-25,VTI,0.25
2009-09-25,XLK,0.25
2009-09-28,GLD,0
2009-09-28,QQQ,0.25
2009-09-28,SPY,0.25
2009-09-28,VTI,0.25
2009-09-28,XLK,0.25
2009-09-29,GLD,0
2009-09-29,QQQ,0.25
2009-09-29,SPY,0.25
2009-09-29,VTI,0.25
2009-09-29,XLK,0.25
2009-09-30,GLD,0
2009-09-30,QQQ,0.25
2009-09-30,SPY,0.25
2009-09-30,VTI,0.25
2009-09-30,XLK,0.25
2009-10-01,GLD,0
2009-10-01,QQQ,0.25
2009-10-01,SPY,0.25
2009-10-01,VTI,0.25
2009-10-01,XLK,0.25
2009-10-02,GLD,0
2009-10-02,QQQ,0.25
2009-10-02,SPY,0.25
2009-10-02,VTI,0.25
2009-10-02,XLK,0.25
2009-10-05,GLD,0
2009-10-05,QQQ,0.25
2009-10-05,SPY,0.25
2009-10-05,VTI,0.25
2009-10-05,XLK,0.25
2009-10-06,GLD,0
2009-10-06,QQQ,0.25
2009-10-06,SPY,0.25
2009-10-06,VTI,0.25
2009-10-06,XLK,0.25
2009-10-07,GLD,0
2009-10-07,QQQ,0.25
2009-10-07,SPY,0.25
2009-10-07,VTI,0.25
2009-10-07,XLK,0.25
2009-10-08,GLD,0
2009-10-08,QQQ,0.25
2009-10-08,SPY,0.25
2009-10-08,VTI,0.25
2009-10-08,XLK,0.25
2009-10-09,GLD,0
2009-10-09,QQQ,0.25
2009-10-09,SPY,0.25
2009-10-09,VTI,0.25
2009-10-09,XLK,0.25
2009-10-12,GLD,0
2009-10-12,QQQ,0.25
2009-10-12,SPY,0.25
2009-10-12,VTI,0.25
2009-10-12,XLK,0.25
2009-10-13,GLD,0
2009-10-13,QQQ,0.25
2009-10-13,SPY,0.25
2009-10-13,VTI,0.25
2009-10-13,XLK,0.25
2009-10-14,GLD,0
2009-10-14,QQQ,0.25
2009-10-14,SPY,0.25
2009-10-14,VTI,0.25
2009-10-14,XLK,0.25
2009-10-15,GLD,0
2009-10-15,QQQ,0.25
2009-10-15,SPY,0.25
2009-10-15,VTI,0.25
2009-10-15,XLK,0.25
2009-10-16,GLD,0
2009-10-16,QQQ,0.25
2009-10-16,SPY,0.25
2009-10-16,VTI,0.25
2009-10-16,XLK,0.25
2009-10-19,GLD,0
2009-10-19,QQQ,0.25
2009-10-19,SPY,0.25
2009-10-19,VTI,0.25
2009-10-19,XLK,0.25
2009-10-20,GLD,0
2009-10-20,QQQ,0.25
2009-10-20,SPY,0.25
2009-10-20,VTI,0.25
2009-10-20,XLK,0.25
2009-10-21,GLD,0
2009-10-21,QQQ,0.25
2009-10-21,SPY,0.25
2009-10-21,VTI,0.25
2009-10-21,XLK,0.25
2009-10-22,GLD,0
2009-10-22,QQQ,0.25
2009-10-22,SPY,0.25
2009-10-22,VTI,0.25
2009-10-22,XLK,0.25
2009-10-23,GLD,0
2009-10-23,QQQ,0.25
2009-10-23,SPY,0.25
2009-10-23,VTI,0.25
2009-10-23,XLK,0.25
2009-10-26,GLD,0
2009-10-26,QQQ,0.25
2009-10-26,SPY,0.25
2009-10-26,VTI,0.25
2009-10-26,XLK,0.25
2009-10-27,GLD,0
2009-10-27,QQQ,0.25
2009-10-27,SPY,0.25
2009-10-27,VTI,0.25
2009-10-27,XLK,0.25
2009-10-28,GLD,0
2009-10-28,QQQ,0.25
2009-10-28,SPY,0.25
2009-10-28,VTI,0.25
2009-10-28,XLK,0.25
2009-10-29,GLD,0
2009-10-29,QQQ,0.25
2009-10-29,SPY,0.25
2009-10-29,VTI,0.25
2009-10-29,XLK,0.25
2009-10-30,GLD,0
2009-10-30,QQQ,0.25
2009-10-30,SPY,0.25
2009-10-30,VTI,0.25
2009-10-30,XLK,0.25
2009-11-02,GLD,0
2009-11-02,QQQ,0.25
2009-11-02,SPY,0.25
2009-11-02,VTI,0.25
2009-11-02,XLK,0.25
2009-11-03,GLD,0
2009-11-03,QQQ,0.25
2009-11-03,SPY,0.25
2009-11-03,VTI,0.25
2009-11-03,XLK,0.25
2009-11-04,GLD,0
2009-11-04,QQQ,0.25
2009-11-04,SPY,0.25
2009-11-04,VTI,0.25
2009-11-04,XLK,0.25
2009-11-05,GLD,0
2009-11-05,QQQ,0.25
2009-11-05,SPY,0.25
2009-11-05,VTI,0.25
2009-11-05,XLK,0.25
2009-11-06,GLD,0
2009-11-06,QQQ,0.25
2009-11-06,SPY,0.25
2009-11-06,VTI,0.25
2009-11-06,XLK,0.25
2009-11-09,GLD,0
2009-11-09,QQQ,0.25
2009-11-09,SPY,0.25
2009-11-09,VTI,0.25
2009-11-09,XLK,0.25
2009-11-10,GLD,0
2009-11-10,QQQ,0.25
2009-11-10,SPY,0.25
2009-11-10,VTI,0.25
2009-11-10,XLK,0.25
2009-11-11,GLD,0
2009-11-11,QQQ,0.25
2009-11-11,SPY,0.25
2009-11-11,VTI,0.25
2009-11-11,XLK,0.25
2009-11-12,GLD,0
2009-11-12,QQQ,0.25
2009-11-12,SPY,0.25
2009-11-12,VTI,0.25
2009-11-12,XLK,0.25
2009-11-13,GLD,0
2009-11-13,QQQ,0.25
2009-11-13,SPY,0.25
2009-11-13,VTI,0.25
2009-11-13,XLK,0.25
2009-11-16,GLD,0
2009-11-16,QQQ,0.25
2009-11-16,SPY,0.25
2009-11-16,VTI,0.25
2009-11-16,XLK,0.25
2009-11-17,GLD,0
2009-11-17,QQQ,0.25
2009-11-17,SPY,0.25
2009-11-17,VTI,0.25
2009-11-17,XLK,0.25
2009-11-18,GLD,0
2009-11-18,QQQ,0.25
2009-11-18,SPY,0.25
2009-11-18,VTI,0.25
2009-11-18,XLK,0.25
2009-11-19,GLD,0
2009-11-19,QQQ,0.25
2009-11-19,SPY,0.25
2009-11-19,VTI,0.25
2009-11-19,XLK,0.25
2009-11-20,GLD,0
2009-11-20,QQQ,0.25
2009-11-20,SPY,0.25
2009-11-20,VTI,0.25
2009-11-20,XLK,0.25
2009-11-23,GLD,0
2009-11-23,QQQ,0.25
2009-11-23,SPY,0.25
2009-11-23,VTI,0.25
2009-11-23,XLK,0.25
2009-11-24,GLD,0
2009-11-24,QQQ,0.25
2009-11-24,SPY,0.25
2009-11-24,VTI,0.25
2009-11-24,XLK,0.25
2009-11-25,GLD,0
2009-11-25,QQQ,0.25
2009-11-25,SPY,0.25
2009-11-25,VTI,0.25
2009-11-25,XLK,0.25
2009-11-27,GLD,0
2009-11-27,QQQ,0.25
2009-11-27,SPY,0.25
2009-11-27,VTI,0.25
2009-11-27,XLK,0.25
2009-11-30,GLD,0
2009-11-30,QQQ,0.25
2009-11-30,SPY,0.25
2009-11-30,VTI,0.25
2009-11-30,XLK,0.25
2009-12-01,GLD,0
2009-12-01,QQQ,0.25
2009-12-01,SPY,0.25
2009-12-01,VTI,0.25
2009-12-01,XLK,0.25
2009-12-02,GLD,0
2009-12-02,QQQ,0.25
2009-12-02,SPY,0.25
2009-12-02,VTI,0.25
2009-12-02,XLK,0.25
2009-12-03,GLD,0
2009-12-03,QQQ,0.25
2009-12-03,SPY,0.25
2009-12-03,VTI,0.25
2009-12-03,XLK,0.25
2009-12-04,GLD,0
2009-12-04,QQQ,0.25
2009-12-04,SPY,0.25
2009-12-04,VTI,0.25
2009-12-04,XLK,0.25
2009-12-07,GLD,0
2009-12-07,QQQ,0.25
2009-12-07,SPY,0.25
2009-12-07,VTI,0.25
2009-12-07,XLK,0.25
2009-12-08,GLD,0
2009-12-08,QQQ,0.25
2009-12-08,SPY,0.25
2009-12-08,VTI,0.25
2009-12-08,XLK,0.25
2009-12-09,GLD,0
2009-12-09,QQQ,0.25
2009-12-09,SPY,0.25
2009-12-09,VTI,0.25
2009-12-09,XLK,0.25
2009-12-10,GLD,0
2009-12-10,QQQ,0.25
2009-12-10,SPY,0.25
2009-12-10,VTI,0.25
2009-12-10,XLK,0.25
2009-12-11,GLD,0
2009-12-11,QQQ,0.25
2009-12-11,SPY,0.25
2009-12-11,VTI,0.25
2009-12-11,XLK,0.25
2009-12-14,GLD,0
2009-12-14,QQQ,0.25
2009-12-14,SPY,0.25
2009-12-14,VTI,0.25
2009-12-14,XLK,0.25
2009-12-15,GLD,0
2009-12-15,QQQ,0.25
2009-12-15,SPY,0.25
2009-12-15,VTI,0.25
2009-12-15,XLK,0.25
2009-12-16,GLD,0
2009-12-16,QQQ,0.25
2009-12-16,SPY,0.25
2009-12-16,VTI,0.25
2009-12-16,XLK,0.25
2009-12-17,GLD,0
2009-12-17,QQQ,0.25
2009-12-17,SPY,0.25
2009-12-17,VTI,0.25
2009-12-17,XLK,0.25
2009-12-18,GLD,0
2009-12-18,QQQ,0.25
2009-12-18,SPY,0.25
2009-12-18,VTI,0.25
2009-12-18,XLK,0.25
2009-12-21,GLD,0
2009-12-21,QQQ,0.25
2009-12-21,SPY,0.25
2009-12-21,VTI,0.25
2009-12-21,XLK,0.25
2009-12-22,GLD,0
2009-12-22,QQQ,0.25
2009-12-22,SPY,0.25
2009-12-22,VTI,0.25
2009-12-22,XLK,0.25
2009-12-23,GLD,0
2009-12-23,QQQ,0.25
2009-12-23,SPY,0.25
2009-12-23,VTI,0.25
2009-12-23,XLK,0.25
2009-12-24,GLD,0
2009-12-24,QQQ,0.25
2009-12-24,SPY,0.25
2009-12-24,VTI,0.25
2009-12-24,XLK,0.25
2009-12-28,GLD,0
2009-12-28,QQQ,0.25
2009-12-28,SPY,0.25
2009-12-28,VTI,0.25
2009-12-28,XLK,0.25
2009-12-29,GLD,0
2009-12-29,QQQ,0.25
2009-12-29,SPY,0.25
2009-12-29,VTI,0.25
2009-12-29,XLK,0.25
2009-12-30,GLD,0
2009-12-30,QQQ,0.25
2009-12-30,SPY,0.25
2009-12-30,VTI,0.25
2009-12-30,XLK,0.25
2009-12-31,GLD,0
2009-12-31,QQQ,0.25
2009-12-31,SPY,0.25
2009-12-31,VTI,0.25
2009-12-31,XLK,0.25
2010-01-04,GLD,0
2010-01-04,QQQ,0.25
2010-01-04,SPY,0.25
2010-01-04,VTI,0.25
2010-01-04,XLK,0.25
2010-01-05,GLD,0
2010-01-05,QQQ,0.25
2010-01-05,SPY,0.25
2010-01-05,VTI,0.25
2010-01-05,XLK,0.25
2010-01-06,GLD,0
2010-01-06,QQQ,0.25
2010-01-06,SPY,0.25
2010-01-06,VTI,0.25
2010-01-06,XLK,0.25
2010-01-07,GLD,0
2010-01-07,QQQ,0.25
2010-01-07,SPY,0.25
2010-01-07,VTI,0.25
2010-01-07,XLK,0.25
2010-01-08,GLD,0
2010-01-08,QQQ,0.25
2010-01-08,SPY,0.25
2010-01-08,VTI,0.25
2010-01-08,XLK,0.25
2010-01-11,GLD,0
2010-01-11,QQQ,0.25
2010-01-11,SPY,0.25
2010-01-11,VTI,0.25
2010-01-11,XLK,0.25
2010-01-12,GLD,0
2010-01-12,QQQ,0.25
2010-01-12,SPY,0.25
2010-01-12,VTI,0.25
2010-01-12,XLK,0.25
2010-01-13,GLD,0
2010-01-13,QQQ,0.25
2010-01-13,SPY,0.25
2010-01-13,VTI,0.25
2010-01-13,XLK,0.25
2010-01-14,GLD,0
2010-01-14,QQQ,0.25
2010-01-14,SPY,0.25
2010-01-14,VTI,0.25
2010-01-14,XLK,0.25
2010-01-15,GLD,0
2010-01-15,QQQ,0.25
2010-01-15,SPY,0.25
2010-01-15,VTI,0.25
2010-01-15,XLK,0.25
2010-01-19,GLD,0
2010-01-19,QQQ,0.25
2010-01-19,SPY,0.25
2010-01-19,VTI,0.25
2010-01-19,XLK,0.25
2010-01-20,GLD,0
2010-01-20,QQQ,0.25
2010-01-20,SPY,0.25
2010-01-20,VTI,0.25
2010-01-20,XLK,0.25
2010-01-21,GLD,0
2010-01-21,QQQ,0.25
2010-01-21,SPY,0.25
2010-01-21,VTI,0.25
2010-01-21,XLK,0.25
2010-01-22,GLD,0
2010-01-22,QQQ,0.25
2010-01-22,SPY,0.25
2010-01-22,VTI,0.25
2010-01-22,XLK,0.25
2010-01-25,GLD,0
2010-01-25,QQQ,0.25
2010-01-25,SPY,0.25
2010-01-25,VTI,0.25
2010-01-25,XLK,0.25
2010-01-26,GLD,0
2010-01-26,QQQ,0.25
2010-01-26,SPY,0.25
2010-01-26,VTI,0.25
2010-01-26,XLK,0.25
2010-01-27,GLD,0
2010-01-27,QQQ,0.25
2010-01-27,SPY,0.25
2010-01-27,VTI,0.25
2010-01-27,XLK,0.25
2010-01-28,GLD,0
2010-01-28,QQQ,0.25
2010-01-28,SPY,0.25
2010-01-28,VTI,0.25
2010-01-28,XLK,0.25
2010-01-29,GLD,0
2010-01-29,QQQ,0.25
2010-01-29,SPY,0.25
2010-01-29,VTI,0.25
2010-01-29,XLK,0.25
2010-02-01,GLD,0
2010-02-01,QQQ,0.25
2010-02-01,SPY,0.25
2010-02-01,VTI,0.25
2010-02-01,XLK,0.25
2010-02-02,GLD,0
2010-02-02,QQQ,0.25
2010-02-02,SPY,0.25
2010-02-02,VTI,0.25
2010-02-02,XLK,0.25
2010-02-03,GLD,0
2010-02-03,QQQ,0.25
2010-02-03,SPY,0.25
2010-02-03,VTI,0.25
2010-02-03,XLK,0.25
2010-02-04,GLD,0
2010-02-04,QQQ,0.25
2010-02-04,SPY,0.25
2010-02-04,VTI,0.25
2010-02-04,XLK,0.25
2010-02-05,GLD,0
2010-02-05,QQQ,0.25
2010-02-05,SPY,0.25
2010-02-05,VTI,0.25
2010-02-05,XLK,0.25
2010-02-08,GLD,0
2010-02-08,QQQ,0.25
2010-02-08,SPY,0.25
2010-02-08,VTI,0.25
2010-02-08,XLK,0.25
2010-02-09,GLD,0
2010-02-09,QQQ,0.25
2010-02-09,SPY,0.25
2010-02-09,VTI,0.25
2010-02-09,XLK,0.25
2010-02-10,GLD,0
2010-02-10,QQQ,0.25
2010-02-10,SPY,0.25
2010-02-10,VTI,0.25
2010-02-10,XLK,0.25
2010-02-11,GLD,0
2010-02-11,QQQ,0.25
2010-02-11,SPY,0.25
2010-02-11,VTI,0.25
2010-02-11,XLK,0.25
2010-02-12,GLD,0
2010-02-12,QQQ,0.25
2010-02-12,SPY,0.25
2010-02-12,VTI,0.25
2010-02-12,XLK,0.25
2010-02-16,GLD,0
2010-02-16,QQQ,0.25
2010-02-16,SPY,0.25
2010-02-16,VTI,0.25
2010-02-16,XLK,0.25
2010-02-17,GLD,0
2010-02-17,QQQ,0.25
2010-02-17,SPY,0.25
2010-02-17,VTI,0.25
2010-02-17,XLK,0.25
2010-02-18,GLD,0
2010-02-18,QQQ,0.25
2010-02-18,SPY,0.25
2010-02-18,VTI,0.25
2010-02-18,XLK,0.25
2010-02-19,GLD,0
2010-02-19,QQQ,0.25
2010-02-19,SPY,0.25
2010-02-19,VTI,0.25
2010-02-19,XLK,0.25
2010-02-22,GLD,0
2010-02-22,QQQ,0.25
2010-02-22,SPY,0.25
2010-02-22,VTI,0.25
2010-02-22,XLK,0.25
2010-02-23,GLD,0
2010-02-23,QQQ,0.25
2010-02-23,SPY,0.25
2010-02-23,VTI,0.25
2010-02-23,XLK,0.25
2010-02-24,GLD,0
2010-02-24,QQQ,0.25
2010-02-24,SPY,0.25
2010-02-24,VTI,0.25
2010-02-24,XLK,0.25
2010-02-25,GLD,0
2010-02-25,QQQ,0.25
2010-02-25,SPY,0.25
2010-02-25,VTI,0.25
2010-02-25,XLK,0.25
2010-02-26,GLD,0
2010-02-26,QQQ,0.25
2010-02-26,SPY,0.25
2010-02-26,VTI,0.25
2010-02-26,XLK,0.25
2010-03-01,GLD,0
2010-03-01,QQQ,0.25
2010-03-01,SPY,0.25
2010-03-01,VTI,0.25
2010-03-01,XLK,0.25
2010-03-02,GLD,0
2010-03-02,QQQ,0.25
2010-03-02,SPY,0.25
2010-03-02,VTI,0.25
2010-03-02,XLK,0.25
2010-03-03,GLD,0
2010-03-03,QQQ,0.25
2010-03-03,SPY,0.25
2010-03-03,VTI,0.25
2010-03-03,XLK,0.25
2010-03-04,GLD,0
2010-03-04,QQQ,0.25
2010-03-04,SPY,0.25
2010-03-04,VTI,0.25
2010-03-04,XLK,0.25
2010-03-05,GLD,0
2010-03-05,QQQ,0.25
2010-03-05,SPY,0.25
2010-03-05,VTI,0.25
2010-03-05,XLK,0.25
2010-03-08,GLD,0
2010-03-08,QQQ,0.25
2010-03-08,SPY,0.25
2010-03-08,VTI,0.25
2010-03-08,XLK,0.25
2010-03-09,GLD,0
2010-03-09,QQQ,0.25
2010-03-09,SPY,0.25
2010-03-09,VTI,0.25
2010-03-09,XLK,0.25
2010-03-10,GLD,0
2010-03-10,QQQ,0.25
2010-03-10,SPY,0.25
2010-03-10,VTI,0.25
2010-03-10,XLK,0.25
2010-03-11,GLD,0
2010-03-11,QQQ,0.25
2010-03-11,SPY,0.25
2010-03-11,VTI,0.25
2010-03-11,XLK,0.25
2010-03-12,GLD,0
2010-03-12,QQQ,0.25
2010-03-12,SPY,0.25
2010-03-12,VTI,0.25
2010-03-12,XLK,0.25
2010-03-15,GLD,0
2010-03-15,QQQ,0.25
2010-03-15,SPY,0.25
2010-03-15,VTI,0.25
2010-03-15,XLK,0.25
2010-03-16,GLD,0
2010-03-16,QQQ,0.25
2010-03-16,SPY,0.25
2010-03-16,VTI,0.25
2010-03-16,XLK,0.25
2010-03-17,GLD,0
2010-03-17,QQQ,0.25
2010-03-17,SPY,0.25
2010-03-17,VTI,0.25
2010-03-17,XLK,0.25
2010-03-18,GLD,0
2010-03-18,QQQ,0.25
2010-03-18,SPY,0.25
2010-03-18,VTI,0.25
2010-03-18,XLK,0.25
2010-03-19,GLD,0
2010-03-19,QQQ,0.25
2010-03-19,SPY,0.25
2010-03-19,VTI,0.25
2010-03-19,XLK,0.25
2010-03-22,GLD,0
2010-03-22,QQQ,0.25
2010-03-22,SPY,0.25
2010-03-22,VTI,0.25
2010-03-22,XLK,0.25
2010-03-23,GLD,0
2010-03-23,QQQ,0.25
2010-03-23,SPY,0.25
2010-03-23,VTI,0.25
2010-03-23,XLK,0.25
2010-03-24,GLD,0
2010-03-24,QQQ,0.25
2010-03-24,SPY,0.25
2010-03-24,VTI,0.25
2010-03-24,XLK,0.25
2010-03-25,GLD,0
2010-03-25,QQQ,0.25
2010-03-25,SPY,0.25
2010-03-25,VTI,0.25
2010-03-25,XLK,0.25
2010-03-26,GLD,0
2010-03-26,QQQ,0.25
2010-03-26,SPY,0.25
2010-03-26,VTI,0.25
2010-03-26,XLK,0.25
2010-03-29,GLD,0
2010-03-29,QQQ,0.25
2010-03-29,SPY,0.25
2010-03-29,VTI,0.25
2010-03-29,XLK,0.25
2010-03-30,GLD,0
2010-03-30,QQQ,0.25
2010-03-30,SPY,0.25
2010-03-30,VTI,0.25
2010-03-30,XLK,0.25
2010-03-31,GLD,0
2010-03-31,QQQ,0.25
2010-03-31,SPY,0.25
2010-03-31,VTI,0.25
2010-03-31,XLK,0.25
2010-04-01,GLD,0
2010-04-01,QQQ,0.25
2010-04-01,SPY,0.25
2010-04-01,VTI,0.25
2010-04-01,XLK,0.25
2010-04-05,GLD,0
2010-04-05,QQQ,0.25
2010-04-05,SPY,0.25
2010-04-05,VTI,0.25
2010-04-05,XLK,0.25
2010-04-06,GLD,0
2010-04-06,QQQ,0.25
2010-04-06,SPY,0.25
2010-04-06,VTI,0.25
2010-04-06,XLK,0.25
2010-04-07,GLD,0
2010-04-07,QQQ,0.25
2010-04-07,SPY,0.25
2010-04-07,VTI,0.25
2010-04-07,XLK,0.25
2010-04-08,GLD,0
2010-04-08,QQQ,0.25
2010-04-08,SPY,0.25
2010-04-08,VTI,0.25
2010-04-08,XLK,0.25
2010-04-09,GLD,0
2010-04-09,QQQ,0.25
2010-04-09,SPY,0.25
2010-04-09,VTI,0.25
2010-04-09,XLK,0.25
2010-04-12,GLD,0
2010-04-12,QQQ,0.25
2010-04-12,SPY,0.25
2010-04-12,VTI,0.25
2010-04-12,XLK,0.25
2010-04-13,GLD,0
2010-04-13,QQQ,0.25
2010-04-13,SPY,0.25
2010-04-13,VTI,0.25
2010-04-13,XLK,0.25
2010-04-14,GLD,0
2010-04-14,QQQ,0.25
2010-04-14,SPY,0.25
2010-04-14,VTI,0.25
2010-04-14,XLK,0.25
2010-04-15,GLD,0
2010-04-15,QQQ,0.25
2010-04-15,SPY,0.25
2010-04-15,VTI,0.25
2010-04-15,XLK,0.25
2010-04-16,GLD,0
2010-04-16,QQQ,0.25
2010-04-16,SPY,0.25
2010-04-16,VTI,0.25
2010-04-16,XLK,0.25
2010-04-19,GLD,0
2010-04-19,QQQ,0.25
2010-04-19,SPY,0.25
2010-04-19,VTI,0.25
2010-04-19,XLK,0.25
2010-04-20,GLD,0
2010-04-20,QQQ,0.25
2010-04-20,SPY,0.25
2010-04-20,VTI,0.25
2010-04-20,XLK,0.25
2010-04-21,GLD,0
2010-04-21,QQQ,0.25
2010-04-21,SPY,0.25
2010-04-21,VTI,0.25
2010-04-21,XLK,0.25
2010-04-22,GLD,0
2010-04-22,QQQ,0.25
2010-04-22,SPY,0.25
2010-04-22,VTI,0.25
2010-04-22,XLK,0.25
2010-04-23,GLD,0
2010-04-23,QQQ,0.25
2010-04-23,SPY,0.25
2010-04-23,VTI,0.25
2010-04-23,XLK,0.25
2010-04-26,GLD,0
2010-04-26,QQQ,0.25
2010-04-26,SPY,0.25
2010-04-26,VTI,0.25
2010-04-26,XLK,0.25
2010-04-27,GLD,0
2010-04-27,QQQ,0.25
2010-04-27,SPY,0.25
2010-04-27,VTI,0.25
2010-04-27,XLK,0.25
2010-04-28,GLD,0
2010-04-28,QQQ,0.25
2010-04-28,SPY,0.25
2010-04-28,VTI,0.25
2010-04-28,XLK,0.25
2010-04-29,GLD,0
2010-04-29,QQQ,0.25
2010-04-29,SPY,0.25
2010-04-29,VTI,0.25
2010-04-29,XLK,0.25
2010-04-30,GLD,0
2010-04-30,QQQ,0.25
2010-04-30,SPY,0.25
2010-04-30,VTI,0.25
2010-04-30,XLK,0.25
2010-05-03,GLD,0
2010-05-03,QQQ,0.25
2010-05-03,SPY,0.25
2010-05-03,VTI,0.25
2010-05-03,XLK,0.25
2010-05-04,GLD,0
2010-05-04,QQQ,0.25
2010-05-04,SPY,0.25
2010-05-04,VTI,0.25
2010-05-04,XLK,0.25
2010-05-05,GLD,0
2010-05-05,QQQ,0.25
2010-05-05,SPY,0.25
2010-05-05,VTI,0.25
2010-05-05,XLK,0.25
2010-05-06,GLD,0
2010-05-06,QQQ,0.25
2010-05-06,SPY,0.25
2010-05-06,VTI,0.25
2010-05-06,XLK,0.25
2010-05-07,GLD,0
2010-05-07,QQQ,0.25
2010-05-07,SPY,0.25
2010-05-07,VTI,0.25
2010-05-07,XLK,0.25
2010-05-10,GLD,0
2010-05-10,QQQ,0.25
2010-05-10,SPY,0.25
2010-05-10,VTI,0.25
2010-05-10,XLK,0.25
2010-05-11,GLD,0
2010-05-11,QQQ,0.25
2010-05-11,SPY,0.25
2010-05-11,VTI,0.25
2010-05-11,XLK,0.25
2010-05-12,GLD,0
2010-05-12,QQQ,0.25
2010-05-12,SPY,0.25
2010-05-12,VTI,0.25
2010-05-12,XLK,0.25
2010-05-13,GLD,0
2010-05-13,QQQ,0.25
2010-05-13,SPY,0.25
2010-05-13,VTI,0.25
2010-05-13,XLK,0.25
2010-05-14,GLD,0
2010-05-14,QQQ,0.25
2010-05-14,SPY,0.25
2010-05-14,VTI,0.25
2010-05-14,XLK,0.25
2010-05-17,GLD,0
2010-05-17,QQQ,0.25
2010-05-17,SPY,0.25
2010-05-17,VTI,0.25
2010-05-17,XLK,0.25
2010-05-18,GLD,0
2010-05-18,QQQ,0.25
2010-05-18,SPY,0.25
2010-05-18,VTI,0.25
2010-05-18,XLK,0.25
2010-05-19,GLD,0
2010-05-19,QQQ,0.25
2010-05-19,SPY,0.25
2010-05-19,VTI,0.25
2010-05-19,XLK,0.25
2010-05-20,GLD,0.5
2010-05-20,QQQ,0.25
2010-05-20,SPY,0
2010-05-20,VTI,0.25
2010-05-20,XLK,0
2010-05-21,GLD,0.5
2010-05-21,QQQ,0.25
2010-05-21,SPY,0
2010-05-21,VTI,0.25
2010-05-21,XLK,0
2010-05-24,GLD,0.5
2010-05-24,QQQ,0.25
2010-05-24,SPY,0
2010-05-24,VTI,0.25
2010-05-24,XLK,0
2010-05-25,GLD,0.5
2010-05-25,QQQ,0.25
2010-05-25,SPY,0
2010-05-25,VTI,0.25
2010-05-25,XLK,0
2010-05-26,GLD,0.75
2010-05-26,QQQ,0.25
2010-05-26,SPY,0
2010-05-26,VTI,0
2010-05-26,XLK,0
2010-05-27,GLD,0.75
2010-05-27,QQQ,0.25
2010-05-27,SPY,0
2010-05-27,VTI,0
2010-05-27,XLK,0
2010-05-28,GLD,0.75
2010-05-28,QQQ,0.25
2010-05-28,SPY,0
2010-05-28,VTI,0
2010-05-28,XLK,0
2010-06-01,GLD,0.75
2010-06-01,QQQ,0.25
2010-06-01,SPY,0
2010-06-01,VTI,0
2010-06-01,XLK,0
2010-06-02,GLD,0.75
2010-06-02,QQQ,0.25
2010-06-02,SPY,0
2010-06-02,VTI,0
2010-06-02,XLK,0
2010-06-03,GLD,0.75
2010-06-03,QQQ,0.25
2010-06-03,SPY,0
2010-06-03,VTI,0
2010-06-03,XLK,0
2010-06-04,GLD,0.75
2010-06-04,QQQ,0.25
2010-06-04,SPY,0
2010-06-04,VTI,0
2010-06-04,XLK,0
2010-06-07,GLD,0.75
2010-06-07,QQQ,0.25
2010-06-07,SPY,0
2010-06-07,VTI,0
2010-06-07,XLK,0
2010-06-08,GLD,0.75
2010-06-08,QQQ,0.25
2010-06-08,SPY,0
2010-06-08,VTI,0
2010-06-08,XLK,0
2010-06-09,GLD,1
2010-06-09,QQQ,0
2010-06-09,SPY,0
2010-06-09,VTI,0
2010-06-09,XLK,0
2010-06-10,GLD,1
2010-06-10,QQQ,0
2010-06-10,SPY,0
2010-06-10,VTI,0
2010-06-10,XLK,0
2010-06-11,GLD,1
2010-06-11,QQQ,0
2010-06-11,SPY,0
2010-06-11,VTI,0
2010-06-11,XLK,0
2010-06-14,GLD,1
2010-06-14,QQQ,0
2010-06-14,SPY,0
2010-06-14,VTI,0
2010-06-14,XLK,0
2010-06-15,GLD,0.75
2010-06-15,QQQ,0.25
2010-06-15,SPY,0
2010-06-15,VTI,0
2010-06-15,XLK,0
2010-06-16,GLD,0.75
2010-06-16,QQQ,0.25
2010-06-16,SPY,0
2010-06-16,VTI,0
2010-06-16,XLK,0
2010-06-17,GLD,0.75
2010-06-17,QQQ,0.25
2010-06-17,SPY,0
2010-06-17,VTI,0
2010-06-17,XLK,0
2010-06-18,GLD,0.75
2010-06-18,QQQ,0.25
2010-06-18,SPY,0
2010-06-18,VTI,0
2010-06-18,XLK,0
2010-06-21,GLD,0.75
2010-06-21,QQQ,0.25
2010-06-21,SPY,0
2010-06-21,VTI,0
2010-06-21,XLK,0
2010-06-22,GLD,0.75
2010-06-22,QQQ,0.25
2010-06-22,SPY,0
2010-06-22,VTI,0
2010-06-22,XLK,0
2010-06-23,GLD,0.75
2010-06-23,QQQ,0.25
2010-06-23,SPY,0
2010-06-23,VTI,0
2010-06-23,XLK,0
2010-06-24,GLD,0.75
2010-06-24,QQQ,0.25
2010-06-24,SPY,0
2010-06-24,VTI,0
2010-06-24,XLK,0
2010-06-25,GLD,0.75
2010-06-25,QQQ,0.25
2010-06-25,SPY,0
2010-06-25,VTI,0
2010-06-25,XLK,0
2010-06-28,GLD,0.75
2010-06-28,QQQ,0.25
2010-06-28,SPY,0
2010-06-28,VTI,0
2010-06-28,XLK,0
2010-06-29,GLD,1
2010-06-29,QQQ,0
2010-06-29,SPY,0
2010-06-29,VTI,0
2010-06-29,XLK,0
2010-06-30,GLD,1
2010-06-30,QQQ,0
2010-06-30,SPY,0
2010-06-30,VTI,0
2010-06-30,XLK,0
2010-07-01,GLD,1
2010-07-01,QQQ,0
2010-07-01,SPY,0
2010-07-01,VTI,0
2010-07-01,XLK,0
2010-07-02,GLD,1
2010-07-02,QQQ,0
2010-07-02,SPY,0
2010-07-02,VTI,0
2010-07-02,XLK,0
2010-07-06,GLD,1
2010-07-06,QQQ,0
2010-07-06,SPY,0
2010-07-06,VTI,0
2010-07-06,XLK,0
2010-07-07,GLD,1
2010-07-07,QQQ,0
2010-07-07,SPY,0
2010-07-07,VTI,0
2010-07-07,XLK,0
2010-07-08,GLD,1
2010-07-08,QQQ,0
2010-07-08,SPY,0
2010-07-08,VTI,0
2010-07-08,XLK,0
2010-07-09,GLD,1
2010-07-09,QQQ,0
2010-07-09,SPY,0
2010-07-09,VTI,0
2010-07-09,XLK,0
2010-07-12,GLD,1
2010-07-12,QQQ,0
2010-07-12,SPY,0
2010-07-12,VTI,0
2010-07-12,XLK,0
2010-07-13,GLD,1
2010-07-13,QQQ,0
2010-07-13,SPY,0
2010-07-13,VTI,0
2010-07-13,XLK,0
2010-07-14,GLD,1
2010-07-14,QQQ,0
2010-07-14,SPY,0
2010-07-14,VTI,0
2010-07-14,XLK,0
2010-07-15,GLD,1
2010-07-15,QQQ,0
2010-07-15,SPY,0
2010-07-15,VTI,0
2010-07-15,XLK,0
2010-07-16,GLD,1
2010-07-16,QQQ,0
2010-07-16,SPY,0
2010-07-16,VTI,0
2010-07-16,XLK,0
2010-07-19,GLD,1
2010-07-19,QQQ,0
2010-07-19,SPY,0
2010-07-19,VTI,0
2010-07-19,XLK,0
2010-07-20,GLD,1
2010-07-20,QQQ,0
2010-07-20,SPY,0
2010-07-20,VTI,0
2010-07-20,XLK,0
2010-07-21,GLD,1
2010-07-21,QQQ,0
2010-07-21,SPY,0
2010-07-21,VTI,0
2010-07-21,XLK,0
2010-07-22,GLD,1
2010-07-22,QQQ,0
2010-07-22,SPY,0
2010-07-22,VTI,0
2010-07-22,XLK,0
2010-07-23,GLD,1
2010-07-23,QQQ,0
2010-07-23,SPY,0
2010-07-23,VTI,0
2010-07-23,XLK,0
2010-07-26,GLD,0.75
2010-07-26,QQQ,0.25
2010-07-26,SPY,0
2010-07-26,VTI,0
2010-07-26,XLK,0
2010-07-27,GLD,0.75
2010-07-27,QQQ,0.25
2010-07-27,SPY,0
2010-07-27,VTI,0
2010-07-27,XLK,0
2010-07-28,GLD,0.75
2010-07-28,QQQ,0.25
2010-07-28,SPY,0
2010-07-28,VTI,0
2010-07-28,XLK,0
2010-07-29,GLD,0.75
2010-07-29,QQQ,0.25
2010-07-29,SPY,0
2010-07-29,VTI,0
2010-07-29,XLK,0
2010-07-30,GLD,0.75
2010-07-30,QQQ,0.25
2010-07-30,SPY,0
2010-07-30,VTI,0
2010-07-30,XLK,0
2010-08-02,GLD,0.75
2010-08-02,QQQ,0.25
2010-08-02,SPY,0
2010-08-02,VTI,0
2010-08-02,XLK,0
2010-08-03,GLD,0.75
2010-08-03,QQQ,0.25
2010-08-03,SPY,0
2010-08-03,VTI,0
2010-08-03,XLK,0
2010-08-04,GLD,0.75
2010-08-04,QQQ,0.25
2010-08-04,SPY,0
2010-08-04,VTI,0
2010-08-04,XLK,0
2010-08-05,GLD,0.75
2010-08-05,QQQ,0.25
2010-08-05,SPY,0
2010-08-05,VTI,0
2010-08-05,XLK,0
2010-08-06,GLD,0.75
2010-08-06,QQQ,0.25
2010-08-06,SPY,0
2010-08-06,VTI,0
2010-08-06,XLK,0
2010-08-09,GLD,0.75
2010-08-09,QQQ,0.25
2010-08-09,SPY,0
2010-08-09,VTI,0
2010-08-09,XLK,0
2010-08-10,GLD,0.75
2010-08-10,QQQ,0.25
2010-08-10,SPY,0
2010-08-10,VTI,0
2010-08-10,XLK,0
2010-08-11,GLD,0.75
2010-08-11,QQQ,0.25
2010-08-11,SPY,0
2010-08-11,VTI,0
2010-08-11,XLK,0
2010-08-12,GLD,0.75
2010-08-12,QQQ,0.25
2010-08-12,SPY,0
2010-08-12,VTI,0
2010-08-12,XLK,0
2010-08-13,GLD,0.75
2010-08-13,QQQ,0.25
2010-08-13,SPY,0
2010-08-13,VTI,0
2010-08-13,XLK,0
2010-08-16,GLD,0.75
2010-08-16,QQQ,0.25
2010-08-16,SPY,0
2010-08-16,VTI,0
2010-08-16,XLK,0
2010-08-17,GLD,0.75
2010-08-17,QQQ,0.25
2010-08-17,SPY,0
2010-08-17,VTI,0
2010-08-17,XLK,0
2010-08-18,GLD,0.75
2010-08-18,QQQ,0.25
2010-08-18,SPY,0
2010-08-18,VTI,0
2010-08-18,XLK,0
2010-08-19,GLD,0.75
2010-08-19,QQQ,0.25
2010-08-19,SPY,0
2010-08-19,VTI,0
2010-08-19,XLK,0
2010-08-20,GLD,0.75
2010-08-20,QQQ,0.25
2010-08-20,SPY,0
2010-08-20,VTI,0
2010-08-20,XLK,0
2010-08-23,GLD,1
2010-08-23,QQQ,0
2010-08-23,SPY,0
2010-08-23,VTI,0
2010-08-23,XLK,0
2010-08-24,GLD,1
2010-08-24,QQQ,0
2010-08-24,SPY,0
2010-08-24,VTI,0
2010-08-24,XLK,0
2010-08-25,GLD,1
2010-08-25,QQQ,0
2010-08-25,SPY,0
2010-08-25,VTI,0
2010-08-25,XLK,0
2010-08-26,GLD,1
2010-08-26,QQQ,0
2010-08-26,SPY,0
2010-08-26,VTI,0
2010-08-26,XLK,0
2010-08-27,GLD,1
2010-08-27,QQQ,0
2010-08-27,SPY,0
2010-08-27,VTI,0
2010-08-27,XLK,0
2010-08-30,GLD,1
2010-08-30,QQQ,0
2010-08-30,SPY,0
2010-08-30,VTI,0
2010-08-30,XLK,0
2010-08-31,GLD,1
2010-08-31,QQQ,0
2010-08-31,SPY,0
2010-08-31,VTI,0
2010-08-31,XLK,0
2010-09-01,GLD,1
2010-09-01,QQQ,0
2010-09-01,SPY,0
2010-09-01,VTI,0
2010-09-01,XLK,0
2010-09-02,GLD,1
2010-09-02,QQQ,0
2010-09-02,SPY,0
2010-09-02,VTI,0
2010-09-02,XLK,0
2010-09-03,GLD,1
2010-09-03,QQQ,0
2010-09-03,SPY,0
2010-09-03,VTI,0
2010-09-03,XLK,0
2010-09-07,GLD,1
2010-09-07,QQQ,0
2010-09-07,SPY,0
2010-09-07,VTI,0
2010-09-07,XLK,0
2010-09-08,GLD,1
2010-09-08,QQQ,0
2010-09-08,SPY,0
2010-09-08,VTI,0
2010-09-08,XLK,0
2010-09-09,GLD,1
2010-09-09,QQQ,0
2010-09-09,SPY,0
2010-09-09,VTI,0
2010-09-09,XLK,0
2010-09-10,GLD,1
2010-09-10,QQQ,0
2010-09-10,SPY,0
2010-09-10,VTI,0
2010-09-10,XLK,0
2010-09-13,GLD,0.75
2010-09-13,QQQ,0.25
2010-09-13,SPY,0
2010-09-13,VTI,0
2010-09-13,XLK,0
2010-09-14,GLD,0.75
2010-09-14,QQQ,0.25
2010-09-14,SPY,0
2010-09-14,VTI,0
2010-09-14,XLK,0
2010-09-15,GLD,0.75
2010-09-15,QQQ,0.25
2010-09-15,SPY,0
2010-09-15,VTI,0
2010-09-15,XLK,0
2010-09-16,GLD,0.75
2010-09-16,QQQ,0.25
2010-09-16,SPY,0
2010-09-16,VTI,0
2010-09-16,XLK,0
2010-09-17,GLD,0.75
2010-09-17,QQQ,0.25
2010-09-17,SPY,0
2010-09-17,VTI,0
2010-09-17,XLK,0
2010-09-20,GLD,0
2010-09-20,QQQ,0.25
2010-09-20,SPY,0.25
2010-09-20,VTI,0.25
2010-09-20,XLK,0.25
2010-09-21,GLD,0
2010-09-21,QQQ,0.25
2010-09-21,SPY,0.25
2010-09-21,VTI,0.25
2010-09-21,XLK,0.25
2010-09-22,GLD,0
2010-09-22,QQQ,0.25
2010-09-22,SPY,0.25
2010-09-22,VTI,0.25
2010-09-22,XLK,0.25
2010-09-23,GLD,0
2010-09-23,QQQ,0.25
2010-09-23,SPY,0.25
2010-09-23,VTI,0.25
2010-09-23,XLK,0.25
2010-09-24,GLD,0
2010-09-24,QQQ,0.25
2010-09-24,SPY,0.25
2010-09-24,VTI,0.25
2010-09-24,XLK,0.25
2010-09-27,GLD,0
2010-09-27,QQQ,0.25
2010-09-27,SPY,0.25
2010-09-27,VTI,0.25
2010-09-27,XLK,0.25
2010-09-28,GLD,0
2010-09-28,QQQ,0.25
2010-09-28,SPY,0.25
2010-09-28,VTI,0.25
2010-09-28,XLK,0.25
2010-09-29,GLD,0
2010-09-29,QQQ,0.25
2010-09-29,SPY,0.25
2010-09-29,VTI,0.25
2010-09-29,XLK,0.25
2010-09-30,GLD,0
2010-09-30,QQQ,0.25
2010-09-30,SPY,0.25
2010-09-30,VTI,0.25
2010-09-30,XLK,0.25
2010-10-01,GLD,0
2010-10-01,QQQ,0.25
2010-10-01,SPY,0.25
2010-10-01,VTI,0.25
2010-10-01,XLK,0.25
2010-10-04,GLD,0
2010-10-04,QQQ,0.25
2010-10-04,SPY,0.25
2010-10-04,VTI,0.25
2010-10-04,XLK,0.25
2010-10-05,GLD,0
2010-10-05,QQQ,0.25
2010-10-05,SPY,0.25
2010-10-05,VTI,0.25
2010-10-05,XLK,0.25
2010-10-06,GLD,0
2010-10-06,QQQ,0.25
2010-10-06,SPY,0.25
2010-10-06,VTI,0.25
2010-10-06,XLK,0.25
2010-10-07,GLD,0
2010-10-07,QQQ,0.25
2010-10-07,SPY,0.25
2010-10-07,VTI,0.25
2010-10-07,XLK,0.25
2010-10-08,GLD,0
2010-10-08,QQQ,0.25
2010-10-08,SPY,0.25
2010-10-08,VTI,0.25
2010-10-08,XLK,0.25
2010-10-11,GLD,0
2010-10-11,QQQ,0.25
2010-10-11,SPY,0.25
2010-10-11,VTI,0.25
2010-10-11,XLK,0.25
2010-10-12,GLD,0
2010-10-12,QQQ,0.25
2010-10-12,SPY,0.25
2010-10-12,VTI,0.25
2010-10-12,XLK,0.25
2010-10-13,GLD,0
2010-10-13,QQQ,0.25
2010-10-13,SPY,0.25
2010-10-13,VTI,0.25
2010-10-13,XLK,0.25
2010-10-14,GLD,0
2010-10-14,QQQ,0.25
2010-10-14,SPY,0.25
2010-10-14,VTI,0.25
2010-10-14,XLK,0.25
2010-10-15,GLD,0
2010-10-15,QQQ,0.25
2010-10-15,SPY,0.25
2010-10-15,VTI,0.25
2010-10-15,XLK,0.25
2010-10-18,GLD,0
2010-10-18,QQQ,0.25
2010-10-18,SPY,0.25
2010-10-18,VTI,0.25
2010-10-18,XLK,0.25
2010-10-19,GLD,0
2010-10-19,QQQ,0.25
2010-10-19,SPY,0.25
2010-10-19,VTI,0.25
2010-10-19,XLK,0.25
2010-10-20,GLD,0
2010-10-20,QQQ,0.25
2010-10-20,SPY,0.25
2010-10-20,VTI,0.25
2010-10-20,XLK,0.25
2010-10-21,GLD,0
2010-10-21,QQQ,0.25
2010-10-21,SPY,0.25
2010-10-21,VTI,0.25
2010-10-21,XLK,0.25
2010-10-22,GLD,0
2010-10-22,QQQ,0.25
2010-10-22,SPY,0.25
2010-10-22,VTI,0.25
2010-10-22,XLK,0.25
2010-10-25,GLD,0
2010-10-25,QQQ,0.25
2010-10-25,SPY,0.25
2010-10-25,VTI,0.25
2010-10-25,XLK,0.25
2010-10-26,GLD,0
2010-10-26,QQQ,0.25
2010-10-26,SPY,0.25
2010-10-26,VTI,0.25
2010-10-26,XLK,0.25
2010-10-27,GLD,0
2010-10-27,QQQ,0.25
2010-10-27,SPY,0.25
2010-10-27,VTI,0.25
2010-10-27,XLK,0.25
2010-10-28,GLD,0
2010-10-28,QQQ,0.25
2010-10-28,SPY,0.25
2010-10-28,VTI,0.25
2010-10-28,XLK,0.25
2010-10-29,GLD,0
2010-10-29,QQQ,0.25
2010-10-29,SPY,0.25
2010-10-29,VTI,0.25
2010-10-29,XLK,0.25
2010-11-01,GLD,0
2010-11-01,QQQ,0.25
2010-11-01,SPY,0.25
2010-11-01,VTI,0.25
2010-11-01,XLK,0.25
2010-11-02,GLD,0
2010-11-02,QQQ,0.25
2010-11-02,SPY,0.25
2010-11-02,VTI,0.25
2010-11-02,XLK,0.25
2010-11-03,GLD,0
2010-11-03,QQQ,0.25
2010-11-03,SPY,0.25
2010-11-03,VTI,0.25
2010-11-03,XLK,0.25
2010-11-04,GLD,0
2010-11-04,QQQ,0.25
2010-11-04,SPY,0.25
2010-11-04,VTI,0.25
2010-11-04,XLK,0.25
2010-11-05,GLD,0
2010-11-05,QQQ,0.25
2010-11-05,SPY,0.25
2010-11-05,VTI,0.25
2010-11-05,XLK,0.25
2010-11-08,GLD,0
2010-11-08,QQQ,0.25
2010-11-08,SPY,0.25
2010-11-08,VTI,0.25
2010-11-08,XLK,0.25
2010-11-09,GLD,0
2010-11-09,QQQ,0.25
2010-11-09,SPY,0.25
2010-11-09,VTI,0.25
2010-11-09,XLK,0.25
2010-11-10,GLD,0
2010-11-10,QQQ,0.25
2010-11-10,SPY,0.25
2010-11-10,VTI,0.25
2010-11-10,XLK,0.25
2010-11-11,GLD,0
2010-11-11,QQQ,0.25
2010-11-11,SPY,0.25
2010-11-11,VTI,0.25
2010-11-11,XLK,0.25
2010-11-12,GLD,0
2010-11-12,QQQ,0.25
2010-11-12,SPY,0.25
2010-11-12,VTI,0.25
2010-11-12,XLK,0.25
2010-11-15,GLD,0
2010-11-15,QQQ,0.25
2010-11-15,SPY,0.25
2010-11-15,VTI,0.25
2010-11-15,XLK,0.25
2010-11-16,GLD,0
2010-11-16,QQQ,0.25
2010-11-16,SPY,0.25
2010-11-16,VTI,0.25
2010-11-16,XLK,0.25
2010-11-17,GLD,0
2010-11-17,QQQ,0.25
2010-11-17,SPY,0.25
2010-11-17,VTI,0.25
2010-11-17,XLK,0.25
2010-11-18,GLD,0
2010-11-18,QQQ,0.25
2010-11-18,SPY,0.25
2010-11-18,VTI,0.25
2010-11-18,XLK,0.25
2010-11-19,GLD,0
2010-11-19,QQQ,0.25
2010-11-19,SPY,0.25
2010-11-19,VTI,0.25
2010-11-19,XLK,0.25
2010-11-22,GLD,0
2010-11-22,QQQ,0.25
2010-11-22,SPY,0.25
2010-11-22,VTI,0.25
2010-11-22,XLK,0.25
2010-11-23,GLD,0
2010-11-23,QQQ,0.25
2010-11-23,SPY,0.25
2010-11-23,VTI,0.25
2010-11-23,XLK,0.25
2010-11-24,GLD,0
2010-11-24,QQQ,0.25
2010-11-24,SPY,0.25
2010-11-24,VTI,0.25
2010-11-24,XLK,0.25
2010-11-26,GLD,0
2010-11-26,QQQ,0.25
2010-11-26,SPY,0.25
2010-11-26,VTI,0.25
2010-11-26,XLK,0.25
2010-11-29,GLD,0
2010-11-29,QQQ,0.25
2010-11-29,SPY,0.25
2010-11-29,VTI,0.25
2010-11-29,XLK,0.25
2010-11-30,GLD,0
2010-11-30,QQQ,0.25
2010-11-30,SPY,0.25
2010-11-30,VTI,0.25
2010-11-30,XLK,0.25
2010-12-01,GLD,0
2010-12-01,QQQ,0.25
2010-12-01,SPY,0.25
2010-12-01,VTI,0.25
2010-12-01,XLK,0.25
2010-12-02,GLD,0
2010-12-02,QQQ,0.25
2010-12-02,SPY,0.25
2010-12-02,VTI,0.25
2010-12-02,XLK,0.25
2010-12-03,GLD,0
2010-12-03,QQQ,0.25
2010-12-03,SPY,0.25
2010-12-03,VTI,0.25
2010-12-03,XLK,0.25
2010-12-06,GLD,0
2010-12-06,QQQ,0.25
2010-12-06,SPY,0.25
2010-12-06,VTI,0.25
2010-12-06,XLK,0.25
2010-12-07,GLD,0
2010-12-07,QQQ,0.25
2010-12-07,SPY,0.25
2010-12-07,VTI,0.25
2010-12-07,XLK,0.25
2010-12-08,GLD,0
2010-12-08,QQQ,0.25
2010-12-08,SPY,0.25
2010-12-08,VTI,0.25
2010-12-08,XLK,0.25
2010-12-09,GLD,0
2010-12-09,QQQ,0.25
2010-12-09,SPY,0.25
2010-12-09,VTI,0.25
2010-12-09,XLK,0.25
2010-12-10,GLD,0
2010-12-10,QQQ,0.25
2010-12-10,SPY,0.25
2010-12-10,VTI,0.25
2010-12-10,XLK,0.25
2010-12-13,GLD,0
2010-12-13,QQQ,0.25
2010-12-13,SPY,0.25
2010-12-13,VTI,0.25
2010-12-13,XLK,0.25
2010-12-14,GLD,0
2010-12-14,QQQ,0.25
2010-12-14,SPY,0.25
2010-12-14,VTI,0.25
2010-12-14,XLK,0.25
2010-12-15,GLD,0
2010-12-15,QQQ,0.25
2010-12-15,SPY,0.25
2010-12-15,VTI,0.25
2010-12-15,XLK,0.25
2010-12-16,GLD,0
2010-12-16,QQQ,0.25
2010-12-16,SPY,0.25
2010-12-16,VTI,0.25
2010-12-16,XLK,0.25
2010-12-17,GLD,0
2010-12-17,QQQ,0.25
2010-12-17,SPY,0.25
2010-12-17,VTI,0.25
2010-12-17,XLK,0.25
2010-12-20,GLD,0
2010-12-20,QQQ,0.25
2010-12-20,SPY,0.25
2010-12-20,VTI,0.25
2010-12-20,XLK,0.25
2010-12-21,GLD,0
2010-12-21,QQQ,0.25
2010-12-21,SPY,0.25
2010-12-21,VTI,0.25
2010-12-21,XLK,0.25
2010-12-22,GLD,0
2010-12-22,QQQ,0.25
2010-12-22,SPY,0.25
2010-12-22,VTI,0.25
2010-12-22,XLK,0.25
2010-12-23,GLD,0
2010-12-23,QQQ,0.25
2010-12-23,SPY,0.25
2010-12-23,VTI,0.25
2010-12-23,XLK,0.25
2010-12-27,GLD,0
2010-12-27,QQQ,0.25
2010-12-27,SPY,0.25
2010-12-27,VTI,0.25
2010-12-27,XLK,0.25
2010-12-28,GLD,0
2010-12-28,QQQ,0.25
2010-12-28,SPY,0.25
2010-12-28,VTI,0.25
2010-12-28,XLK,0.25
2010-12-29,GLD,0
2010-12-29,QQQ,0.25
2010-12-29,SPY,0.25
2010-12-29,VTI,0.25
2010-12-29,XLK,0.25
2010-12-30,GLD,0
2010-12-30,QQQ,0.25
2010-12-30,SPY,0.25
2010-12-30,VTI,0.25
2010-12-30,XLK,0.25
2010-12-31,GLD,0
2010-12-31,QQQ,0.25
2010-12-31,SPY,0.25
2010-12-31,VTI,0.25
2010-12-31,XLK,0.25
2011-01-03,GLD,0
2011-01-03,QQQ,0.25
2011-01-03,SPY,0.25
2011-01-03,VTI,0.25
2011-01-03,XLK,0.25
2011-01-04,GLD,0
2011-01-04,QQQ,0.25
2011-01-04,SPY,0.25
2011-01-04,VTI,0.25
2011-01-04,XLK,0.25
2011-01-05,GLD,0
2011-01-05,QQQ,0.25
2011-01-05,SPY,0.25
2011-01-05,VTI,0.25
2011-01-05,XLK,0.25
2011-01-06,GLD,0
2011-01-06,QQQ,0.25
2011-01-06,SPY,0.25
2011-01-06,VTI,0.25
2011-01-06,XLK,0.25
2011-01-07,GLD,0
2011-01-07,QQQ,0.25
2011-01-07,SPY,0.25
2011-01-07,VTI,0.25
2011-01-07,XLK,0.25
2011-01-10,GLD,0
2011-01-10,QQQ,0.25
2011-01-10,SPY,0.25
2011-01-10,VTI,0.25
2011-01-10,XLK,0.25
2011-01-11,GLD,0
2011-01-11,QQQ,0.25
2011-01-11,SPY,0.25
2011-01-11,VTI,0.25
2011-01-11,XLK,0.25
2011-01-12,GLD,0
2011-01-12,QQQ,0.25
2011-01-12,SPY,0.25
2011-01-12,VTI,0.25
2011-01-12,XLK,0.25
2011-01-13,GLD,0
2011-01-13,QQQ,0.25
2011-01-13,SPY,0.25
2011-01-13,VTI,0.25
2011-01-13,XLK,0.25
2011-01-14,GLD,0
2011-01-14,QQQ,0.25
2011-01-14,SPY,0.25
2011-01-14,VTI,0.25
2011-01-14,XLK,0.25
2011-01-18,GLD,0
2011-01-18,QQQ,0.25
2011-01-18,SPY,0.25
2011-01-18,VTI,0.25
2011-01-18,XLK,0.25
2011-01-19,GLD,0
2011-01-19,QQQ,0.25
2011-01-19,SPY,0.25
2011-01-19,VTI,0.25
2011-01-19,XLK,0.25
2011-01-20,GLD,0
2011-01-20,QQQ,0.25
2011-01-20,SPY,0.25
2011-01-20,VTI,0.25
2011-01-20,XLK,0.25
2011-01-21,GLD,0
2011-01-21,QQQ,0.25
2011-01-21,SPY,0.25
2011-01-21,VTI,0.25
2011-01-21,XLK,0.25
2011-01-24,GLD,0
2011-01-24,QQQ,0.25
2011-01-24,SPY,0.25
2011-01-24,VTI,0.25
2011-01-24,XLK,0.25
2011-01-25,GLD,0
2011-01-25,QQQ,0.25
2011-01-25,SPY,0.25
2011-01-25,VTI,0.25
2011-01-25,XLK,0.25
2011-01-26,GLD,0
2011-01-26,QQQ,0.25
2011-01-26,SPY,0.25
2011-01-26,VTI,0.25
2011-01-26,XLK,0.25
2011-01-27,GLD,0
2011-01-27,QQQ,0.25
2011-01-27,SPY,0.25
2011-01-27,VTI,0.25
2011-01-27,XLK,0.25
2011-01-28,GLD,0
2011-01-28,QQQ,0.25
2011-01-28,SPY,0.25
2011-01-28,VTI,0.25
2011-01-28,XLK,0.25
2011-01-31,GLD,0
2011-01-31,QQQ,0.25
2011-01-31,SPY,0.25
2011-01-31,VTI,0.25
2011-01-31,XLK,0.25
2011-02-01,GLD,0
2011-02-01,QQQ,0.25
2011-02-01,SPY,0.25
2011-02-01,VTI,0.25
2011-02-01,XLK,0.25
2011-02-02,GLD,0
2011-02-02,QQQ,0.25
2011-02-02,SPY,0.25
2011-02-02,VTI,0.25
2011-02-02,XLK,0.25
2011-02-03,GLD,0
2011-02-03,QQQ,0.25
2011-02-03,SPY,0.25
2011-02-03,VTI,0.25
2011-02-03,XLK,0.25
2011-02-04,GLD,0
2011-02-04,QQQ,0.25
2011-02-04,SPY,0.25
2011-02-04,VTI,0.25
2011-02-04,XLK,0.25
2011-02-07,GLD,0
2011-02-07,QQQ,0.25
2011-02-07,SPY,0.25
2011-02-07,VTI,0.25
2011-02-07,XLK,0.25
2011-02-08,GLD,0
2011-02-08,QQQ,0.25
2011-02-08,SPY,0.25
2011-02-08,VTI,0.25
2011-02-08,XLK,0.25
2011-02-09,GLD,0
2011-02-09,QQQ,0.25
2011-02-09,SPY,0.25
2011-02-09,VTI,0.25
2011-02-09,XLK,0.25
2011-02-10,GLD,0
2011-02-10,QQQ,0.25
2011-02-10,SPY,0.25
2011-02-10,VTI,0.25
2011-02-10,XLK,0.25
2011-02-11,GLD,0
2011-02-11,QQQ,0.25
2011-02-11,SPY,0.25
2011-02-11,VTI,0.25
2011-02-11,XLK,0.25
2011-02-14,GLD,0
2011-02-14,QQQ,0.25
2011-02-14,SPY,0.25
2011-02-14,VTI,0.25
2011-02-14,XLK,0.25
2011-02-15,GLD,0
2011-02-15,QQQ,0.25
2011-02-15,SPY,0.25
2011-02-15,VTI,0.25
2011-02-15,XLK,0.25
2011-02-16,GLD,0
2011-02-16,QQQ,0.25
2011-02-16,SPY,0.25
2011-02-16,VTI,0.25
2011-02-16,XLK,0.25
2011-02-18,GLD,0
2011-02-18,QQQ,0.25
2011-02-18,SPY,0.25
2011-02-18,VTI,0.25
2011-02-18,XLK,0.25
2011-02-22,GLD,0
2011-02-22,QQQ,0.25
2011-02-22,SPY,0.25
2011-02-22,VTI,0.25
2011-02-22,XLK,0.25
2011-02-23,GLD,0
2011-02-23,QQQ,0.25
2011-02-23,SPY,0.25
2011-02-23,VTI,0.25
2011-02-23,XLK,0.25
2011-02-24,GLD,0
2011-02-24,QQQ,0.25
2011-02-24,SPY,0.25
2011-02-24,VTI,0.25
2011-02-24,XLK,0.25
2011-02-25,GLD,0
2011-02-25,QQQ,0.25
2011-02-25,SPY,0.25
2011-02-25,VTI,0.25
2011-02-25,XLK,0.25
2011-02-28,GLD,0
2011-02-28,QQQ,0.25
2011-02-28,SPY,0.25
2011-02-28,VTI,0.25
2011-02-28,XLK,0.25
2011-03-01,GLD,0
2011-03-01,QQQ,0.25
2011-03-01,SPY,0.25
2011-03-01,VTI,0.25
2011-03-01,XLK,0.25
2011-03-02,GLD,0
2011-03-02,QQQ,0.25
2011-03-02,SPY,0.25
2011-03-02,VTI,0.25
2011-03-02,XLK,0.25
2011-03-03,GLD,0
2011-03-03,QQQ,0.25
2011-03-03,SPY,0.25
2011-03-03,VTI,0.25
2011-03-03,XLK,0.25
2011-03-04,GLD,0
2011-03-04,QQQ,0.25
2011-03-04,SPY,0.25
2011-03-04,VTI,0.25
2011-03-04,XLK,0.25
2011-03-07,GLD,0
2011-03-07,QQQ,0.25
2011-03-07,SPY,0.25
2011-03-07,VTI,0.25
2011-03-07,XLK,0.25
2011-03-08,GLD,0
2011-03-08,QQQ,0.25
2011-03-08,SPY,0.25
2011-03-08,VTI,0.25
2011-03-08,XLK,0.25
2011-03-09,GLD,0
2011-03-09,QQQ,0.25
2011-03-09,SPY,0.25
2011-03-09,VTI,0.25
2011-03-09,XLK,0.25
2011-03-10,GLD,0
2011-03-10,QQQ,0.25
2011-03-10,SPY,0.25
2011-03-10,VTI,0.25
2011-03-10,XLK,0.25
2011-03-11,GLD,0
2011-03-11,QQQ,0.25
2011-03-11,SPY,0.25
2011-03-11,VTI,0.25
2011-03-11,XLK,0.25
2011-03-14,GLD,0
2011-03-14,QQQ,0.25
2011-03-14,SPY,0.25
2011-03-14,VTI,0.25
2011-03-14,XLK,0.25
2011-03-15,GLD,0
2011-03-15,QQQ,0.25
2011-03-15,SPY,0.25
2011-03-15,VTI,0.25
2011-03-15,XLK,0.25
2011-03-16,GLD,0
2011-03-16,QQQ,0.25
2011-03-16,SPY,0.25
2011-03-16,VTI,0.25
2011-03-16,XLK,0.25
2011-03-17,GLD,0
2011-03-17,QQQ,0.25
2011-03-17,SPY,0.25
2011-03-17,VTI,0.25
2011-03-17,XLK,0.25
2011-03-18,GLD,0
2011-03-18,QQQ,0.25
2011-03-18,SPY,0.25
2011-03-18,VTI,0.25
2011-03-18,XLK,0.25
2011-03-21,GLD,0
2011-03-21,QQQ,0.25
2011-03-21,SPY,0.25
2011-03-21,VTI,0.25
2011-03-21,XLK,0.25
2011-03-22,GLD,0
2011-03-22,QQQ,0.25
2011-03-22,SPY,0.25
2011-03-22,VTI,0.25
2011-03-22,XLK,0.25
2011-03-23,GLD,0
2011-03-23,QQQ,0.25
2011-03-23,SPY,0.25
2011-03-23,VTI,0.25
2011-03-23,XLK,0.25
2011-03-24,GLD,0
2011-03-24,QQQ,0.25
2011-03-24,SPY,0.25
2011-03-24,VTI,0.25
2011-03-24,XLK,0.25
2011-03-25,GLD,0
2011-03-25,QQQ,0.25
2011-03-25,SPY,0.25
2011-03-25,VTI,0.25
2011-03-25,XLK,0.25
2011-03-28,GLD,0
2011-03-28,QQQ,0.25
2011-03-28,SPY,0.25
2011-03-28,VTI,0.25
2011-03-28,XLK,0.25
2011-03-29,GLD,0
2011-03-29,QQQ,0.25
2011-03-29,SPY,0.25
2011-03-29,VTI,0.25
2011-03-29,XLK,0.25
2011-03-30,GLD,0
2011-03-30,QQQ,0.25
2011-03-30,SPY,0.25
2011-03-30,VTI,0.25
2011-03-30,XLK,0.25
2011-03-31,GLD,0
2011-03-31,QQQ,0.25
2011-03-31,SPY,0.25
2011-03-31,VTI,0.25
2011-03-31,XLK,0.25
2011-04-01,GLD,0
2011-04-01,QQQ,0.25
2011-04-01,SPY,0.25
2011-04-01,VTI,0.25
2011-04-01,XLK,0.25
2011-04-04,GLD,0
2011-04-04,QQQ,0.25
2011-04-04,SPY,0.25
2011-04-04,VTI,0.25
2011-04-04,XLK,0.25
2011-04-05,GLD,0
2011-04-05,QQQ,0.25
2011-04-05,SPY,0.25
2011-04-05,VTI,0.25
2011-04-05,XLK,0.25
2011-04-06,GLD,0
2011-04-06,QQQ,0.25
2011-04-06,SPY,0.25
2011-04-06,VTI,0.25
2011-04-06,XLK,0.25
2011-04-07,GLD,0
2011-04-07,QQQ,0.25
2011-04-07,SPY,0.25
2011-04-07,VTI,0.25
2011-04-07,XLK,0.25
2011-04-08,GLD,0
2011-04-08,QQQ,0.25
2011-04-08,SPY,0.25
2011-04-08,VTI,0.25
2011-04-08,XLK,0.25
2011-04-11,GLD,0
2011-04-11,QQQ,0.25
2011-04-11,SPY,0.25
2011-04-11,VTI,0.25
2011-04-11,XLK,0.25
2011-04-12,GLD,0
2011-04-12,QQQ,0.25
2011-04-12,SPY,0.25
2011-04-12,VTI,0.25
2011-04-12,XLK,0.25
2011-04-13,GLD,0
2011-04-13,QQQ,0.25
2011-04-13,SPY,0.25
2011-04-13,VTI,0.25
2011-04-13,XLK,0.25
2011-04-14,GLD,0
2011-04-14,QQQ,0.25
2011-04-14,SPY,0.25
2011-04-14,VTI,0.25
2011-04-14,XLK,0.25
2011-04-15,GLD,0
2011-04-15,QQQ,0.25
2011-04-15,SPY,0.25
2011-04-15,VTI,0.25
2011-04-15,XLK,0.25
2011-04-18,GLD,0
2011-04-18,QQQ,0.25
2011-04-18,SPY,0.25
2011-04-18,VTI,0.25
2011-04-18,XLK,0.25
2011-04-19,GLD,0
2011-04-19,QQQ,0.25
2011-04-19,SPY,0.25
2011-04-19,VTI,0.25
2011-04-19,XLK,0.25
2011-04-20,GLD,0
2011-04-20,QQQ,0.25
2011-04-20,SPY,0.25
2011-04-20,VTI,0.25
2011-04-20,XLK,0.25
2011-04-21,GLD,0
2011-04-21,QQQ,0.25
2011-04-21,SPY,0.25
2011-04-21,VTI,0.25
2011-04-21,XLK,0.25
2011-04-25,GLD,0
2011-04-25,QQQ,0.25
2011-04-25,SPY,0.25
2011-04-25,VTI,0.25
2011-04-25,XLK,0.25
2011-04-26,GLD,0
2011-04-26,QQQ,0.25
2011-04-26,SPY,0.25
2011-04-26,VTI,0.25
2011-04-26,XLK,0.25
2011-04-27,GLD,0
2011-04-27,QQQ,0.25
2011-04-27,SPY,0.25
2011-04-27,VTI,0.25
2011-04-27,XLK,0.25
2011-04-28,GLD,0
2011-04-28,QQQ,0.25
2011-04-28,SPY,0.25
2011-04-28,VTI,0.25
2011-04-28,XLK,0.25
2011-04-29,GLD,0
2011-04-29,QQQ,0.25
2011-04-29,SPY,0.25
2011-04-29,VTI,0.25
2011-04-29,XLK,0.25
2011-05-02,GLD,0
2011-05-02,QQQ,0.25
2011-05-02,SPY,0.25
2011-05-02,VTI,0.25
2011-05-02,XLK,0.25
2011-05-03,GLD,0
2011-05-03,QQQ,0.25
2011-05-03,SPY,0.25
2011-05-03,VTI,0.25
2011-05-03,XLK,0.25
2011-05-04,GLD,0
2011-05-04,QQQ,0.25
2011-05-04,SPY,0.25
2011-05-04,VTI,0.25
2011-05-04,XLK,0.25
2011-05-05,GLD,0
2011-05-05,QQQ,0.25
2011-05-05,SPY,0.25
2011-05-05,VTI,0.25
2011-05-05,XLK,0.25
2011-05-06,GLD,0
2011-05-06,QQQ,0.25
2011-05-06,SPY,0.25
2011-05-06,VTI,0.25
2011-05-06,XLK,0.25
2011-05-09,GLD,0
2011-05-09,QQQ,0.25
2011-05-09,SPY,0.25
2011-05-09,VTI,0.25
2011-05-09,XLK,0.25
2011-05-10,GLD,0
2011-05-10,QQQ,0.25
2011-05-10,SPY,0.25
2011-05-10,VTI,0.25
2011-05-10,XLK,0.25
2011-05-11,GLD,0
2011-05-11,QQQ,0.25
2011-05-11,SPY,0.25
2011-05-11,VTI,0.25
2011-05-11,XLK,0.25
2011-05-12,GLD,0
2011-05-12,QQQ,0.25
2011-05-12,SPY,0.25
2011-05-12,VTI,0.25
2011-05-12,XLK,0.25
2011-05-13,GLD,0
2011-05-13,QQQ,0.25
2011-05-13,SPY,0.25
2011-05-13,VTI,0.25
2011-05-13,XLK,0.25
2011-05-16,GLD,0
2011-05-16,QQQ,0.25
2011-05-16,SPY,0.25
2011-05-16,VTI,0.25
2011-05-16,XLK,0.25
2011-05-17,GLD,0
2011-05-17,QQQ,0.25
2011-05-17,SPY,0.25
2011-05-17,VTI,0.25
2011-05-17,XLK,0.25
2011-05-18,GLD,0
2011-05-18,QQQ,0.25
2011-05-18,SPY,0.25
2011-05-18,VTI,0.25
2011-05-18,XLK,0.25
2011-05-19,GLD,0
2011-05-19,QQQ,0.25
2011-05-19,SPY,0.25
2011-05-19,VTI,0.25
2011-05-19,XLK,0.25
2011-05-20,GLD,0
2011-05-20,QQQ,0.25
2011-05-20,SPY,0.25
2011-05-20,VTI,0.25
2011-05-20,XLK,0.25
2011-05-23,GLD,0
2011-05-23,QQQ,0.25
2011-05-23,SPY,0.25
2011-05-23,VTI,0.25
2011-05-23,XLK,0.25
2011-05-24,GLD,0
2011-05-24,QQQ,0.25
2011-05-24,SPY,0.25
2011-05-24,VTI,0.25
2011-05-24,XLK,0.25
2011-05-25,GLD,0
2011-05-25,QQQ,0.25
2011-05-25,SPY,0.25
2011-05-25,VTI,0.25
2011-05-25,XLK,0.25
2011-05-26,GLD,0
2011-05-26,QQQ,0.25
2011-05-26,SPY,0.25
2011-05-26,VTI,0.25
2011-05-26,XLK,0.25
2011-05-27,GLD,0
2011-05-27,QQQ,0.25
2011-05-27,SPY,0.25
2011-05-27,VTI,0.25
2011-05-27,XLK,0.25
2011-05-31,GLD,0
2011-05-31,QQQ,0.25
2011-05-31,SPY,0.25
2011-05-31,VTI,0.25
2011-05-31,XLK,0.25
2011-06-01,GLD,0
2011-06-01,QQQ,0.25
2011-06-01,SPY,0.25
2011-06-01,VTI,0.25
2011-06-01,XLK,0.25
2011-06-02,GLD,0
2011-06-02,QQQ,0.25
2011-06-02,SPY,0.25
2011-06-02,VTI,0.25
2011-06-02,XLK,0.25
2011-06-03,GLD,0
2011-06-03,QQQ,0.25
2011-06-03,SPY,0.25
2011-06-03,VTI,0.25
2011-06-03,XLK,0.25
2011-06-06,GLD,0
2011-06-06,QQQ,0.25
2011-06-06,SPY,0.25
2011-06-06,VTI,0.25
2011-06-06,XLK,0.25
2011-06-07,GLD,0
2011-06-07,QQQ,0.25
2011-06-07,SPY,0.25
2011-06-07,VTI,0.25
2011-06-07,XLK,0.25
2011-06-08,GLD,0
2011-06-08,QQQ,0.25
2011-06-08,SPY,0.25
2011-06-08,VTI,0.25
2011-06-08,XLK,0.25
2011-06-09,GLD,0
2011-06-09,QQQ,0.25
2011-06-09,SPY,0.25
2011-06-09,VTI,0.25
2011-06-09,XLK,0.25
2011-06-10,GLD,0
2011-06-10,QQQ,0.25
2011-06-10,SPY,0.25
2011-06-10,VTI,0.25
2011-06-10,XLK,0.25
2011-06-13,GLD,0
2011-06-13,QQQ,0.25
2011-06-13,SPY,0.25
2011-06-13,VTI,0.25
2011-06-13,XLK,0.25
2011-06-14,GLD,0
2011-06-14,QQQ,0.25
2011-06-14,SPY,0.25
2011-06-14,VTI,0.25
2011-06-14,XLK,0.25
2011-06-15,GLD,0
2011-06-15,QQQ,0.25
2011-06-15,SPY,0.25
2011-06-15,VTI,0.25
2011-06-15,XLK,0.25
2011-06-16,GLD,0
2011-06-16,QQQ,0.25
2011-06-16,SPY,0.25
2011-06-16,VTI,0.25
2011-06-16,XLK,0.25
2011-06-17,GLD,0.25
2011-06-17,QQQ,0.25
2011-06-17,SPY,0.25
2011-06-17,VTI,0.25
2011-06-17,XLK,0
2011-06-20,GLD,0.25
2011-06-20,QQQ,0.25
2011-06-20,SPY,0.25
2011-06-20,VTI,0.25
2011-06-20,XLK,0
2011-06-21,GLD,0.25
2011-06-21,QQQ,0.25
2011-06-21,SPY,0.25
2011-06-21,VTI,0.25
2011-06-21,XLK,0
2011-06-22,GLD,0.25
2011-06-22,QQQ,0.25
2011-06-22,SPY,0.25
2011-06-22,VTI,0.25
2011-06-22,XLK,0
2011-06-23,GLD,0.25
2011-06-23,QQQ,0.25
2011-06-23,SPY,0.25
2011-06-23,VTI,0.25
2011-06-23,XLK,0
2011-06-24,GLD,0.25
2011-06-24,QQQ,0.25
2011-06-24,SPY,0.25
2011-06-24,VTI,0.25
2011-06-24,XLK,0
2011-06-27,GLD,0.25
2011-06-27,QQQ,0.25
2011-06-27,SPY,0.25
2011-06-27,VTI,0.25
2011-06-27,XLK,0
2011-06-28,GLD,0.25
2011-06-28,QQQ,0.25
2011-06-28,SPY,0.25
2011-06-28,VTI,0.25
2011-06-28,XLK,0
2011-06-29,GLD,0.25
2011-06-29,QQQ,0.25
2011-06-29,SPY,0.25
2011-06-29,VTI,0.25
2011-06-29,XLK,0
2011-06-30,GLD,0
2011-06-30,QQQ,0.25
2011-06-30,SPY,0.25
2011-06-30,VTI,0.25
2011-06-30,XLK,0.25
2011-07-01,GLD,0
2011-07-01,QQQ,0.25
2011-07-01,SPY,0.25
2011-07-01,VTI,0.25
2011-07-01,XLK,0.25
2011-07-05,GLD,0
2011-07-05,QQQ,0.25
2011-07-05,SPY,0.25
2011-07-05,VTI,0.25
2011-07-05,XLK,0.25
2011-07-06,GLD,0
2011-07-06,QQQ,0.25
2011-07-06,SPY,0.25
2011-07-06,VTI,0.25
2011-07-06,XLK,0.25
2011-07-07,GLD,0
2011-07-07,QQQ,0.25
2011-07-07,SPY,0.25
2011-07-07,VTI,0.25
2011-07-07,XLK,0.25
2011-07-08,GLD,0
2011-07-08,QQQ,0.25
2011-07-08,SPY,0.25
2011-07-08,VTI,0.25
2011-07-08,XLK,0.25
2011-07-11,GLD,0
2011-07-11,QQQ,0.25
2011-07-11,SPY,0.25
2011-07-11,VTI,0.25
2011-07-11,XLK,0.25
2011-07-12,GLD,0
2011-07-12,QQQ,0.25
2011-07-12,SPY,0.25
2011-07-12,VTI,0.25
2011-07-12,XLK,0.25
2011-07-13,GLD,0
2011-07-13,QQQ,0.25
2011-07-13,SPY,0.25
2011-07-13,VTI,0.25
2011-07-13,XLK,0.25
2011-07-14,GLD,0
2011-07-14,QQQ,0.25
2011-07-14,SPY,0.25
2011-07-14,VTI,0.25
2011-07-14,XLK,0.25
2011-07-15,GLD,0
2011-07-15,QQQ,0.25
2011-07-15,SPY,0.25
2011-07-15,VTI,0.25
2011-07-15,XLK,0.25
2011-07-18,GLD,0
2011-07-18,QQQ,0.25
2011-07-18,SPY,0.25
2011-07-18,VTI,0.25
2011-07-18,XLK,0.25
2011-07-19,GLD,0
2011-07-19,QQQ,0.25
2011-07-19,SPY,0.25
2011-07-19,VTI,0.25
2011-07-19,XLK,0.25
2011-07-20,GLD,0
2011-07-20,QQQ,0.25
2011-07-20,SPY,0.25
2011-07-20,VTI,0.25
2011-07-20,XLK,0.25
2011-07-21,GLD,0
2011-07-21,QQQ,0.25
2011-07-21,SPY,0.25
2011-07-21,VTI,0.25
2011-07-21,XLK,0.25
2011-07-22,GLD,0
2011-07-22,QQQ,0.25
2011-07-22,SPY,0.25
2011-07-22,VTI,0.25
2011-07-22,XLK,0.25
2011-07-25,GLD,0
2011-07-25,QQQ,0.25
2011-07-25,SPY,0.25
2011-07-25,VTI,0.25
2011-07-25,XLK,0.25
2011-07-26,GLD,0
2011-07-26,QQQ,0.25
2011-07-26,SPY,0.25
2011-07-26,VTI,0.25
2011-07-26,XLK,0.25
2011-07-27,GLD,0
2011-07-27,QQQ,0.25
2011-07-27,SPY,0.25
2011-07-27,VTI,0.25
2011-07-27,XLK,0.25
2011-07-28,GLD,0
2011-07-28,QQQ,0.25
2011-07-28,SPY,0.25
2011-07-28,VTI,0.25
2011-07-28,XLK,0.25
2011-07-29,GLD,0
2011-07-29,QQQ,0.25
2011-07-29,SPY,0.25
2011-07-29,VTI,0.25
2011-07-29,XLK,0.25
2011-08-01,GLD,0
2011-08-01,QQQ,0.25
2011-08-01,SPY,0.25
2011-08-01,VTI,0.25
2011-08-01,XLK,0.25
2011-08-02,GLD,0
2011-08-02,QQQ,0.25
2011-08-02,SPY,0.25
2011-08-02,VTI,0.25
2011-08-02,XLK,0.25
2011-08-03,GLD,0
2011-08-03,QQQ,0.25
2011-08-03,SPY,0.25
2011-08-03,VTI,0.25
2011-08-03,XLK,0.25
2011-08-04,GLD,1
2011-08-04,QQQ,0
2011-08-04,SPY,0
2011-08-04,VTI,0
2011-08-04,XLK,0
2011-08-05,GLD,1
2011-08-05,QQQ,0
2011-08-05,SPY,0
2011-08-05,VTI,0
2011-08-05,XLK,0
2011-08-08,GLD,1
2011-08-08,QQQ,0
2011-08-08,SPY,0
2011-08-08,VTI,0
2011-08-08,XLK,0
2011-08-09,GLD,1
2011-08-09,QQQ,0
2011-08-09,SPY,0
2011-08-09,VTI,0
2011-08-09,XLK,0
2011-08-10,GLD,1
2011-08-10,QQQ,0
2011-08-10,SPY,0
2011-08-10,VTI,0
2011-08-10,XLK,0
2011-08-11,GLD,1
2011-08-11,QQQ,0
2011-08-11,SPY,0
2011-08-11,VTI,0
2011-08-11,XLK,0
2011-08-12,GLD,1
2011-08-12,QQQ,0
2011-08-12,SPY,0
2011-08-12,VTI,0
2011-08-12,XLK,0
2011-08-15,GLD,1
2011-08-15,QQQ,0
2011-08-15,SPY,0
2011-08-15,VTI,0
2011-08-15,XLK,0
2011-08-16,GLD,1
2011-08-16,QQQ,0
2011-08-16,SPY,0
2011-08-16,VTI,0
2011-08-16,XLK,0
2011-08-17,GLD,1
2011-08-17,QQQ,0
2011-08-17,SPY,0
2011-08-17,VTI,0
2011-08-17,XLK,0
2011-08-18,GLD,1
2011-08-18,QQQ,0
2011-08-18,SPY,0
2011-08-18,VTI,0
2011-08-18,XLK,0
2011-08-19,GLD,1
2011-08-19,QQQ,0
2011-08-19,SPY,0
2011-08-19,VTI,0
2011-08-19,XLK,0
2011-08-22,GLD,1
2011-08-22,QQQ,0
2011-08-22,SPY,0
2011-08-22,VTI,0
2011-08-22,XLK,0
2011-08-23,GLD,1
2011-08-23,QQQ,0
2011-08-23,SPY,0
2011-08-23,VTI,0
2011-08-23,XLK,0
2011-08-24,GLD,1
2011-08-24,QQQ,0
2011-08-24,SPY,0
2011-08-24,VTI,0
2011-08-24,XLK,0
2011-08-25,GLD,1
2011-08-25,QQQ,0
2011-08-25,SPY,0
2011-08-25,VTI,0
2011-08-25,XLK,0
2011-08-26,GLD,1
2011-08-26,QQQ,0
2011-08-26,SPY,0
2011-08-26,VTI,0
2011-08-26,XLK,0
2011-08-29,GLD,1
2011-08-29,QQQ,0
2011-08-29,SPY,0
2011-08-29,VTI,0
2011-08-29,XLK,0
2011-08-30,GLD,1
2011-08-30,QQQ,0
2011-08-30,SPY,0
2011-08-30,VTI,0
2011-08-30,XLK,0
2011-08-31,GLD,1
2011-08-31,QQQ,0
2011-08-31,SPY,0
2011-08-31,VTI,0
2011-08-31,XLK,0
2011-09-01,GLD,1
2011-09-01,QQQ,0
2011-09-01,SPY,0
2011-09-01,VTI,0
2011-09-01,XLK,0
2011-09-02,GLD,1
2011-09-02,QQQ,0
2011-09-02,SPY,0
2011-09-02,VTI,0
2011-09-02,XLK,0
2011-09-06,GLD,1
2011-09-06,QQQ,0
2011-09-06,SPY,0
2011-09-06,VTI,0
2011-09-06,XLK,0
2011-09-07,GLD,1
2011-09-07,QQQ,0
2011-09-07,SPY,0
2011-09-07,VTI,0
2011-09-07,XLK,0
2011-09-08,GLD,1
2011-09-08,QQQ,0
2011-09-08,SPY,0
2011-09-08,VTI,0
2011-09-08,XLK,0
2011-09-09,GLD,1
2011-09-09,QQQ,0
2011-09-09,SPY,0
2011-09-09,VTI,0
2011-09-09,XLK,0
2011-09-12,GLD,1
2011-09-12,QQQ,0
2011-09-12,SPY,0
2011-09-12,VTI,0
2011-09-12,XLK,0
2011-09-13,GLD,1
2011-09-13,QQQ,0
2011-09-13,SPY,0
2011-09-13,VTI,0
2011-09-13,XLK,0
2011-09-14,GLD,1
2011-09-14,QQQ,0
2011-09-14,SPY,0
2011-09-14,VTI,0
2011-09-14,XLK,0
2011-09-15,GLD,1
2011-09-15,QQQ,0
2011-09-15,SPY,0
2011-09-15,VTI,0
2011-09-15,XLK,0
2011-09-16,GLD,1
2011-09-16,QQQ,0
2011-09-16,SPY,0
2011-09-16,VTI,0
2011-09-16,XLK,0
2011-09-19,GLD,1
2011-09-19,QQQ,0
2011-09-19,SPY,0
2011-09-19,VTI,0
2011-09-19,XLK,0
2011-09-20,GLD,1
2011-09-20,QQQ,0
2011-09-20,SPY,0
2011-09-20,VTI,0
2011-09-20,XLK,0
2011-09-21,GLD,1
2011-09-21,QQQ,0
2011-09-21,SPY,0
2011-09-21,VTI,0
2011-09-21,XLK,0
2011-09-22,GLD,1
2011-09-22,QQQ,0
2011-09-22,SPY,0
2011-09-22,VTI,0
2011-09-22,XLK,0
2011-09-23,GLD,1
2011-09-23,QQQ,0
2011-09-23,SPY,0
2011-09-23,VTI,0
2011-09-23,XLK,0
2011-09-26,GLD,1
2011-09-26,QQQ,0
2011-09-26,SPY,0
2011-09-26,VTI,0
2011-09-26,XLK,0
2011-09-27,GLD,1
2011-09-27,QQQ,0
2011-09-27,SPY,0
2011-09-27,VTI,0
2011-09-27,XLK,0
2011-09-28,GLD,1
2011-09-28,QQQ,0
2011-09-28,SPY,0
2011-09-28,VTI,0
2011-09-28,XLK,0
2011-09-29,GLD,1
2011-09-29,QQQ,0
2011-09-29,SPY,0
2011-09-29,VTI,0
2011-09-29,XLK,0
2011-09-30,GLD,1
2011-09-30,QQQ,0
2011-09-30,SPY,0
2011-09-30,VTI,0
2011-09-30,XLK,0
2011-10-03,GLD,1
2011-10-03,QQQ,0
2011-10-03,SPY,0
2011-10-03,VTI,0
2011-10-03,XLK,0
2011-10-04,GLD,1
2011-10-04,QQQ,0
2011-10-04,SPY,0
2011-10-04,VTI,0
2011-10-04,XLK,0
2011-10-05,GLD,1
2011-10-05,QQQ,0
2011-10-05,SPY,0
2011-10-05,VTI,0
2011-10-05,XLK,0
2011-10-06,GLD,1
2011-10-06,QQQ,0
2011-10-06,SPY,0
2011-10-06,VTI,0
2011-10-06,XLK,0
2011-10-07,GLD,1
2011-10-07,QQQ,0
2011-10-07,SPY,0
2011-10-07,VTI,0
2011-10-07,XLK,0
2011-10-10,GLD,1
2011-10-10,QQQ,0
2011-10-10,SPY,0
2011-10-10,VTI,0
2011-10-10,XLK,0
2011-10-11,GLD,1
2011-10-11,QQQ,0
2011-10-11,SPY,0
2011-10-11,VTI,0
2011-10-11,XLK,0
2011-10-12,GLD,1
2011-10-12,QQQ,0
2011-10-12,SPY,0
2011-10-12,VTI,0
2011-10-12,XLK,0
2011-10-13,GLD,1
2011-10-13,QQQ,0
2011-10-13,SPY,0
2011-10-13,VTI,0
2011-10-13,XLK,0
2011-10-14,GLD,0.5
2011-10-14,QQQ,0.25
2011-10-14,SPY,0
2011-10-14,VTI,0
2011-10-14,XLK,0.25
2011-10-17,GLD,0.5
2011-10-17,QQQ,0.25
2011-10-17,SPY,0
2011-10-17,VTI,0
2011-10-17,XLK,0.25
2011-10-18,GLD,0.5
2011-10-18,QQQ,0.25
2011-10-18,SPY,0
2011-10-18,VTI,0
2011-10-18,XLK,0.25
2011-10-19,GLD,0.5
2011-10-19,QQQ,0.25
2011-10-19,SPY,0
2011-10-19,VTI,0
2011-10-19,XLK,0.25
2011-10-20,GLD,0.5
2011-10-20,QQQ,0.25
2011-10-20,SPY,0
2011-10-20,VTI,0
2011-10-20,XLK,0.25
2011-10-21,GLD,0.5
2011-10-21,QQQ,0.25
2011-10-21,SPY,0
2011-10-21,VTI,0
2011-10-21,XLK,0.25
2011-10-24,GLD,0.5
2011-10-24,QQQ,0.25
2011-10-24,SPY,0
2011-10-24,VTI,0
2011-10-24,XLK,0.25
2011-10-25,GLD,0.5
2011-10-25,QQQ,0.25
2011-10-25,SPY,0
2011-10-25,VTI,0
2011-10-25,XLK,0.25
2011-10-26,GLD,0.5
2011-10-26,QQQ,0.25
2011-10-26,SPY,0
2011-10-26,VTI,0
2011-10-26,XLK,0.25
2011-10-27,GLD,0.5
2011-10-27,QQQ,0.25
2011-10-27,SPY,0
2011-10-27,VTI,0
2011-10-27,XLK,0.25
2011-10-28,GLD,0.5
2011-10-28,QQQ,0.25
2011-10-28,SPY,0
2011-10-28,VTI,0
2011-10-28,XLK,0.25
2011-10-31,GLD,0.5
2011-10-31,QQQ,0.25
2011-10-31,SPY,0
2011-10-31,VTI,0
2011-10-31,XLK,0.25
2011-11-01,GLD,0.5
2011-11-01,QQQ,0.25
2011-11-01,SPY,0
2011-11-01,VTI,0
2011-11-01,XLK,0.25
2011-11-02,GLD,0.5
2011-11-02,QQQ,0.25
2011-11-02,SPY,0
2011-11-02,VTI,0
2011-11-02,XLK,0.25
2011-11-03,GLD,0.5
2011-11-03,QQQ,0.25
2011-11-03,SPY,0
2011-11-03,VTI,0
2011-11-03,XLK,0.25
2011-11-04,GLD,0.5
2011-11-04,QQQ,0.25
2011-11-04,SPY,0
2011-11-04,VTI,0
2011-11-04,XLK,0.25
2011-11-07,GLD,0.5
2011-11-07,QQQ,0.25
2011-11-07,SPY,0
2011-11-07,VTI,0
2011-11-07,XLK,0.25
2011-11-08,GLD,0.5
2011-11-08,QQQ,0.25
2011-11-08,SPY,0
2011-11-08,VTI,0
2011-11-08,XLK,0.25
2011-11-09,GLD,0.5
2011-11-09,QQQ,0.25
2011-11-09,SPY,0
2011-11-09,VTI,0
2011-11-09,XLK,0.25
2011-11-10,GLD,0.5
2011-11-10,QQQ,0.25
2011-11-10,SPY,0
2011-11-10,VTI,0
2011-11-10,XLK,0.25
2011-11-11,GLD,0.5
2011-11-11,QQQ,0.25
2011-11-11,SPY,0
2011-11-11,VTI,0
2011-11-11,XLK,0.25
2011-11-14,GLD,0.5
2011-11-14,QQQ,0.25
2011-11-14,SPY,0
2011-11-14,VTI,0
2011-11-14,XLK,0.25
2011-11-15,GLD,0.5
2011-11-15,QQQ,0.25
2011-11-15,SPY,0
2011-11-15,VTI,0
2011-11-15,XLK,0.25
2011-11-16,GLD,0.5
2011-11-16,QQQ,0.25
2011-11-16,SPY,0
2011-11-16,VTI,0
2011-11-16,XLK,0.25
2011-11-17,GLD,0.5
2011-11-17,QQQ,0.25
2011-11-17,SPY,0
2011-11-17,VTI,0
2011-11-17,XLK,0.25
2011-11-18,GLD,0.5
2011-11-18,QQQ,0.25
2011-11-18,SPY,0
2011-11-18,VTI,0
2011-11-18,XLK,0.25
2011-11-21,GLD,1
2011-11-21,QQQ,0
2011-11-21,SPY,0
2011-11-21,VTI,0
2011-11-21,XLK,0
2011-11-22,GLD,1
2011-11-22,QQQ,0
2011-11-22,SPY,0
2011-11-22,VTI,0
2011-11-22,XLK,0
2011-11-23,GLD,1
2011-11-23,QQQ,0
2011-11-23,SPY,0
2011-11-23,VTI,0
2011-11-23,XLK,0
2011-11-25,GLD,1
2011-11-25,QQQ,0
2011-11-25,SPY,0
2011-11-25,VTI,0
2011-11-25,XLK,0
2011-11-28,GLD,1
2011-11-28,QQQ,0
2011-11-28,SPY,0
2011-11-28,VTI,0
2011-11-28,XLK,0
2011-11-29,GLD,1
2011-11-29,QQQ,0
2011-11-29,SPY,0
2011-11-29,VTI,0
2011-11-29,XLK,0
2011-11-30,GLD,1
2011-11-30,QQQ,0
2011-11-30,SPY,0
2011-11-30,VTI,0
2011-11-30,XLK,0
2011-12-01,GLD,1
2011-12-01,QQQ,0
2011-12-01,SPY,0
2011-12-01,VTI,0
2011-12-01,XLK,0
2011-12-02,GLD,1
2011-12-02,QQQ,0
2011-12-02,SPY,0
2011-12-02,VTI,0
2011-12-02,XLK,0
2011-12-05,GLD,0.75
2011-12-05,QQQ,0
2011-12-05,SPY,0
2011-12-05,VTI,0
2011-12-05,XLK,0.25
2011-12-06,GLD,0.75
2011-12-06,QQQ,0
2011-12-06,SPY,0
2011-12-06,VTI,0
2011-12-06,XLK,0.25
2011-12-07,GLD,0.75
2011-12-07,QQQ,0
2011-12-07,SPY,0
2011-12-07,VTI,0
2011-12-07,XLK,0.25
2011-12-08,GLD,0.75
2011-12-08,QQQ,0
2011-12-08,SPY,0
2011-12-08,VTI,0
2011-12-08,XLK,0.25
2011-12-09,GLD,0.75
2011-12-09,QQQ,0
2011-12-09,SPY,0
2011-12-09,VTI,0
2011-12-09,XLK,0.25
2011-12-12,GLD,0.75
2011-12-12,QQQ,0
2011-12-12,SPY,0
2011-12-12,VTI,0
2011-12-12,XLK,0.25
2011-12-13,GLD,0.75
2011-12-13,QQQ,0
2011-12-13,SPY,0
2011-12-13,VTI,0
2011-12-13,XLK,0.25
2011-12-14,GLD,0.75
2011-12-14,QQQ,0
2011-12-14,SPY,0
2011-12-14,VTI,0
2011-12-14,XLK,0.25
2011-12-15,GLD,0.75
2011-12-15,QQQ,0
2011-12-15,SPY,0
2011-12-15,VTI,0
2011-12-15,XLK,0.25
2011-12-16,GLD,0.75
2011-12-16,QQQ,0
2011-12-16,SPY,0
2011-12-16,VTI,0
2011-12-16,XLK,0.25
2011-12-19,GLD,0.75
2011-12-19,QQQ,0
2011-12-19,SPY,0
2011-12-19,VTI,0
2011-12-19,XLK,0.25
2011-12-20,GLD,0.75
2011-12-20,QQQ,0
2011-12-20,SPY,0
2011-12-20,VTI,0
2011-12-20,XLK,0.25
2011-12-21,GLD,0.75
2011-12-21,QQQ,0
2011-12-21,SPY,0
2011-12-21,VTI,0
2011-12-21,XLK,0.25
2011-12-22,GLD,0.75
2011-12-22,QQQ,0
2011-12-22,SPY,0
2011-12-22,VTI,0
2011-12-22,XLK,0.25
2011-12-23,GLD,0.75
2011-12-23,QQQ,0
2011-12-23,SPY,0
2011-12-23,VTI,0
2011-12-23,XLK,0.25
2011-12-27,GLD,0.75
2011-12-27,QQQ,0
2011-12-27,SPY,0
2011-12-27,VTI,0
2011-12-27,XLK,0.25
2011-12-28,GLD,0.75
2011-12-28,QQQ,0
2011-12-28,SPY,0
2011-12-28,VTI,0
2011-12-28,XLK,0.25
2011-12-29,GLD,0.75
2011-12-29,QQQ,0
2011-12-29,SPY,0
2011-12-29,VTI,0
2011-12-29,XLK,0.25
2011-12-30,GLD,0.75
2011-12-30,QQQ,0
2011-12-30,SPY,0
2011-12-30,VTI,0
2011-12-30,XLK,0.25
2012-01-03,GLD,0.5
2012-01-03,QQQ,0
2012-01-03,SPY,0.25
2012-01-03,VTI,0
2012-01-03,XLK,0.25
2012-01-04,GLD,0.25
2012-01-04,QQQ,0.25
2012-01-04,SPY,0.25
2012-01-04,VTI,0
2012-01-04,XLK,0.25
2012-01-05,GLD,0
2012-01-05,QQQ,0.25
2012-01-05,SPY,0.25
2012-01-05,VTI,0.25
2012-01-05,XLK,0.25
2012-01-06,GLD,0
2012-01-06,QQQ,0.25
2012-01-06,SPY,0.25
2012-01-06,VTI,0.25
2012-01-06,XLK,0.25
2012-01-09,GLD,0
2012-01-09,QQQ,0.25
2012-01-09,SPY,0.25
2012-01-09,VTI,0.25
2012-01-09,XLK,0.25
2012-01-10,GLD,0
2012-01-10,QQQ,0.25
2012-01-10,SPY,0.25
2012-01-10,VTI,0.25
2012-01-10,XLK,0.25
2012-01-11,GLD,0
2012-01-11,QQQ,0.25
2012-01-11,SPY,0.25
2012-01-11,VTI,0.25
2012-01-11,XLK,0.25
2012-01-12,GLD,0
2012-01-12,QQQ,0.25
2012-01-12,SPY,0.25
2012-01-12,VTI,0.25
2012-01-12,XLK,0.25
2012-01-13,GLD,0
2012-01-13,QQQ,0.25
2012-01-13,SPY,0.25
2012-01-13,VTI,0.25
2012-01-13,XLK,0.25
2012-01-17,GLD,0
2012-01-17,QQQ,0.25
2012-01-17,SPY,0.25
2012-01-17,VTI,0.25
2012-01-17,XLK,0.25
2012-01-18,GLD,0
2012-01-18,QQQ,0.25
2012-01-18,SPY,0.25
2012-01-18,VTI,0.25
2012-01-18,XLK,0.25
2012-01-19,GLD,0
2012-01-19,QQQ,0.25
2012-01-19,SPY,0.25
2012-01-19,VTI,0.25
2012-01-19,XLK,0.25
2012-01-20,GLD,0
2012-01-20,QQQ,0.25
2012-01-20,SPY,0.25
2012-01-20,VTI,0.25
2012-01-20,XLK,0.25
2012-01-23,GLD,0
2012-01-23,QQQ,0.25
2012-01-23,SPY,0.25
2012-01-23,VTI,0.25
2012-01-23,XLK,0.25
2012-01-24,GLD,0
2012-01-24,QQQ,0.25
2012-01-24,SPY,0.25
2012-01-24,VTI,0.25
2012-01-24,XLK,0.25
2012-01-25,GLD,0
2012-01-25,QQQ,0.25
2012-01-25,SPY,0.25
2012-01-25,VTI,0.25
2012-01-25,XLK,0.25
2012-01-26,GLD,0
2012-01-26,QQQ,0.25
2012-01-26,SPY,0.25
2012-01-26,VTI,0.25
2012-01-26,XLK,0.25
2012-01-27,GLD,0
2012-01-27,QQQ,0.25
2012-01-27,SPY,0.25
2012-01-27,VTI,0.25
2012-01-27,XLK,0.25
2012-01-30,GLD,0
2012-01-30,QQQ,0.25
2012-01-30,SPY,0.25
2012-01-30,VTI,0.25
2012-01-30,XLK,0.25
2012-01-31,GLD,0
2012-01-31,QQQ,0.25
2012-01-31,SPY,0.25
2012-01-31,VTI,0.25
2012-01-31,XLK,0.25
2012-02-01,GLD,0
2012-02-01,QQQ,0.25
2012-02-01,SPY,0.25
2012-02-01,VTI,0.25
2012-02-01,XLK,0.25
2012-02-02,GLD,0
2012-02-02,QQQ,0.25
2012-02-02,SPY,0.25
2012-02-02,VTI,0.25
2012-02-02,XLK,0.25
2012-02-03,GLD,0
2012-02-03,QQQ,0.25
2012-02-03,SPY,0.25
2012-02-03,VTI,0.25
2012-02-03,XLK,0.25
2012-02-06,GLD,0
2012-02-06,QQQ,0.25
2012-02-06,SPY,0.25
2012-02-06,VTI,0.25
2012-02-06,XLK,0.25
2012-02-07,GLD,0
2012-02-07,QQQ,0.25
2012-02-07,SPY,0.25
2012-02-07,VTI,0.25
2012-02-07,XLK,0.25
2012-02-08,GLD,0
2012-02-08,QQQ,0.25
2012-02-08,SPY,0.25
2012-02-08,VTI,0.25
2012-02-08,XLK,0.25
2012-02-09,GLD,0
2012-02-09,QQQ,0.25
2012-02-09,SPY,0.25
2012-02-09,VTI,0.25
2012-02-09,XLK,0.25
2012-02-10,GLD,0
2012-02-10,QQQ,0.25
2012-02-10,SPY,0.25
2012-02-10,VTI,0.25
2012-02-10,XLK,0.25
2012-02-13,GLD,0
2012-02-13,QQQ,0.25
2012-02-13,SPY,0.25
2012-02-13,VTI,0.25
2012-02-13,XLK,0.25
2012-02-14,GLD,0
2012-02-14,QQQ,0.25
2012-02-14,SPY,0.25
2012-02-14,VTI,0.25
2012-02-14,XLK,0.25
2012-02-15,GLD,0
2012-02-15,QQQ,0.25
2012-02-15,SPY,0.25
2012-02-15,VTI,0.25
2012-02-15,XLK,0.25
2012-02-16,GLD,0
2012-02-16,QQQ,0.25
2012-02-16,SPY,0.25
2012-02-16,VTI,0.25
2012-02-16,XLK,0.25
2012-02-17,GLD,0
2012-02-17,QQQ,0.25
2012-02-17,SPY,0.25
2012-02-17,VTI,0.25
2012-02-17,XLK,0.25
2012-02-21,GLD,0
2012-02-21,QQQ,0.25
2012-02-21,SPY,0.25
2012-02-21,VTI,0.25
2012-02-21,XLK,0.25
2012-02-22,GLD,0
2012-02-22,QQQ,0.25
2012-02-22,SPY,0.25
2012-02-22,VTI,0.25
2012-02-22,XLK,0.25
2012-02-23,GLD,0
2012-02-23,QQQ,0.25
2012-02-23,SPY,0.25
2012-02-23,VTI,0.25
2012-02-23,XLK,0.25
2012-02-24,GLD,0
2012-02-24,QQQ,0.25
2012-02-24,SPY,0.25
2012-02-24,VTI,0.25
2012-02-24,XLK,0.25
2012-02-27,GLD,0
2012-02-27,QQQ,0.25
2012-02-27,SPY,0.25
2012-02-27,VTI,0.25
2012-02-27,XLK,0.25
2012-02-28,GLD,0
2012-02-28,QQQ,0.25
2012-02-28,SPY,0.25
2012-02-28,VTI,0.25
2012-02-28,XLK,0.25
2012-02-29,GLD,0
2012-02-29,QQQ,0.25
2012-02-29,SPY,0.25
2012-02-29,VTI,0.25
2012-02-29,XLK,0.25
2012-03-01,GLD,0
2012-03-01,QQQ,0.25
2012-03-01,SPY,0.25
2012-03-01,VTI,0.25
2012-03-01,XLK,0.25
2012-03-02,GLD,0
2012-03-02,QQQ,0.25
2012-03-02,SPY,0.25
2012-03-02,VTI,0.25
2012-03-02,XLK,0.25
2012-03-05,GLD,0
2012-03-05,QQQ,0.25
2012-03-05,SPY,0.25
2012-03-05,VTI,0.25
2012-03-05,XLK,0.25
2012-03-06,GLD,0
2012-03-06,QQQ,0.25
2012-03-06,SPY,0.25
2012-03-06,VTI,0.25
2012-03-06,XLK,0.25
2012-03-07,GLD,0
2012-03-07,QQQ,0.25
2012-03-07,SPY,0.25
2012-03-07,VTI,0.25
2012-03-07,XLK,0.25
2012-03-08,GLD,0
2012-03-08,QQQ,0.25
2012-03-08,SPY,0.25
2012-03-08,VTI,0.25
2012-03-08,XLK,0.25
2012-03-09,GLD,0
2012-03-09,QQQ,0.25
2012-03-09,SPY,0.25
2012-03-09,VTI,0.25
2012-03-09,XLK,0.25
2012-03-12,GLD,0
2012-03-12,QQQ,0.25
2012-03-12,SPY,0.25
2012-03-12,VTI,0.25
2012-03-12,XLK,0.25
2012-03-13,GLD,0
2012-03-13,QQQ,0.25
2012-03-13,SPY,0.25
2012-03-13,VTI,0.25
2012-03-13,XLK,0.25
2012-03-14,GLD,0
2012-03-14,QQQ,0.25
2012-03-14,SPY,0.25
2012-03-14,VTI,0.25
2012-03-14,XLK,0.25
2012-03-15,GLD,0
2012-03-15,QQQ,0.25
2012-03-15,SPY,0.25
2012-03-15,VTI,0.25
2012-03-15,XLK,0.25
2012-03-16,GLD,0
2012-03-16,QQQ,0.25
2012-03-16,SPY,0.25
2012-03-16,VTI,0.25
2012-03-16,XLK,0.25
2012-03-19,GLD,0
2012-03-19,QQQ,0.25
2012-03-19,SPY,0.25
2012-03-19,VTI,0.25
2012-03-19,XLK,0.25
2012-03-20,GLD,0
2012-03-20,QQQ,0.25
2012-03-20,SPY,0.25
2012-03-20,VTI,0.25
2012-03-20,XLK,0.25
2012-03-21,GLD,0
2012-03-21,QQQ,0.25
2012-03-21,SPY,0.25
2012-03-21,VTI,0.25
2012-03-21,XLK,0.25
2012-03-22,GLD,0
2012-03-22,QQQ,0.25
2012-03-22,SPY,0.25
2012-03-22,VTI,0.25
2012-03-22,XLK,0.25
2012-03-23,GLD,0
2012-03-23,QQQ,0.25
2012-03-23,SPY,0.25
2012-03-23,VTI,0.25
2012-03-23,XLK,0.25
2012-03-26,GLD,0
2012-03-26,QQQ,0.25
2012-03-26,SPY,0.25
2012-03-26,VTI,0.25
2012-03-26,XLK,0.25
2012-03-27,GLD,0
2012-03-27,QQQ,0.25
2012-03-27,SPY,0.25
2012-03-27,VTI,0.25
2012-03-27,XLK,0.25
2012-03-28,GLD,0
2012-03-28,QQQ,0.25
2012-03-28,SPY,0.25
2012-03-28,VTI,0.25
2012-03-28,XLK,0.25
2012-03-29,GLD,0
2012-03-29,QQQ,0.25
2012-03-29,SPY,0.25
2012-03-29,VTI,0.25
2012-03-29,XLK,0.25
2012-03-30,GLD,0
2012-03-30,QQQ,0.25
2012-03-30,SPY,0.25
2012-03-30,VTI,0.25
2012-03-30,XLK,0.25
2012-04-02,GLD,0
2012-04-02,QQQ,0.25
2012-04-02,SPY,0.25
2012-04-02,VTI,0.25
2012-04-02,XLK,0.25
2012-04-03,GLD,0
2012-04-03,QQQ,0.25
2012-04-03,SPY,0.25
2012-04-03,VTI,0.25
2012-04-03,XLK,0.25
2012-04-04,GLD,0
2012-04-04,QQQ,0.25
2012-04-04,SPY,0.25
2012-04-04,VTI,0.25
2012-04-04,XLK,0.25
2012-04-05,GLD,0
2012-04-05,QQQ,0.25
2012-04-05,SPY,0.25
2012-04-05,VTI,0.25
2012-04-05,XLK,0.25
2012-04-09,GLD,0
2012-04-09,QQQ,0.25
2012-04-09,SPY,0.25
2012-04-09,VTI,0.25
2012-04-09,XLK,0.25
2012-04-10,GLD,0
2012-04-10,QQQ,0.25
2012-04-10,SPY,0.25
2012-04-10,VTI,0.25
2012-04-10,XLK,0.25
2012-04-11,GLD,0
2012-04-11,QQQ,0.25
2012-04-11,SPY,0.25
2012-04-11,VTI,0.25
2012-04-11,XLK,0.25
2012-04-12,GLD,0
2012-04-12,QQQ,0.25
2012-04-12,SPY,0.25
2012-04-12,VTI,0.25
2012-04-12,XLK,0.25
2012-04-13,GLD,0
2012-04-13,QQQ,0.25
2012-04-13,SPY,0.25
2012-04-13,VTI,0.25
2012-04-13,XLK,0.25
2012-04-16,GLD,0
2012-04-16,QQQ,0.25
2012-04-16,SPY,0.25
2012-04-16,VTI,0.25
2012-04-16,XLK,0.25
2012-04-17,GLD,0
2012-04-17,QQQ,0.25
2012-04-17,SPY,0.25
2012-04-17,VTI,0.25
2012-04-17,XLK,0.25
2012-04-18,GLD,0
2012-04-18,QQQ,0.25
2012-04-18,SPY,0.25
2012-04-18,VTI,0.25
2012-04-18,XLK,0.25
2012-04-19,GLD,0
2012-04-19,QQQ,0.25
2012-04-19,SPY,0.25
2012-04-19,VTI,0.25
2012-04-19,XLK,0.25
2012-04-20,GLD,0
2012-04-20,QQQ,0.25
2012-04-20,SPY,0.25
2012-04-20,VTI,0.25
2012-04-20,XLK,0.25
2012-04-23,GLD,0
2012-04-23,QQQ,0.25
2012-04-23,SPY,0.25
2012-04-23,VTI,0.25
2012-04-23,XLK,0.25
2012-04-24,GLD,0
2012-04-24,QQQ,0.25
2012-04-24,SPY,0.25
2012-04-24,VTI,0.25
2012-04-24,XLK,0.25
2012-04-25,GLD,0
2012-04-25,QQQ,0.25
2012-04-25,SPY,0.25
2012-04-25,VTI,0.25
2012-04-25,XLK,0.25
2012-04-26,GLD,0
2012-04-26,QQQ,0.25
2012-04-26,SPY,0.25
2012-04-26,VTI,0.25
2012-04-26,XLK,0.25
2012-04-27,GLD,0
2012-04-27,QQQ,0.25
2012-04-27,SPY,0.25
2012-04-27,VTI,0.25
2012-04-27,XLK,0.25
2012-04-30,GLD,0
2012-04-30,QQQ,0.25
2012-04-30,SPY,0.25
2012-04-30,VTI,0.25
2012-04-30,XLK,0.25
2012-05-01,GLD,0
2012-05-01,QQQ,0.25
2012-05-01,SPY,0.25
2012-05-01,VTI,0.25
2012-05-01,XLK,0.25
2012-05-02,GLD,0
2012-05-02,QQQ,0.25
2012-05-02,SPY,0.25
2012-05-02,VTI,0.25
2012-05-02,XLK,0.25
2012-05-03,GLD,0
2012-05-03,QQQ,0.25
2012-05-03,SPY,0.25
2012-05-03,VTI,0.25
2012-05-03,XLK,0.25
2012-05-04,GLD,0
2012-05-04,QQQ,0.25
2012-05-04,SPY,0.25
2012-05-04,VTI,0.25
2012-05-04,XLK,0.25
2012-05-07,GLD,0
2012-05-07,QQQ,0.25
2012-05-07,SPY,0.25
2012-05-07,VTI,0.25
2012-05-07,XLK,0.25
2012-05-08,GLD,0
2012-05-08,QQQ,0.25
2012-05-08,SPY,0.25
2012-05-08,VTI,0.25
2012-05-08,XLK,0.25
2012-05-09,GLD,0
2012-05-09,QQQ,0.25
2012-05-09,SPY,0.25
2012-05-09,VTI,0.25
2012-05-09,XLK,0.25
2012-05-10,GLD,0
2012-05-10,QQQ,0.25
2012-05-10,SPY,0.25
2012-05-10,VTI,0.25
2012-05-10,XLK,0.25
2012-05-11,GLD,0
2012-05-11,QQQ,0.25
2012-05-11,SPY,0.25
2012-05-11,VTI,0.25
2012-05-11,XLK,0.25
2012-05-14,GLD,0
2012-05-14,QQQ,0.25
2012-05-14,SPY,0.25
2012-05-14,VTI,0.25
2012-05-14,XLK,0.25
2012-05-15,GLD,0
2012-05-15,QQQ,0.25
2012-05-15,SPY,0.25
2012-05-15,VTI,0.25
2012-05-15,XLK,0.25
2012-05-16,GLD,0
2012-05-16,QQQ,0.25
2012-05-16,SPY,0.25
2012-05-16,VTI,0.25
2012-05-16,XLK,0.25
2012-05-17,GLD,0
2012-05-17,QQQ,0.25
2012-05-17,SPY,0.25
2012-05-17,VTI,0.25
2012-05-17,XLK,0.25
2012-05-18,GLD,0
2012-05-18,QQQ,0.25
2012-05-18,SPY,0.25
2012-05-18,VTI,0.25
2012-05-18,XLK,0.25
2012-05-21,GLD,0
2012-05-21,QQQ,0.25
2012-05-21,SPY,0.25
2012-05-21,VTI,0.25
2012-05-21,XLK,0.25
2012-05-22,GLD,0
2012-05-22,QQQ,0.25
2012-05-22,SPY,0.25
2012-05-22,VTI,0.25
2012-05-22,XLK,0.25
2012-05-23,GLD,0
2012-05-23,QQQ,0.25
2012-05-23,SPY,0.25
2012-05-23,VTI,0.25
2012-05-23,XLK,0.25
2012-05-24,GLD,0
2012-05-24,QQQ,0.25
2012-05-24,SPY,0.25
2012-05-24,VTI,0.25
2012-05-24,XLK,0.25
2012-05-25,GLD,0
2012-05-25,QQQ,0.25
2012-05-25,SPY,0.25
2012-05-25,VTI,0.25
2012-05-25,XLK,0.25
2012-05-29,GLD,0
2012-05-29,QQQ,0.25
2012-05-29,SPY,0.25
2012-05-29,VTI,0.25
2012-05-29,XLK,0.25
2012-05-30,GLD,0
2012-05-30,QQQ,0.25
2012-05-30,SPY,0.25
2012-05-30,VTI,0.25
2012-05-30,XLK,0.25
2012-05-31,GLD,0
2012-05-31,QQQ,0.25
2012-05-31,SPY,0.25
2012-05-31,VTI,0.25
2012-05-31,XLK,0.25
2012-06-01,GLD,0
2012-06-01,QQQ,0.25
2012-06-01,SPY,0.25
2012-06-01,VTI,0.25
2012-06-01,XLK,0.25
2012-06-04,GLD,0
2012-06-04,QQQ,0.25
2012-06-04,SPY,0.25
2012-06-04,VTI,0.25
2012-06-04,XLK,0.25
2012-06-05,GLD,0
2012-06-05,QQQ,0.25
2012-06-05,SPY,0.25
2012-06-05,VTI,0.25
2012-06-05,XLK,0.25
2012-06-06,GLD,0
2012-06-06,QQQ,0.25
2012-06-06,SPY,0.25
2012-06-06,VTI,0.25
2012-06-06,XLK,0.25
2012-06-07,GLD,0
2012-06-07,QQQ,0.25
2012-06-07,SPY,0.25
2012-06-07,VTI,0.25
2012-06-07,XLK,0.25
2012-06-08,GLD,0
2012-06-08,QQQ,0.25
2012-06-08,SPY,0.25
2012-06-08,VTI,0.25
2012-06-08,XLK,0.25
2012-06-11,GLD,0
2012-06-11,QQQ,0.25
2012-06-11,SPY,0.25
2012-06-11,VTI,0.25
2012-06-11,XLK,0.25
2012-06-12,GLD,0
2012-06-12,QQQ,0.25
2012-06-12,SPY,0.25
2012-06-12,VTI,0.25
2012-06-12,XLK,0.25
2012-06-13,GLD,0
2012-06-13,QQQ,0.25
2012-06-13,SPY,0.25
2012-06-13,VTI,0.25
2012-06-13,XLK,0.25
2012-06-14,GLD,0
2012-06-14,QQQ,0.25
2012-06-14,SPY,0.25
2012-06-14,VTI,0.25
2012-06-14,XLK,0.25
2012-06-15,GLD,0
2012-06-15,QQQ,0.25
2012-06-15,SPY,0.25
2012-06-15,VTI,0.25
2012-06-15,XLK,0.25
2012-06-18,GLD,0
2012-06-18,QQQ,0.25
2012-06-18,SPY,0.25
2012-06-18,VTI,0.25
2012-06-18,XLK,0.25
2012-06-19,GLD,0
2012-06-19,QQQ,0.25
2012-06-19,SPY,0.25
2012-06-19,VTI,0.25
2012-06-19,XLK,0.25
2012-06-20,GLD,0
2012-06-20,QQQ,0.25
2012-06-20,SPY,0.25
2012-06-20,VTI,0.25
2012-06-20,XLK,0.25
2012-06-21,GLD,0
2012-06-21,QQQ,0.25
2012-06-21,SPY,0.25
2012-06-21,VTI,0.25
2012-06-21,XLK,0.25
2012-06-22,GLD,0
2012-06-22,QQQ,0.25
2012-06-22,SPY,0.25
2012-06-22,VTI,0.25
2012-06-22,XLK,0.25
2012-06-25,GLD,0
2012-06-25,QQQ,0.25
2012-06-25,SPY,0.25
2012-06-25,VTI,0.25
2012-06-25,XLK,0.25
2012-06-26,GLD,0
2012-06-26,QQQ,0.25
2012-06-26,SPY,0.25
2012-06-26,VTI,0.25
2012-06-26,XLK,0.25
2012-06-27,GLD,0
2012-06-27,QQQ,0.25
2012-06-27,SPY,0.25
2012-06-27,VTI,0.25
2012-06-27,XLK,0.25
2012-06-28,GLD,0
2012-06-28,QQQ,0.25
2012-06-28,SPY,0.25
2012-06-28,VTI,0.25
2012-06-28,XLK,0.25
2012-06-29,GLD,0
2012-06-29,QQQ,0.25
2012-06-29,SPY,0.25
2012-06-29,VTI,0.25
2012-06-29,XLK,0.25
2012-07-02,GLD,0
2012-07-02,QQQ,0.25
2012-07-02,SPY,0.25
2012-07-02,VTI,0.25
2012-07-02,XLK,0.25
2012-07-03,GLD,0
2012-07-03,QQQ,0.25
2012-07-03,SPY,0.25
2012-07-03,VTI,0.25
2012-07-03,XLK,0.25
2012-07-05,GLD,0
2012-07-05,QQQ,0.25
2012-07-05,SPY,0.25
2012-07-05,VTI,0.25
2012-07-05,XLK,0.25
2012-07-06,GLD,0
2012-07-06,QQQ,0.25
2012-07-06,SPY,0.25
2012-07-06,VTI,0.25
2012-07-06,XLK,0.25
2012-07-09,GLD,0
2012-07-09,QQQ,0.25
2012-07-09,SPY,0.25
2012-07-09,VTI,0.25
2012-07-09,XLK,0.25
2012-07-10,GLD,0
2012-07-10,QQQ,0.25
2012-07-10,SPY,0.25
2012-07-10,VTI,0.25
2012-07-10,XLK,0.25
2012-07-11,GLD,0
2012-07-11,QQQ,0.25
2012-07-11,SPY,0.25
2012-07-11,VTI,0.25
2012-07-11,XLK,0.25
2012-07-12,GLD,0
2012-07-12,QQQ,0.25
2012-07-12,SPY,0.25
2012-07-12,VTI,0.25
2012-07-12,XLK,0.25
2012-07-13,GLD,0
2012-07-13,QQQ,0.25
2012-07-13,SPY,0.25
2012-07-13,VTI,0.25
2012-07-13,XLK,0.25
2012-07-16,GLD,0
2012-07-16,QQQ,0.25
2012-07-16,SPY,0.25
2012-07-16,VTI,0.25
2012-07-16,XLK,0.25
2012-07-17,GLD,0
2012-07-17,QQQ,0.25
2012-07-17,SPY,0.25
2012-07-17,VTI,0.25
2012-07-17,XLK,0.25
2012-07-18,GLD,0
2012-07-18,QQQ,0.25
2012-07-18,SPY,0.25
2012-07-18,VTI,0.25
2012-07-18,XLK,0.25
2012-07-19,GLD,0
2012-07-19,QQQ,0.25
2012-07-19,SPY,0.25
2012-07-19,VTI,0.25
2012-07-19,XLK,0.25
2012-07-20,GLD,0
2012-07-20,QQQ,0.25
2012-07-20,SPY,0.25
2012-07-20,VTI,0.25
2012-07-20,XLK,0.25
2012-07-23,GLD,0
2012-07-23,QQQ,0.25
2012-07-23,SPY,0.25
2012-07-23,VTI,0.25
2012-07-23,XLK,0.25
2012-07-24,GLD,0
2012-07-24,QQQ,0.25
2012-07-24,SPY,0.25
2012-07-24,VTI,0.25
2012-07-24,XLK,0.25
2012-07-25,GLD,0
2012-07-25,QQQ,0.25
2012-07-25,SPY,0.25
2012-07-25,VTI,0.25
2012-07-25,XLK,0.25
2012-07-26,GLD,0
2012-07-26,QQQ,0.25
2012-07-26,SPY,0.25
2012-07-26,VTI,0.25
2012-07-26,XLK,0.25
2012-07-27,GLD,0
2012-07-27,QQQ,0.25
2012-07-27,SPY,0.25
2012-07-27,VTI,0.25
2012-07-27,XLK,0.25
2012-07-30,GLD,0
2012-07-30,QQQ,0.25
2012-07-30,SPY,0.25
2012-07-30,VTI,0.25
2012-07-30,XLK,0.25
2012-07-31,GLD,0
2012-07-31,QQQ,0.25
2012-07-31,SPY,0.25
2012-07-31,VTI,0.25
2012-07-31,XLK,0.25
2012-08-01,GLD,0
2012-08-01,QQQ,0.25
2012-08-01,SPY,0.25
2012-08-01,VTI,0.25
2012-08-01,XLK,0.25
2012-08-02,GLD,0
2012-08-02,QQQ,0.25
2012-08-02,SPY,0.25
2012-08-02,VTI,0.25
2012-08-02,XLK,0.25
2012-08-03,GLD,0
2012-08-03,QQQ,0.25
2012-08-03,SPY,0.25
2012-08-03,VTI,0.25
2012-08-03,XLK,0.25
2012-08-06,GLD,0
2012-08-06,QQQ,0.25
2012-08-06,SPY,0.25
2012-08-06,VTI,0.25
2012-08-06,XLK,0.25
2012-08-07,GLD,0
2012-08-07,QQQ,0.25
2012-08-07,SPY,0.25
2012-08-07,VTI,0.25
2012-08-07,XLK,0.25
2012-08-08,GLD,0
2012-08-08,QQQ,0.25
2012-08-08,SPY,0.25
2012-08-08,VTI,0.25
2012-08-08,XLK,0.25
2012-08-09,GLD,0
2012-08-09,QQQ,0.25
2012-08-09,SPY,0.25
2012-08-09,VTI,0.25
2012-08-09,XLK,0.25
2012-08-10,GLD,0
2012-08-10,QQQ,0.25
2012-08-10,SPY,0.25
2012-08-10,VTI,0.25
2012-08-10,XLK,0.25
2012-08-13,GLD,0
2012-08-13,QQQ,0.25
2012-08-13,SPY,0.25
2012-08-13,VTI,0.25
2012-08-13,XLK,0.25
2012-08-14,GLD,0
2012-08-14,QQQ,0.25
2012-08-14,SPY,0.25
2012-08-14,VTI,0.25
2012-08-14,XLK,0.25
2012-08-15,GLD,0
2012-08-15,QQQ,0.25
2012-08-15,SPY,0.25
2012-08-15,VTI,0.25
2012-08-15,XLK,0.25
2012-08-16,GLD,0
2012-08-16,QQQ,0.25
2012-08-16,SPY,0.25
2012-08-16,VTI,0.25
2012-08-16,XLK,0.25
2012-08-17,GLD,0
2012-08-17,QQQ,0.25
2012-08-17,SPY,0.25
2012-08-17,VTI,0.25
2012-08-17,XLK,0.25
2012-08-20,GLD,0
2012-08-20,QQQ,0.25
2012-08-20,SPY,0.25
2012-08-20,VTI,0.25
2012-08-20,XLK,0.25
2012-08-21,GLD,0
2012-08-21,QQQ,0.25
2012-08-21,SPY,0.25
2012-08-21,VTI,0.25
2012-08-21,XLK,0.25
2012-08-22,GLD,0
2012-08-22,QQQ,0.25
2012-08-22,SPY,0.25
2012-08-22,VTI,0.25
2012-08-22,XLK,0.25
2012-08-23,GLD,0
2012-08-23,QQQ,0.25
2012-08-23,SPY,0.25
2012-08-23,VTI,0.25
2012-08-23,XLK,0.25
2012-08-24,GLD,0
2012-08-24,QQQ,0.25
2012-08-24,SPY,0.25
2012-08-24,VTI,0.25
2012-08-24,XLK,0.25
2012-08-27,GLD,0
2012-08-27,QQQ,0.25
2012-08-27,SPY,0.25
2012-08-27,VTI,0.25
2012-08-27,XLK,0.25
2012-08-28,GLD,0
2012-08-28,QQQ,0.25
2012-08-28,SPY,0.25
2012-08-28,VTI,0.25
2012-08-28,XLK,0.25
2012-08-29,GLD,0
2012-08-29,QQQ,0.25
2012-08-29,SPY,0.25
2012-08-29,VTI,0.25
2012-08-29,XLK,0.25
2012-08-30,GLD,0
2012-08-30,QQQ,0.25
2012-08-30,SPY,0.25
2012-08-30,VTI,0.25
2012-08-30,XLK,0.25
2012-08-31,GLD,0
2012-08-31,QQQ,0.25
2012-08-31,SPY,0.25
2012-08-31,VTI,0.25
2012-08-31,XLK,0.25
2012-09-04,GLD,0
2012-09-04,QQQ,0.25
2012-09-04,SPY,0.25
2012-09-04,VTI,0.25
2012-09-04,XLK,0.25
2012-09-05,GLD,0
2012-09-05,QQQ,0.25
2012-09-05,SPY,0.25
2012-09-05,VTI,0.25
2012-09-05,XLK,0.25
2012-09-06,GLD,0
2012-09-06,QQQ,0.25
2012-09-06,SPY,0.25
2012-09-06,VTI,0.25
2012-09-06,XLK,0.25
2012-09-07,GLD,0
2012-09-07,QQQ,0.25
2012-09-07,SPY,0.25
2012-09-07,VTI,0.25
2012-09-07,XLK,0.25
2012-09-10,GLD,0
2012-09-10,QQQ,0.25
2012-09-10,SPY,0.25
2012-09-10,VTI,0.25
2012-09-10,XLK,0.25
2012-09-11,GLD,0
2012-09-11,QQQ,0.25
2012-09-11,SPY,0.25
2012-09-11,VTI,0.25
2012-09-11,XLK,0.25
2012-09-12,GLD,0
2012-09-12,QQQ,0.25
2012-09-12,SPY,0.25
2012-09-12,VTI,0.25
2012-09-12,XLK,0.25
2012-09-13,GLD,0
2012-09-13,QQQ,0.25
2012-09-13,SPY,0.25
2012-09-13,VTI,0.25
2012-09-13,XLK,0.25
2012-09-14,GLD,0
2012-09-14,QQQ,0.25
2012-09-14,SPY,0.25
2012-09-14,VTI,0.25
2012-09-14,XLK,0.25
2012-09-17,GLD,0
2012-09-17,QQQ,0.25
2012-09-17,SPY,0.25
2012-09-17,VTI,0.25
2012-09-17,XLK,0.25
2012-09-18,GLD,0
2012-09-18,QQQ,0.25
2012-09-18,SPY,0.25
2012-09-18,VTI,0.25
2012-09-18,XLK,0.25
2012-09-19,GLD,0
2012-09-19,QQQ,0.25
2012-09-19,SPY,0.25
2012-09-19,VTI,0.25
2012-09-19,XLK,0.25
2012-09-20,GLD,0
2012-09-20,QQQ,0.25
2012-09-20,SPY,0.25
2012-09-20,VTI,0.25
2012-09-20,XLK,0.25
2012-09-21,GLD,0
2012-09-21,QQQ,0.25
2012-09-21,SPY,0.25
2012-09-21,VTI,0.25
2012-09-21,XLK,0.25
2012-09-24,GLD,0
2012-09-24,QQQ,0.25
2012-09-24,SPY,0.25
2012-09-24,VTI,0.25
2012-09-24,XLK,0.25
2012-09-25,GLD,0
2012-09-25,QQQ,0.25
2012-09-25,SPY,0.25
2012-09-25,VTI,0.25
2012-09-25,XLK,0.25
2012-09-26,GLD,0
2012-09-26,QQQ,0.25
2012-09-26,SPY,0.25
2012-09-26,VTI,0.25
2012-09-26,XLK,0.25
2012-09-27,GLD,0
2012-09-27,QQQ,0.25
2012-09-27,SPY,0.25
2012-09-27,VTI,0.25
2012-09-27,XLK,0.25
2012-09-28,GLD,0
2012-09-28,QQQ,0.25
2012-09-28,SPY,0.25
2012-09-28,VTI,0.25
2012-09-28,XLK,0.25
2012-10-01,GLD,0
2012-10-01,QQQ,0.25
2012-10-01,SPY,0.25
2012-10-01,VTI,0.25
2012-10-01,XLK,0.25
2012-10-02,GLD,0
2012-10-02,QQQ,0.25
2012-10-02,SPY,0.25
2012-10-02,VTI,0.25
2012-10-02,XLK,0.25
2012-10-03,GLD,0
2012-10-03,QQQ,0.25
2012-10-03,SPY,0.25
2012-10-03,VTI,0.25
2012-10-03,XLK,0.25
2012-10-04,GLD,0
2012-10-04,QQQ,0.25
2012-10-04,SPY,0.25
2012-10-04,VTI,0.25
2012-10-04,XLK,0.25
2012-10-05,GLD,0
2012-10-05,QQQ,0.25
2012-10-05,SPY,0.25
2012-10-05,VTI,0.25
2012-10-05,XLK,0.25
2012-10-08,GLD,0
2012-10-08,QQQ,0.25
2012-10-08,SPY,0.25
2012-10-08,VTI,0.25
2012-10-08,XLK,0.25
2012-10-09,GLD,0
2012-10-09,QQQ,0.25
2012-10-09,SPY,0.25
2012-10-09,VTI,0.25
2012-10-09,XLK,0.25
2012-10-10,GLD,0
2012-10-10,QQQ,0.25
2012-10-10,SPY,0.25
2012-10-10,VTI,0.25
2012-10-10,XLK,0.25
2012-10-11,GLD,0
2012-10-11,QQQ,0.25
2012-10-11,SPY,0.25
2012-10-11,VTI,0.25
2012-10-11,XLK,0.25
2012-10-12,GLD,0
2012-10-12,QQQ,0.25
2012-10-12,SPY,0.25
2012-10-12,VTI,0.25
2012-10-12,XLK,0.25
2012-10-15,GLD,0
2012-10-15,QQQ,0.25
2012-10-15,SPY,0.25
2012-10-15,VTI,0.25
2012-10-15,XLK,0.25
2012-10-16,GLD,0
2012-10-16,QQQ,0.25
2012-10-16,SPY,0.25
2012-10-16,VTI,0.25
2012-10-16,XLK,0.25
2012-10-17,GLD,0
2012-10-17,QQQ,0.25
2012-10-17,SPY,0.25
2012-10-17,VTI,0.25
2012-10-17,XLK,0.25
2012-10-18,GLD,0
2012-10-18,QQQ,0.25
2012-10-18,SPY,0.25
2012-10-18,VTI,0.25
2012-10-18,XLK,0.25
2012-10-19,GLD,0
2012-10-19,QQQ,0.25
2012-10-19,SPY,0.25
2012-10-19,VTI,0.25
2012-10-19,XLK,0.25
2012-10-22,GLD,0
2012-10-22,QQQ,0.25
2012-10-22,SPY,0.25
2012-10-22,VTI,0.25
2012-10-22,XLK,0.25
2012-10-23,GLD,0
2012-10-23,QQQ,0.25
2012-10-23,SPY,0.25
2012-10-23,VTI,0.25
2012-10-23,XLK,0.25
2012-10-24,GLD,0
2012-10-24,QQQ,0.25
2012-10-24,SPY,0.25
2012-10-24,VTI,0.25
2012-10-24,XLK,0.25
2012-10-25,GLD,0
2012-10-25,QQQ,0.25
2012-10-25,SPY,0.25
2012-10-25,VTI,0.25
2012-10-25,XLK,0.25
2012-10-26,GLD,0
2012-10-26,QQQ,0.25
2012-10-26,SPY,0.25
2012-10-26,VTI,0.25
2012-10-26,XLK,0.25
2012-10-31,GLD,0
2012-10-31,QQQ,0.25
2012-10-31,SPY,0.25
2012-10-31,VTI,0.25
2012-10-31,XLK,0.25
2012-11-01,GLD,0
2012-11-01,QQQ,0.25
2012-11-01,SPY,0.25
2012-11-01,VTI,0.25
2012-11-01,XLK,0.25
2012-11-02,GLD,0
2012-11-02,QQQ,0.25
2012-11-02,SPY,0.25
2012-11-02,VTI,0.25
2012-11-02,XLK,0.25
2012-11-05,GLD,0
2012-11-05,QQQ,0.25
2012-11-05,SPY,0.25
2012-11-05,VTI,0.25
2012-11-05,XLK,0.25
2012-11-06,GLD,0
2012-11-06,QQQ,0.25
2012-11-06,SPY,0.25
2012-11-06,VTI,0.25
2012-11-06,XLK,0.25
2012-11-07,GLD,0.25
2012-11-07,QQQ,0.25
2012-11-07,SPY,0.25
2012-11-07,VTI,0.25
2012-11-07,XLK,0
2012-11-08,GLD,0.5
2012-11-08,QQQ,0
2012-11-08,SPY,0.25
2012-11-08,VTI,0.25
2012-11-08,XLK,0
2012-11-09,GLD,0.5
2012-11-09,QQQ,0
2012-11-09,SPY,0.25
2012-11-09,VTI,0.25
2012-11-09,XLK,0
2012-11-12,GLD,0.5
2012-11-12,QQQ,0
2012-11-12,SPY,0.25
2012-11-12,VTI,0.25
2012-11-12,XLK,0
2012-11-13,GLD,0.5
2012-11-13,QQQ,0
2012-11-13,SPY,0.25
2012-11-13,VTI,0.25
2012-11-13,XLK,0
2012-11-14,GLD,0.5
2012-11-14,QQQ,0
2012-11-14,SPY,0.25
2012-11-14,VTI,0.25
2012-11-14,XLK,0
2012-11-15,GLD,0.5
2012-11-15,QQQ,0
2012-11-15,SPY,0.25
2012-11-15,VTI,0.25
2012-11-15,XLK,0
2012-11-16,GLD,0.5
2012-11-16,QQQ,0
2012-11-16,SPY,0.25
2012-11-16,VTI,0.25
2012-11-16,XLK,0
2012-11-19,GLD,0.5
2012-11-19,QQQ,0
2012-11-19,SPY,0.25
2012-11-19,VTI,0.25
2012-11-19,XLK,0
2012-11-20,GLD,0.5
2012-11-20,QQQ,0
2012-11-20,SPY,0.25
2012-11-20,VTI,0.25
2012-11-20,XLK,0
2012-11-21,GLD,0.5
2012-11-21,QQQ,0
2012-11-21,SPY,0.25
2012-11-21,VTI,0.25
2012-11-21,XLK,0
2012-11-23,GLD,0.5
2012-11-23,QQQ,0
2012-11-23,SPY,0.25
2012-11-23,VTI,0.25
2012-11-23,XLK,0
2012-11-26,GLD,0.5
2012-11-26,QQQ,0
2012-11-26,SPY,0.25
2012-11-26,VTI,0.25
2012-11-26,XLK,0
2012-11-27,GLD,0.5
2012-11-27,QQQ,0
2012-11-27,SPY,0.25
2012-11-27,VTI,0.25
2012-11-27,XLK,0
2012-11-28,GLD,0.5
2012-11-28,QQQ,0
2012-11-28,SPY,0.25
2012-11-28,VTI,0.25
2012-11-28,XLK,0
2012-11-29,GLD,0.5
2012-11-29,QQQ,0
2012-11-29,SPY,0.25
2012-11-29,VTI,0.25
2012-11-29,XLK,0
2012-11-30,GLD,0.5
2012-11-30,QQQ,0
2012-11-30,SPY,0.25
2012-11-30,VTI,0.25
2012-11-30,XLK,0
2012-12-03,GLD,0.5
2012-12-03,QQQ,0
2012-12-03,SPY,0.25
2012-12-03,VTI,0.25
2012-12-03,XLK,0
2012-12-04,GLD,0.5
2012-12-04,QQQ,0
2012-12-04,SPY,0.25
2012-12-04,VTI,0.25
2012-12-04,XLK,0
2012-12-05,GLD,0.5
2012-12-05,QQQ,0
2012-12-05,SPY,0.25
2012-12-05,VTI,0.25
2012-12-05,XLK,0
2012-12-06,GLD,0.5
2012-12-06,QQQ,0
2012-12-06,SPY,0.25
2012-12-06,VTI,0.25
2012-12-06,XLK,0
2012-12-07,GLD,0.5
2012-12-07,QQQ,0
2012-12-07,SPY,0.25
2012-12-07,VTI,0.25
2012-12-07,XLK,0
2012-12-10,GLD,0.5
2012-12-10,QQQ,0
2012-12-10,SPY,0.25
2012-12-10,VTI,0.25
2012-12-10,XLK,0
2012-12-11,GLD,0.5
2012-12-11,QQQ,0
2012-12-11,SPY,0.25
2012-12-11,VTI,0.25
2012-12-11,XLK,0
2012-12-12,GLD,0.5
2012-12-12,QQQ,0
2012-12-12,SPY,0.25
2012-12-12,VTI,0.25
2012-12-12,XLK,0
2012-12-13,GLD,0.5
2012-12-13,QQQ,0
2012-12-13,SPY,0.25
2012-12-13,VTI,0.25
2012-12-13,XLK,0
2012-12-14,GLD,0.5
2012-12-14,QQQ,0
2012-12-14,SPY,0.25
2012-12-14,VTI,0.25
2012-12-14,XLK,0
2012-12-17,GLD,0.5
2012-12-17,QQQ,0
2012-12-17,SPY,0.25
2012-12-17,VTI,0.25
2012-12-17,XLK,0
2012-12-18,GLD,0.5
2012-12-18,QQQ,0
2012-12-18,SPY,0.25
2012-12-18,VTI,0.25
2012-12-18,XLK,0
2012-12-19,GLD,0.5
2012-12-19,QQQ,0
2012-12-19,SPY,0.25
2012-12-19,VTI,0.25
2012-12-19,XLK,0
2012-12-20,GLD,0.5
2012-12-20,QQQ,0
2012-12-20,SPY,0.25
2012-12-20,VTI,0.25
2012-12-20,XLK,0
2012-12-21,GLD,0.5
2012-12-21,QQQ,0
2012-12-21,SPY,0.25
2012-12-21,VTI,0.25
2012-12-21,XLK,0
2012-12-24,GLD,0.5
2012-12-24,QQQ,0
2012-12-24,SPY,0.25
2012-12-24,VTI,0.25
2012-12-24,XLK,0
2012-12-26,GLD,0.5
2012-12-26,QQQ,0
2012-12-26,SPY,0.25
2012-12-26,VTI,0.25
2012-12-26,XLK,0
2012-12-27,GLD,0.5
2012-12-27,QQQ,0
2012-12-27,SPY,0.25
2012-12-27,VTI,0.25
2012-12-27,XLK,0
2012-12-28,GLD,0.5
2012-12-28,QQQ,0
2012-12-28,SPY,0.25
2012-12-28,VTI,0.25
2012-12-28,XLK,0
2012-12-31,GLD,0.5
2012-12-31,QQQ,0
2012-12-31,SPY,0.25
2012-12-31,VTI,0.25
2012-12-31,XLK,0
2013-01-02,GLD,0
2013-01-02,QQQ,0.25
2013-01-02,SPY,0.25
2013-01-02,VTI,0.25
2013-01-02,XLK,0.25
2013-01-03,GLD,0
2013-01-03,QQQ,0.25
2013-01-03,SPY,0.25
2013-01-03,VTI,0.25
2013-01-03,XLK,0.25
2013-01-04,GLD,0
2013-01-04,QQQ,0.25
2013-01-04,SPY,0.25
2013-01-04,VTI,0.25
2013-01-04,XLK,0.25
2013-01-07,GLD,0
2013-01-07,QQQ,0.25
2013-01-07,SPY,0.25
2013-01-07,VTI,0.25
2013-01-07,XLK,0.25
2013-01-08,GLD,0
2013-01-08,QQQ,0.25
2013-01-08,SPY,0.25
2013-01-08,VTI,0.25
2013-01-08,XLK,0.25
2013-01-09,GLD,0
2013-01-09,QQQ,0.25
2013-01-09,SPY,0.25
2013-01-09,VTI,0.25
2013-01-09,XLK,0.25
2013-01-10,GLD,0
2013-01-10,QQQ,0.25
2013-01-10,SPY,0.25
2013-01-10,VTI,0.25
2013-01-10,XLK,0.25
2013-01-11,GLD,0
2013-01-11,QQQ,0.25
2013-01-11,SPY,0.25
2013-01-11,VTI,0.25
2013-01-11,XLK,0.25
2013-01-14,GLD,0
2013-01-14,QQQ,0.25
2013-01-14,SPY,0.25
2013-01-14,VTI,0.25
2013-01-14,XLK,0.25
2013-01-15,GLD,0
2013-01-15,QQQ,0.25
2013-01-15,SPY,0.25
2013-01-15,VTI,0.25
2013-01-15,XLK,0.25
2013-01-16,GLD,0
2013-01-16,QQQ,0.25
2013-01-16,SPY,0.25
2013-01-16,VTI,0.25
2013-01-16,XLK,0.25
2013-01-17,GLD,0
2013-01-17,QQQ,0.25
2013-01-17,SPY,0.25
2013-01-17,VTI,0.25
2013-01-17,XLK,0.25
2013-01-18,GLD,0
2013-01-18,QQQ,0.25
2013-01-18,SPY,0.25
2013-01-18,VTI,0.25
2013-01-18,XLK,0.25
2013-01-22,GLD,0
2013-01-22,QQQ,0.25
2013-01-22,SPY,0.25
2013-01-22,VTI,0.25
2013-01-22,XLK,0.25
2013-01-23,GLD,0
2013-01-23,QQQ,0.25
2013-01-23,SPY,0.25
2013-01-23,VTI,0.25
2013-01-23,XLK,0.25
2013-01-24,GLD,0
2013-01-24,QQQ,0.25
2013-01-24,SPY,0.25
2013-01-24,VTI,0.25
2013-01-24,XLK,0.25
2013-01-25,GLD,0
2013-01-25,QQQ,0.25
2013-01-25,SPY,0.25
2013-01-25,VTI,0.25
2013-01-25,XLK,0.25
2013-01-28,GLD,0
2013-01-28,QQQ,0.25
2013-01-28,SPY,0.25
2013-01-28,VTI,0.25
2013-01-28,XLK,0.25
2013-01-29,GLD,0
2013-01-29,QQQ,0.25
2013-01-29,SPY,0.25
2013-01-29,VTI,0.25
2013-01-29,XLK,0.25
2013-01-30,GLD,0
2013-01-30,QQQ,0.25
2013-01-30,SPY,0.25
2013-01-30,VTI,0.25
2013-01-30,XLK,0.25
2013-01-31,GLD,0
2013-01-31,QQQ,0.25
2013-01-31,SPY,0.25
2013-01-31,VTI,0.25
2013-01-31,XLK,0.25
2013-02-01,GLD,0
2013-02-01,QQQ,0.25
2013-02-01,SPY,0.25
2013-02-01,VTI,0.25
2013-02-01,XLK,0.25
2013-02-04,GLD,0
2013-02-04,QQQ,0.25
2013-02-04,SPY,0.25
2013-02-04,VTI,0.25
2013-02-04,XLK,0.25
2013-02-05,GLD,0
2013-02-05,QQQ,0.25
2013-02-05,SPY,0.25
2013-02-05,VTI,0.25
2013-02-05,XLK,0.25
2013-02-06,GLD,0
2013-02-06,QQQ,0.25
2013-02-06,SPY,0.25
2013-02-06,VTI,0.25
2013-02-06,XLK,0.25
2013-02-07,GLD,0
2013-02-07,QQQ,0.25
2013-02-07,SPY,0.25
2013-02-07,VTI,0.25
2013-02-07,XLK,0.25
2013-02-08,GLD,0
2013-02-08,QQQ,0.25
2013-02-08,SPY,0.25
2013-02-08,VTI,0.25
2013-02-08,XLK,0.25
2013-02-11,GLD,0
2013-02-11,QQQ,0.25
2013-02-11,SPY,0.25
2013-02-11,VTI,0.25
2013-02-11,XLK,0.25
2013-02-12,GLD,0
2013-02-12,QQQ,0.25
2013-02-12,SPY,0.25
2013-02-12,VTI,0.25
2013-02-12,XLK,0.25
2013-02-13,GLD,0
2013-02-13,QQQ,0.25
2013-02-13,SPY,0.25
2013-02-13,VTI,0.25
2013-02-13,XLK,0.25
2013-02-14,GLD,0
2013-02-14,QQQ,0.25
2013-02-14,SPY,0.25
2013-02-14,VTI,0.25
2013-02-14,XLK,0.25
2013-02-15,GLD,0
2013-02-15,QQQ,0.25
2013-02-15,SPY,0.25
2013-02-15,VTI,0.25
2013-02-15,XLK,0.25
2013-02-19,GLD,0
2013-02-19,QQQ,0.25
2013-02-19,SPY,0.25
2013-02-19,VTI,0.25
2013-02-19,XLK,0.25
2013-02-20,GLD,0
2013-02-20,QQQ,0.25
2013-02-20,SPY,0.25
2013-02-20,VTI,0.25
2013-02-20,XLK,0.25
2013-02-21,GLD,0
2013-02-21,QQQ,0.25
2013-02-21,SPY,0.25
2013-02-21,VTI,0.25
2013-02-21,XLK,0.25
2013-02-22,GLD,0
2013-02-22,QQQ,0.25
2013-02-22,SPY,0.25
2013-02-22,VTI,0.25
2013-02-22,XLK,0.25
2013-02-25,GLD,0
2013-02-25,QQQ,0.25
2013-02-25,SPY,0.25
2013-02-25,VTI,0.25
2013-02-25,XLK,0.25
2013-02-26,GLD,0
2013-02-26,QQQ,0.25
2013-02-26,SPY,0.25
2013-02-26,VTI,0.25
2013-02-26,XLK,0.25
2013-02-27,GLD,0
2013-02-27,QQQ,0.25
2013-02-27,SPY,0.25
2013-02-27,VTI,0.25
2013-02-27,XLK,0.25
2013-02-28,GLD,0
2013-02-28,QQQ,0.25
2013-02-28,SPY,0.25
2013-02-28,VTI,0.25
2013-02-28,XLK,0.25
2013-03-01,GLD,0
2013-03-01,QQQ,0.25
2013-03-01,SPY,0.25
2013-03-01,VTI,0.25
2013-03-01,XLK,0.25
2013-03-04,GLD,0
2013-03-04,QQQ,0.25
2013-03-04,SPY,0.25
2013-03-04,VTI,0.25
2013-03-04,XLK,0.25
2013-03-05,GLD,0
2013-03-05,QQQ,0.25
2013-03-05,SPY,0.25
2013-03-05,VTI,0.25
2013-03-05,XLK,0.25
2013-03-06,GLD,0
2013-03-06,QQQ,0.25
2013-03-06,SPY,0.25
2013-03-06,VTI,0.25
2013-03-06,XLK,0.25
2013-03-07,GLD,0
2013-03-07,QQQ,0.25
2013-03-07,SPY,0.25
2013-03-07,VTI,0.25
2013-03-07,XLK,0.25
2013-03-08,GLD,0
2013-03-08,QQQ,0.25
2013-03-08,SPY,0.25
2013-03-08,VTI,0.25
2013-03-08,XLK,0.25
2013-03-11,GLD,0
2013-03-11,QQQ,0.25
2013-03-11,SPY,0.25
2013-03-11,VTI,0.25
2013-03-11,XLK,0.25
2013-03-12,GLD,0
2013-03-12,QQQ,0.25
2013-03-12,SPY,0.25
2013-03-12,VTI,0.25
2013-03-12,XLK,0.25
2013-03-13,GLD,0
2013-03-13,QQQ,0.25
2013-03-13,SPY,0.25
2013-03-13,VTI,0.25
2013-03-13,XLK,0.25
2013-03-14,GLD,0
2013-03-14,QQQ,0.25
2013-03-14,SPY,0.25
2013-03-14,VTI,0.25
2013-03-14,XLK,0.25
2013-03-15,GLD,0
2013-03-15,QQQ,0.25
2013-03-15,SPY,0.25
2013-03-15,VTI,0.25
2013-03-15,XLK,0.25
2013-03-18,GLD,0
2013-03-18,QQQ,0.25
2013-03-18,SPY,0.25
2013-03-18,VTI,0.25
2013-03-18,XLK,0.25
2013-03-19,GLD,0
2013-03-19,QQQ,0.25
2013-03-19,SPY,0.25
2013-03-19,VTI,0.25
2013-03-19,XLK,0.25
2013-03-20,GLD,0
2013-03-20,QQQ,0.25
2013-03-20,SPY,0.25
2013-03-20,VTI,0.25
2013-03-20,XLK,0.25
2013-03-21,GLD,0
2013-03-21,QQQ,0.25
2013-03-21,SPY,0.25
2013-03-21,VTI,0.25
2013-03-21,XLK,0.25
2013-03-22,GLD,0
2013-03-22,QQQ,0.25
2013-03-22,SPY,0.25
2013-03-22,VTI,0.25
2013-03-22,XLK,0.25
2013-03-25,GLD,0
2013-03-25,QQQ,0.25
2013-03-25,SPY,0.25
2013-03-25,VTI,0.25
2013-03-25,XLK,0.25
2013-03-26,GLD,0
2013-03-26,QQQ,0.25
2013-03-26,SPY,0.25
2013-03-26,VTI,0.25
2013-03-26,XLK,0.25
2013-03-27,GLD,0
2013-03-27,QQQ,0.25
2013-03-27,SPY,0.25
2013-03-27,VTI,0.25
2013-03-27,XLK,0.25
2013-03-28,GLD,0
2013-03-28,QQQ,0.25
2013-03-28,SPY,0.25
2013-03-28,VTI,0.25
2013-03-28,XLK,0.25
2013-04-01,GLD,0
2013-04-01,QQQ,0.25
2013-04-01,SPY,0.25
2013-04-01,VTI,0.25
2013-04-01,XLK,0.25
2013-04-02,GLD,0
2013-04-02,QQQ,0.25
2013-04-02,SPY,0.25
2013-04-02,VTI,0.25
2013-04-02,XLK,0.25
2013-04-03,GLD,0
2013-04-03,QQQ,0.25
2013-04-03,SPY,0.25
2013-04-03,VTI,0.25
2013-04-03,XLK,0.25
2013-04-04,GLD,0
2013-04-04,QQQ,0.25
2013-04-04,SPY,0.25
2013-04-04,VTI,0.25
2013-04-04,XLK,0.25
2013-04-05,GLD,0
2013-04-05,QQQ,0.25
2013-04-05,SPY,0.25
2013-04-05,VTI,0.25
2013-04-05,XLK,0.25
2013-04-08,GLD,0
2013-04-08,QQQ,0.25
2013-04-08,SPY,0.25
2013-04-08,VTI,0.25
2013-04-08,XLK,0.25
2013-04-09,GLD,0
2013-04-09,QQQ,0.25
2013-04-09,SPY,0.25
2013-04-09,VTI,0.25
2013-04-09,XLK,0.25
2013-04-10,GLD,0
2013-04-10,QQQ,0.25
2013-04-10,SPY,0.25
2013-04-10,VTI,0.25
2013-04-10,XLK,0.25
2013-04-11,GLD,0
2013-04-11,QQQ,0.25
2013-04-11,SPY,0.25
2013-04-11,VTI,0.25
2013-04-11,XLK,0.25
2013-04-12,GLD,0
2013-04-12,QQQ,0.25
2013-04-12,SPY,0.25
2013-04-12,VTI,0.25
2013-04-12,XLK,0.25
2013-04-15,GLD,0
2013-04-15,QQQ,0.25
2013-04-15,SPY,0.25
2013-04-15,VTI,0.25
2013-04-15,XLK,0.25
2013-04-16,GLD,0
2013-04-16,QQQ,0.25
2013-04-16,SPY,0.25
2013-04-16,VTI,0.25
2013-04-16,XLK,0.25
2013-04-17,GLD,0
2013-04-17,QQQ,0.25
2013-04-17,SPY,0.25
2013-04-17,VTI,0.25
2013-04-17,XLK,0.25
2013-04-18,GLD,0
2013-04-18,QQQ,0.25
2013-04-18,SPY,0.25
2013-04-18,VTI,0.25
2013-04-18,XLK,0.25
2013-04-19,GLD,0
2013-04-19,QQQ,0.25
2013-04-19,SPY,0.25
2013-04-19,VTI,0.25
2013-04-19,XLK,0.25
2013-04-22,GLD,0
2013-04-22,QQQ,0.25
2013-04-22,SPY,0.25
2013-04-22,VTI,0.25
2013-04-22,XLK,0.25
2013-04-23,GLD,0
2013-04-23,QQQ,0.25
2013-04-23,SPY,0.25
2013-04-23,VTI,0.25
2013-04-23,XLK,0.25
2013-04-24,GLD,0
2013-04-24,QQQ,0.25
2013-04-24,SPY,0.25
2013-04-24,VTI,0.25
2013-04-24,XLK,0.25
2013-04-25,GLD,0
2013-04-25,QQQ,0.25
2013-04-25,SPY,0.25
2013-04-25,VTI,0.25
2013-04-25,XLK,0.25
2013-04-26,GLD,0
2013-04-26,QQQ,0.25
2013-04-26,SPY,0.25
2013-04-26,VTI,0.25
2013-04-26,XLK,0.25
2013-04-29,GLD,0
2013-04-29,QQQ,0.25
2013-04-29,SPY,0.25
2013-04-29,VTI,0.25
2013-04-29,XLK,0.25
2013-04-30,GLD,0
2013-04-30,QQQ,0.25
2013-04-30,SPY,0.25
2013-04-30,VTI,0.25
2013-04-30,XLK,0.25
2013-05-01,GLD,0
2013-05-01,QQQ,0.25
2013-05-01,SPY,0.25
2013-05-01,VTI,0.25
2013-05-01,XLK,0.25
2013-05-02,GLD,0
2013-05-02,QQQ,0.25
2013-05-02,SPY,0.25
2013-05-02,VTI,0.25
2013-05-02,XLK,0.25
2013-05-03,GLD,0
2013-05-03,QQQ,0.25
2013-05-03,SPY,0.25
2013-05-03,VTI,0.25
2013-05-03,XLK,0.25
2013-05-06,GLD,0
2013-05-06,QQQ,0.25
2013-05-06,SPY,0.25
2013-05-06,VTI,0.25
2013-05-06,XLK,0.25
2013-05-07,GLD,0
2013-05-07,QQQ,0.25
2013-05-07,SPY,0.25
2013-05-07,VTI,0.25
2013-05-07,XLK,0.25
2013-05-08,GLD,0
2013-05-08,QQQ,0.25
2013-05-08,SPY,0.25
2013-05-08,VTI,0.25
2013-05-08,XLK,0.25
2013-05-09,GLD,0
2013-05-09,QQQ,0.25
2013-05-09,SPY,0.25
2013-05-09,VTI,0.25
2013-05-09,XLK,0.25
2013-05-10,GLD,0
2013-05-10,QQQ,0.25
2013-05-10,SPY,0.25
2013-05-10,VTI,0.25
2013-05-10,XLK,0.25
2013-05-13,GLD,0
2013-05-13,QQQ,0.25
2013-05-13,SPY,0.25
2013-05-13,VTI,0.25
2013-05-13,XLK,0.25
2013-05-14,GLD,0
2013-05-14,QQQ,0.25
2013-05-14,SPY,0.25
2013-05-14,VTI,0.25
2013-05-14,XLK,0.25
2013-05-15,GLD,0
2013-05-15,QQQ,0.25
2013-05-15,SPY,0.25
2013-05-15,VTI,0.25
2013-05-15,XLK,0.25
2013-05-16,GLD,0
2013-05-16,QQQ,0.25
2013-05-16,SPY,0.25
2013-05-16,VTI,0.25
2013-05-16,XLK,0.25
2013-05-17,GLD,0
2013-05-17,QQQ,0.25
2013-05-17,SPY,0.25
2013-05-17,VTI,0.25
2013-05-17,XLK,0.25
2013-05-20,GLD,0
2013-05-20,QQQ,0.25
2013-05-20,SPY,0.25
2013-05-20,VTI,0.25
2013-05-20,XLK,0.25
2013-05-21,GLD,0
2013-05-21,QQQ,0.25
2013-05-21,SPY,0.25
2013-05-21,VTI,0.25
2013-05-21,XLK,0.25
2013-05-22,GLD,0
2013-05-22,QQQ,0.25
2013-05-22,SPY,0.25
2013-05-22,VTI,0.25
2013-05-22,XLK,0.25
2013-05-23,GLD,0
2013-05-23,QQQ,0.25
2013-05-23,SPY,0.25
2013-05-23,VTI,0.25
2013-05-23,XLK,0.25
2013-05-24,GLD,0
2013-05-24,QQQ,0.25
2013-05-24,SPY,0.25
2013-05-24,VTI,0.25
2013-05-24,XLK,0.25
2013-05-28,GLD,0
2013-05-28,QQQ,0.25
2013-05-28,SPY,0.25
2013-05-28,VTI,0.25
2013-05-28,XLK,0.25
2013-05-29,GLD,0
2013-05-29,QQQ,0.25
2013-05-29,SPY,0.25
2013-05-29,VTI,0.25
2013-05-29,XLK,0.25
2013-05-30,GLD,0
2013-05-30,QQQ,0.25
2013-05-30,SPY,0.25
2013-05-30,VTI,0.25
2013-05-30,XLK,0.25
2013-05-31,GLD,0
2013-05-31,QQQ,0.25
2013-05-31,SPY,0.25
2013-05-31,VTI,0.25
2013-05-31,XLK,0.25
2013-06-03,GLD,0
2013-06-03,QQQ,0.25
2013-06-03,SPY,0.25
2013-06-03,VTI,0.25
2013-06-03,XLK,0.25
2013-06-04,GLD,0
2013-06-04,QQQ,0.25
2013-06-04,SPY,0.25
2013-06-04,VTI,0.25
2013-06-04,XLK,0.25
2013-06-05,GLD,0
2013-06-05,QQQ,0.25
2013-06-05,SPY,0.25
2013-06-05,VTI,0.25
2013-06-05,XLK,0.25
2013-06-06,GLD,0
2013-06-06,QQQ,0.25
2013-06-06,SPY,0.25
2013-06-06,VTI,0.25
2013-06-06,XLK,0.25
2013-06-07,GLD,0
2013-06-07,QQQ,0.25
2013-06-07,SPY,0.25
2013-06-07,VTI,0.25
2013-06-07,XLK,0.25
2013-06-10,GLD,0
2013-06-10,QQQ,0.25
2013-06-10,SPY,0.25
2013-06-10,VTI,0.25
2013-06-10,XLK,0.25
2013-06-11,GLD,0
2013-06-11,QQQ,0.25
2013-06-11,SPY,0.25
2013-06-11,VTI,0.25
2013-06-11,XLK,0.25
2013-06-12,GLD,0
2013-06-12,QQQ,0.25
2013-06-12,SPY,0.25
2013-06-12,VTI,0.25
2013-06-12,XLK,0.25
2013-06-13,GLD,0
2013-06-13,QQQ,0.25
2013-06-13,SPY,0.25
2013-06-13,VTI,0.25
2013-06-13,XLK,0.25
2013-06-14,GLD,0
2013-06-14,QQQ,0.25
2013-06-14,SPY,0.25
2013-06-14,VTI,0.25
2013-06-14,XLK,0.25
2013-06-17,GLD,0
2013-06-17,QQQ,0.25
2013-06-17,SPY,0.25
2013-06-17,VTI,0.25
2013-06-17,XLK,0.25
2013-06-18,GLD,0
2013-06-18,QQQ,0.25
2013-06-18,SPY,0.25
2013-06-18,VTI,0.25
2013-06-18,XLK,0.25
2013-06-19,GLD,0
2013-06-19,QQQ,0.25
2013-06-19,SPY,0.25
2013-06-19,VTI,0.25
2013-06-19,XLK,0.25
2013-06-20,GLD,0
2013-06-20,QQQ,0.25
2013-06-20,SPY,0.25
2013-06-20,VTI,0.25
2013-06-20,XLK,0.25
2013-06-21,GLD,0
2013-06-21,QQQ,0.25
2013-06-21,SPY,0.25
2013-06-21,VTI,0.25
2013-06-21,XLK,0.25
2013-06-24,GLD,0
2013-06-24,QQQ,0.25
2013-06-24,SPY,0.25
2013-06-24,VTI,0.25
2013-06-24,XLK,0.25
2013-06-25,GLD,0
2013-06-25,QQQ,0.25
2013-06-25,SPY,0.25
2013-06-25,VTI,0.25
2013-06-25,XLK,0.25
2013-06-26,GLD,0
2013-06-26,QQQ,0.25
2013-06-26,SPY,0.25
2013-06-26,VTI,0.25
2013-06-26,XLK,0.25
2013-06-27,GLD,0
2013-06-27,QQQ,0.25
2013-06-27,SPY,0.25
2013-06-27,VTI,0.25
2013-06-27,XLK,0.25
2013-06-28,GLD,0
2013-06-28,QQQ,0.25
2013-06-28,SPY,0.25
2013-06-28,VTI,0.25
2013-06-28,XLK,0.25
2013-07-01,GLD,0
2013-07-01,QQQ,0.25
2013-07-01,SPY,0.25
2013-07-01,VTI,0.25
2013-07-01,XLK,0.25
2013-07-02,GLD,0
2013-07-02,QQQ,0.25
2013-07-02,SPY,0.25
2013-07-02,VTI,0.25
2013-07-02,XLK,0.25
2013-07-03,GLD,0
2013-07-03,QQQ,0.25
2013-07-03,SPY,0.25
2013-07-03,VTI,0.25
2013-07-03,XLK,0.25
2013-07-05,GLD,0
2013-07-05,QQQ,0.25
2013-07-05,SPY,0.25
2013-07-05,VTI,0.25
2013-07-05,XLK,0.25
2013-07-08,GLD,0
2013-07-08,QQQ,0.25
2013-07-08,SPY,0.25
2013-07-08,VTI,0.25
2013-07-08,XLK,0.25
2013-07-09,GLD,0
2013-07-09,QQQ,0.25
2013-07-09,SPY,0.25
2013-07-09,VTI,0.25
2013-07-09,XLK,0.25
2013-07-10,GLD,0
2013-07-10,QQQ,0.25
2013-07-10,SPY,0.25
2013-07-10,VTI,0.25
2013-07-10,XLK,0.25
2013-07-11,GLD,0
2013-07-11,QQQ,0.25
2013-07-11,SPY,0.25
2013-07-11,VTI,0.25
2013-07-11,XLK,0.25
2013-07-12,GLD,0
2013-07-12,QQQ,0.25
2013-07-12,SPY,0.25
2013-07-12,VTI,0.25
2013-07-12,XLK,0.25
2013-07-15,GLD,0
2013-07-15,QQQ,0.25
2013-07-15,SPY,0.25
2013-07-15,VTI,0.25
2013-07-15,XLK,0.25
2013-07-16,GLD,0
2013-07-16,QQQ,0.25
2013-07-16,SPY,0.25
2013-07-16,VTI,0.25
2013-07-16,XLK,0.25
2013-07-17,GLD,0
2013-07-17,QQQ,0.25
2013-07-17,SPY,0.25
2013-07-17,VTI,0.25
2013-07-17,XLK,0.25
2013-07-18,GLD,0
2013-07-18,QQQ,0.25
2013-07-18,SPY,0.25
2013-07-18,VTI,0.25
2013-07-18,XLK,0.25
2013-07-19,GLD,0
2013-07-19,QQQ,0.25
2013-07-19,SPY,0.25
2013-07-19,VTI,0.25
2013-07-19,XLK,0.25
2013-07-22,GLD,0
2013-07-22,QQQ,0.25
2013-07-22,SPY,0.25
2013-07-22,VTI,0.25
2013-07-22,XLK,0.25
2013-07-23,GLD,0
2013-07-23,QQQ,0.25
2013-07-23,SPY,0.25
2013-07-23,VTI,0.25
2013-07-23,XLK,0.25
2013-07-24,GLD,0
2013-07-24,QQQ,0.25
2013-07-24,SPY,0.25
2013-07-24,VTI,0.25
2013-07-24,XLK,0.25
2013-07-25,GLD,0
2013-07-25,QQQ,0.25
2013-07-25,SPY,0.25
2013-07-25,VTI,0.25
2013-07-25,XLK,0.25
2013-07-26,GLD,0
2013-07-26,QQQ,0.25
2013-07-26,SPY,0.25
2013-07-26,VTI,0.25
2013-07-26,XLK,0.25
2013-07-29,GLD,0
2013-07-29,QQQ,0.25
2013-07-29,SPY,0.25
2013-07-29,VTI,0.25
2013-07-29,XLK,0.25
2013-07-30,GLD,0
2013-07-30,QQQ,0.25
2013-07-30,SPY,0.25
2013-07-30,VTI,0.25
2013-07-30,XLK,0.25
2013-07-31,GLD,0
2013-07-31,QQQ,0.25
2013-07-31,SPY,0.25
2013-07-31,VTI,0.25
2013-07-31,XLK,0.25
2013-08-01,GLD,0
2013-08-01,QQQ,0.25
2013-08-01,SPY,0.25
2013-08-01,VTI,0.25
2013-08-01,XLK,0.25
2013-08-02,GLD,0
2013-08-02,QQQ,0.25
2013-08-02,SPY,0.25
2013-08-02,VTI,0.25
2013-08-02,XLK,0.25
2013-08-05,GLD,0
2013-08-05,QQQ,0.25
2013-08-05,SPY,0.25
2013-08-05,VTI,0.25
2013-08-05,XLK,0.25
2013-08-06,GLD,0
2013-08-06,QQQ,0.25
2013-08-06,SPY,0.25
2013-08-06,VTI,0.25
2013-08-06,XLK,0.25
2013-08-07,GLD,0
2013-08-07,QQQ,0.25
2013-08-07,SPY,0.25
2013-08-07,VTI,0.25
2013-08-07,XLK,0.25
2013-08-08,GLD,0
2013-08-08,QQQ,0.25
2013-08-08,SPY,0.25
2013-08-08,VTI,0.25
2013-08-08,XLK,0.25
2013-08-09,GLD,0
2013-08-09,QQQ,0.25
2013-08-09,SPY,0.25
2013-08-09,VTI,0.25
2013-08-09,XLK,0.25
2013-08-12,GLD,0
2013-08-12,QQQ,0.25
2013-08-12,SPY,0.25
2013-08-12,VTI,0.25
2013-08-12,XLK,0.25
2013-08-13,GLD,0
2013-08-13,QQQ,0.25
2013-08-13,SPY,0.25
2013-08-13,VTI,0.25
2013-08-13,XLK,0.25
2013-08-14,GLD,0
2013-08-14,QQQ,0.25
2013-08-14,SPY,0.25
2013-08-14,VTI,0.25
2013-08-14,XLK,0.25
2013-08-15,GLD,0
2013-08-15,QQQ,0.25
2013-08-15,SPY,0.25
2013-08-15,VTI,0.25
2013-08-15,XLK,0.25
2013-08-16,GLD,0
2013-08-16,QQQ,0.25
2013-08-16,SPY,0.25
2013-08-16,VTI,0.25
2013-08-16,XLK,0.25
2013-08-19,GLD,0
2013-08-19,QQQ,0.25
2013-08-19,SPY,0.25
2013-08-19,VTI,0.25
2013-08-19,XLK,0.25
2013-08-20,GLD,0
2013-08-20,QQQ,0.25
2013-08-20,SPY,0.25
2013-08-20,VTI,0.25
2013-08-20,XLK,0.25
2013-08-21,GLD,0
2013-08-21,QQQ,0.25
2013-08-21,SPY,0.25
2013-08-21,VTI,0.25
2013-08-21,XLK,0.25
2013-08-22,GLD,0
2013-08-22,QQQ,0.25
2013-08-22,SPY,0.25
2013-08-22,VTI,0.25
2013-08-22,XLK,0.25
2013-08-23,GLD,0
2013-08-23,QQQ,0.25
2013-08-23,SPY,0.25
2013-08-23,VTI,0.25
2013-08-23,XLK,0.25
2013-08-26,GLD,0
2013-08-26,QQQ,0.25
2013-08-26,SPY,0.25
2013-08-26,VTI,0.25
2013-08-26,XLK,0.25
2013-08-27,GLD,0
2013-08-27,QQQ,0.25
2013-08-27,SPY,0.25
2013-08-27,VTI,0.25
2013-08-27,XLK,0.25
2013-08-28,GLD,0
2013-08-28,QQQ,0.25
2013-08-28,SPY,0.25
2013-08-28,VTI,0.25
2013-08-28,XLK,0.25
2013-08-29,GLD,0
2013-08-29,QQQ,0.25
2013-08-29,SPY,0.25
2013-08-29,VTI,0.25
2013-08-29,XLK,0.25
2013-08-30,GLD,0
2013-08-30,QQQ,0.25
2013-08-30,SPY,0.25
2013-08-30,VTI,0.25
2013-08-30,XLK,0.25
2013-09-03,GLD,0
2013-09-03,QQQ,0.25
2013-09-03,SPY,0.25
2013-09-03,VTI,0.25
2013-09-03,XLK,0.25
2013-09-04,GLD,0
2013-09-04,QQQ,0.25
2013-09-04,SPY,0.25
2013-09-04,VTI,0.25
2013-09-04,XLK,0.25
2013-09-05,GLD,0
2013-09-05,QQQ,0.25
2013-09-05,SPY,0.25
2013-09-05,VTI,0.25
2013-09-05,XLK,0.25
2013-09-06,GLD,0
2013-09-06,QQQ,0.25
2013-09-06,SPY,0.25
2013-09-06,VTI,0.25
2013-09-06,XLK,0.25
2013-09-09,GLD,0
2013-09-09,QQQ,0.25
2013-09-09,SPY,0.25
2013-09-09,VTI,0.25
2013-09-09,XLK,0.25
2013-09-10,GLD,0
2013-09-10,QQQ,0.25
2013-09-10,SPY,0.25
2013-09-10,VTI,0.25
2013-09-10,XLK,0.25
2013-09-11,GLD,0
2013-09-11,QQQ,0.25
2013-09-11,SPY,0.25
2013-09-11,VTI,0.25
2013-09-11,XLK,0.25
2013-09-12,GLD,0
2013-09-12,QQQ,0.25
2013-09-12,SPY,0.25
2013-09-12,VTI,0.25
2013-09-12,XLK,0.25
2013-09-13,GLD,0
2013-09-13,QQQ,0.25
2013-09-13,SPY,0.25
2013-09-13,VTI,0.25
2013-09-13,XLK,0.25
2013-09-16,GLD,0
2013-09-16,QQQ,0.25
2013-09-16,SPY,0.25
2013-09-16,VTI,0.25
2013-09-16,XLK,0.25
2013-09-17,GLD,0
2013-09-17,QQQ,0.25
2013-09-17,SPY,0.25
2013-09-17,VTI,0.25
2013-09-17,XLK,0.25
2013-09-18,GLD,0
2013-09-18,QQQ,0.25
2013-09-18,SPY,0.25
2013-09-18,VTI,0.25
2013-09-18,XLK,0.25
2013-09-19,GLD,0
2013-09-19,QQQ,0.25
2013-09-19,SPY,0.25
2013-09-19,VTI,0.25
2013-09-19,XLK,0.25
2013-09-20,GLD,0
2013-09-20,QQQ,0.25
2013-09-20,SPY,0.25
2013-09-20,VTI,0.25
2013-09-20,XLK,0.25
2013-09-23,GLD,0
2013-09-23,QQQ,0.25
2013-09-23,SPY,0.25
2013-09-23,VTI,0.25
2013-09-23,XLK,0.25
2013-09-24,GLD,0
2013-09-24,QQQ,0.25
2013-09-24,SPY,0.25
2013-09-24,VTI,0.25
2013-09-24,XLK,0.25
2013-09-25,GLD,0
2013-09-25,QQQ,0.25
2013-09-25,SPY,0.25
2013-09-25,VTI,0.25
2013-09-25,XLK,0.25
2013-09-26,GLD,0
2013-09-26,QQQ,0.25
2013-09-26,SPY,0.25
2013-09-26,VTI,0.25
2013-09-26,XLK,0.25
2013-09-27,GLD,0
2013-09-27,QQQ,0.25
2013-09-27,SPY,0.25
2013-09-27,VTI,0.25
2013-09-27,XLK,0.25
2013-09-30,GLD,0
2013-09-30,QQQ,0.25
2013-09-30,SPY,0.25
2013-09-30,VTI,0.25
2013-09-30,XLK,0.25
2013-10-01,GLD,0
2013-10-01,QQQ,0.25
2013-10-01,SPY,0.25
2013-10-01,VTI,0.25
2013-10-01,XLK,0.25
2013-10-02,GLD,0
2013-10-02,QQQ,0.25
2013-10-02,SPY,0.25
2013-10-02,VTI,0.25
2013-10-02,XLK,0.25
2013-10-03,GLD,0
2013-10-03,QQQ,0.25
2013-10-03,SPY,0.25
2013-10-03,VTI,0.25
2013-10-03,XLK,0.25
2013-10-04,GLD,0
2013-10-04,QQQ,0.25
2013-10-04,SPY,0.25
2013-10-04,VTI,0.25
2013-10-04,XLK,0.25
2013-10-07,GLD,0
2013-10-07,QQQ,0.25
2013-10-07,SPY,0.25
2013-10-07,VTI,0.25
2013-10-07,XLK,0.25
2013-10-08,GLD,0
2013-10-08,QQQ,0.25
2013-10-08,SPY,0.25
2013-10-08,VTI,0.25
2013-10-08,XLK,0.25
2013-10-09,GLD,0
2013-10-09,QQQ,0.25
2013-10-09,SPY,0.25
2013-10-09,VTI,0.25
2013-10-09,XLK,0.25
2013-10-10,GLD,0
2013-10-10,QQQ,0.25
2013-10-10,SPY,0.25
2013-10-10,VTI,0.25
2013-10-10,XLK,0.25
2013-10-11,GLD,0
2013-10-11,QQQ,0.25
2013-10-11,SPY,0.25
2013-10-11,VTI,0.25
2013-10-11,XLK,0.25
2013-10-14,GLD,0
2013-10-14,QQQ,0.25
2013-10-14,SPY,0.25
2013-10-14,VTI,0.25
2013-10-14,XLK,0.25
2013-10-15,GLD,0
2013-10-15,QQQ,0.25
2013-10-15,SPY,0.25
2013-10-15,VTI,0.25
2013-10-15,XLK,0.25
2013-10-16,GLD,0
2013-10-16,QQQ,0.25
2013-10-16,SPY,0.25
2013-10-16,VTI,0.25
2013-10-16,XLK,0.25
2013-10-17,GLD,0
2013-10-17,QQQ,0.25
2013-10-17,SPY,0.25
2013-10-17,VTI,0.25
2013-10-17,XLK,0.25
2013-10-18,GLD,0
2013-10-18,QQQ,0.25
2013-10-18,SPY,0.25
2013-10-18,VTI,0.25
2013-10-18,XLK,0.25
2013-10-21,GLD,0
2013-10-21,QQQ,0.25
2013-10-21,SPY,0.25
2013-10-21,VTI,0.25
2013-10-21,XLK,0.25
2013-10-22,GLD,0
2013-10-22,QQQ,0.25
2013-10-22,SPY,0.25
2013-10-22,VTI,0.25
2013-10-22,XLK,0.25
2013-10-23,GLD,0
2013-10-23,QQQ,0.25
2013-10-23,SPY,0.25
2013-10-23,VTI,0.25
2013-10-23,XLK,0.25
2013-10-24,GLD,0
2013-10-24,QQQ,0.25
2013-10-24,SPY,0.25
2013-10-24,VTI,0.25
2013-10-24,XLK,0.25
2013-10-25,GLD,0
2013-10-25,QQQ,0.25
2013-10-25,SPY,0.25
2013-10-25,VTI,0.25
2013-10-25,XLK,0.25
2013-10-28,GLD,0
2013-10-28,QQQ,0.25
2013-10-28,SPY,0.25
2013-10-28,VTI,0.25
2013-10-28,XLK,0.25
2013-10-29,GLD,0
2013-10-29,QQQ,0.25
2013-10-29,SPY,0.25
2013-10-29,VTI,0.25
2013-10-29,XLK,0.25
2013-10-30,GLD,0
2013-10-30,QQQ,0.25
2013-10-30,SPY,0.25
2013-10-30,VTI,0.25
2013-10-30,XLK,0.25
2013-10-31,GLD,0
2013-10-31,QQQ,0.25
2013-10-31,SPY,0.25
2013-10-31,VTI,0.25
2013-10-31,XLK,0.25
2013-11-01,GLD,0
2013-11-01,QQQ,0.25
2013-11-01,SPY,0.25
2013-11-01,VTI,0.25
2013-11-01,XLK,0.25
2013-11-04,GLD,0
2013-11-04,QQQ,0.25
2013-11-04,SPY,0.25
2013-11-04,VTI,0.25
2013-11-04,XLK,0.25
2013-11-05,GLD,0
2013-11-05,QQQ,0.25
2013-11-05,SPY,0.25
2013-11-05,VTI,0.25
2013-11-05,XLK,0.25
2013-11-06,GLD,0
2013-11-06,QQQ,0.25
2013-11-06,SPY,0.25
2013-11-06,VTI,0.25
2013-11-06,XLK,0.25
2013-11-07,GLD,0
2013-11-07,QQQ,0.25
2013-11-07,SPY,0.25
2013-11-07,VTI,0.25
2013-11-07,XLK,0.25
2013-11-08,GLD,0
2013-11-08,QQQ,0.25
2013-11-08,SPY,0.25
2013-11-08,VTI,0.25
2013-11-08,XLK,0.25
2013-11-11,GLD,0
2013-11-11,QQQ,0.25
2013-11-11,SPY,0.25
2013-11-11,VTI,0.25
2013-11-11,XLK,0.25
2013-11-12,GLD,0
2013-11-12,QQQ,0.25
2013-11-12,SPY,0.25
2013-11-12,VTI,0.25
2013-11-12,XLK,0.25
2013-11-13,GLD,0
2013-11-13,QQQ,0.25
2013-11-13,SPY,0.25
2013-11-13,VTI,0.25
2013-11-13,XLK,0.25
2013-11-14,GLD,0
2013-11-14,QQQ,0.25
2013-11-14,SPY,0.25
2013-11-14,VTI,0.25
2013-11-14,XLK,0.25
2013-11-15,GLD,0
2013-11-15,QQQ,0.25
2013-11-15,SPY,0.25
2013-11-15,VTI,0.25
2013-11-15,XLK,0.25
2013-11-18,GLD,0
2013-11-18,QQQ,0.25
2013-11-18,SPY,0.25
2013-11-18,VTI,0.25
2013-11-18,XLK,0.25
2013-11-19,GLD,0
2013-11-19,QQQ,0.25
2013-11-19,SPY,0.25
2013-11-19,VTI,0.25
2013-11-19,XLK,0.25
2013-11-20,GLD,0
2013-11-20,QQQ,0.25
2013-11-20,SPY,0.25
2013-11-20,VTI,0.25
2013-11-20,XLK,0.25
2013-11-21,GLD,0
2013-11-21,QQQ,0.25
2013-11-21,SPY,0.25
2013-11-21,VTI,0.25
2013-11-21,XLK,0.25
2013-11-22,GLD,0
2013-11-22,QQQ,0.25
2013-11-22,SPY,0.25
2013-11-22,VTI,0.25
2013-11-22,XLK,0.25
2013-11-25,GLD,0
2013-11-25,QQQ,0.25
2013-11-25,SPY,0.25
2013-11-25,VTI,0.25
2013-11-25,XLK,0.25
2013-11-26,GLD,0
2013-11-26,QQQ,0.25
2013-11-26,SPY,0.25
2013-11-26,VTI,0.25
2013-11-26,XLK,0.25
2013-11-27,GLD,0
2013-11-27,QQQ,0.25
2013-11-27,SPY,0.25
2013-11-27,VTI,0.25
2013-11-27,XLK,0.25
2013-11-29,GLD,0
2013-11-29,QQQ,0.25
2013-11-29,SPY,0.25
2013-11-29,VTI,0.25
2013-11-29,XLK,0.25
2013-12-02,GLD,0
2013-12-02,QQQ,0.25
2013-12-02,SPY,0.25
2013-12-02,VTI,0.25
2013-12-02,XLK,0.25
2013-12-03,GLD,0
2013-12-03,QQQ,0.25
2013-12-03,SPY,0.25
2013-12-03,VTI,0.25
2013-12-03,XLK,0.25
2013-12-04,GLD,0
2013-12-04,QQQ,0.25
2013-12-04,SPY,0.25
2013-12-04,VTI,0.25
2013-12-04,XLK,0.25
2013-12-05,GLD,0
2013-12-05,QQQ,0.25
2013-12-05,SPY,0.25
2013-12-05,VTI,0.25
2013-12-05,XLK,0.25
2013-12-06,GLD,0
2013-12-06,QQQ,0.25
2013-12-06,SPY,0.25
2013-12-06,VTI,0.25
2013-12-06,XLK,0.25
2013-12-09,GLD,0
2013-12-09,QQQ,0.25
2013-12-09,SPY,0.25
2013-12-09,VTI,0.25
2013-12-09,XLK,0.25
2013-12-10,GLD,0
2013-12-10,QQQ,0.25
2013-12-10,SPY,0.25
2013-12-10,VTI,0.25
2013-12-10,XLK,0.25
2013-12-11,GLD,0
2013-12-11,QQQ,0.25
2013-12-11,SPY,0.25
2013-12-11,VTI,0.25
2013-12-11,XLK,0.25
2013-12-12,GLD,0
2013-12-12,QQQ,0.25
2013-12-12,SPY,0.25
2013-12-12,VTI,0.25
2013-12-12,XLK,0.25
2013-12-13,GLD,0
2013-12-13,QQQ,0.25
2013-12-13,SPY,0.25
2013-12-13,VTI,0.25
2013-12-13,XLK,0.25
2013-12-16,GLD,0
2013-12-16,QQQ,0.25
2013-12-16,SPY,0.25
2013-12-16,VTI,0.25
2013-12-16,XLK,0.25
2013-12-17,GLD,0
2013-12-17,QQQ,0.25
2013-12-17,SPY,0.25
2013-12-17,VTI,0.25
2013-12-17,XLK,0.25
2013-12-18,GLD,0
2013-12-18,QQQ,0.25
2013-12-18,SPY,0.25
2013-12-18,VTI,0.25
2013-12-18,XLK,0.25
2013-12-19,GLD,0
2013-12-19,QQQ,0.25
2013-12-19,SPY,0.25
2013-12-19,VTI,0.25
2013-12-19,XLK,0.25
2013-12-20,GLD,0
2013-12-20,QQQ,0.25
2013-12-20,SPY,0.25
2013-12-20,VTI,0.25
2013-12-20,XLK,0.25
2013-12-23,GLD,0
2013-12-23,QQQ,0.25
2013-12-23,SPY,0.25
2013-12-23,VTI,0.25
2013-12-23,XLK,0.25
2013-12-24,GLD,0
2013-12-24,QQQ,0.25
2013-12-24,SPY,0.25
2013-12-24,VTI,0.25
2013-12-24,XLK,0.25
2013-12-26,GLD,0
2013-12-26,QQQ,0.25
2013-12-26,SPY,0.25
2013-12-26,VTI,0.25
2013-12-26,XLK,0.25
2013-12-27,GLD,0
2013-12-27,QQQ,0.25
2013-12-27,SPY,0.25
2013-12-27,VTI,0.25
2013-12-27,XLK,0.25
2013-12-30,GLD,0
2013-12-30,QQQ,0.25
2013-12-30,SPY,0.25
2013-12-30,VTI,0.25
2013-12-30,XLK,0.25
2013-12-31,GLD,0
2013-12-31,QQQ,0.25
2013-12-31,SPY,0.25
2013-12-31,VTI,0.25
2013-12-31,XLK,0.25
2014-01-02,GLD,0
2014-01-02,QQQ,0.25
2014-01-02,SPY,0.25
2014-01-02,VTI,0.25
2014-01-02,XLK,0.25
2014-01-03,GLD,0
2014-01-03,QQQ,0.25
2014-01-03,SPY,0.25
2014-01-03,VTI,0.25
2014-01-03,XLK,0.25
2014-01-06,GLD,0
2014-01-06,QQQ,0.25
2014-01-06,SPY,0.25
2014-01-06,VTI,0.25
2014-01-06,XLK,0.25
2014-01-07,GLD,0
2014-01-07,QQQ,0.25
2014-01-07,SPY,0.25
2014-01-07,VTI,0.25
2014-01-07,XLK,0.25
2014-01-08,GLD,0
2014-01-08,QQQ,0.25
2014-01-08,SPY,0.25
2014-01-08,VTI,0.25
2014-01-08,XLK,0.25
2014-01-09,GLD,0
2014-01-09,QQQ,0.25
2014-01-09,SPY,0.25
2014-01-09,VTI,0.25
2014-01-09,XLK,0.25
2014-01-10,GLD,0
2014-01-10,QQQ,0.25
2014-01-10,SPY,0.25
2014-01-10,VTI,0.25
2014-01-10,XLK,0.25
2014-01-13,GLD,0
2014-01-13,QQQ,0.25
2014-01-13,SPY,0.25
2014-01-13,VTI,0.25
2014-01-13,XLK,0.25
2014-01-14,GLD,0
2014-01-14,QQQ,0.25
2014-01-14,SPY,0.25
2014-01-14,VTI,0.25
2014-01-14,XLK,0.25
2014-01-15,GLD,0
2014-01-15,QQQ,0.25
2014-01-15,SPY,0.25
2014-01-15,VTI,0.25
2014-01-15,XLK,0.25
2014-01-16,GLD,0
2014-01-16,QQQ,0.25
2014-01-16,SPY,0.25
2014-01-16,VTI,0.25
2014-01-16,XLK,0.25
2014-01-17,GLD,0
2014-01-17,QQQ,0.25
2014-01-17,SPY,0.25
2014-01-17,VTI,0.25
2014-01-17,XLK,0.25
2014-01-21,GLD,0
2014-01-21,QQQ,0.25
2014-01-21,SPY,0.25
2014-01-21,VTI,0.25
2014-01-21,XLK,0.25
2014-01-22,GLD,0
2014-01-22,QQQ,0.25
2014-01-22,SPY,0.25
2014-01-22,VTI,0.25
2014-01-22,XLK,0.25
2014-01-23,GLD,0
2014-01-23,QQQ,0.25
2014-01-23,SPY,0.25
2014-01-23,VTI,0.25
2014-01-23,XLK,0.25
2014-01-24,GLD,0
2014-01-24,QQQ,0.25
2014-01-24,SPY,0.25
2014-01-24,VTI,0.25
2014-01-24,XLK,0.25
2014-01-27,GLD,0
2014-01-27,QQQ,0.25
2014-01-27,SPY,0.25
2014-01-27,VTI,0.25
2014-01-27,XLK,0.25
2014-01-28,GLD,0
2014-01-28,QQQ,0.25
2014-01-28,SPY,0.25
2014-01-28,VTI,0.25
2014-01-28,XLK,0.25
2014-01-29,GLD,0
2014-01-29,QQQ,0.25
2014-01-29,SPY,0.25
2014-01-29,VTI,0.25
2014-01-29,XLK,0.25
2014-01-30,GLD,0
2014-01-30,QQQ,0.25
2014-01-30,SPY,0.25
2014-01-30,VTI,0.25
2014-01-30,XLK,0.25
2014-01-31,GLD,0
2014-01-31,QQQ,0.25
2014-01-31,SPY,0.25
2014-01-31,VTI,0.25
2014-01-31,XLK,0.25
2014-02-03,GLD,0
2014-02-03,QQQ,0.25
2014-02-03,SPY,0.25
2014-02-03,VTI,0.25
2014-02-03,XLK,0.25
2014-02-04,GLD,0
2014-02-04,QQQ,0.25
2014-02-04,SPY,0.25
2014-02-04,VTI,0.25
2014-02-04,XLK,0.25
2014-02-05,GLD,0
2014-02-05,QQQ,0.25
2014-02-05,SPY,0.25
2014-02-05,VTI,0.25
2014-02-05,XLK,0.25
2014-02-06,GLD,0
2014-02-06,QQQ,0.25
2014-02-06,SPY,0.25
2014-02-06,VTI,0.25
2014-02-06,XLK,0.25
2014-02-07,GLD,0
2014-02-07,QQQ,0.25
2014-02-07,SPY,0.25
2014-02-07,VTI,0.25
2014-02-07,XLK,0.25
2014-02-10,GLD,0
2014-02-10,QQQ,0.25
2014-02-10,SPY,0.25
2014-02-10,VTI,0.25
2014-02-10,XLK,0.25
2014-02-11,GLD,0
2014-02-11,QQQ,0.25
2014-02-11,SPY,0.25
2014-02-11,VTI,0.25
2014-02-11,XLK,0.25
2014-02-12,GLD,0
2014-02-12,QQQ,0.25
2014-02-12,SPY,0.25
2014-02-12,VTI,0.25
2014-02-12,XLK,0.25
2014-02-13,GLD,0
2014-02-13,QQQ,0.25
2014-02-13,SPY,0.25
2014-02-13,VTI,0.25
2014-02-13,XLK,0.25
2014-02-14,GLD,0
2014-02-14,QQQ,0.25
2014-02-14,SPY,0.25
2014-02-14,VTI,0.25
2014-02-14,XLK,0.25
2014-02-18,GLD,0
2014-02-18,QQQ,0.25
2014-02-18,SPY,0.25
2014-02-18,VTI,0.25
2014-02-18,XLK,0.25
2014-02-19,GLD,0
2014-02-19,QQQ,0.25
2014-02-19,SPY,0.25
2014-02-19,VTI,0.25
2014-02-19,XLK,0.25
2014-02-20,GLD,0
2014-02-20,QQQ,0.25
2014-02-20,SPY,0.25
2014-02-20,VTI,0.25
2014-02-20,XLK,0.25
2014-02-21,GLD,0
2014-02-21,QQQ,0.25
2014-02-21,SPY,0.25
2014-02-21,VTI,0.25
2014-02-21,XLK,0.25
2014-02-24,GLD,0
2014-02-24,QQQ,0.25
2014-02-24,SPY,0.25
2014-02-24,VTI,0.25
2014-02-24,XLK,0.25
2014-02-25,GLD,0
2014-02-25,QQQ,0.25
2014-02-25,SPY,0.25
2014-02-25,VTI,0.25
2014-02-25,XLK,0.25
2014-02-26,GLD,0
2014-02-26,QQQ,0.25
2014-02-26,SPY,0.25
2014-02-26,VTI,0.25
2014-02-26,XLK,0.25
2014-02-27,GLD,0
2014-02-27,QQQ,0.25
2014-02-27,SPY,0.25
2014-02-27,VTI,0.25
2014-02-27,XLK,0.25
2014-02-28,GLD,0
2014-02-28,QQQ,0.25
2014-02-28,SPY,0.25
2014-02-28,VTI,0.25
2014-02-28,XLK,0.25
2014-03-03,GLD,0
2014-03-03,QQQ,0.25
2014-03-03,SPY,0.25
2014-03-03,VTI,0.25
2014-03-03,XLK,0.25
2014-03-04,GLD,0
2014-03-04,QQQ,0.25
2014-03-04,SPY,0.25
2014-03-04,VTI,0.25
2014-03-04,XLK,0.25
2014-03-05,GLD,0
2014-03-05,QQQ,0.25
2014-03-05,SPY,0.25
2014-03-05,VTI,0.25
2014-03-05,XLK,0.25
2014-03-06,GLD,0
2014-03-06,QQQ,0.25
2014-03-06,SPY,0.25
2014-03-06,VTI,0.25
2014-03-06,XLK,0.25
2014-03-07,GLD,0
2014-03-07,QQQ,0.25
2014-03-07,SPY,0.25
2014-03-07,VTI,0.25
2014-03-07,XLK,0.25
2014-03-10,GLD,0
2014-03-10,QQQ,0.25
2014-03-10,SPY,0.25
2014-03-10,VTI,0.25
2014-03-10,XLK,0.25
2014-03-11,GLD,0
2014-03-11,QQQ,0.25
2014-03-11,SPY,0.25
2014-03-11,VTI,0.25
2014-03-11,XLK,0.25
2014-03-12,GLD,0
2014-03-12,QQQ,0.25
2014-03-12,SPY,0.25
2014-03-12,VTI,0.25
2014-03-12,XLK,0.25
2014-03-13,GLD,0
2014-03-13,QQQ,0.25
2014-03-13,SPY,0.25
2014-03-13,VTI,0.25
2014-03-13,XLK,0.25
2014-03-14,GLD,0
2014-03-14,QQQ,0.25
2014-03-14,SPY,0.25
2014-03-14,VTI,0.25
2014-03-14,XLK,0.25
2014-03-17,GLD,0
2014-03-17,QQQ,0.25
2014-03-17,SPY,0.25
2014-03-17,VTI,0.25
2014-03-17,XLK,0.25
2014-03-18,GLD,0
2014-03-18,QQQ,0.25
2014-03-18,SPY,0.25
2014-03-18,VTI,0.25
2014-03-18,XLK,0.25
2014-03-19,GLD,0
2014-03-19,QQQ,0.25
2014-03-19,SPY,0.25
2014-03-19,VTI,0.25
2014-03-19,XLK,0.25
2014-03-20,GLD,0
2014-03-20,QQQ,0.25
2014-03-20,SPY,0.25
2014-03-20,VTI,0.25
2014-03-20,XLK,0.25
2014-03-21,GLD,0
2014-03-21,QQQ,0.25
2014-03-21,SPY,0.25
2014-03-21,VTI,0.25
2014-03-21,XLK,0.25
2014-03-24,GLD,0
2014-03-24,QQQ,0.25
2014-03-24,SPY,0.25
2014-03-24,VTI,0.25
2014-03-24,XLK,0.25
2014-03-25,GLD,0
2014-03-25,QQQ,0.25
2014-03-25,SPY,0.25
2014-03-25,VTI,0.25
2014-03-25,XLK,0.25
2014-03-26,GLD,0
2014-03-26,QQQ,0.25
2014-03-26,SPY,0.25
2014-03-26,VTI,0.25
2014-03-26,XLK,0.25
2014-03-27,GLD,0
2014-03-27,QQQ,0.25
2014-03-27,SPY,0.25
2014-03-27,VTI,0.25
2014-03-27,XLK,0.25
2014-03-28,GLD,0
2014-03-28,QQQ,0.25
2014-03-28,SPY,0.25
2014-03-28,VTI,0.25
2014-03-28,XLK,0.25
2014-03-31,GLD,0
2014-03-31,QQQ,0.25
2014-03-31,SPY,0.25
2014-03-31,VTI,0.25
2014-03-31,XLK,0.25
2014-04-01,GLD,0
2014-04-01,QQQ,0.25
2014-04-01,SPY,0.25
2014-04-01,VTI,0.25
2014-04-01,XLK,0.25
2014-04-02,GLD,0
2014-04-02,QQQ,0.25
2014-04-02,SPY,0.25
2014-04-02,VTI,0.25
2014-04-02,XLK,0.25
2014-04-03,GLD,0
2014-04-03,QQQ,0.25
2014-04-03,SPY,0.25
2014-04-03,VTI,0.25
2014-04-03,XLK,0.25
2014-04-04,GLD,0
2014-04-04,QQQ,0.25
2014-04-04,SPY,0.25
2014-04-04,VTI,0.25
2014-04-04,XLK,0.25
2014-04-07,GLD,0
2014-04-07,QQQ,0.25
2014-04-07,SPY,0.25
2014-04-07,VTI,0.25
2014-04-07,XLK,0.25
2014-04-08,GLD,0
2014-04-08,QQQ,0.25
2014-04-08,SPY,0.25
2014-04-08,VTI,0.25
2014-04-08,XLK,0.25
2014-04-09,GLD,0
2014-04-09,QQQ,0.25
2014-04-09,SPY,0.25
2014-04-09,VTI,0.25
2014-04-09,XLK,0.25
2014-04-10,GLD,0
2014-04-10,QQQ,0.25
2014-04-10,SPY,0.25
2014-04-10,VTI,0.25
2014-04-10,XLK,0.25
2014-04-11,GLD,0
2014-04-11,QQQ,0.25
2014-04-11,SPY,0.25
2014-04-11,VTI,0.25
2014-04-11,XLK,0.25
2014-04-14,GLD,0
2014-04-14,QQQ,0.25
2014-04-14,SPY,0.25
2014-04-14,VTI,0.25
2014-04-14,XLK,0.25
2014-04-15,GLD,0
2014-04-15,QQQ,0.25
2014-04-15,SPY,0.25
2014-04-15,VTI,0.25
2014-04-15,XLK,0.25
2014-04-16,GLD,0
2014-04-16,QQQ,0.25
2014-04-16,SPY,0.25
2014-04-16,VTI,0.25
2014-04-16,XLK,0.25
2014-04-17,GLD,0
2014-04-17,QQQ,0.25
2014-04-17,SPY,0.25
2014-04-17,VTI,0.25
2014-04-17,XLK,0.25
2014-04-21,GLD,0
2014-04-21,QQQ,0.25
2014-04-21,SPY,0.25
2014-04-21,VTI,0.25
2014-04-21,XLK,0.25
2014-04-22,GLD,0
2014-04-22,QQQ,0.25
2014-04-22,SPY,0.25
2014-04-22,VTI,0.25
2014-04-22,XLK,0.25
2014-04-23,GLD,0
2014-04-23,QQQ,0.25
2014-04-23,SPY,0.25
2014-04-23,VTI,0.25
2014-04-23,XLK,0.25
2014-04-24,GLD,0
2014-04-24,QQQ,0.25
2014-04-24,SPY,0.25
2014-04-24,VTI,0.25
2014-04-24,XLK,0.25
2014-04-25,GLD,0
2014-04-25,QQQ,0.25
2014-04-25,SPY,0.25
2014-04-25,VTI,0.25
2014-04-25,XLK,0.25
2014-04-28,GLD,0
2014-04-28,QQQ,0.25
2014-04-28,SPY,0.25
2014-04-28,VTI,0.25
2014-04-28,XLK,0.25
2014-04-29,GLD,0
2014-04-29,QQQ,0.25
2014-04-29,SPY,0.25
2014-04-29,VTI,0.25
2014-04-29,XLK,0.25
2014-04-30,GLD,0
2014-04-30,QQQ,0.25
2014-04-30,SPY,0.25
2014-04-30,VTI,0.25
2014-04-30,XLK,0.25
2014-05-01,GLD,0
2014-05-01,QQQ,0.25
2014-05-01,SPY,0.25
2014-05-01,VTI,0.25
2014-05-01,XLK,0.25
2014-05-02,GLD,0
2014-05-02,QQQ,0.25
2014-05-02,SPY,0.25
2014-05-02,VTI,0.25
2014-05-02,XLK,0.25
2014-05-05,GLD,0
2014-05-05,QQQ,0.25
2014-05-05,SPY,0.25
2014-05-05,VTI,0.25
2014-05-05,XLK,0.25
2014-05-06,GLD,0
2014-05-06,QQQ,0.25
2014-05-06,SPY,0.25
2014-05-06,VTI,0.25
2014-05-06,XLK,0.25
2014-05-07,GLD,0
2014-05-07,QQQ,0.25
2014-05-07,SPY,0.25
2014-05-07,VTI,0.25
2014-05-07,XLK,0.25
2014-05-08,GLD,0
2014-05-08,QQQ,0.25
2014-05-08,SPY,0.25
2014-05-08,VTI,0.25
2014-05-08,XLK,0.25
2014-05-09,GLD,0
2014-05-09,QQQ,0.25
2014-05-09,SPY,0.25
2014-05-09,VTI,0.25
2014-05-09,XLK,0.25
2014-05-12,GLD,0
2014-05-12,QQQ,0.25
2014-05-12,SPY,0.25
2014-05-12,VTI,0.25
2014-05-12,XLK,0.25
2014-05-13,GLD,0
2014-05-13,QQQ,0.25
2014-05-13,SPY,0.25
2014-05-13,VTI,0.25
2014-05-13,XLK,0.25
2014-05-14,GLD,0
2014-05-14,QQQ,0.25
2014-05-14,SPY,0.25
2014-05-14,VTI,0.25
2014-05-14,XLK,0.25
2014-05-15,GLD,0
2014-05-15,QQQ,0.25
2014-05-15,SPY,0.25
2014-05-15,VTI,0.25
2014-05-15,XLK,0.25
2014-05-16,GLD,0
2014-05-16,QQQ,0.25
2014-05-16,SPY,0.25
2014-05-16,VTI,0.25
2014-05-16,XLK,0.25
2014-05-19,GLD,0
2014-05-19,QQQ,0.25
2014-05-19,SPY,0.25
2014-05-19,VTI,0.25
2014-05-19,XLK,0.25
2014-05-20,GLD,0
2014-05-20,QQQ,0.25
2014-05-20,SPY,0.25
2014-05-20,VTI,0.25
2014-05-20,XLK,0.25
2014-05-21,GLD,0
2014-05-21,QQQ,0.25
2014-05-21,SPY,0.25
2014-05-21,VTI,0.25
2014-05-21,XLK,0.25
2014-05-22,GLD,0
2014-05-22,QQQ,0.25
2014-05-22,SPY,0.25
2014-05-22,VTI,0.25
2014-05-22,XLK,0.25
2014-05-23,GLD,0
2014-05-23,QQQ,0.25
2014-05-23,SPY,0.25
2014-05-23,VTI,0.25
2014-05-23,XLK,0.25
2014-05-27,GLD,0
2014-05-27,QQQ,0.25
2014-05-27,SPY,0.25
2014-05-27,VTI,0.25
2014-05-27,XLK,0.25
2014-05-28,GLD,0
2014-05-28,QQQ,0.25
2014-05-28,SPY,0.25
2014-05-28,VTI,0.25
2014-05-28,XLK,0.25
2014-05-29,GLD,0
2014-05-29,QQQ,0.25
2014-05-29,SPY,0.25
2014-05-29,VTI,0.25
2014-05-29,XLK,0.25
2014-05-30,GLD,0
2014-05-30,QQQ,0.25
2014-05-30,SPY,0.25
2014-05-30,VTI,0.25
2014-05-30,XLK,0.25
2014-06-02,GLD,0
2014-06-02,QQQ,0.25
2014-06-02,SPY,0.25
2014-06-02,VTI,0.25
2014-06-02,XLK,0.25
2014-06-03,GLD,0
2014-06-03,QQQ,0.25
2014-06-03,SPY,0.25
2014-06-03,VTI,0.25
2014-06-03,XLK,0.25
2014-06-04,GLD,0
2014-06-04,QQQ,0.25
2014-06-04,SPY,0.25
2014-06-04,VTI,0.25
2014-06-04,XLK,0.25
2014-06-05,GLD,0
2014-06-05,QQQ,0.25
2014-06-05,SPY,0.25
2014-06-05,VTI,0.25
2014-06-05,XLK,0.25
2014-06-06,GLD,0
2014-06-06,QQQ,0.25
2014-06-06,SPY,0.25
2014-06-06,VTI,0.25
2014-06-06,XLK,0.25
2014-06-09,GLD,0
2014-06-09,QQQ,0.25
2014-06-09,SPY,0.25
2014-06-09,VTI,0.25
2014-06-09,XLK,0.25
2014-06-10,GLD,0
2014-06-10,QQQ,0.25
2014-06-10,SPY,0.25
2014-06-10,VTI,0.25
2014-06-10,XLK,0.25
2014-06-11,GLD,0
2014-06-11,QQQ,0.25
2014-06-11,SPY,0.25
2014-06-11,VTI,0.25
2014-06-11,XLK,0.25
2014-06-12,GLD,0
2014-06-12,QQQ,0.25
2014-06-12,SPY,0.25
2014-06-12,VTI,0.25
2014-06-12,XLK,0.25
2014-06-13,GLD,0
2014-06-13,QQQ,0.25
2014-06-13,SPY,0.25
2014-06-13,VTI,0.25
2014-06-13,XLK,0.25
2014-06-16,GLD,0
2014-06-16,QQQ,0.25
2014-06-16,SPY,0.25
2014-06-16,VTI,0.25
2014-06-16,XLK,0.25
2014-06-17,GLD,0
2014-06-17,QQQ,0.25
2014-06-17,SPY,0.25
2014-06-17,VTI,0.25
2014-06-17,XLK,0.25
2014-06-18,GLD,0
2014-06-18,QQQ,0.25
2014-06-18,SPY,0.25
2014-06-18,VTI,0.25
2014-06-18,XLK,0.25
2014-06-19,GLD,0
2014-06-19,QQQ,0.25
2014-06-19,SPY,0.25
2014-06-19,VTI,0.25
2014-06-19,XLK,0.25
2014-06-20,GLD,0
2014-06-20,QQQ,0.25
2014-06-20,SPY,0.25
2014-06-20,VTI,0.25
2014-06-20,XLK,0.25
2014-06-23,GLD,0
2014-06-23,QQQ,0.25
2014-06-23,SPY,0.25
2014-06-23,VTI,0.25
2014-06-23,XLK,0.25
2014-06-24,GLD,0
2014-06-24,QQQ,0.25
2014-06-24,SPY,0.25
2014-06-24,VTI,0.25
2014-06-24,XLK,0.25
2014-06-25,GLD,0
2014-06-25,QQQ,0.25
2014-06-25,SPY,0.25
2014-06-25,VTI,0.25
2014-06-25,XLK,0.25
2014-06-26,GLD,0
2014-06-26,QQQ,0.25
2014-06-26,SPY,0.25
2014-06-26,VTI,0.25
2014-06-26,XLK,0.25
2014-06-27,GLD,0
2014-06-27,QQQ,0.25
2014-06-27,SPY,0.25
2014-06-27,VTI,0.25
2014-06-27,XLK,0.25
2014-06-30,GLD,0
2014-06-30,QQQ,0.25
2014-06-30,SPY,0.25
2014-06-30,VTI,0.25
2014-06-30,XLK,0.25
2014-07-01,GLD,0
2014-07-01,QQQ,0.25
2014-07-01,SPY,0.25
2014-07-01,VTI,0.25
2014-07-01,XLK,0.25
2014-07-02,GLD,0
2014-07-02,QQQ,0.25
2014-07-02,SPY,0.25
2014-07-02,VTI,0.25
2014-07-02,XLK,0.25
2014-07-03,GLD,0
2014-07-03,QQQ,0.25
2014-07-03,SPY,0.25
2014-07-03,VTI,0.25
2014-07-03,XLK,0.25
2014-07-07,GLD,0
2014-07-07,QQQ,0.25
2014-07-07,SPY,0.25
2014-07-07,VTI,0.25
2014-07-07,XLK,0.25
2014-07-08,GLD,0
2014-07-08,QQQ,0.25
2014-07-08,SPY,0.25
2014-07-08,VTI,0.25
2014-07-08,XLK,0.25
2014-07-09,GLD,0
2014-07-09,QQQ,0.25
2014-07-09,SPY,0.25
2014-07-09,VTI,0.25
2014-07-09,XLK,0.25
2014-07-10,GLD,0
2014-07-10,QQQ,0.25
2014-07-10,SPY,0.25
2014-07-10,VTI,0.25
2014-07-10,XLK,0.25
2014-07-11,GLD,0
2014-07-11,QQQ,0.25
2014-07-11,SPY,0.25
2014-07-11,VTI,0.25
2014-07-11,XLK,0.25
2014-07-14,GLD,0
2014-07-14,QQQ,0.25
2014-07-14,SPY,0.25
2014-07-14,VTI,0.25
2014-07-14,XLK,0.25
2014-07-15,GLD,0
2014-07-15,QQQ,0.25
2014-07-15,SPY,0.25
2014-07-15,VTI,0.25
2014-07-15,XLK,0.25
2014-07-16,GLD,0
2014-07-16,QQQ,0.25
2014-07-16,SPY,0.25
2014-07-16,VTI,0.25
2014-07-16,XLK,0.25
2014-07-17,GLD,0
2014-07-17,QQQ,0.25
2014-07-17,SPY,0.25
2014-07-17,VTI,0.25
2014-07-17,XLK,0.25
2014-07-18,GLD,0
2014-07-18,QQQ,0.25
2014-07-18,SPY,0.25
2014-07-18,VTI,0.25
2014-07-18,XLK,0.25
2014-07-21,GLD,0
2014-07-21,QQQ,0.25
2014-07-21,SPY,0.25
2014-07-21,VTI,0.25
2014-07-21,XLK,0.25
2014-07-22,GLD,0
2014-07-22,QQQ,0.25
2014-07-22,SPY,0.25
2014-07-22,VTI,0.25
2014-07-22,XLK,0.25
2014-07-23,GLD,0
2014-07-23,QQQ,0.25
2014-07-23,SPY,0.25
2014-07-23,VTI,0.25
2014-07-23,XLK,0.25
2014-07-24,GLD,0
2014-07-24,QQQ,0.25
2014-07-24,SPY,0.25
2014-07-24,VTI,0.25
2014-07-24,XLK,0.25
2014-07-25,GLD,0
2014-07-25,QQQ,0.25
2014-07-25,SPY,0.25
2014-07-25,VTI,0.25
2014-07-25,XLK,0.25
2014-07-28,GLD,0
2014-07-28,QQQ,0.25
2014-07-28,SPY,0.25
2014-07-28,VTI,0.25
2014-07-28,XLK,0.25
2014-07-29,GLD,0
2014-07-29,QQQ,0.25
2014-07-29,SPY,0.25
2014-07-29,VTI,0.25
2014-07-29,XLK,0.25
2014-07-30,GLD,0
2014-07-30,QQQ,0.25
2014-07-30,SPY,0.25
2014-07-30,VTI,0.25
2014-07-30,XLK,0.25
2014-07-31,GLD,0
2014-07-31,QQQ,0.25
2014-07-31,SPY,0.25
2014-07-31,VTI,0.25
2014-07-31,XLK,0.25
2014-08-01,GLD,0
2014-08-01,QQQ,0.25
2014-08-01,SPY,0.25
2014-08-01,VTI,0.25
2014-08-01,XLK,0.25
2014-08-04,GLD,0
2014-08-04,QQQ,0.25
2014-08-04,SPY,0.25
2014-08-04,VTI,0.25
2014-08-04,XLK,0.25
2014-08-05,GLD,0
2014-08-05,QQQ,0.25
2014-08-05,SPY,0.25
2014-08-05,VTI,0.25
2014-08-05,XLK,0.25
2014-08-06,GLD,0
2014-08-06,QQQ,0.25
2014-08-06,SPY,0.25
2014-08-06,VTI,0.25
2014-08-06,XLK,0.25
2014-08-07,GLD,0
2014-08-07,QQQ,0.25
2014-08-07,SPY,0.25
2014-08-07,VTI,0.25
2014-08-07,XLK,0.25
2014-08-08,GLD,0
2014-08-08,QQQ,0.25
2014-08-08,SPY,0.25
2014-08-08,VTI,0.25
2014-08-08,XLK,0.25
2014-08-11,GLD,0
2014-08-11,QQQ,0.25
2014-08-11,SPY,0.25
2014-08-11,VTI,0.25
2014-08-11,XLK,0.25
2014-08-12,GLD,0
2014-08-12,QQQ,0.25
2014-08-12,SPY,0.25
2014-08-12,VTI,0.25
2014-08-12,XLK,0.25
2014-08-13,GLD,0
2014-08-13,QQQ,0.25
2014-08-13,SPY,0.25
2014-08-13,VTI,0.25
2014-08-13,XLK,0.25
2014-08-14,GLD,0
2014-08-14,QQQ,0.25
2014-08-14,SPY,0.25
2014-08-14,VTI,0.25
2014-08-14,XLK,0.25
2014-08-15,GLD,0
2014-08-15,QQQ,0.25
2014-08-15,SPY,0.25
2014-08-15,VTI,0.25
2014-08-15,XLK,0.25
2014-08-18,GLD,0
2014-08-18,QQQ,0.25
2014-08-18,SPY,0.25
2014-08-18,VTI,0.25
2014-08-18,XLK,0.25
2014-08-19,GLD,0
2014-08-19,QQQ,0.25
2014-08-19,SPY,0.25
2014-08-19,VTI,0.25
2014-08-19,XLK,0.25
2014-08-20,GLD,0
2014-08-20,QQQ,0.25
2014-08-20,SPY,0.25
2014-08-20,VTI,0.25
2014-08-20,XLK,0.25
2014-08-21,GLD,0
2014-08-21,QQQ,0.25
2014-08-21,SPY,0.25
2014-08-21,VTI,0.25
2014-08-21,XLK,0.25
2014-08-22,GLD,0
2014-08-22,QQQ,0.25
2014-08-22,SPY,0.25
2014-08-22,VTI,0.25
2014-08-22,XLK,0.25
2014-08-25,GLD,0
2014-08-25,QQQ,0.25
2014-08-25,SPY,0.25
2014-08-25,VTI,0.25
2014-08-25,XLK,0.25
2014-08-26,GLD,0
2014-08-26,QQQ,0.25
2014-08-26,SPY,0.25
2014-08-26,VTI,0.25
2014-08-26,XLK,0.25
2014-08-27,GLD,0
2014-08-27,QQQ,0.25
2014-08-27,SPY,0.25
2014-08-27,VTI,0.25
2014-08-27,XLK,0.25
2014-08-28,GLD,0
2014-08-28,QQQ,0.25
2014-08-28,SPY,0.25
2014-08-28,VTI,0.25
2014-08-28,XLK,0.25
2014-08-29,GLD,0
2014-08-29,QQQ,0.25
2014-08-29,SPY,0.25
2014-08-29,VTI,0.25
2014-08-29,XLK,0.25
2014-09-02,GLD,0
2014-09-02,QQQ,0.25
2014-09-02,SPY,0.25
2014-09-02,VTI,0.25
2014-09-02,XLK,0.25
2014-09-03,GLD,0
2014-09-03,QQQ,0.25
2014-09-03,SPY,0.25
2014-09-03,VTI,0.25
2014-09-03,XLK,0.25
2014-09-04,GLD,0
2014-09-04,QQQ,0.25
2014-09-04,SPY,0.25
2014-09-04,VTI,0.25
2014-09-04,XLK,0.25
2014-09-05,GLD,0
2014-09-05,QQQ,0.25
2014-09-05,SPY,0.25
2014-09-05,VTI,0.25
2014-09-05,XLK,0.25
2014-09-08,GLD,0
2014-09-08,QQQ,0.25
2014-09-08,SPY,0.25
2014-09-08,VTI,0.25
2014-09-08,XLK,0.25
2014-09-09,GLD,0
2014-09-09,QQQ,0.25
2014-09-09,SPY,0.25
2014-09-09,VTI,0.25
2014-09-09,XLK,0.25
2014-09-10,GLD,0
2014-09-10,QQQ,0.25
2014-09-10,SPY,0.25
2014-09-10,VTI,0.25
2014-09-10,XLK,0.25
2014-09-11,GLD,0
2014-09-11,QQQ,0.25
2014-09-11,SPY,0.25
2014-09-11,VTI,0.25
2014-09-11,XLK,0.25
2014-09-12,GLD,0
2014-09-12,QQQ,0.25
2014-09-12,SPY,0.25
2014-09-12,VTI,0.25
2014-09-12,XLK,0.25
2014-09-15,GLD,0
2014-09-15,QQQ,0.25
2014-09-15,SPY,0.25
2014-09-15,VTI,0.25
2014-09-15,XLK,0.25
2014-09-16,GLD,0
2014-09-16,QQQ,0.25
2014-09-16,SPY,0.25
2014-09-16,VTI,0.25
2014-09-16,XLK,0.25
2014-09-17,GLD,0
2014-09-17,QQQ,0.25
2014-09-17,SPY,0.25
2014-09-17,VTI,0.25
2014-09-17,XLK,0.25
2014-09-18,GLD,0
2014-09-18,QQQ,0.25
2014-09-18,SPY,0.25
2014-09-18,VTI,0.25
2014-09-18,XLK,0.25
2014-09-19,GLD,0
2014-09-19,QQQ,0.25
2014-09-19,SPY,0.25
2014-09-19,VTI,0.25
2014-09-19,XLK,0.25
2014-09-22,GLD,0
2014-09-22,QQQ,0.25
2014-09-22,SPY,0.25
2014-09-22,VTI,0.25
2014-09-22,XLK,0.25
2014-09-23,GLD,0
2014-09-23,QQQ,0.25
2014-09-23,SPY,0.25
2014-09-23,VTI,0.25
2014-09-23,XLK,0.25
2014-09-24,GLD,0
2014-09-24,QQQ,0.25
2014-09-24,SPY,0.25
2014-09-24,VTI,0.25
2014-09-24,XLK,0.25
2014-09-25,GLD,0
2014-09-25,QQQ,0.25
2014-09-25,SPY,0.25
2014-09-25,VTI,0.25
2014-09-25,XLK,0.25
2014-09-26,GLD,0
2014-09-26,QQQ,0.25
2014-09-26,SPY,0.25
2014-09-26,VTI,0.25
2014-09-26,XLK,0.25
2014-09-29,GLD,0
2014-09-29,QQQ,0.25
2014-09-29,SPY,0.25
2014-09-29,VTI,0.25
2014-09-29,XLK,0.25
2014-09-30,GLD,0
2014-09-30,QQQ,0.25
2014-09-30,SPY,0.25
2014-09-30,VTI,0.25
2014-09-30,XLK,0.25
2014-10-01,GLD,0
2014-10-01,QQQ,0.25
2014-10-01,SPY,0.25
2014-10-01,VTI,0.25
2014-10-01,XLK,0.25
2014-10-02,GLD,0
2014-10-02,QQQ,0.25
2014-10-02,SPY,0.25
2014-10-02,VTI,0.25
2014-10-02,XLK,0.25
2014-10-03,GLD,0
2014-10-03,QQQ,0.25
2014-10-03,SPY,0.25
2014-10-03,VTI,0.25
2014-10-03,XLK,0.25
2014-10-06,GLD,0
2014-10-06,QQQ,0.25
2014-10-06,SPY,0.25
2014-10-06,VTI,0.25
2014-10-06,XLK,0.25
2014-10-07,GLD,0
2014-10-07,QQQ,0.25
2014-10-07,SPY,0.25
2014-10-07,VTI,0.25
2014-10-07,XLK,0.25
2014-10-08,GLD,0
2014-10-08,QQQ,0.25
2014-10-08,SPY,0.25
2014-10-08,VTI,0.25
2014-10-08,XLK,0.25
2014-10-09,GLD,0
2014-10-09,QQQ,0.25
2014-10-09,SPY,0.25
2014-10-09,VTI,0.25
2014-10-09,XLK,0.25
2014-10-10,GLD,0
2014-10-10,QQQ,0.25
2014-10-10,SPY,0.25
2014-10-10,VTI,0.25
2014-10-10,XLK,0.25
2014-10-13,GLD,0.25
2014-10-13,QQQ,0.25
2014-10-13,SPY,0.25
2014-10-13,VTI,0
2014-10-13,XLK,0.25
2014-10-14,GLD,0.25
2014-10-14,QQQ,0.25
2014-10-14,SPY,0.25
2014-10-14,VTI,0
2014-10-14,XLK,0.25
2014-10-15,GLD,0.25
2014-10-15,QQQ,0.25
2014-10-15,SPY,0.25
2014-10-15,VTI,0
2014-10-15,XLK,0.25
2014-10-16,GLD,0.25
2014-10-16,QQQ,0.25
2014-10-16,SPY,0.25
2014-10-16,VTI,0
2014-10-16,XLK,0.25
2014-10-17,GLD,0.25
2014-10-17,QQQ,0.25
2014-10-17,SPY,0.25
2014-10-17,VTI,0
2014-10-17,XLK,0.25
2014-10-20,GLD,0.25
2014-10-20,QQQ,0.25
2014-10-20,SPY,0.25
2014-10-20,VTI,0
2014-10-20,XLK,0.25
2014-10-21,GLD,0.25
2014-10-21,QQQ,0.25
2014-10-21,SPY,0.25
2014-10-21,VTI,0
2014-10-21,XLK,0.25
2014-10-22,GLD,0.25
2014-10-22,QQQ,0.25
2014-10-22,SPY,0.25
2014-10-22,VTI,0
2014-10-22,XLK,0.25
2014-10-23,GLD,0
2014-10-23,QQQ,0.25
2014-10-23,SPY,0.25
2014-10-23,VTI,0.25
2014-10-23,XLK,0.25
2014-10-24,GLD,0
2014-10-24,QQQ,0.25
2014-10-24,SPY,0.25
2014-10-24,VTI,0.25
2014-10-24,XLK,0.25
2014-10-27,GLD,0
2014-10-27,QQQ,0.25
2014-10-27,SPY,0.25
2014-10-27,VTI,0.25
2014-10-27,XLK,0.25
2014-10-28,GLD,0
2014-10-28,QQQ,0.25
2014-10-28,SPY,0.25
2014-10-28,VTI,0.25
2014-10-28,XLK,0.25
2014-10-29,GLD,0
2014-10-29,QQQ,0.25
2014-10-29,SPY,0.25
2014-10-29,VTI,0.25
2014-10-29,XLK,0.25
2014-10-30,GLD,0
2014-10-30,QQQ,0.25
2014-10-30,SPY,0.25
2014-10-30,VTI,0.25
2014-10-30,XLK,0.25
2014-10-31,GLD,0
2014-10-31,QQQ,0.25
2014-10-31,SPY,0.25
2014-10-31,VTI,0.25
2014-10-31,XLK,0.25
2014-11-03,GLD,0
2014-11-03,QQQ,0.25
2014-11-03,SPY,0.25
2014-11-03,VTI,0.25
2014-11-03,XLK,0.25
2014-11-04,GLD,0
2014-11-04,QQQ,0.25
2014-11-04,SPY,0.25
2014-11-04,VTI,0.25
2014-11-04,XLK,0.25
2014-11-05,GLD,0
2014-11-05,QQQ,0.25
2014-11-05,SPY,0.25
2014-11-05,VTI,0.25
2014-11-05,XLK,0.25
2014-11-06,GLD,0
2014-11-06,QQQ,0.25
2014-11-06,SPY,0.25
2014-11-06,VTI,0.25
2014-11-06,XLK,0.25
2014-11-07,GLD,0
2014-11-07,QQQ,0.25
2014-11-07,SPY,0.25
2014-11-07,VTI,0.25
2014-11-07,XLK,0.25
2014-11-10,GLD,0
2014-11-10,QQQ,0.25
2014-11-10,SPY,0.25
2014-11-10,VTI,0.25
2014-11-10,XLK,0.25
2014-11-11,GLD,0
2014-11-11,QQQ,0.25
2014-11-11,SPY,0.25
2014-11-11,VTI,0.25
2014-11-11,XLK,0.25
2014-11-12,GLD,0
2014-11-12,QQQ,0.25
2014-11-12,SPY,0.25
2014-11-12,VTI,0.25
2014-11-12,XLK,0.25
2014-11-13,GLD,0
2014-11-13,QQQ,0.25
2014-11-13,SPY,0.25
2014-11-13,VTI,0.25
2014-11-13,XLK,0.25
2014-11-14,GLD,0
2014-11-14,QQQ,0.25
2014-11-14,SPY,0.25
2014-11-14,VTI,0.25
2014-11-14,XLK,0.25
2014-11-17,GLD,0
2014-11-17,QQQ,0.25
2014-11-17,SPY,0.25
2014-11-17,VTI,0.25
2014-11-17,XLK,0.25
2014-11-18,GLD,0
2014-11-18,QQQ,0.25
2014-11-18,SPY,0.25
2014-11-18,VTI,0.25
2014-11-18,XLK,0.25
2014-11-19,GLD,0
2014-11-19,QQQ,0.25
2014-11-19,SPY,0.25
2014-11-19,VTI,0.25
2014-11-19,XLK,0.25
2014-11-20,GLD,0
2014-11-20,QQQ,0.25
2014-11-20,SPY,0.25
2014-11-20,VTI,0.25
2014-11-20,XLK,0.25
2014-11-21,GLD,0
2014-11-21,QQQ,0.25
2014-11-21,SPY,0.25
2014-11-21,VTI,0.25
2014-11-21,XLK,0.25
2014-11-24,GLD,0
2014-11-24,QQQ,0.25
2014-11-24,SPY,0.25
2014-11-24,VTI,0.25
2014-11-24,XLK,0.25
2014-11-25,GLD,0
2014-11-25,QQQ,0.25
2014-11-25,SPY,0.25
2014-11-25,VTI,0.25
2014-11-25,XLK,0.25
2014-11-26,GLD,0
2014-11-26,QQQ,0.25
2014-11-26,SPY,0.25
2014-11-26,VTI,0.25
2014-11-26,XLK,0.25
2014-11-28,GLD,0
2014-11-28,QQQ,0.25
2014-11-28,SPY,0.25
2014-11-28,VTI,0.25
2014-11-28,XLK,0.25
2014-12-01,GLD,0
2014-12-01,QQQ,0.25
2014-12-01,SPY,0.25
2014-12-01,VTI,0.25
2014-12-01,XLK,0.25
2014-12-02,GLD,0
2014-12-02,QQQ,0.25
2014-12-02,SPY,0.25
2014-12-02,VTI,0.25
2014-12-02,XLK,0.25
2014-12-03,GLD,0
2014-12-03,QQQ,0.25
2014-12-03,SPY,0.25
2014-12-03,VTI,0.25
2014-12-03,XLK,0.25
2014-12-04,GLD,0
2014-12-04,QQQ,0.25
2014-12-04,SPY,0.25
2014-12-04,VTI,0.25
2014-12-04,XLK,0.25
2014-12-05,GLD,0
2014-12-05,QQQ,0.25
2014-12-05,SPY,0.25
2014-12-05,VTI,0.25
2014-12-05,XLK,0.25
2014-12-08,GLD,0
2014-12-08,QQQ,0.25
2014-12-08,SPY,0.25
2014-12-08,VTI,0.25
2014-12-08,XLK,0.25
2014-12-09,GLD,0
2014-12-09,QQQ,0.25
2014-12-09,SPY,0.25
2014-12-09,VTI,0.25
2014-12-09,XLK,0.25
2014-12-10,GLD,0
2014-12-10,QQQ,0.25
2014-12-10,SPY,0.25
2014-12-10,VTI,0.25
2014-12-10,XLK,0.25
2014-12-11,GLD,0
2014-12-11,QQQ,0.25
2014-12-11,SPY,0.25
2014-12-11,VTI,0.25
2014-12-11,XLK,0.25
2014-12-12,GLD,0
2014-12-12,QQQ,0.25
2014-12-12,SPY,0.25
2014-12-12,VTI,0.25
2014-12-12,XLK,0.25
2014-12-15,GLD,0
2014-12-15,QQQ,0.25
2014-12-15,SPY,0.25
2014-12-15,VTI,0.25
2014-12-15,XLK,0.25
2014-12-16,GLD,0
2014-12-16,QQQ,0.25
2014-12-16,SPY,0.25
2014-12-16,VTI,0.25
2014-12-16,XLK,0.25
2014-12-17,GLD,0
2014-12-17,QQQ,0.25
2014-12-17,SPY,0.25
2014-12-17,VTI,0.25
2014-12-17,XLK,0.25
2014-12-18,GLD,0
2014-12-18,QQQ,0.25
2014-12-18,SPY,0.25
2014-12-18,VTI,0.25
2014-12-18,XLK,0.25
2014-12-19,GLD,0
2014-12-19,QQQ,0.25
2014-12-19,SPY,0.25
2014-12-19,VTI,0.25
2014-12-19,XLK,0.25
2014-12-22,GLD,0
2014-12-22,QQQ,0.25
2014-12-22,SPY,0.25
2014-12-22,VTI,0.25
2014-12-22,XLK,0.25
2014-12-23,GLD,0
2014-12-23,QQQ,0.25
2014-12-23,SPY,0.25
2014-12-23,VTI,0.25
2014-12-23,XLK,0.25
2014-12-24,GLD,0
2014-12-24,QQQ,0.25
2014-12-24,SPY,0.25
2014-12-24,VTI,0.25
2014-12-24,XLK,0.25
2014-12-26,GLD,0
2014-12-26,QQQ,0.25
2014-12-26,SPY,0.25
2014-12-26,VTI,0.25
2014-12-26,XLK,0.25
2014-12-29,GLD,0
2014-12-29,QQQ,0.25
2014-12-29,SPY,0.25
2014-12-29,VTI,0.25
2014-12-29,XLK,0.25
2014-12-30,GLD,0
2014-12-30,QQQ,0.25
2014-12-30,SPY,0.25
2014-12-30,VTI,0.25
2014-12-30,XLK,0.25
2014-12-31,GLD,0
2014-12-31,QQQ,0.25
2014-12-31,SPY,0.25
2014-12-31,VTI,0.25
2014-12-31,XLK,0.25
2015-01-02,GLD,0
2015-01-02,QQQ,0.25
2015-01-02,SPY,0.25
2015-01-02,VTI,0.25
2015-01-02,XLK,0.25
2015-01-05,GLD,0
2015-01-05,QQQ,0.25
2015-01-05,SPY,0.25
2015-01-05,VTI,0.25
2015-01-05,XLK,0.25
2015-01-06,GLD,0
2015-01-06,QQQ,0.25
2015-01-06,SPY,0.25
2015-01-06,VTI,0.25
2015-01-06,XLK,0.25
2015-01-07,GLD,0
2015-01-07,QQQ,0.25
2015-01-07,SPY,0.25
2015-01-07,VTI,0.25
2015-01-07,XLK,0.25
2015-01-08,GLD,0
2015-01-08,QQQ,0.25
2015-01-08,SPY,0.25
2015-01-08,VTI,0.25
2015-01-08,XLK,0.25
2015-01-09,GLD,0
2015-01-09,QQQ,0.25
2015-01-09,SPY,0.25
2015-01-09,VTI,0.25
2015-01-09,XLK,0.25
2015-01-12,GLD,0
2015-01-12,QQQ,0.25
2015-01-12,SPY,0.25
2015-01-12,VTI,0.25
2015-01-12,XLK,0.25
2015-01-13,GLD,0
2015-01-13,QQQ,0.25
2015-01-13,SPY,0.25
2015-01-13,VTI,0.25
2015-01-13,XLK,0.25
2015-01-14,GLD,0
2015-01-14,QQQ,0.25
2015-01-14,SPY,0.25
2015-01-14,VTI,0.25
2015-01-14,XLK,0.25
2015-01-15,GLD,0
2015-01-15,QQQ,0.25
2015-01-15,SPY,0.25
2015-01-15,VTI,0.25
2015-01-15,XLK,0.25
2015-01-16,GLD,0
2015-01-16,QQQ,0.25
2015-01-16,SPY,0.25
2015-01-16,VTI,0.25
2015-01-16,XLK,0.25
2015-01-20,GLD,0
2015-01-20,QQQ,0.25
2015-01-20,SPY,0.25
2015-01-20,VTI,0.25
2015-01-20,XLK,0.25
2015-01-21,GLD,0
2015-01-21,QQQ,0.25
2015-01-21,SPY,0.25
2015-01-21,VTI,0.25
2015-01-21,XLK,0.25
2015-01-22,GLD,0
2015-01-22,QQQ,0.25
2015-01-22,SPY,0.25
2015-01-22,VTI,0.25
2015-01-22,XLK,0.25
2015-01-23,GLD,0
2015-01-23,QQQ,0.25
2015-01-23,SPY,0.25
2015-01-23,VTI,0.25
2015-01-23,XLK,0.25
2015-01-26,GLD,0
2015-01-26,QQQ,0.25
2015-01-26,SPY,0.25
2015-01-26,VTI,0.25
2015-01-26,XLK,0.25
2015-01-27,GLD,0
2015-01-27,QQQ,0.25
2015-01-27,SPY,0.25
2015-01-27,VTI,0.25
2015-01-27,XLK,0.25
2015-01-28,GLD,0
2015-01-28,QQQ,0.25
2015-01-28,SPY,0.25
2015-01-28,VTI,0.25
2015-01-28,XLK,0.25
2015-01-29,GLD,0
2015-01-29,QQQ,0.25
2015-01-29,SPY,0.25
2015-01-29,VTI,0.25
2015-01-29,XLK,0.25
2015-01-30,GLD,0
2015-01-30,QQQ,0.25
2015-01-30,SPY,0.25
2015-01-30,VTI,0.25
2015-01-30,XLK,0.25
2015-02-02,GLD,0
2015-02-02,QQQ,0.25
2015-02-02,SPY,0.25
2015-02-02,VTI,0.25
2015-02-02,XLK,0.25
2015-02-03,GLD,0
2015-02-03,QQQ,0.25
2015-02-03,SPY,0.25
2015-02-03,VTI,0.25
2015-02-03,XLK,0.25
2015-02-04,GLD,0
2015-02-04,QQQ,0.25
2015-02-04,SPY,0.25
2015-02-04,VTI,0.25
2015-02-04,XLK,0.25
2015-02-05,GLD,0
2015-02-05,QQQ,0.25
2015-02-05,SPY,0.25
2015-02-05,VTI,0.25
2015-02-05,XLK,0.25
2015-02-06,GLD,0
2015-02-06,QQQ,0.25
2015-02-06,SPY,0.25
2015-02-06,VTI,0.25
2015-02-06,XLK,0.25
2015-02-09,GLD,0
2015-02-09,QQQ,0.25
2015-02-09,SPY,0.25
2015-02-09,VTI,0.25
2015-02-09,XLK,0.25
2015-02-10,GLD,0
2015-02-10,QQQ,0.25
2015-02-10,SPY,0.25
2015-02-10,VTI,0.25
2015-02-10,XLK,0.25
2015-02-11,GLD,0
2015-02-11,QQQ,0.25
2015-02-11,SPY,0.25
2015-02-11,VTI,0.25
2015-02-11,XLK,0.25
2015-02-12,GLD,0
2015-02-12,QQQ,0.25
2015-02-12,SPY,0.25
2015-02-12,VTI,0.25
2015-02-12,XLK,0.25
2015-02-13,GLD,0
2015-02-13,QQQ,0.25
2015-02-13,SPY,0.25
2015-02-13,VTI,0.25
2015-02-13,XLK,0.25
2015-02-17,GLD,0
2015-02-17,QQQ,0.25
2015-02-17,SPY,0.25
2015-02-17,VTI,0.25
2015-02-17,XLK,0.25
2015-02-18,GLD,0
2015-02-18,QQQ,0.25
2015-02-18,SPY,0.25
2015-02-18,VTI,0.25
2015-02-18,XLK,0.25
2015-02-19,GLD,0
2015-02-19,QQQ,0.25
2015-02-19,SPY,0.25
2015-02-19,VTI,0.25
2015-02-19,XLK,0.25
2015-02-20,GLD,0
2015-02-20,QQQ,0.25
2015-02-20,SPY,0.25
2015-02-20,VTI,0.25
2015-02-20,XLK,0.25
2015-02-23,GLD,0
2015-02-23,QQQ,0.25
2015-02-23,SPY,0.25
2015-02-23,VTI,0.25
2015-02-23,XLK,0.25
2015-02-24,GLD,0
2015-02-24,QQQ,0.25
2015-02-24,SPY,0.25
2015-02-24,VTI,0.25
2015-02-24,XLK,0.25
2015-02-25,GLD,0
2015-02-25,QQQ,0.25
2015-02-25,SPY,0.25
2015-02-25,VTI,0.25
2015-02-25,XLK,0.25
2015-02-26,GLD,0
2015-02-26,QQQ,0.25
2015-02-26,SPY,0.25
2015-02-26,VTI,0.25
2015-02-26,XLK,0.25
2015-02-27,GLD,0
2015-02-27,QQQ,0.25
2015-02-27,SPY,0.25
2015-02-27,VTI,0.25
2015-02-27,XLK,0.25
2015-03-02,GLD,0
2015-03-02,QQQ,0.25
2015-03-02,SPY,0.25
2015-03-02,VTI,0.25
2015-03-02,XLK,0.25
2015-03-03,GLD,0
2015-03-03,QQQ,0.25
2015-03-03,SPY,0.25
2015-03-03,VTI,0.25
2015-03-03,XLK,0.25
2015-03-04,GLD,0
2015-03-04,QQQ,0.25
2015-03-04,SPY,0.25
2015-03-04,VTI,0.25
2015-03-04,XLK,0.25
2015-03-05,GLD,0
2015-03-05,QQQ,0.25
2015-03-05,SPY,0.25
2015-03-05,VTI,0.25
2015-03-05,XLK,0.25
2015-03-06,GLD,0
2015-03-06,QQQ,0.25
2015-03-06,SPY,0.25
2015-03-06,VTI,0.25
2015-03-06,XLK,0.25
2015-03-09,GLD,0
2015-03-09,QQQ,0.25
2015-03-09,SPY,0.25
2015-03-09,VTI,0.25
2015-03-09,XLK,0.25
2015-03-10,GLD,0
2015-03-10,QQQ,0.25
2015-03-10,SPY,0.25
2015-03-10,VTI,0.25
2015-03-10,XLK,0.25
2015-03-11,GLD,0
2015-03-11,QQQ,0.25
2015-03-11,SPY,0.25
2015-03-11,VTI,0.25
2015-03-11,XLK,0.25
2015-03-12,GLD,0
2015-03-12,QQQ,0.25
2015-03-12,SPY,0.25
2015-03-12,VTI,0.25
2015-03-12,XLK,0.25
2015-03-13,GLD,0
2015-03-13,QQQ,0.25
2015-03-13,SPY,0.25
2015-03-13,VTI,0.25
2015-03-13,XLK,0.25
2015-03-16,GLD,0
2015-03-16,QQQ,0.25
2015-03-16,SPY,0.25
2015-03-16,VTI,0.25
2015-03-16,XLK,0.25
2015-03-17,GLD,0
2015-03-17,QQQ,0.25
2015-03-17,SPY,0.25
2015-03-17,VTI,0.25
2015-03-17,XLK,0.25
2015-03-18,GLD,0
2015-03-18,QQQ,0.25
2015-03-18,SPY,0.25
2015-03-18,VTI,0.25
2015-03-18,XLK,0.25
2015-03-19,GLD,0
2015-03-19,QQQ,0.25
2015-03-19,SPY,0.25
2015-03-19,VTI,0.25
2015-03-19,XLK,0.25
2015-03-20,GLD,0
2015-03-20,QQQ,0.25
2015-03-20,SPY,0.25
2015-03-20,VTI,0.25
2015-03-20,XLK,0.25
2015-03-23,GLD,0
2015-03-23,QQQ,0.25
2015-03-23,SPY,0.25
2015-03-23,VTI,0.25
2015-03-23,XLK,0.25
2015-03-24,GLD,0
2015-03-24,QQQ,0.25
2015-03-24,SPY,0.25
2015-03-24,VTI,0.25
2015-03-24,XLK,0.25
2015-03-25,GLD,0
2015-03-25,QQQ,0.25
2015-03-25,SPY,0.25
2015-03-25,VTI,0.25
2015-03-25,XLK,0.25
2015-03-26,GLD,0
2015-03-26,QQQ,0.25
2015-03-26,SPY,0.25
2015-03-26,VTI,0.25
2015-03-26,XLK,0.25
2015-03-27,GLD,0
2015-03-27,QQQ,0.25
2015-03-27,SPY,0.25
2015-03-27,VTI,0.25
2015-03-27,XLK,0.25
2015-03-30,GLD,0
2015-03-30,QQQ,0.25
2015-03-30,SPY,0.25
2015-03-30,VTI,0.25
2015-03-30,XLK,0.25
2015-03-31,GLD,0
2015-03-31,QQQ,0.25
2015-03-31,SPY,0.25
2015-03-31,VTI,0.25
2015-03-31,XLK,0.25
2015-04-01,GLD,0
2015-04-01,QQQ,0.25
2015-04-01,SPY,0.25
2015-04-01,VTI,0.25
2015-04-01,XLK,0.25
2015-04-02,GLD,0
2015-04-02,QQQ,0.25
2015-04-02,SPY,0.25
2015-04-02,VTI,0.25
2015-04-02,XLK,0.25
2015-04-06,GLD,0
2015-04-06,QQQ,0.25
2015-04-06,SPY,0.25
2015-04-06,VTI,0.25
2015-04-06,XLK,0.25
2015-04-07,GLD,0
2015-04-07,QQQ,0.25
2015-04-07,SPY,0.25
2015-04-07,VTI,0.25
2015-04-07,XLK,0.25
2015-04-08,GLD,0
2015-04-08,QQQ,0.25
2015-04-08,SPY,0.25
2015-04-08,VTI,0.25
2015-04-08,XLK,0.25
2015-04-09,GLD,0
2015-04-09,QQQ,0.25
2015-04-09,SPY,0.25
2015-04-09,VTI,0.25
2015-04-09,XLK,0.25
2015-04-10,GLD,0
2015-04-10,QQQ,0.25
2015-04-10,SPY,0.25
2015-04-10,VTI,0.25
2015-04-10,XLK,0.25
2015-04-13,GLD,0
2015-04-13,QQQ,0.25
2015-04-13,SPY,0.25
2015-04-13,VTI,0.25
2015-04-13,XLK,0.25
2015-04-14,GLD,0
2015-04-14,QQQ,0.25
2015-04-14,SPY,0.25
2015-04-14,VTI,0.25
2015-04-14,XLK,0.25
2015-04-15,GLD,0
2015-04-15,QQQ,0.25
2015-04-15,SPY,0.25
2015-04-15,VTI,0.25
2015-04-15,XLK,0.25
2015-04-16,GLD,0
2015-04-16,QQQ,0.25
2015-04-16,SPY,0.25
2015-04-16,VTI,0.25
2015-04-16,XLK,0.25
2015-04-17,GLD,0
2015-04-17,QQQ,0.25
2015-04-17,SPY,0.25
2015-04-17,VTI,0.25
2015-04-17,XLK,0.25
2015-04-20,GLD,0
2015-04-20,QQQ,0.25
2015-04-20,SPY,0.25
2015-04-20,VTI,0.25
2015-04-20,XLK,0.25
2015-04-21,GLD,0
2015-04-21,QQQ,0.25
2015-04-21,SPY,0.25
2015-04-21,VTI,0.25
2015-04-21,XLK,0.25
2015-04-22,GLD,0
2015-04-22,QQQ,0.25
2015-04-22,SPY,0.25
2015-04-22,VTI,0.25
2015-04-22,XLK,0.25
2015-04-23,GLD,0
2015-04-23,QQQ,0.25
2015-04-23,SPY,0.25
2015-04-23,VTI,0.25
2015-04-23,XLK,0.25
2015-04-24,GLD,0
2015-04-24,QQQ,0.25
2015-04-24,SPY,0.25
2015-04-24,VTI,0.25
2015-04-24,XLK,0.25
2015-04-27,GLD,0
2015-04-27,QQQ,0.25
2015-04-27,SPY,0.25
2015-04-27,VTI,0.25
2015-04-27,XLK,0.25
2015-04-28,GLD,0
2015-04-28,QQQ,0.25
2015-04-28,SPY,0.25
2015-04-28,VTI,0.25
2015-04-28,XLK,0.25
2015-04-29,GLD,0
2015-04-29,QQQ,0.25
2015-04-29,SPY,0.25
2015-04-29,VTI,0.25
2015-04-29,XLK,0.25
2015-04-30,GLD,0
2015-04-30,QQQ,0.25
2015-04-30,SPY,0.25
2015-04-30,VTI,0.25
2015-04-30,XLK,0.25
2015-05-01,GLD,0
2015-05-01,QQQ,0.25
2015-05-01,SPY,0.25
2015-05-01,VTI,0.25
2015-05-01,XLK,0.25
2015-05-04,GLD,0
2015-05-04,QQQ,0.25
2015-05-04,SPY,0.25
2015-05-04,VTI,0.25
2015-05-04,XLK,0.25
2015-05-05,GLD,0
2015-05-05,QQQ,0.25
2015-05-05,SPY,0.25
2015-05-05,VTI,0.25
2015-05-05,XLK,0.25
2015-05-06,GLD,0
2015-05-06,QQQ,0.25
2015-05-06,SPY,0.25
2015-05-06,VTI,0.25
2015-05-06,XLK,0.25
2015-05-07,GLD,0
2015-05-07,QQQ,0.25
2015-05-07,SPY,0.25
2015-05-07,VTI,0.25
2015-05-07,XLK,0.25
2015-05-08,GLD,0
2015-05-08,QQQ,0.25
2015-05-08,SPY,0.25
2015-05-08,VTI,0.25
2015-05-08,XLK,0.25
2015-05-11,GLD,0
2015-05-11,QQQ,0.25
2015-05-11,SPY,0.25
2015-05-11,VTI,0.25
2015-05-11,XLK,0.25
2015-05-12,GLD,0
2015-05-12,QQQ,0.25
2015-05-12,SPY,0.25
2015-05-12,VTI,0.25
2015-05-12,XLK,0.25
2015-05-13,GLD,0
2015-05-13,QQQ,0.25
2015-05-13,SPY,0.25
2015-05-13,VTI,0.25
2015-05-13,XLK,0.25
2015-05-14,GLD,0
2015-05-14,QQQ,0.25
2015-05-14,SPY,0.25
2015-05-14,VTI,0.25
2015-05-14,XLK,0.25
2015-05-15,GLD,0
2015-05-15,QQQ,0.25
2015-05-15,SPY,0.25
2015-05-15,VTI,0.25
2015-05-15,XLK,0.25
2015-05-18,GLD,0
2015-05-18,QQQ,0.25
2015-05-18,SPY,0.25
2015-05-18,VTI,0.25
2015-05-18,XLK,0.25
2015-05-19,GLD,0
2015-05-19,QQQ,0.25
2015-05-19,SPY,0.25
2015-05-19,VTI,0.25
2015-05-19,XLK,0.25
2015-05-20,GLD,0
2015-05-20,QQQ,0.25
2015-05-20,SPY,0.25
2015-05-20,VTI,0.25
2015-05-20,XLK,0.25
2015-05-21,GLD,0
2015-05-21,QQQ,0.25
2015-05-21,SPY,0.25
2015-05-21,VTI,0.25
2015-05-21,XLK,0.25
2015-05-22,GLD,0
2015-05-22,QQQ,0.25
2015-05-22,SPY,0.25
2015-05-22,VTI,0.25
2015-05-22,XLK,0.25
2015-05-26,GLD,0
2015-05-26,QQQ,0.25
2015-05-26,SPY,0.25
2015-05-26,VTI,0.25
2015-05-26,XLK,0.25
2015-05-27,GLD,0
2015-05-27,QQQ,0.25
2015-05-27,SPY,0.25
2015-05-27,VTI,0.25
2015-05-27,XLK,0.25
2015-05-28,GLD,0
2015-05-28,QQQ,0.25
2015-05-28,SPY,0.25
2015-05-28,VTI,0.25
2015-05-28,XLK,0.25
2015-05-29,GLD,0
2015-05-29,QQQ,0.25
2015-05-29,SPY,0.25
2015-05-29,VTI,0.25
2015-05-29,XLK,0.25
2015-06-01,GLD,0
2015-06-01,QQQ,0.25
2015-06-01,SPY,0.25
2015-06-01,VTI,0.25
2015-06-01,XLK,0.25
2015-06-02,GLD,0
2015-06-02,QQQ,0.25
2015-06-02,SPY,0.25
2015-06-02,VTI,0.25
2015-06-02,XLK,0.25
2015-06-03,GLD,0
2015-06-03,QQQ,0.25
2015-06-03,SPY,0.25
2015-06-03,VTI,0.25
2015-06-03,XLK,0.25
2015-06-04,GLD,0
2015-06-04,QQQ,0.25
2015-06-04,SPY,0.25
2015-06-04,VTI,0.25
2015-06-04,XLK,0.25
2015-06-05,GLD,0
2015-06-05,QQQ,0.25
2015-06-05,SPY,0.25
2015-06-05,VTI,0.25
2015-06-05,XLK,0.25
2015-06-08,GLD,0
2015-06-08,QQQ,0.25
2015-06-08,SPY,0.25
2015-06-08,VTI,0.25
2015-06-08,XLK,0.25
2015-06-09,GLD,0
2015-06-09,QQQ,0.25
2015-06-09,SPY,0.25
2015-06-09,VTI,0.25
2015-06-09,XLK,0.25
2015-06-10,GLD,0
2015-06-10,QQQ,0.25
2015-06-10,SPY,0.25
2015-06-10,VTI,0.25
2015-06-10,XLK,0.25
2015-06-11,GLD,0
2015-06-11,QQQ,0.25
2015-06-11,SPY,0.25
2015-06-11,VTI,0.25
2015-06-11,XLK,0.25
2015-06-12,GLD,0
2015-06-12,QQQ,0.25
2015-06-12,SPY,0.25
2015-06-12,VTI,0.25
2015-06-12,XLK,0.25
2015-06-15,GLD,0
2015-06-15,QQQ,0.25
2015-06-15,SPY,0.25
2015-06-15,VTI,0.25
2015-06-15,XLK,0.25
2015-06-16,GLD,0
2015-06-16,QQQ,0.25
2015-06-16,SPY,0.25
2015-06-16,VTI,0.25
2015-06-16,XLK,0.25
2015-06-17,GLD,0
2015-06-17,QQQ,0.25
2015-06-17,SPY,0.25
2015-06-17,VTI,0.25
2015-06-17,XLK,0.25
2015-06-18,GLD,0
2015-06-18,QQQ,0.25
2015-06-18,SPY,0.25
2015-06-18,VTI,0.25
2015-06-18,XLK,0.25
2015-06-19,GLD,0
2015-06-19,QQQ,0.25
2015-06-19,SPY,0.25
2015-06-19,VTI,0.25
2015-06-19,XLK,0.25
2015-06-22,GLD,0
2015-06-22,QQQ,0.25
2015-06-22,SPY,0.25
2015-06-22,VTI,0.25
2015-06-22,XLK,0.25
2015-06-23,GLD,0
2015-06-23,QQQ,0.25
2015-06-23,SPY,0.25
2015-06-23,VTI,0.25
2015-06-23,XLK,0.25
2015-06-24,GLD,0
2015-06-24,QQQ,0.25
2015-06-24,SPY,0.25
2015-06-24,VTI,0.25
2015-06-24,XLK,0.25
2015-06-25,GLD,0
2015-06-25,QQQ,0.25
2015-06-25,SPY,0.25
2015-06-25,VTI,0.25
2015-06-25,XLK,0.25
2015-06-26,GLD,0
2015-06-26,QQQ,0.25
2015-06-26,SPY,0.25
2015-06-26,VTI,0.25
2015-06-26,XLK,0.25
2015-06-29,GLD,0
2015-06-29,QQQ,0.25
2015-06-29,SPY,0.25
2015-06-29,VTI,0.25
2015-06-29,XLK,0.25
2015-06-30,GLD,0
2015-06-30,QQQ,0.25
2015-06-30,SPY,0.25
2015-06-30,VTI,0.25
2015-06-30,XLK,0.25
2015-07-01,GLD,0
2015-07-01,QQQ,0.25
2015-07-01,SPY,0.25
2015-07-01,VTI,0.25
2015-07-01,XLK,0.25
2015-07-02,GLD,0
2015-07-02,QQQ,0.25
2015-07-02,SPY,0.25
2015-07-02,VTI,0.25
2015-07-02,XLK,0.25
2015-07-06,GLD,0
2015-07-06,QQQ,0.25
2015-07-06,SPY,0.25
2015-07-06,VTI,0.25
2015-07-06,XLK,0.25
2015-07-07,GLD,0
2015-07-07,QQQ,0.25
2015-07-07,SPY,0.25
2015-07-07,VTI,0.25
2015-07-07,XLK,0.25
2015-07-08,GLD,0
2015-07-08,QQQ,0.25
2015-07-08,SPY,0.25
2015-07-08,VTI,0.25
2015-07-08,XLK,0.25
2015-07-09,GLD,0
2015-07-09,QQQ,0.25
2015-07-09,SPY,0.25
2015-07-09,VTI,0.25
2015-07-09,XLK,0.25
2015-07-10,GLD,0
2015-07-10,QQQ,0.25
2015-07-10,SPY,0.25
2015-07-10,VTI,0.25
2015-07-10,XLK,0.25
2015-07-13,GLD,0
2015-07-13,QQQ,0.25
2015-07-13,SPY,0.25
2015-07-13,VTI,0.25
2015-07-13,XLK,0.25
2015-07-14,GLD,0
2015-07-14,QQQ,0.25
2015-07-14,SPY,0.25
2015-07-14,VTI,0.25
2015-07-14,XLK,0.25
2015-07-15,GLD,0
2015-07-15,QQQ,0.25
2015-07-15,SPY,0.25
2015-07-15,VTI,0.25
2015-07-15,XLK,0.25
2015-07-16,GLD,0
2015-07-16,QQQ,0.25
2015-07-16,SPY,0.25
2015-07-16,VTI,0.25
2015-07-16,XLK,0.25
2015-07-17,GLD,0
2015-07-17,QQQ,0.25
2015-07-17,SPY,0.25
2015-07-17,VTI,0.25
2015-07-17,XLK,0.25
2015-07-20,GLD,0
2015-07-20,QQQ,0.25
2015-07-20,SPY,0.25
2015-07-20,VTI,0.25
2015-07-20,XLK,0.25
2015-07-21,GLD,0
2015-07-21,QQQ,0.25
2015-07-21,SPY,0.25
2015-07-21,VTI,0.25
2015-07-21,XLK,0.25
2015-07-22,GLD,0
2015-07-22,QQQ,0.25
2015-07-22,SPY,0.25
2015-07-22,VTI,0.25
2015-07-22,XLK,0.25
2015-07-23,GLD,0
2015-07-23,QQQ,0.25
2015-07-23,SPY,0.25
2015-07-23,VTI,0.25
2015-07-23,XLK,0.25
2015-07-24,GLD,0
2015-07-24,QQQ,0.25
2015-07-24,SPY,0.25
2015-07-24,VTI,0.25
2015-07-24,XLK,0.25
2015-07-27,GLD,0
2015-07-27,QQQ,0.25
2015-07-27,SPY,0.25
2015-07-27,VTI,0.25
2015-07-27,XLK,0.25
2015-07-28,GLD,0
2015-07-28,QQQ,0.25
2015-07-28,SPY,0.25
2015-07-28,VTI,0.25
2015-07-28,XLK,0.25
2015-07-29,GLD,0
2015-07-29,QQQ,0.25
2015-07-29,SPY,0.25
2015-07-29,VTI,0.25
2015-07-29,XLK,0.25
2015-07-30,GLD,0
2015-07-30,QQQ,0.25
2015-07-30,SPY,0.25
2015-07-30,VTI,0.25
2015-07-30,XLK,0.25
2015-07-31,GLD,0
2015-07-31,QQQ,0.25
2015-07-31,SPY,0.25
2015-07-31,VTI,0.25
2015-07-31,XLK,0.25
2015-08-03,GLD,0
2015-08-03,QQQ,0.25
2015-08-03,SPY,0.25
2015-08-03,VTI,0.25
2015-08-03,XLK,0.25
2015-08-04,GLD,0
2015-08-04,QQQ,0.25
2015-08-04,SPY,0.25
2015-08-04,VTI,0.25
2015-08-04,XLK,0.25
2015-08-05,GLD,0
2015-08-05,QQQ,0.25
2015-08-05,SPY,0.25
2015-08-05,VTI,0.25
2015-08-05,XLK,0.25
2015-08-06,GLD,0
2015-08-06,QQQ,0.25
2015-08-06,SPY,0.25
2015-08-06,VTI,0.25
2015-08-06,XLK,0.25
2015-08-07,GLD,0
2015-08-07,QQQ,0.25
2015-08-07,SPY,0.25
2015-08-07,VTI,0.25
2015-08-07,XLK,0.25
2015-08-10,GLD,0
2015-08-10,QQQ,0.25
2015-08-10,SPY,0.25
2015-08-10,VTI,0.25
2015-08-10,XLK,0.25
2015-08-11,GLD,0
2015-08-11,QQQ,0.25
2015-08-11,SPY,0.25
2015-08-11,VTI,0.25
2015-08-11,XLK,0.25
2015-08-12,GLD,0
2015-08-12,QQQ,0.25
2015-08-12,SPY,0.25
2015-08-12,VTI,0.25
2015-08-12,XLK,0.25
2015-08-13,GLD,0
2015-08-13,QQQ,0.25
2015-08-13,SPY,0.25
2015-08-13,VTI,0.25
2015-08-13,XLK,0.25
2015-08-14,GLD,0
2015-08-14,QQQ,0.25
2015-08-14,SPY,0.25
2015-08-14,VTI,0.25
2015-08-14,XLK,0.25
2015-08-17,GLD,0
2015-08-17,QQQ,0.25
2015-08-17,SPY,0.25
2015-08-17,VTI,0.25
2015-08-17,XLK,0.25
2015-08-18,GLD,0
2015-08-18,QQQ,0.25
2015-08-18,SPY,0.25
2015-08-18,VTI,0.25
2015-08-18,XLK,0.25
2015-08-19,GLD,0
2015-08-19,QQQ,0.25
2015-08-19,SPY,0.25
2015-08-19,VTI,0.25
2015-08-19,XLK,0.25
2015-08-20,GLD,0
2015-08-20,QQQ,0.25
2015-08-20,SPY,0.25
2015-08-20,VTI,0.25
2015-08-20,XLK,0.25
2015-08-21,GLD,1
2015-08-21,QQQ,0
2015-08-21,SPY,0
2015-08-21,VTI,0
2015-08-21,XLK,0
2015-08-24,GLD,1
2015-08-24,QQQ,0
2015-08-24,SPY,0
2015-08-24,VTI,0
2015-08-24,XLK,0
2015-08-25,GLD,1
2015-08-25,QQQ,0
2015-08-25,SPY,0
2015-08-25,VTI,0
2015-08-25,XLK,0
2015-08-26,GLD,1
2015-08-26,QQQ,0
2015-08-26,SPY,0
2015-08-26,VTI,0
2015-08-26,XLK,0
2015-08-27,GLD,1
2015-08-27,QQQ,0
2015-08-27,SPY,0
2015-08-27,VTI,0
2015-08-27,XLK,0
2015-08-28,GLD,1
2015-08-28,QQQ,0
2015-08-28,SPY,0
2015-08-28,VTI,0
2015-08-28,XLK,0
2015-08-31,GLD,1
2015-08-31,QQQ,0
2015-08-31,SPY,0
2015-08-31,VTI,0
2015-08-31,XLK,0
2015-09-01,GLD,1
2015-09-01,QQQ,0
2015-09-01,SPY,0
2015-09-01,VTI,0
2015-09-01,XLK,0
2015-09-02,GLD,1
2015-09-02,QQQ,0
2015-09-02,SPY,0
2015-09-02,VTI,0
2015-09-02,XLK,0
2015-09-03,GLD,1
2015-09-03,QQQ,0
2015-09-03,SPY,0
2015-09-03,VTI,0
2015-09-03,XLK,0
2015-09-04,GLD,1
2015-09-04,QQQ,0
2015-09-04,SPY,0
2015-09-04,VTI,0
2015-09-04,XLK,0
2015-09-08,GLD,1
2015-09-08,QQQ,0
2015-09-08,SPY,0
2015-09-08,VTI,0
2015-09-08,XLK,0
2015-09-09,GLD,1
2015-09-09,QQQ,0
2015-09-09,SPY,0
2015-09-09,VTI,0
2015-09-09,XLK,0
2015-09-10,GLD,1
2015-09-10,QQQ,0
2015-09-10,SPY,0
2015-09-10,VTI,0
2015-09-10,XLK,0
2015-09-11,GLD,1
2015-09-11,QQQ,0
2015-09-11,SPY,0
2015-09-11,VTI,0
2015-09-11,XLK,0
2015-09-14,GLD,1
2015-09-14,QQQ,0
2015-09-14,SPY,0
2015-09-14,VTI,0
2015-09-14,XLK,0
2015-09-15,GLD,1
2015-09-15,QQQ,0
2015-09-15,SPY,0
2015-09-15,VTI,0
2015-09-15,XLK,0
2015-09-16,GLD,1
2015-09-16,QQQ,0
2015-09-16,SPY,0
2015-09-16,VTI,0
2015-09-16,XLK,0
2015-09-17,GLD,1
2015-09-17,QQQ,0
2015-09-17,SPY,0
2015-09-17,VTI,0
2015-09-17,XLK,0
2015-09-18,GLD,1
2015-09-18,QQQ,0
2015-09-18,SPY,0
2015-09-18,VTI,0
2015-09-18,XLK,0
2015-09-21,GLD,1
2015-09-21,QQQ,0
2015-09-21,SPY,0
2015-09-21,VTI,0
2015-09-21,XLK,0
2015-09-22,GLD,1
2015-09-22,QQQ,0
2015-09-22,SPY,0
2015-09-22,VTI,0
2015-09-22,XLK,0
2015-09-23,GLD,1
2015-09-23,QQQ,0
2015-09-23,SPY,0
2015-09-23,VTI,0
2015-09-23,XLK,0
2015-09-24,GLD,1
2015-09-24,QQQ,0
2015-09-24,SPY,0
2015-09-24,VTI,0
2015-09-24,XLK,0
2015-09-25,GLD,1
2015-09-25,QQQ,0
2015-09-25,SPY,0
2015-09-25,VTI,0
2015-09-25,XLK,0
2015-09-28,GLD,1
2015-09-28,QQQ,0
2015-09-28,SPY,0
2015-09-28,VTI,0
2015-09-28,XLK,0
2015-09-29,GLD,1
2015-09-29,QQQ,0
2015-09-29,SPY,0
2015-09-29,VTI,0
2015-09-29,XLK,0
2015-09-30,GLD,1
2015-09-30,QQQ,0
2015-09-30,SPY,0
2015-09-30,VTI,0
2015-09-30,XLK,0
2015-10-01,GLD,1
2015-10-01,QQQ,0
2015-10-01,SPY,0
2015-10-01,VTI,0
2015-10-01,XLK,0
2015-10-02,GLD,1
2015-10-02,QQQ,0
2015-10-02,SPY,0
2015-10-02,VTI,0
2015-10-02,XLK,0
2015-10-05,GLD,1
2015-10-05,QQQ,0
2015-10-05,SPY,0
2015-10-05,VTI,0
2015-10-05,XLK,0
2015-10-06,GLD,1
2015-10-06,QQQ,0
2015-10-06,SPY,0
2015-10-06,VTI,0
2015-10-06,XLK,0
2015-10-07,GLD,1
2015-10-07,QQQ,0
2015-10-07,SPY,0
2015-10-07,VTI,0
2015-10-07,XLK,0
2015-10-08,GLD,1
2015-10-08,QQQ,0
2015-10-08,SPY,0
2015-10-08,VTI,0
2015-10-08,XLK,0
2015-10-09,GLD,1
2015-10-09,QQQ,0
2015-10-09,SPY,0
2015-10-09,VTI,0
2015-10-09,XLK,0
2015-10-12,GLD,1
2015-10-12,QQQ,0
2015-10-12,SPY,0
2015-10-12,VTI,0
2015-10-12,XLK,0
2015-10-13,GLD,1
2015-10-13,QQQ,0
2015-10-13,SPY,0
2015-10-13,VTI,0
2015-10-13,XLK,0
2015-10-14,GLD,1
2015-10-14,QQQ,0
2015-10-14,SPY,0
2015-10-14,VTI,0
2015-10-14,XLK,0
2015-10-15,GLD,1
2015-10-15,QQQ,0
2015-10-15,SPY,0
2015-10-15,VTI,0
2015-10-15,XLK,0
2015-10-16,GLD,1
2015-10-16,QQQ,0
2015-10-16,SPY,0
2015-10-16,VTI,0
2015-10-16,XLK,0
2015-10-19,GLD,0.75
2015-10-19,QQQ,0.25
2015-10-19,SPY,0
2015-10-19,VTI,0
2015-10-19,XLK,0
2015-10-20,GLD,0.75
2015-10-20,QQQ,0.25
2015-10-20,SPY,0
2015-10-20,VTI,0
2015-10-20,XLK,0
2015-10-21,GLD,0.75
2015-10-21,QQQ,0.25
2015-10-21,SPY,0
2015-10-21,VTI,0
2015-10-21,XLK,0
2015-10-22,GLD,0.5
2015-10-22,QQQ,0.25
2015-10-22,SPY,0
2015-10-22,VTI,0
2015-10-22,XLK,0.25
2015-10-23,GLD,0.5
2015-10-23,QQQ,0.25
2015-10-23,SPY,0
2015-10-23,VTI,0
2015-10-23,XLK,0.25
2015-10-26,GLD,0.5
2015-10-26,QQQ,0.25
2015-10-26,SPY,0
2015-10-26,VTI,0
2015-10-26,XLK,0.25
2015-10-27,GLD,0.5
2015-10-27,QQQ,0.25
2015-10-27,SPY,0
2015-10-27,VTI,0
2015-10-27,XLK,0.25
2015-10-28,GLD,0.25
2015-10-28,QQQ,0.25
2015-10-28,SPY,0.25
2015-10-28,VTI,0
2015-10-28,XLK,0.25
2015-10-29,GLD,0.25
2015-10-29,QQQ,0.25
2015-10-29,SPY,0.25
2015-10-29,VTI,0
2015-10-29,XLK,0.25
2015-10-30,GLD,0.25
2015-10-30,QQQ,0.25
2015-10-30,SPY,0.25
2015-10-30,VTI,0
2015-10-30,XLK,0.25
2015-11-02,GLD,0.25
2015-11-02,QQQ,0.25
2015-11-02,SPY,0.25
2015-11-02,VTI,0
2015-11-02,XLK,0.25
2015-11-03,GLD,0
2015-11-03,QQQ,0.25
2015-11-03,SPY,0.25
2015-11-03,VTI,0.25
2015-11-03,XLK,0.25
2015-11-04,GLD,0
2015-11-04,QQQ,0.25
2015-11-04,SPY,0.25
2015-11-04,VTI,0.25
2015-11-04,XLK,0.25
2015-11-05,GLD,0
2015-11-05,QQQ,0.25
2015-11-05,SPY,0.25
2015-11-05,VTI,0.25
2015-11-05,XLK,0.25
2015-11-06,GLD,0
2015-11-06,QQQ,0.25
2015-11-06,SPY,0.25
2015-11-06,VTI,0.25
2015-11-06,XLK,0.25
2015-11-09,GLD,0
2015-11-09,QQQ,0.25
2015-11-09,SPY,0.25
2015-11-09,VTI,0.25
2015-11-09,XLK,0.25
2015-11-10,GLD,0
2015-11-10,QQQ,0.25
2015-11-10,SPY,0.25
2015-11-10,VTI,0.25
2015-11-10,XLK,0.25
2015-11-11,GLD,0
2015-11-11,QQQ,0.25
2015-11-11,SPY,0.25
2015-11-11,VTI,0.25
2015-11-11,XLK,0.25
2015-11-12,GLD,0
2015-11-12,QQQ,0.25
2015-11-12,SPY,0.25
2015-11-12,VTI,0.25
2015-11-12,XLK,0.25
2015-11-13,GLD,0.25
2015-11-13,QQQ,0.25
2015-11-13,SPY,0.25
2015-11-13,VTI,0
2015-11-13,XLK,0.25
2015-11-16,GLD,0.25
2015-11-16,QQQ,0.25
2015-11-16,SPY,0.25
2015-11-16,VTI,0
2015-11-16,XLK,0.25
2015-11-17,GLD,0.25
2015-11-17,QQQ,0.25
2015-11-17,SPY,0.25
2015-11-17,VTI,0
2015-11-17,XLK,0.25
2015-11-18,GLD,0.25
2015-11-18,QQQ,0.25
2015-11-18,SPY,0.25
2015-11-18,VTI,0
2015-11-18,XLK,0.25
2015-11-19,GLD,0.25
2015-11-19,QQQ,0.25
2015-11-19,SPY,0.25
2015-11-19,VTI,0
2015-11-19,XLK,0.25
2015-11-20,GLD,0.25
2015-11-20,QQQ,0.25
2015-11-20,SPY,0.25
2015-11-20,VTI,0
2015-11-20,XLK,0.25
2015-11-23,GLD,0.25
2015-11-23,QQQ,0.25
2015-11-23,SPY,0.25
2015-11-23,VTI,0
2015-11-23,XLK,0.25
2015-11-24,GLD,0.25
2015-11-24,QQQ,0.25
2015-11-24,SPY,0.25
2015-11-24,VTI,0
2015-11-24,XLK,0.25
2015-11-25,GLD,0.25
2015-11-25,QQQ,0.25
2015-11-25,SPY,0.25
2015-11-25,VTI,0
2015-11-25,XLK,0.25
2015-11-27,GLD,0.25
2015-11-27,QQQ,0.25
2015-11-27,SPY,0.25
2015-11-27,VTI,0
2015-11-27,XLK,0.25
2015-11-30,GLD,0.25
2015-11-30,QQQ,0.25
2015-11-30,SPY,0.25
2015-11-30,VTI,0
2015-11-30,XLK,0.25
2015-12-01,GLD,0.25
2015-12-01,QQQ,0.25
2015-12-01,SPY,0.25
2015-12-01,VTI,0
2015-12-01,XLK,0.25
2015-12-02,GLD,0.25
2015-12-02,QQQ,0.25
2015-12-02,SPY,0.25
2015-12-02,VTI,0
2015-12-02,XLK,0.25
2015-12-03,GLD,0.25
2015-12-03,QQQ,0.25
2015-12-03,SPY,0.25
2015-12-03,VTI,0
2015-12-03,XLK,0.25
2015-12-04,GLD,0.25
2015-12-04,QQQ,0.25
2015-12-04,SPY,0.25
2015-12-04,VTI,0
2015-12-04,XLK,0.25
2015-12-07,GLD,0.25
2015-12-07,QQQ,0.25
2015-12-07,SPY,0.25
2015-12-07,VTI,0
2015-12-07,XLK,0.25
2015-12-08,GLD,0.25
2015-12-08,QQQ,0.25
2015-12-08,SPY,0.25
2015-12-08,VTI,0
2015-12-08,XLK,0.25
2015-12-09,GLD,0.25
2015-12-09,QQQ,0.25
2015-12-09,SPY,0.25
2015-12-09,VTI,0
2015-12-09,XLK,0.25
2015-12-10,GLD,0.25
2015-12-10,QQQ,0.25
2015-12-10,SPY,0.25
2015-12-10,VTI,0
2015-12-10,XLK,0.25
2015-12-11,GLD,0.25
2015-12-11,QQQ,0.25
2015-12-11,SPY,0.25
2015-12-11,VTI,0
2015-12-11,XLK,0.25
2015-12-14,GLD,0.25
2015-12-14,QQQ,0.25
2015-12-14,SPY,0.25
2015-12-14,VTI,0
2015-12-14,XLK,0.25
2015-12-15,GLD,0.25
2015-12-15,QQQ,0.25
2015-12-15,SPY,0.25
2015-12-15,VTI,0
2015-12-15,XLK,0.25
2015-12-16,GLD,0.25
2015-12-16,QQQ,0.25
2015-12-16,SPY,0.25
2015-12-16,VTI,0
2015-12-16,XLK,0.25
2015-12-17,GLD,0.25
2015-12-17,QQQ,0.25
2015-12-17,SPY,0.25
2015-12-17,VTI,0
2015-12-17,XLK,0.25
2015-12-18,GLD,0.25
2015-12-18,QQQ,0.25
2015-12-18,SPY,0.25
2015-12-18,VTI,0
2015-12-18,XLK,0.25
2015-12-21,GLD,0.25
2015-12-21,QQQ,0.25
2015-12-21,SPY,0.25
2015-12-21,VTI,0
2015-12-21,XLK,0.25
2015-12-22,GLD,0.25
2015-12-22,QQQ,0.25
2015-12-22,SPY,0.25
2015-12-22,VTI,0
2015-12-22,XLK,0.25
2015-12-23,GLD,0.25
2015-12-23,QQQ,0.25
2015-12-23,SPY,0.25
2015-12-23,VTI,0
2015-12-23,XLK,0.25
2015-12-24,GLD,0.25
2015-12-24,QQQ,0.25
2015-12-24,SPY,0.25
2015-12-24,VTI,0
2015-12-24,XLK,0.25
2015-12-28,GLD,0.25
2015-12-28,QQQ,0.25
2015-12-28,SPY,0.25
2015-12-28,VTI,0
2015-12-28,XLK,0.25
2015-12-29,GLD,0.25
2015-12-29,QQQ,0.25
2015-12-29,SPY,0.25
2015-12-29,VTI,0
2015-12-29,XLK,0.25
2015-12-30,GLD,0.25
2015-12-30,QQQ,0.25
2015-12-30,SPY,0.25
2015-12-30,VTI,0
2015-12-30,XLK,0.25
2015-12-31,GLD,0.25
2015-12-31,QQQ,0.25
2015-12-31,SPY,0.25
2015-12-31,VTI,0
2015-12-31,XLK,0.25
2016-01-04,GLD,0.25
2016-01-04,QQQ,0.25
2016-01-04,SPY,0.25
2016-01-04,VTI,0
2016-01-04,XLK,0.25
2016-01-05,GLD,0.25
2016-01-05,QQQ,0.25
2016-01-05,SPY,0.25
2016-01-05,VTI,0
2016-01-05,XLK,0.25
2016-01-06,GLD,0.5
2016-01-06,QQQ,0.25
2016-01-06,SPY,0
2016-01-06,VTI,0
2016-01-06,XLK,0.25
2016-01-07,GLD,1
2016-01-07,QQQ,0
2016-01-07,SPY,0
2016-01-07,VTI,0
2016-01-07,XLK,0
2016-01-08,GLD,1
2016-01-08,QQQ,0
2016-01-08,SPY,0
2016-01-08,VTI,0
2016-01-08,XLK,0
2016-01-11,GLD,1
2016-01-11,QQQ,0
2016-01-11,SPY,0
2016-01-11,VTI,0
2016-01-11,XLK,0
2016-01-12,GLD,1
2016-01-12,QQQ,0
2016-01-12,SPY,0
2016-01-12,VTI,0
2016-01-12,XLK,0
2016-01-13,GLD,1
2016-01-13,QQQ,0
2016-01-13,SPY,0
2016-01-13,VTI,0
2016-01-13,XLK,0
2016-01-14,GLD,1
2016-01-14,QQQ,0
2016-01-14,SPY,0
2016-01-14,VTI,0
2016-01-14,XLK,0
2016-01-15,GLD,1
2016-01-15,QQQ,0
2016-01-15,SPY,0
2016-01-15,VTI,0
2016-01-15,XLK,0
2016-01-19,GLD,1
2016-01-19,QQQ,0
2016-01-19,SPY,0
2016-01-19,VTI,0
2016-01-19,XLK,0
2016-01-20,GLD,1
2016-01-20,QQQ,0
2016-01-20,SPY,0
2016-01-20,VTI,0
2016-01-20,XLK,0
2016-01-21,GLD,1
2016-01-21,QQQ,0
2016-01-21,SPY,0
2016-01-21,VTI,0
2016-01-21,XLK,0
2016-01-22,GLD,1
2016-01-22,QQQ,0
2016-01-22,SPY,0
2016-01-22,VTI,0
2016-01-22,XLK,0
2016-01-25,GLD,1
2016-01-25,QQQ,0
2016-01-25,SPY,0
2016-01-25,VTI,0
2016-01-25,XLK,0
2016-01-26,GLD,1
2016-01-26,QQQ,0
2016-01-26,SPY,0
2016-01-26,VTI,0
2016-01-26,XLK,0
2016-01-27,GLD,1
2016-01-27,QQQ,0
2016-01-27,SPY,0
2016-01-27,VTI,0
2016-01-27,XLK,0
2016-01-28,GLD,1
2016-01-28,QQQ,0
2016-01-28,SPY,0
2016-01-28,VTI,0
2016-01-28,XLK,0
2016-01-29,GLD,1
2016-01-29,QQQ,0
2016-01-29,SPY,0
2016-01-29,VTI,0
2016-01-29,XLK,0
2016-02-01,GLD,1
2016-02-01,QQQ,0
2016-02-01,SPY,0
2016-02-01,VTI,0
2016-02-01,XLK,0
2016-02-02,GLD,1
2016-02-02,QQQ,0
2016-02-02,SPY,0
2016-02-02,VTI,0
2016-02-02,XLK,0
2016-02-03,GLD,1
2016-02-03,QQQ,0
2016-02-03,SPY,0
2016-02-03,VTI,0
2016-02-03,XLK,0
2016-02-04,GLD,1
2016-02-04,QQQ,0
2016-02-04,SPY,0
2016-02-04,VTI,0
2016-02-04,XLK,0
2016-02-05,GLD,1
2016-02-05,QQQ,0
2016-02-05,SPY,0
2016-02-05,VTI,0
2016-02-05,XLK,0
2016-02-08,GLD,1
2016-02-08,QQQ,0
2016-02-08,SPY,0
2016-02-08,VTI,0
2016-02-08,XLK,0
2016-02-09,GLD,1
2016-02-09,QQQ,0
2016-02-09,SPY,0
2016-02-09,VTI,0
2016-02-09,XLK,0
2016-02-10,GLD,1
2016-02-10,QQQ,0
2016-02-10,SPY,0
2016-02-10,VTI,0
2016-02-10,XLK,0
2016-02-11,GLD,1
2016-02-11,QQQ,0
2016-02-11,SPY,0
2016-02-11,VTI,0
2016-02-11,XLK,0
2016-02-12,GLD,1
2016-02-12,QQQ,0
2016-02-12,SPY,0
2016-02-12,VTI,0
2016-02-12,XLK,0
2016-02-16,GLD,1
2016-02-16,QQQ,0
2016-02-16,SPY,0
2016-02-16,VTI,0
2016-02-16,XLK,0
2016-02-17,GLD,1
2016-02-17,QQQ,0
2016-02-17,SPY,0
2016-02-17,VTI,0
2016-02-17,XLK,0
2016-02-18,GLD,1
2016-02-18,QQQ,0
2016-02-18,SPY,0
2016-02-18,VTI,0
2016-02-18,XLK,0
2016-02-19,GLD,1
2016-02-19,QQQ,0
2016-02-19,SPY,0
2016-02-19,VTI,0
2016-02-19,XLK,0
2016-02-22,GLD,1
2016-02-22,QQQ,0
2016-02-22,SPY,0
2016-02-22,VTI,0
2016-02-22,XLK,0
2016-02-23,GLD,1
2016-02-23,QQQ,0
2016-02-23,SPY,0
2016-02-23,VTI,0
2016-02-23,XLK,0
2016-02-24,GLD,1
2016-02-24,QQQ,0
2016-02-24,SPY,0
2016-02-24,VTI,0
2016-02-24,XLK,0
2016-02-25,GLD,1
2016-02-25,QQQ,0
2016-02-25,SPY,0
2016-02-25,VTI,0
2016-02-25,XLK,0
2016-02-26,GLD,1
2016-02-26,QQQ,0
2016-02-26,SPY,0
2016-02-26,VTI,0
2016-02-26,XLK,0
2016-02-29,GLD,1
2016-02-29,QQQ,0
2016-02-29,SPY,0
2016-02-29,VTI,0
2016-02-29,XLK,0
2016-03-01,GLD,1
2016-03-01,QQQ,0
2016-03-01,SPY,0
2016-03-01,VTI,0
2016-03-01,XLK,0
2016-03-02,GLD,1
2016-03-02,QQQ,0
2016-03-02,SPY,0
2016-03-02,VTI,0
2016-03-02,XLK,0
2016-03-03,GLD,1
2016-03-03,QQQ,0
2016-03-03,SPY,0
2016-03-03,VTI,0
2016-03-03,XLK,0
2016-03-04,GLD,1
2016-03-04,QQQ,0
2016-03-04,SPY,0
2016-03-04,VTI,0
2016-03-04,XLK,0
2016-03-07,GLD,1
2016-03-07,QQQ,0
2016-03-07,SPY,0
2016-03-07,VTI,0
2016-03-07,XLK,0
2016-03-08,GLD,1
2016-03-08,QQQ,0
2016-03-08,SPY,0
2016-03-08,VTI,0
2016-03-08,XLK,0
2016-03-09,GLD,1
2016-03-09,QQQ,0
2016-03-09,SPY,0
2016-03-09,VTI,0
2016-03-09,XLK,0
2016-03-10,GLD,1
2016-03-10,QQQ,0
2016-03-10,SPY,0
2016-03-10,VTI,0
2016-03-10,XLK,0
2016-03-11,GLD,0.75
2016-03-11,QQQ,0
2016-03-11,SPY,0
2016-03-11,VTI,0
2016-03-11,XLK,0.25
2016-03-14,GLD,0.75
2016-03-14,QQQ,0
2016-03-14,SPY,0
2016-03-14,VTI,0
2016-03-14,XLK,0.25
2016-03-15,GLD,0.75
2016-03-15,QQQ,0
2016-03-15,SPY,0
2016-03-15,VTI,0
2016-03-15,XLK,0.25
2016-03-16,GLD,0.75
2016-03-16,QQQ,0
2016-03-16,SPY,0
2016-03-16,VTI,0
2016-03-16,XLK,0.25
2016-03-17,GLD,0.75
2016-03-17,QQQ,0
2016-03-17,SPY,0
2016-03-17,VTI,0
2016-03-17,XLK,0.25
2016-03-18,GLD,0.5
2016-03-18,QQQ,0
2016-03-18,SPY,0.25
2016-03-18,VTI,0
2016-03-18,XLK,0.25
2016-03-21,GLD,0.5
2016-03-21,QQQ,0
2016-03-21,SPY,0.25
2016-03-21,VTI,0
2016-03-21,XLK,0.25
2016-03-22,GLD,0.5
2016-03-22,QQQ,0
2016-03-22,SPY,0.25
2016-03-22,VTI,0
2016-03-22,XLK,0.25
2016-03-23,GLD,0.5
2016-03-23,QQQ,0
2016-03-23,SPY,0.25
2016-03-23,VTI,0
2016-03-23,XLK,0.25
2016-03-24,GLD,0.5
2016-03-24,QQQ,0
2016-03-24,SPY,0.25
2016-03-24,VTI,0
2016-03-24,XLK,0.25
2016-03-28,GLD,0.5
2016-03-28,QQQ,0
2016-03-28,SPY,0.25
2016-03-28,VTI,0
2016-03-28,XLK,0.25
2016-03-29,GLD,0.5
2016-03-29,QQQ,0
2016-03-29,SPY,0.25
2016-03-29,VTI,0
2016-03-29,XLK,0.25
2016-03-30,GLD,0
2016-03-30,QQQ,0.25
2016-03-30,SPY,0.25
2016-03-30,VTI,0.25
2016-03-30,XLK,0.25
2016-03-31,GLD,0
2016-03-31,QQQ,0.25
2016-03-31,SPY,0.25
2016-03-31,VTI,0.25
2016-03-31,XLK,0.25
2016-04-01,GLD,0
2016-04-01,QQQ,0.25
2016-04-01,SPY,0.25
2016-04-01,VTI,0.25
2016-04-01,XLK,0.25
2016-04-04,GLD,0
2016-04-04,QQQ,0.25
2016-04-04,SPY,0.25
2016-04-04,VTI,0.25
2016-04-04,XLK,0.25
2016-04-05,GLD,0
2016-04-05,QQQ,0.25
2016-04-05,SPY,0.25
2016-04-05,VTI,0.25
2016-04-05,XLK,0.25
2016-04-06,GLD,0
2016-04-06,QQQ,0.25
2016-04-06,SPY,0.25
2016-04-06,VTI,0.25
2016-04-06,XLK,0.25
2016-04-07,GLD,0
2016-04-07,QQQ,0.25
2016-04-07,SPY,0.25
2016-04-07,VTI,0.25
2016-04-07,XLK,0.25
2016-04-08,GLD,0
2016-04-08,QQQ,0.25
2016-04-08,SPY,0.25
2016-04-08,VTI,0.25
2016-04-08,XLK,0.25
2016-04-11,GLD,0
2016-04-11,QQQ,0.25
2016-04-11,SPY,0.25
2016-04-11,VTI,0.25
2016-04-11,XLK,0.25
2016-04-12,GLD,0
2016-04-12,QQQ,0.25
2016-04-12,SPY,0.25
2016-04-12,VTI,0.25
2016-04-12,XLK,0.25
2016-04-13,GLD,0
2016-04-13,QQQ,0.25
2016-04-13,SPY,0.25
2016-04-13,VTI,0.25
2016-04-13,XLK,0.25
2016-04-14,GLD,0
2016-04-14,QQQ,0.25
2016-04-14,SPY,0.25
2016-04-14,VTI,0.25
2016-04-14,XLK,0.25
2016-04-15,GLD,0
2016-04-15,QQQ,0.25
2016-04-15,SPY,0.25
2016-04-15,VTI,0.25
2016-04-15,XLK,0.25
2016-04-18,GLD,0
2016-04-18,QQQ,0.25
2016-04-18,SPY,0.25
2016-04-18,VTI,0.25
2016-04-18,XLK,0.25
2016-04-19,GLD,0
2016-04-19,QQQ,0.25
2016-04-19,SPY,0.25
2016-04-19,VTI,0.25
2016-04-19,XLK,0.25
2016-04-20,GLD,0
2016-04-20,QQQ,0.25
2016-04-20,SPY,0.25
2016-04-20,VTI,0.25
2016-04-20,XLK,0.25
2016-04-21,GLD,0
2016-04-21,QQQ,0.25
2016-04-21,SPY,0.25
2016-04-21,VTI,0.25
2016-04-21,XLK,0.25
2016-04-22,GLD,0
2016-04-22,QQQ,0.25
2016-04-22,SPY,0.25
2016-04-22,VTI,0.25
2016-04-22,XLK,0.25
2016-04-25,GLD,0
2016-04-25,QQQ,0.25
2016-04-25,SPY,0.25
2016-04-25,VTI,0.25
2016-04-25,XLK,0.25
2016-04-26,GLD,0
2016-04-26,QQQ,0.25
2016-04-26,SPY,0.25
2016-04-26,VTI,0.25
2016-04-26,XLK,0.25
2016-04-27,GLD,0
2016-04-27,QQQ,0.25
2016-04-27,SPY,0.25
2016-04-27,VTI,0.25
2016-04-27,XLK,0.25
2016-04-28,GLD,0
2016-04-28,QQQ,0.25
2016-04-28,SPY,0.25
2016-04-28,VTI,0.25
2016-04-28,XLK,0.25
2016-04-29,GLD,0
2016-04-29,QQQ,0.25
2016-04-29,SPY,0.25
2016-04-29,VTI,0.25
2016-04-29,XLK,0.25
2016-05-02,GLD,0
2016-05-02,QQQ,0.25
2016-05-02,SPY,0.25
2016-05-02,VTI,0.25
2016-05-02,XLK,0.25
2016-05-03,GLD,0
2016-05-03,QQQ,0.25
2016-05-03,SPY,0.25
2016-05-03,VTI,0.25
2016-05-03,XLK,0.25
2016-05-04,GLD,0.25
2016-05-04,QQQ,0
2016-05-04,SPY,0.25
2016-05-04,VTI,0.25
2016-05-04,XLK,0.25
2016-05-05,GLD,0.25
2016-05-05,QQQ,0
2016-05-05,SPY,0.25
2016-05-05,VTI,0.25
2016-05-05,XLK,0.25
2016-05-06,GLD,0.25
2016-05-06,QQQ,0
2016-05-06,SPY,0.25
2016-05-06,VTI,0.25
2016-05-06,XLK,0.25
2016-05-09,GLD,0.25
2016-05-09,QQQ,0
2016-05-09,SPY,0.25
2016-05-09,VTI,0.25
2016-05-09,XLK,0.25
2016-05-10,GLD,0.25
2016-05-10,QQQ,0
2016-05-10,SPY,0.25
2016-05-10,VTI,0.25
2016-05-10,XLK,0.25
2016-05-11,GLD,0.25
2016-05-11,QQQ,0
2016-05-11,SPY,0.25
2016-05-11,VTI,0.25
2016-05-11,XLK,0.25
2016-05-12,GLD,0.25
2016-05-12,QQQ,0
2016-05-12,SPY,0.25
2016-05-12,VTI,0.25
2016-05-12,XLK,0.25
2016-05-13,GLD,0.25
2016-05-13,QQQ,0
2016-05-13,SPY,0.25
2016-05-13,VTI,0.25
2016-05-13,XLK,0.25
2016-05-16,GLD,0.25
2016-05-16,QQQ,0
2016-05-16,SPY,0.25
2016-05-16,VTI,0.25
2016-05-16,XLK,0.25
2016-05-17,GLD,0.25
2016-05-17,QQQ,0
2016-05-17,SPY,0.25
2016-05-17,VTI,0.25
2016-05-17,XLK,0.25
2016-05-18,GLD,0.25
2016-05-18,QQQ,0
2016-05-18,SPY,0.25
2016-05-18,VTI,0.25
2016-05-18,XLK,0.25
2016-05-19,GLD,0.25
2016-05-19,QQQ,0
2016-05-19,SPY,0.25
2016-05-19,VTI,0.25
2016-05-19,XLK,0.25
2016-05-20,GLD,0.25
2016-05-20,QQQ,0
2016-05-20,SPY,0.25
2016-05-20,VTI,0.25
2016-05-20,XLK,0.25
2016-05-23,GLD,0.25
2016-05-23,QQQ,0
2016-05-23,SPY,0.25
2016-05-23,VTI,0.25
2016-05-23,XLK,0.25
2016-05-24,GLD,0.25
2016-05-24,QQQ,0
2016-05-24,SPY,0.25
2016-05-24,VTI,0.25
2016-05-24,XLK,0.25
2016-05-25,GLD,0
2016-05-25,QQQ,0.25
2016-05-25,SPY,0.25
2016-05-25,VTI,0.25
2016-05-25,XLK,0.25
2016-05-26,GLD,0
2016-05-26,QQQ,0.25
2016-05-26,SPY,0.25
2016-05-26,VTI,0.25
2016-05-26,XLK,0.25
2016-05-27,GLD,0
2016-05-27,QQQ,0.25
2016-05-27,SPY,0.25
2016-05-27,VTI,0.25
2016-05-27,XLK,0.25
2016-05-31,GLD,0
2016-05-31,QQQ,0.25
2016-05-31,SPY,0.25
2016-05-31,VTI,0.25
2016-05-31,XLK,0.25
2016-06-01,GLD,0
2016-06-01,QQQ,0.25
2016-06-01,SPY,0.25
2016-06-01,VTI,0.25
2016-06-01,XLK,0.25
2016-06-02,GLD,0
2016-06-02,QQQ,0.25
2016-06-02,SPY,0.25
2016-06-02,VTI,0.25
2016-06-02,XLK,0.25
2016-06-03,GLD,0
2016-06-03,QQQ,0.25
2016-06-03,SPY,0.25
2016-06-03,VTI,0.25
2016-06-03,XLK,0.25
2016-06-06,GLD,0
2016-06-06,QQQ,0.25
2016-06-06,SPY,0.25
2016-06-06,VTI,0.25
2016-06-06,XLK,0.25
2016-06-07,GLD,0
2016-06-07,QQQ,0.25
2016-06-07,SPY,0.25
2016-06-07,VTI,0.25
2016-06-07,XLK,0.25
2016-06-08,GLD,0
2016-06-08,QQQ,0.25
2016-06-08,SPY,0.25
2016-06-08,VTI,0.25
2016-06-08,XLK,0.25
2016-06-09,GLD,0
2016-06-09,QQQ,0.25
2016-06-09,SPY,0.25
2016-06-09,VTI,0.25
2016-06-09,XLK,0.25
2016-06-10,GLD,0
2016-06-10,QQQ,0.25
2016-06-10,SPY,0.25
2016-06-10,VTI,0.25
2016-06-10,XLK,0.25
2016-06-13,GLD,0
2016-06-13,QQQ,0.25
2016-06-13,SPY,0.25
2016-06-13,VTI,0.25
2016-06-13,XLK,0.25
2016-06-14,GLD,0
2016-06-14,QQQ,0.25
2016-06-14,SPY,0.25
2016-06-14,VTI,0.25
2016-06-14,XLK,0.25
2016-06-15,GLD,0
2016-06-15,QQQ,0.25
2016-06-15,SPY,0.25
2016-06-15,VTI,0.25
2016-06-15,XLK,0.25
2016-06-16,GLD,0
2016-06-16,QQQ,0.25
2016-06-16,SPY,0.25
2016-06-16,VTI,0.25
2016-06-16,XLK,0.25
2016-06-17,GLD,0
2016-06-17,QQQ,0.25
2016-06-17,SPY,0.25
2016-06-17,VTI,0.25
2016-06-17,XLK,0.25
2016-06-20,GLD,0
2016-06-20,QQQ,0.25
2016-06-20,SPY,0.25
2016-06-20,VTI,0.25
2016-06-20,XLK,0.25
2016-06-21,GLD,0
2016-06-21,QQQ,0.25
2016-06-21,SPY,0.25
2016-06-21,VTI,0.25
2016-06-21,XLK,0.25
2016-06-22,GLD,0
2016-06-22,QQQ,0.25
2016-06-22,SPY,0.25
2016-06-22,VTI,0.25
2016-06-22,XLK,0.25
2016-06-23,GLD,0
2016-06-23,QQQ,0.25
2016-06-23,SPY,0.25
2016-06-23,VTI,0.25
2016-06-23,XLK,0.25
2016-06-24,GLD,0.25
2016-06-24,QQQ,0
2016-06-24,SPY,0.25
2016-06-24,VTI,0.25
2016-06-24,XLK,0.25
2016-06-27,GLD,0.25
2016-06-27,QQQ,0
2016-06-27,SPY,0.25
2016-06-27,VTI,0.25
2016-06-27,XLK,0.25
2016-06-28,GLD,0.25
2016-06-28,QQQ,0
2016-06-28,SPY,0.25
2016-06-28,VTI,0.25
2016-06-28,XLK,0.25
2016-06-29,GLD,0.25
2016-06-29,QQQ,0
2016-06-29,SPY,0.25
2016-06-29,VTI,0.25
2016-06-29,XLK,0.25
2016-06-30,GLD,0.25
2016-06-30,QQQ,0
2016-06-30,SPY,0.25
2016-06-30,VTI,0.25
2016-06-30,XLK,0.25
2016-07-01,GLD,0.25
2016-07-01,QQQ,0
2016-07-01,SPY,0.25
2016-07-01,VTI,0.25
2016-07-01,XLK,0.25
2016-07-05,GLD,0.25
2016-07-05,QQQ,0
2016-07-05,SPY,0.25
2016-07-05,VTI,0.25
2016-07-05,XLK,0.25
2016-07-06,GLD,0.25
2016-07-06,QQQ,0
2016-07-06,SPY,0.25
2016-07-06,VTI,0.25
2016-07-06,XLK,0.25
2016-07-07,GLD,0.25
2016-07-07,QQQ,0
2016-07-07,SPY,0.25
2016-07-07,VTI,0.25
2016-07-07,XLK,0.25
2016-07-08,GLD,0
2016-07-08,QQQ,0.25
2016-07-08,SPY,0.25
2016-07-08,VTI,0.25
2016-07-08,XLK,0.25
2016-07-11,GLD,0
2016-07-11,QQQ,0.25
2016-07-11,SPY,0.25
2016-07-11,VTI,0.25
2016-07-11,XLK,0.25
2016-07-12,GLD,0
2016-07-12,QQQ,0.25
2016-07-12,SPY,0.25
2016-07-12,VTI,0.25
2016-07-12,XLK,0.25
2016-07-13,GLD,0
2016-07-13,QQQ,0.25
2016-07-13,SPY,0.25
2016-07-13,VTI,0.25
2016-07-13,XLK,0.25
2016-07-14,GLD,0
2016-07-14,QQQ,0.25
2016-07-14,SPY,0.25
2016-07-14,VTI,0.25
2016-07-14,XLK,0.25
2016-07-15,GLD,0
2016-07-15,QQQ,0.25
2016-07-15,SPY,0.25
2016-07-15,VTI,0.25
2016-07-15,XLK,0.25
2016-07-18,GLD,0
2016-07-18,QQQ,0.25
2016-07-18,SPY,0.25
2016-07-18,VTI,0.25
2016-07-18,XLK,0.25
2016-07-19,GLD,0
2016-07-19,QQQ,0.25
2016-07-19,SPY,0.25
2016-07-19,VTI,0.25
2016-07-19,XLK,0.25
2016-07-20,GLD,0
2016-07-20,QQQ,0.25
2016-07-20,SPY,0.25
2016-07-20,VTI,0.25
2016-07-20,XLK,0.25
2016-07-21,GLD,0
2016-07-21,QQQ,0.25
2016-07-21,SPY,0.25
2016-07-21,VTI,0.25
2016-07-21,XLK,0.25
2016-07-22,GLD,0
2016-07-22,QQQ,0.25
2016-07-22,SPY,0.25
2016-07-22,VTI,0.25
2016-07-22,XLK,0.25
2016-07-25,GLD,0
2016-07-25,QQQ,0.25
2016-07-25,SPY,0.25
2016-07-25,VTI,0.25
2016-07-25,XLK,0.25
2016-07-26,GLD,0
2016-07-26,QQQ,0.25
2016-07-26,SPY,0.25
2016-07-26,VTI,0.25
2016-07-26,XLK,0.25
2016-07-27,GLD,0
2016-07-27,QQQ,0.25
2016-07-27,SPY,0.25
2016-07-27,VTI,0.25
2016-07-27,XLK,0.25
2016-07-28,GLD,0
2016-07-28,QQQ,0.25
2016-07-28,SPY,0.25
2016-07-28,VTI,0.25
2016-07-28,XLK,0.25
2016-07-29,GLD,0
2016-07-29,QQQ,0.25
2016-07-29,SPY,0.25
2016-07-29,VTI,0.25
2016-07-29,XLK,0.25
2016-08-01,GLD,0
2016-08-01,QQQ,0.25
2016-08-01,SPY,0.25
2016-08-01,VTI,0.25
2016-08-01,XLK,0.25
2016-08-02,GLD,0
2016-08-02,QQQ,0.25
2016-08-02,SPY,0.25
2016-08-02,VTI,0.25
2016-08-02,XLK,0.25
2016-08-03,GLD,0
2016-08-03,QQQ,0.25
2016-08-03,SPY,0.25
2016-08-03,VTI,0.25
2016-08-03,XLK,0.25
2016-08-04,GLD,0
2016-08-04,QQQ,0.25
2016-08-04,SPY,0.25
2016-08-04,VTI,0.25
2016-08-04,XLK,0.25
2016-08-05,GLD,0
2016-08-05,QQQ,0.25
2016-08-05,SPY,0.25
2016-08-05,VTI,0.25
2016-08-05,XLK,0.25
2016-08-08,GLD,0
2016-08-08,QQQ,0.25
2016-08-08,SPY,0.25
2016-08-08,VTI,0.25
2016-08-08,XLK,0.25
2016-08-09,GLD,0
2016-08-09,QQQ,0.25
2016-08-09,SPY,0.25
2016-08-09,VTI,0.25
2016-08-09,XLK,0.25
2016-08-10,GLD,0
2016-08-10,QQQ,0.25
2016-08-10,SPY,0.25
2016-08-10,VTI,0.25
2016-08-10,XLK,0.25
2016-08-11,GLD,0
2016-08-11,QQQ,0.25
2016-08-11,SPY,0.25
2016-08-11,VTI,0.25
2016-08-11,XLK,0.25
2016-08-12,GLD,0
2016-08-12,QQQ,0.25
2016-08-12,SPY,0.25
2016-08-12,VTI,0.25
2016-08-12,XLK,0.25
2016-08-15,GLD,0
2016-08-15,QQQ,0.25
2016-08-15,SPY,0.25
2016-08-15,VTI,0.25
2016-08-15,XLK,0.25
2016-08-16,GLD,0
2016-08-16,QQQ,0.25
2016-08-16,SPY,0.25
2016-08-16,VTI,0.25
2016-08-16,XLK,0.25
2016-08-17,GLD,0
2016-08-17,QQQ,0.25
2016-08-17,SPY,0.25
2016-08-17,VTI,0.25
2016-08-17,XLK,0.25
2016-08-18,GLD,0
2016-08-18,QQQ,0.25
2016-08-18,SPY,0.25
2016-08-18,VTI,0.25
2016-08-18,XLK,0.25
2016-08-19,GLD,0
2016-08-19,QQQ,0.25
2016-08-19,SPY,0.25
2016-08-19,VTI,0.25
2016-08-19,XLK,0.25
2016-08-22,GLD,0
2016-08-22,QQQ,0.25
2016-08-22,SPY,0.25
2016-08-22,VTI,0.25
2016-08-22,XLK,0.25
2016-08-23,GLD,0
2016-08-23,QQQ,0.25
2016-08-23,SPY,0.25
2016-08-23,VTI,0.25
2016-08-23,XLK,0.25
2016-08-24,GLD,0
2016-08-24,QQQ,0.25
2016-08-24,SPY,0.25
2016-08-24,VTI,0.25
2016-08-24,XLK,0.25
2016-08-25,GLD,0
2016-08-25,QQQ,0.25
2016-08-25,SPY,0.25
2016-08-25,VTI,0.25
2016-08-25,XLK,0.25
2016-08-26,GLD,0
2016-08-26,QQQ,0.25
2016-08-26,SPY,0.25
2016-08-26,VTI,0.25
2016-08-26,XLK,0.25
2016-08-29,GLD,0
2016-08-29,QQQ,0.25
2016-08-29,SPY,0.25
2016-08-29,VTI,0.25
2016-08-29,XLK,0.25
2016-08-30,GLD,0
2016-08-30,QQQ,0.25
2016-08-30,SPY,0.25
2016-08-30,VTI,0.25
2016-08-30,XLK,0.25
2016-08-31,GLD,0
2016-08-31,QQQ,0.25
2016-08-31,SPY,0.25
2016-08-31,VTI,0.25
2016-08-31,XLK,0.25
2016-09-01,GLD,0
2016-09-01,QQQ,0.25
2016-09-01,SPY,0.25
2016-09-01,VTI,0.25
2016-09-01,XLK,0.25
2016-09-02,GLD,0
2016-09-02,QQQ,0.25
2016-09-02,SPY,0.25
2016-09-02,VTI,0.25
2016-09-02,XLK,0.25
2016-09-06,GLD,0
2016-09-06,QQQ,0.25
2016-09-06,SPY,0.25
2016-09-06,VTI,0.25
2016-09-06,XLK,0.25
2016-09-07,GLD,0
2016-09-07,QQQ,0.25
2016-09-07,SPY,0.25
2016-09-07,VTI,0.25
2016-09-07,XLK,0.25
2016-09-08,GLD,0
2016-09-08,QQQ,0.25
2016-09-08,SPY,0.25
2016-09-08,VTI,0.25
2016-09-08,XLK,0.25
2016-09-09,GLD,0
2016-09-09,QQQ,0.25
2016-09-09,SPY,0.25
2016-09-09,VTI,0.25
2016-09-09,XLK,0.25
2016-09-12,GLD,0
2016-09-12,QQQ,0.25
2016-09-12,SPY,0.25
2016-09-12,VTI,0.25
2016-09-12,XLK,0.25
2016-09-13,GLD,0
2016-09-13,QQQ,0.25
2016-09-13,SPY,0.25
2016-09-13,VTI,0.25
2016-09-13,XLK,0.25
2016-09-14,GLD,0
2016-09-14,QQQ,0.25
2016-09-14,SPY,0.25
2016-09-14,VTI,0.25
2016-09-14,XLK,0.25
2016-09-15,GLD,0
2016-09-15,QQQ,0.25
2016-09-15,SPY,0.25
2016-09-15,VTI,0.25
2016-09-15,XLK,0.25
2016-09-16,GLD,0
2016-09-16,QQQ,0.25
2016-09-16,SPY,0.25
2016-09-16,VTI,0.25
2016-09-16,XLK,0.25
2016-09-19,GLD,0
2016-09-19,QQQ,0.25
2016-09-19,SPY,0.25
2016-09-19,VTI,0.25
2016-09-19,XLK,0.25
2016-09-20,GLD,0
2016-09-20,QQQ,0.25
2016-09-20,SPY,0.25
2016-09-20,VTI,0.25
2016-09-20,XLK,0.25
2016-09-21,GLD,0
2016-09-21,QQQ,0.25
2016-09-21,SPY,0.25
2016-09-21,VTI,0.25
2016-09-21,XLK,0.25
2016-09-22,GLD,0
2016-09-22,QQQ,0.25
2016-09-22,SPY,0.25
2016-09-22,VTI,0.25
2016-09-22,XLK,0.25
2016-09-23,GLD,0
2016-09-23,QQQ,0.25
2016-09-23,SPY,0.25
2016-09-23,VTI,0.25
2016-09-23,XLK,0.25
2016-09-26,GLD,0
2016-09-26,QQQ,0.25
2016-09-26,SPY,0.25
2016-09-26,VTI,0.25
2016-09-26,XLK,0.25
2016-09-27,GLD,0
2016-09-27,QQQ,0.25
2016-09-27,SPY,0.25
2016-09-27,VTI,0.25
2016-09-27,XLK,0.25
2016-09-28,GLD,0
2016-09-28,QQQ,0.25
2016-09-28,SPY,0.25
2016-09-28,VTI,0.25
2016-09-28,XLK,0.25
2016-09-29,GLD,0
2016-09-29,QQQ,0.25
2016-09-29,SPY,0.25
2016-09-29,VTI,0.25
2016-09-29,XLK,0.25
2016-09-30,GLD,0
2016-09-30,QQQ,0.25
2016-09-30,SPY,0.25
2016-09-30,VTI,0.25
2016-09-30,XLK,0.25
2016-10-03,GLD,0
2016-10-03,QQQ,0.25
2016-10-03,SPY,0.25
2016-10-03,VTI,0.25
2016-10-03,XLK,0.25
2016-10-04,GLD,0
2016-10-04,QQQ,0.25
2016-10-04,SPY,0.25
2016-10-04,VTI,0.25
2016-10-04,XLK,0.25
2016-10-05,GLD,0
2016-10-05,QQQ,0.25
2016-10-05,SPY,0.25
2016-10-05,VTI,0.25
2016-10-05,XLK,0.25
2016-10-06,GLD,0
2016-10-06,QQQ,0.25
2016-10-06,SPY,0.25
2016-10-06,VTI,0.25
2016-10-06,XLK,0.25
2016-10-07,GLD,0
2016-10-07,QQQ,0.25
2016-10-07,SPY,0.25
2016-10-07,VTI,0.25
2016-10-07,XLK,0.25
2016-10-10,GLD,0
2016-10-10,QQQ,0.25
2016-10-10,SPY,0.25
2016-10-10,VTI,0.25
2016-10-10,XLK,0.25
2016-10-11,GLD,0
2016-10-11,QQQ,0.25
2016-10-11,SPY,0.25
2016-10-11,VTI,0.25
2016-10-11,XLK,0.25
2016-10-12,GLD,0
2016-10-12,QQQ,0.25
2016-10-12,SPY,0.25
2016-10-12,VTI,0.25
2016-10-12,XLK,0.25
2016-10-13,GLD,0
2016-10-13,QQQ,0.25
2016-10-13,SPY,0.25
2016-10-13,VTI,0.25
2016-10-13,XLK,0.25
2016-10-14,GLD,0
2016-10-14,QQQ,0.25
2016-10-14,SPY,0.25
2016-10-14,VTI,0.25
2016-10-14,XLK,0.25
2016-10-17,GLD,0
2016-10-17,QQQ,0.25
2016-10-17,SPY,0.25
2016-10-17,VTI,0.25
2016-10-17,XLK,0.25
2016-10-18,GLD,0
2016-10-18,QQQ,0.25
2016-10-18,SPY,0.25
2016-10-18,VTI,0.25
2016-10-18,XLK,0.25
2016-10-19,GLD,0
2016-10-19,QQQ,0.25
2016-10-19,SPY,0.25
2016-10-19,VTI,0.25
2016-10-19,XLK,0.25
2016-10-20,GLD,0
2016-10-20,QQQ,0.25
2016-10-20,SPY,0.25
2016-10-20,VTI,0.25
2016-10-20,XLK,0.25
2016-10-21,GLD,0
2016-10-21,QQQ,0.25
2016-10-21,SPY,0.25
2016-10-21,VTI,0.25
2016-10-21,XLK,0.25
2016-10-24,GLD,0
2016-10-24,QQQ,0.25
2016-10-24,SPY,0.25
2016-10-24,VTI,0.25
2016-10-24,XLK,0.25
2016-10-25,GLD,0
2016-10-25,QQQ,0.25
2016-10-25,SPY,0.25
2016-10-25,VTI,0.25
2016-10-25,XLK,0.25
2016-10-26,GLD,0
2016-10-26,QQQ,0.25
2016-10-26,SPY,0.25
2016-10-26,VTI,0.25
2016-10-26,XLK,0.25
2016-10-27,GLD,0
2016-10-27,QQQ,0.25
2016-10-27,SPY,0.25
2016-10-27,VTI,0.25
2016-10-27,XLK,0.25
2016-10-28,GLD,0
2016-10-28,QQQ,0.25
2016-10-28,SPY,0.25
2016-10-28,VTI,0.25
2016-10-28,XLK,0.25
2016-10-31,GLD,0
2016-10-31,QQQ,0.25
2016-10-31,SPY,0.25
2016-10-31,VTI,0.25
2016-10-31,XLK,0.25
2016-11-01,GLD,0
2016-11-01,QQQ,0.25
2016-11-01,SPY,0.25
2016-11-01,VTI,0.25
2016-11-01,XLK,0.25
2016-11-02,GLD,0
2016-11-02,QQQ,0.25
2016-11-02,SPY,0.25
2016-11-02,VTI,0.25
2016-11-02,XLK,0.25
2016-11-03,GLD,0
2016-11-03,QQQ,0.25
2016-11-03,SPY,0.25
2016-11-03,VTI,0.25
2016-11-03,XLK,0.25
2016-11-04,GLD,0
2016-11-04,QQQ,0.25
2016-11-04,SPY,0.25
2016-11-04,VTI,0.25
2016-11-04,XLK,0.25
2016-11-07,GLD,0
2016-11-07,QQQ,0.25
2016-11-07,SPY,0.25
2016-11-07,VTI,0.25
2016-11-07,XLK,0.25
2016-11-08,GLD,0
2016-11-08,QQQ,0.25
2016-11-08,SPY,0.25
2016-11-08,VTI,0.25
2016-11-08,XLK,0.25
2016-11-09,GLD,0
2016-11-09,QQQ,0.25
2016-11-09,SPY,0.25
2016-11-09,VTI,0.25
2016-11-09,XLK,0.25
2016-11-10,GLD,0
2016-11-10,QQQ,0.25
2016-11-10,SPY,0.25
2016-11-10,VTI,0.25
2016-11-10,XLK,0.25
2016-11-11,GLD,0
2016-11-11,QQQ,0.25
2016-11-11,SPY,0.25
2016-11-11,VTI,0.25
2016-11-11,XLK,0.25
2016-11-14,GLD,0
2016-11-14,QQQ,0.25
2016-11-14,SPY,0.25
2016-11-14,VTI,0.25
2016-11-14,XLK,0.25
2016-11-15,GLD,0
2016-11-15,QQQ,0.25
2016-11-15,SPY,0.25
2016-11-15,VTI,0.25
2016-11-15,XLK,0.25
2016-11-16,GLD,0
2016-11-16,QQQ,0.25
2016-11-16,SPY,0.25
2016-11-16,VTI,0.25
2016-11-16,XLK,0.25
2016-11-17,GLD,0
2016-11-17,QQQ,0.25
2016-11-17,SPY,0.25
2016-11-17,VTI,0.25
2016-11-17,XLK,0.25
2016-11-18,GLD,0
2016-11-18,QQQ,0.25
2016-11-18,SPY,0.25
2016-11-18,VTI,0.25
2016-11-18,XLK,0.25
2016-11-21,GLD,0
2016-11-21,QQQ,0.25
2016-11-21,SPY,0.25
2016-11-21,VTI,0.25
2016-11-21,XLK,0.25
2016-11-22,GLD,0
2016-11-22,QQQ,0.25
2016-11-22,SPY,0.25
2016-11-22,VTI,0.25
2016-11-22,XLK,0.25
2016-11-23,GLD,0
2016-11-23,QQQ,0.25
2016-11-23,SPY,0.25
2016-11-23,VTI,0.25
2016-11-23,XLK,0.25
2016-11-25,GLD,0
2016-11-25,QQQ,0.25
2016-11-25,SPY,0.25
2016-11-25,VTI,0.25
2016-11-25,XLK,0.25
2016-11-28,GLD,0
2016-11-28,QQQ,0.25
2016-11-28,SPY,0.25
2016-11-28,VTI,0.25
2016-11-28,XLK,0.25
2016-11-29,GLD,0
2016-11-29,QQQ,0.25
2016-11-29,SPY,0.25
2016-11-29,VTI,0.25
2016-11-29,XLK,0.25
2016-11-30,GLD,0
2016-11-30,QQQ,0.25
2016-11-30,SPY,0.25
2016-11-30,VTI,0.25
2016-11-30,XLK,0.25
2016-12-01,GLD,0
2016-12-01,QQQ,0.25
2016-12-01,SPY,0.25
2016-12-01,VTI,0.25
2016-12-01,XLK,0.25
2016-12-02,GLD,0
2016-12-02,QQQ,0.25
2016-12-02,SPY,0.25
2016-12-02,VTI,0.25
2016-12-02,XLK,0.25
2016-12-05,GLD,0
2016-12-05,QQQ,0.25
2016-12-05,SPY,0.25
2016-12-05,VTI,0.25
2016-12-05,XLK,0.25
2016-12-06,GLD,0
2016-12-06,QQQ,0.25
2016-12-06,SPY,0.25
2016-12-06,VTI,0.25
2016-12-06,XLK,0.25
2016-12-07,GLD,0
2016-12-07,QQQ,0.25
2016-12-07,SPY,0.25
2016-12-07,VTI,0.25
2016-12-07,XLK,0.25
2016-12-08,GLD,0
2016-12-08,QQQ,0.25
2016-12-08,SPY,0.25
2016-12-08,VTI,0.25
2016-12-08,XLK,0.25
2016-12-09,GLD,0
2016-12-09,QQQ,0.25
2016-12-09,SPY,0.25
2016-12-09,VTI,0.25
2016-12-09,XLK,0.25
2016-12-12,GLD,0
2016-12-12,QQQ,0.25
2016-12-12,SPY,0.25
2016-12-12,VTI,0.25
2016-12-12,XLK,0.25
2016-12-13,GLD,0
2016-12-13,QQQ,0.25
2016-12-13,SPY,0.25
2016-12-13,VTI,0.25
2016-12-13,XLK,0.25
2016-12-14,GLD,0
2016-12-14,QQQ,0.25
2016-12-14,SPY,0.25
2016-12-14,VTI,0.25
2016-12-14,XLK,0.25
2016-12-15,GLD,0
2016-12-15,QQQ,0.25
2016-12-15,SPY,0.25
2016-12-15,VTI,0.25
2016-12-15,XLK,0.25
2016-12-16,GLD,0
2016-12-16,QQQ,0.25
2016-12-16,SPY,0.25
2016-12-16,VTI,0.25
2016-12-16,XLK,0.25
2016-12-19,GLD,0
2016-12-19,QQQ,0.25
2016-12-19,SPY,0.25
2016-12-19,VTI,0.25
2016-12-19,XLK,0.25
2016-12-20,GLD,0
2016-12-20,QQQ,0.25
2016-12-20,SPY,0.25
2016-12-20,VTI,0.25
2016-12-20,XLK,0.25
2016-12-21,GLD,0
2016-12-21,QQQ,0.25
2016-12-21,SPY,0.25
2016-12-21,VTI,0.25
2016-12-21,XLK,0.25
2016-12-22,GLD,0
2016-12-22,QQQ,0.25
2016-12-22,SPY,0.25
2016-12-22,VTI,0.25
2016-12-22,XLK,0.25
2016-12-23,GLD,0
2016-12-23,QQQ,0.25
2016-12-23,SPY,0.25
2016-12-23,VTI,0.25
2016-12-23,XLK,0.25
2016-12-27,GLD,0
2016-12-27,QQQ,0.25
2016-12-27,SPY,0.25
2016-12-27,VTI,0.25
2016-12-27,XLK,0.25
2016-12-28,GLD,0
2016-12-28,QQQ,0.25
2016-12-28,SPY,0.25
2016-12-28,VTI,0.25
2016-12-28,XLK,0.25
2016-12-29,GLD,0
2016-12-29,QQQ,0.25
2016-12-29,SPY,0.25
2016-12-29,VTI,0.25
2016-12-29,XLK,0.25
2016-12-30,GLD,0
2016-12-30,QQQ,0.25
2016-12-30,SPY,0.25
2016-12-30,VTI,0.25
2016-12-30,XLK,0.25
2017-01-03,GLD,0
2017-01-03,QQQ,0.25
2017-01-03,SPY,0.25
2017-01-03,VTI,0.25
2017-01-03,XLK,0.25
2017-01-04,GLD,0
2017-01-04,QQQ,0.25
2017-01-04,SPY,0.25
2017-01-04,VTI,0.25
2017-01-04,XLK,0.25
2017-01-05,GLD,0
2017-01-05,QQQ,0.25
2017-01-05,SPY,0.25
2017-01-05,VTI,0.25
2017-01-05,XLK,0.25
2017-01-06,GLD,0
2017-01-06,QQQ,0.25
2017-01-06,SPY,0.25
2017-01-06,VTI,0.25
2017-01-06,XLK,0.25
2017-01-09,GLD,0
2017-01-09,QQQ,0.25
2017-01-09,SPY,0.25
2017-01-09,VTI,0.25
2017-01-09,XLK,0.25
2017-01-10,GLD,0
2017-01-10,QQQ,0.25
2017-01-10,SPY,0.25
2017-01-10,VTI,0.25
2017-01-10,XLK,0.25
2017-01-11,GLD,0
2017-01-11,QQQ,0.25
2017-01-11,SPY,0.25
2017-01-11,VTI,0.25
2017-01-11,XLK,0.25
2017-01-12,GLD,0
2017-01-12,QQQ,0.25
2017-01-12,SPY,0.25
2017-01-12,VTI,0.25
2017-01-12,XLK,0.25
2017-01-13,GLD,0
2017-01-13,QQQ,0.25
2017-01-13,SPY,0.25
2017-01-13,VTI,0.25
2017-01-13,XLK,0.25
2017-01-17,GLD,0
2017-01-17,QQQ,0.25
2017-01-17,SPY,0.25
2017-01-17,VTI,0.25
2017-01-17,XLK,0.25
2017-01-18,GLD,0
2017-01-18,QQQ,0.25
2017-01-18,SPY,0.25
2017-01-18,VTI,0.25
2017-01-18,XLK,0.25
2017-01-19,GLD,0
2017-01-19,QQQ,0.25
2017-01-19,SPY,0.25
2017-01-19,VTI,0.25
2017-01-19,XLK,0.25
2017-01-20,GLD,0
2017-01-20,QQQ,0.25
2017-01-20,SPY,0.25
2017-01-20,VTI,0.25
2017-01-20,XLK,0.25
2017-01-23,GLD,0
2017-01-23,QQQ,0.25
2017-01-23,SPY,0.25
2017-01-23,VTI,0.25
2017-01-23,XLK,0.25
2017-01-24,GLD,0
2017-01-24,QQQ,0.25
2017-01-24,SPY,0.25
2017-01-24,VTI,0.25
2017-01-24,XLK,0.25
2017-01-25,GLD,0
2017-01-25,QQQ,0.25
2017-01-25,SPY,0.25
2017-01-25,VTI,0.25
2017-01-25,XLK,0.25
2017-01-26,GLD,0
2017-01-26,QQQ,0.25
2017-01-26,SPY,0.25
2017-01-26,VTI,0.25
2017-01-26,XLK,0.25
2017-01-27,GLD,0
2017-01-27,QQQ,0.25
2017-01-27,SPY,0.25
2017-01-27,VTI,0.25
2017-01-27,XLK,0.25
2017-01-30,GLD,0
2017-01-30,QQQ,0.25
2017-01-30,SPY,0.25
2017-01-30,VTI,0.25
2017-01-30,XLK,0.25
2017-01-31,GLD,0
2017-01-31,QQQ,0.25
2017-01-31,SPY,0.25
2017-01-31,VTI,0.25
2017-01-31,XLK,0.25
2017-02-01,GLD,0
2017-02-01,QQQ,0.25
2017-02-01,SPY,0.25
2017-02-01,VTI,0.25
2017-02-01,XLK,0.25
2017-02-02,GLD,0
2017-02-02,QQQ,0.25
2017-02-02,SPY,0.25
2017-02-02,VTI,0.25
2017-02-02,XLK,0.25
2017-02-03,GLD,0
2017-02-03,QQQ,0.25
2017-02-03,SPY,0.25
2017-02-03,VTI,0.25
2017-02-03,XLK,0.25
2017-02-06,GLD,0
2017-02-06,QQQ,0.25
2017-02-06,SPY,0.25
2017-02-06,VTI,0.25
2017-02-06,XLK,0.25
2017-02-07,GLD,0
2017-02-07,QQQ,0.25
2017-02-07,SPY,0.25
2017-02-07,VTI,0.25
2017-02-07,XLK,0.25
2017-02-08,GLD,0
2017-02-08,QQQ,0.25
2017-02-08,SPY,0.25
2017-02-08,VTI,0.25
2017-02-08,XLK,0.25
2017-02-09,GLD,0
2017-02-09,QQQ,0.25
2017-02-09,SPY,0.25
2017-02-09,VTI,0.25
2017-02-09,XLK,0.25
2017-02-10,GLD,0
2017-02-10,QQQ,0.25
2017-02-10,SPY,0.25
2017-02-10,VTI,0.25
2017-02-10,XLK,0.25
2017-02-13,GLD,0
2017-02-13,QQQ,0.25
2017-02-13,SPY,0.25
2017-02-13,VTI,0.25
2017-02-13,XLK,0.25
2017-02-14,GLD,0
2017-02-14,QQQ,0.25
2017-02-14,SPY,0.25
2017-02-14,VTI,0.25
2017-02-14,XLK,0.25
2017-02-15,GLD,0
2017-02-15,QQQ,0.25
2017-02-15,SPY,0.25
2017-02-15,VTI,0.25
2017-02-15,XLK,0.25
2017-02-16,GLD,0
2017-02-16,QQQ,0.25
2017-02-16,SPY,0.25
2017-02-16,VTI,0.25
2017-02-16,XLK,0.25
2017-02-17,GLD,0
2017-02-17,QQQ,0.25
2017-02-17,SPY,0.25
2017-02-17,VTI,0.25
2017-02-17,XLK,0.25
2017-02-21,GLD,0
2017-02-21,QQQ,0.25
2017-02-21,SPY,0.25
2017-02-21,VTI,0.25
2017-02-21,XLK,0.25
2017-02-22,GLD,0
2017-02-22,QQQ,0.25
2017-02-22,SPY,0.25
2017-02-22,VTI,0.25
2017-02-22,XLK,0.25
2017-02-23,GLD,0
2017-02-23,QQQ,0.25
2017-02-23,SPY,0.25
2017-02-23,VTI,0.25
2017-02-23,XLK,0.25
2017-02-24,GLD,0
2017-02-24,QQQ,0.25
2017-02-24,SPY,0.25
2017-02-24,VTI,0.25
2017-02-24,XLK,0.25
2017-02-27,GLD,0
2017-02-27,QQQ,0.25
2017-02-27,SPY,0.25
2017-02-27,VTI,0.25
2017-02-27,XLK,0.25
2017-02-28,GLD,0
2017-02-28,QQQ,0.25
2017-02-28,SPY,0.25
2017-02-28,VTI,0.25
2017-02-28,XLK,0.25
2017-03-01,GLD,0
2017-03-01,QQQ,0.25
2017-03-01,SPY,0.25
2017-03-01,VTI,0.25
2017-03-01,XLK,0.25
2017-03-02,GLD,0
2017-03-02,QQQ,0.25
2017-03-02,SPY,0.25
2017-03-02,VTI,0.25
2017-03-02,XLK,0.25
2017-03-03,GLD,0
2017-03-03,QQQ,0.25
2017-03-03,SPY,0.25
2017-03-03,VTI,0.25
2017-03-03,XLK,0.25
2017-03-06,GLD,0
2017-03-06,QQQ,0.25
2017-03-06,SPY,0.25
2017-03-06,VTI,0.25
2017-03-06,XLK,0.25
2017-03-07,GLD,0
2017-03-07,QQQ,0.25
2017-03-07,SPY,0.25
2017-03-07,VTI,0.25
2017-03-07,XLK,0.25
2017-03-08,GLD,0
2017-03-08,QQQ,0.25
2017-03-08,SPY,0.25
2017-03-08,VTI,0.25
2017-03-08,XLK,0.25
2017-03-09,GLD,0
2017-03-09,QQQ,0.25
2017-03-09,SPY,0.25
2017-03-09,VTI,0.25
2017-03-09,XLK,0.25
2017-03-10,GLD,0
2017-03-10,QQQ,0.25
2017-03-10,SPY,0.25
2017-03-10,VTI,0.25
2017-03-10,XLK,0.25
2017-03-13,GLD,0
2017-03-13,QQQ,0.25
2017-03-13,SPY,0.25
2017-03-13,VTI,0.25
2017-03-13,XLK,0.25
2017-03-14,GLD,0
2017-03-14,QQQ,0.25
2017-03-14,SPY,0.25
2017-03-14,VTI,0.25
2017-03-14,XLK,0.25
2017-03-15,GLD,0
2017-03-15,QQQ,0.25
2017-03-15,SPY,0.25
2017-03-15,VTI,0.25
2017-03-15,XLK,0.25
2017-03-16,GLD,0
2017-03-16,QQQ,0.25
2017-03-16,SPY,0.25
2017-03-16,VTI,0.25
2017-03-16,XLK,0.25
2017-03-17,GLD,0
2017-03-17,QQQ,0.25
2017-03-17,SPY,0.25
2017-03-17,VTI,0.25
2017-03-17,XLK,0.25
2017-03-20,GLD,0
2017-03-20,QQQ,0.25
2017-03-20,SPY,0.25
2017-03-20,VTI,0.25
2017-03-20,XLK,0.25
2017-03-21,GLD,0
2017-03-21,QQQ,0.25
2017-03-21,SPY,0.25
2017-03-21,VTI,0.25
2017-03-21,XLK,0.25
2017-03-22,GLD,0
2017-03-22,QQQ,0.25
2017-03-22,SPY,0.25
2017-03-22,VTI,0.25
2017-03-22,XLK,0.25
2017-03-23,GLD,0
2017-03-23,QQQ,0.25
2017-03-23,SPY,0.25
2017-03-23,VTI,0.25
2017-03-23,XLK,0.25
2017-03-24,GLD,0
2017-03-24,QQQ,0.25
2017-03-24,SPY,0.25
2017-03-24,VTI,0.25
2017-03-24,XLK,0.25
2017-03-27,GLD,0
2017-03-27,QQQ,0.25
2017-03-27,SPY,0.25
2017-03-27,VTI,0.25
2017-03-27,XLK,0.25
2017-03-28,GLD,0
2017-03-28,QQQ,0.25
2017-03-28,SPY,0.25
2017-03-28,VTI,0.25
2017-03-28,XLK,0.25
2017-03-29,GLD,0
2017-03-29,QQQ,0.25
2017-03-29,SPY,0.25
2017-03-29,VTI,0.25
2017-03-29,XLK,0.25
2017-03-30,GLD,0
2017-03-30,QQQ,0.25
2017-03-30,SPY,0.25
2017-03-30,VTI,0.25
2017-03-30,XLK,0.25
2017-03-31,GLD,0
2017-03-31,QQQ,0.25
2017-03-31,SPY,0.25
2017-03-31,VTI,0.25
2017-03-31,XLK,0.25
2017-04-03,GLD,0
2017-04-03,QQQ,0.25
2017-04-03,SPY,0.25
2017-04-03,VTI,0.25
2017-04-03,XLK,0.25
2017-04-04,GLD,0
2017-04-04,QQQ,0.25
2017-04-04,SPY,0.25
2017-04-04,VTI,0.25
2017-04-04,XLK,0.25
2017-04-05,GLD,0
2017-04-05,QQQ,0.25
2017-04-05,SPY,0.25
2017-04-05,VTI,0.25
2017-04-05,XLK,0.25
2017-04-06,GLD,0
2017-04-06,QQQ,0.25
2017-04-06,SPY,0.25
2017-04-06,VTI,0.25
2017-04-06,XLK,0.25
2017-04-07,GLD,0
2017-04-07,QQQ,0.25
2017-04-07,SPY,0.25
2017-04-07,VTI,0.25
2017-04-07,XLK,0.25
2017-04-10,GLD,0
2017-04-10,QQQ,0.25
2017-04-10,SPY,0.25
2017-04-10,VTI,0.25
2017-04-10,XLK,0.25
2017-04-11,GLD,0
2017-04-11,QQQ,0.25
2017-04-11,SPY,0.25
2017-04-11,VTI,0.25
2017-04-11,XLK,0.25
2017-04-12,GLD,0
2017-04-12,QQQ,0.25
2017-04-12,SPY,0.25
2017-04-12,VTI,0.25
2017-04-12,XLK,0.25
2017-04-13,GLD,0
2017-04-13,QQQ,0.25
2017-04-13,SPY,0.25
2017-04-13,VTI,0.25
2017-04-13,XLK,0.25
2017-04-17,GLD,0
2017-04-17,QQQ,0.25
2017-04-17,SPY,0.25
2017-04-17,VTI,0.25
2017-04-17,XLK,0.25
2017-04-18,GLD,0
2017-04-18,QQQ,0.25
2017-04-18,SPY,0.25
2017-04-18,VTI,0.25
2017-04-18,XLK,0.25
2017-04-19,GLD,0
2017-04-19,QQQ,0.25
2017-04-19,SPY,0.25
2017-04-19,VTI,0.25
2017-04-19,XLK,0.25
2017-04-20,GLD,0
2017-04-20,QQQ,0.25
2017-04-20,SPY,0.25
2017-04-20,VTI,0.25
2017-04-20,XLK,0.25
2017-04-21,GLD,0
2017-04-21,QQQ,0.25
2017-04-21,SPY,0.25
2017-04-21,VTI,0.25
2017-04-21,XLK,0.25
2017-04-24,GLD,0
2017-04-24,QQQ,0.25
2017-04-24,SPY,0.25
2017-04-24,VTI,0.25
2017-04-24,XLK,0.25
2017-04-25,GLD,0
2017-04-25,QQQ,0.25
2017-04-25,SPY,0.25
2017-04-25,VTI,0.25
2017-04-25,XLK,0.25
2017-04-26,GLD,0
2017-04-26,QQQ,0.25
2017-04-26,SPY,0.25
2017-04-26,VTI,0.25
2017-04-26,XLK,0.25
2017-04-27,GLD,0
2017-04-27,QQQ,0.25
2017-04-27,SPY,0.25
2017-04-27,VTI,0.25
2017-04-27,XLK,0.25
2017-04-28,GLD,0
2017-04-28,QQQ,0.25
2017-04-28,SPY,0.25
2017-04-28,VTI,0.25
2017-04-28,XLK,0.25
2017-05-01,GLD,0
2017-05-01,QQQ,0.25
2017-05-01,SPY,0.25
2017-05-01,VTI,0.25
2017-05-01,XLK,0.25
2017-05-02,GLD,0
2017-05-02,QQQ,0.25
2017-05-02,SPY,0.25
2017-05-02,VTI,0.25
2017-05-02,XLK,0.25
2017-05-03,GLD,0
2017-05-03,QQQ,0.25
2017-05-03,SPY,0.25
2017-05-03,VTI,0.25
2017-05-03,XLK,0.25
2017-05-04,GLD,0
2017-05-04,QQQ,0.25
2017-05-04,SPY,0.25
2017-05-04,VTI,0.25
2017-05-04,XLK,0.25
2017-05-05,GLD,0
2017-05-05,QQQ,0.25
2017-05-05,SPY,0.25
2017-05-05,VTI,0.25
2017-05-05,XLK,0.25
2017-05-08,GLD,0
2017-05-08,QQQ,0.25
2017-05-08,SPY,0.25
2017-05-08,VTI,0.25
2017-05-08,XLK,0.25
2017-05-09,GLD,0
2017-05-09,QQQ,0.25
2017-05-09,SPY,0.25
2017-05-09,VTI,0.25
2017-05-09,XLK,0.25
2017-05-10,GLD,0
2017-05-10,QQQ,0.25
2017-05-10,SPY,0.25
2017-05-10,VTI,0.25
2017-05-10,XLK,0.25
2017-05-11,GLD,0
2017-05-11,QQQ,0.25
2017-05-11,SPY,0.25
2017-05-11,VTI,0.25
2017-05-11,XLK,0.25
2017-05-12,GLD,0
2017-05-12,QQQ,0.25
2017-05-12,SPY,0.25
2017-05-12,VTI,0.25
2017-05-12,XLK,0.25
2017-05-15,GLD,0
2017-05-15,QQQ,0.25
2017-05-15,SPY,0.25
2017-05-15,VTI,0.25
2017-05-15,XLK,0.25
2017-05-16,GLD,0
2017-05-16,QQQ,0.25
2017-05-16,SPY,0.25
2017-05-16,VTI,0.25
2017-05-16,XLK,0.25
2017-05-17,GLD,0
2017-05-17,QQQ,0.25
2017-05-17,SPY,0.25
2017-05-17,VTI,0.25
2017-05-17,XLK,0.25
2017-05-18,GLD,0
2017-05-18,QQQ,0.25
2017-05-18,SPY,0.25
2017-05-18,VTI,0.25
2017-05-18,XLK,0.25
2017-05-19,GLD,0
2017-05-19,QQQ,0.25
2017-05-19,SPY,0.25
2017-05-19,VTI,0.25
2017-05-19,XLK,0.25
2017-05-22,GLD,0
2017-05-22,QQQ,0.25
2017-05-22,SPY,0.25
2017-05-22,VTI,0.25
2017-05-22,XLK,0.25
2017-05-23,GLD,0
2017-05-23,QQQ,0.25
2017-05-23,SPY,0.25
2017-05-23,VTI,0.25
2017-05-23,XLK,0.25
2017-05-24,GLD,0
2017-05-24,QQQ,0.25
2017-05-24,SPY,0.25
2017-05-24,VTI,0.25
2017-05-24,XLK,0.25
2017-05-25,GLD,0
2017-05-25,QQQ,0.25
2017-05-25,SPY,0.25
2017-05-25,VTI,0.25
2017-05-25,XLK,0.25
2017-05-26,GLD,0
2017-05-26,QQQ,0.25
2017-05-26,SPY,0.25
2017-05-26,VTI,0.25
2017-05-26,XLK,0.25
2017-05-30,GLD,0
2017-05-30,QQQ,0.25
2017-05-30,SPY,0.25
2017-05-30,VTI,0.25
2017-05-30,XLK,0.25
2017-05-31,GLD,0
2017-05-31,QQQ,0.25
2017-05-31,SPY,0.25
2017-05-31,VTI,0.25
2017-05-31,XLK,0.25
2017-06-01,GLD,0
2017-06-01,QQQ,0.25
2017-06-01,SPY,0.25
2017-06-01,VTI,0.25
2017-06-01,XLK,0.25
2017-06-02,GLD,0
2017-06-02,QQQ,0.25
2017-06-02,SPY,0.25
2017-06-02,VTI,0.25
2017-06-02,XLK,0.25
2017-06-05,GLD,0
2017-06-05,QQQ,0.25
2017-06-05,SPY,0.25
2017-06-05,VTI,0.25
2017-06-05,XLK,0.25
2017-06-06,GLD,0
2017-06-06,QQQ,0.25
2017-06-06,SPY,0.25
2017-06-06,VTI,0.25
2017-06-06,XLK,0.25
2017-06-07,GLD,0
2017-06-07,QQQ,0.25
2017-06-07,SPY,0.25
2017-06-07,VTI,0.25
2017-06-07,XLK,0.25
2017-06-08,GLD,0
2017-06-08,QQQ,0.25
2017-06-08,SPY,0.25
2017-06-08,VTI,0.25
2017-06-08,XLK,0.25
2017-06-09,GLD,0
2017-06-09,QQQ,0.25
2017-06-09,SPY,0.25
2017-06-09,VTI,0.25
2017-06-09,XLK,0.25
2017-06-12,GLD,0
2017-06-12,QQQ,0.25
2017-06-12,SPY,0.25
2017-06-12,VTI,0.25
2017-06-12,XLK,0.25
2017-06-13,GLD,0
2017-06-13,QQQ,0.25
2017-06-13,SPY,0.25
2017-06-13,VTI,0.25
2017-06-13,XLK,0.25
2017-06-14,GLD,0
2017-06-14,QQQ,0.25
2017-06-14,SPY,0.25
2017-06-14,VTI,0.25
2017-06-14,XLK,0.25
2017-06-15,GLD,0
2017-06-15,QQQ,0.25
2017-06-15,SPY,0.25
2017-06-15,VTI,0.25
2017-06-15,XLK,0.25
2017-06-16,GLD,0
2017-06-16,QQQ,0.25
2017-06-16,SPY,0.25
2017-06-16,VTI,0.25
2017-06-16,XLK,0.25
2017-06-19,GLD,0
2017-06-19,QQQ,0.25
2017-06-19,SPY,0.25
2017-06-19,VTI,0.25
2017-06-19,XLK,0.25
2017-06-20,GLD,0
2017-06-20,QQQ,0.25
2017-06-20,SPY,0.25
2017-06-20,VTI,0.25
2017-06-20,XLK,0.25
2017-06-21,GLD,0
2017-06-21,QQQ,0.25
2017-06-21,SPY,0.25
2017-06-21,VTI,0.25
2017-06-21,XLK,0.25
2017-06-22,GLD,0
2017-06-22,QQQ,0.25
2017-06-22,SPY,0.25
2017-06-22,VTI,0.25
2017-06-22,XLK,0.25
2017-06-23,GLD,0
2017-06-23,QQQ,0.25
2017-06-23,SPY,0.25
2017-06-23,VTI,0.25
2017-06-23,XLK,0.25
2017-06-26,GLD,0
2017-06-26,QQQ,0.25
2017-06-26,SPY,0.25
2017-06-26,VTI,0.25
2017-06-26,XLK,0.25
2017-06-27,GLD,0
2017-06-27,QQQ,0.25
2017-06-27,SPY,0.25
2017-06-27,VTI,0.25
2017-06-27,XLK,0.25
2017-06-28,GLD,0
2017-06-28,QQQ,0.25
2017-06-28,SPY,0.25
2017-06-28,VTI,0.25
2017-06-28,XLK,0.25
2017-06-29,GLD,0
2017-06-29,QQQ,0.25
2017-06-29,SPY,0.25
2017-06-29,VTI,0.25
2017-06-29,XLK,0.25
2017-06-30,GLD,0
2017-06-30,QQQ,0.25
2017-06-30,SPY,0.25
2017-06-30,VTI,0.25
2017-06-30,XLK,0.25
2017-07-03,GLD,0
2017-07-03,QQQ,0.25
2017-07-03,SPY,0.25
2017-07-03,VTI,0.25
2017-07-03,XLK,0.25
2017-07-05,GLD,0
2017-07-05,QQQ,0.25
2017-07-05,SPY,0.25
2017-07-05,VTI,0.25
2017-07-05,XLK,0.25
2017-07-06,GLD,0
2017-07-06,QQQ,0.25
2017-07-06,SPY,0.25
2017-07-06,VTI,0.25
2017-07-06,XLK,0.25
2017-07-07,GLD,0
2017-07-07,QQQ,0.25
2017-07-07,SPY,0.25
2017-07-07,VTI,0.25
2017-07-07,XLK,0.25
2017-07-10,GLD,0
2017-07-10,QQQ,0.25
2017-07-10,SPY,0.25
2017-07-10,VTI,0.25
2017-07-10,XLK,0.25
2017-07-11,GLD,0
2017-07-11,QQQ,0.25
2017-07-11,SPY,0.25
2017-07-11,VTI,0.25
2017-07-11,XLK,0.25
2017-07-12,GLD,0
2017-07-12,QQQ,0.25
2017-07-12,SPY,0.25
2017-07-12,VTI,0.25
2017-07-12,XLK,0.25
2017-07-13,GLD,0
2017-07-13,QQQ,0.25
2017-07-13,SPY,0.25
2017-07-13,VTI,0.25
2017-07-13,XLK,0.25
2017-07-14,GLD,0
2017-07-14,QQQ,0.25
2017-07-14,SPY,0.25
2017-07-14,VTI,0.25
2017-07-14,XLK,0.25
2017-07-17,GLD,0
2017-07-17,QQQ,0.25
2017-07-17,SPY,0.25
2017-07-17,VTI,0.25
2017-07-17,XLK,0.25
2017-07-18,GLD,0
2017-07-18,QQQ,0.25
2017-07-18,SPY,0.25
2017-07-18,VTI,0.25
2017-07-18,XLK,0.25
2017-07-19,GLD,0
2017-07-19,QQQ,0.25
2017-07-19,SPY,0.25
2017-07-19,VTI,0.25
2017-07-19,XLK,0.25
2017-07-20,GLD,0
2017-07-20,QQQ,0.25
2017-07-20,SPY,0.25
2017-07-20,VTI,0.25
2017-07-20,XLK,0.25
2017-07-21,GLD,0
2017-07-21,QQQ,0.25
2017-07-21,SPY,0.25
2017-07-21,VTI,0.25
2017-07-21,XLK,0.25
2017-07-24,GLD,0
2017-07-24,QQQ,0.25
2017-07-24,SPY,0.25
2017-07-24,VTI,0.25
2017-07-24,XLK,0.25
2017-07-25,GLD,0
2017-07-25,QQQ,0.25
2017-07-25,SPY,0.25
2017-07-25,VTI,0.25
2017-07-25,XLK,0.25
2017-07-26,GLD,0
2017-07-26,QQQ,0.25
2017-07-26,SPY,0.25
2017-07-26,VTI,0.25
2017-07-26,XLK,0.25
2017-07-27,GLD,0
2017-07-27,QQQ,0.25
2017-07-27,SPY,0.25
2017-07-27,VTI,0.25
2017-07-27,XLK,0.25
2017-07-28,GLD,0
2017-07-28,QQQ,0.25
2017-07-28,SPY,0.25
2017-07-28,VTI,0.25
2017-07-28,XLK,0.25
2017-07-31,GLD,0
2017-07-31,QQQ,0.25
2017-07-31,SPY,0.25
2017-07-31,VTI,0.25
2017-07-31,XLK,0.25
2017-08-01,GLD,0
2017-08-01,QQQ,0.25
2017-08-01,SPY,0.25
2017-08-01,VTI,0.25
2017-08-01,XLK,0.25
2017-08-02,GLD,0
2017-08-02,QQQ,0.25
2017-08-02,SPY,0.25
2017-08-02,VTI,0.25
2017-08-02,XLK,0.25
2017-08-03,GLD,0
2017-08-03,QQQ,0.25
2017-08-03,SPY,0.25
2017-08-03,VTI,0.25
2017-08-03,XLK,0.25
2017-08-04,GLD,0
2017-08-04,QQQ,0.25
2017-08-04,SPY,0.25
2017-08-04,VTI,0.25
2017-08-04,XLK,0.25
2017-08-07,GLD,0
2017-08-07,QQQ,0.25
2017-08-07,SPY,0.25
2017-08-07,VTI,0.25
2017-08-07,XLK,0.25
2017-08-08,GLD,0
2017-08-08,QQQ,0.25
2017-08-08,SPY,0.25
2017-08-08,VTI,0.25
2017-08-08,XLK,0.25
2017-08-09,GLD,0
2017-08-09,QQQ,0.25
2017-08-09,SPY,0.25
2017-08-09,VTI,0.25
2017-08-09,XLK,0.25
2017-08-10,GLD,0
2017-08-10,QQQ,0.25
2017-08-10,SPY,0.25
2017-08-10,VTI,0.25
2017-08-10,XLK,0.25
2017-08-11,GLD,0
2017-08-11,QQQ,0.25
2017-08-11,SPY,0.25
2017-08-11,VTI,0.25
2017-08-11,XLK,0.25
2017-08-14,GLD,0
2017-08-14,QQQ,0.25
2017-08-14,SPY,0.25
2017-08-14,VTI,0.25
2017-08-14,XLK,0.25
2017-08-15,GLD,0
2017-08-15,QQQ,0.25
2017-08-15,SPY,0.25
2017-08-15,VTI,0.25
2017-08-15,XLK,0.25
2017-08-16,GLD,0
2017-08-16,QQQ,0.25
2017-08-16,SPY,0.25
2017-08-16,VTI,0.25
2017-08-16,XLK,0.25
2017-08-17,GLD,0
2017-08-17,QQQ,0.25
2017-08-17,SPY,0.25
2017-08-17,VTI,0.25
2017-08-17,XLK,0.25
2017-08-18,GLD,0
2017-08-18,QQQ,0.25
2017-08-18,SPY,0.25
2017-08-18,VTI,0.25
2017-08-18,XLK,0.25
2017-08-21,GLD,0
2017-08-21,QQQ,0.25
2017-08-21,SPY,0.25
2017-08-21,VTI,0.25
2017-08-21,XLK,0.25
2017-08-22,GLD,0
2017-08-22,QQQ,0.25
2017-08-22,SPY,0.25
2017-08-22,VTI,0.25
2017-08-22,XLK,0.25
2017-08-23,GLD,0
2017-08-23,QQQ,0.25
2017-08-23,SPY,0.25
2017-08-23,VTI,0.25
2017-08-23,XLK,0.25
2017-08-24,GLD,0
2017-08-24,QQQ,0.25
2017-08-24,SPY,0.25
2017-08-24,VTI,0.25
2017-08-24,XLK,0.25
2017-08-25,GLD,0
2017-08-25,QQQ,0.25
2017-08-25,SPY,0.25
2017-08-25,VTI,0.25
2017-08-25,XLK,0.25
2017-08-28,GLD,0
2017-08-28,QQQ,0.25
2017-08-28,SPY,0.25
2017-08-28,VTI,0.25
2017-08-28,XLK,0.25
2017-08-29,GLD,0
2017-08-29,QQQ,0.25
2017-08-29,SPY,0.25
2017-08-29,VTI,0.25
2017-08-29,XLK,0.25
2017-08-30,GLD,0
2017-08-30,QQQ,0.25
2017-08-30,SPY,0.25
2017-08-30,VTI,0.25
2017-08-30,XLK,0.25
2017-08-31,GLD,0
2017-08-31,QQQ,0.25
2017-08-31,SPY,0.25
2017-08-31,VTI,0.25
2017-08-31,XLK,0.25
2017-09-01,GLD,0
2017-09-01,QQQ,0.25
2017-09-01,SPY,0.25
2017-09-01,VTI,0.25
2017-09-01,XLK,0.25
2017-09-05,GLD,0
2017-09-05,QQQ,0.25
2017-09-05,SPY,0.25
2017-09-05,VTI,0.25
2017-09-05,XLK,0.25
2017-09-06,GLD,0
2017-09-06,QQQ,0.25
2017-09-06,SPY,0.25
2017-09-06,VTI,0.25
2017-09-06,XLK,0.25
2017-09-07,GLD,0
2017-09-07,QQQ,0.25
2017-09-07,SPY,0.25
2017-09-07,VTI,0.25
2017-09-07,XLK,0.25
2017-09-08,GLD,0
2017-09-08,QQQ,0.25
2017-09-08,SPY,0.25
2017-09-08,VTI,0.25
2017-09-08,XLK,0.25
2017-09-11,GLD,0
2017-09-11,QQQ,0.25
2017-09-11,SPY,0.25
2017-09-11,VTI,0.25
2017-09-11,XLK,0.25
2017-09-12,GLD,0
2017-09-12,QQQ,0.25
2017-09-12,SPY,0.25
2017-09-12,VTI,0.25
2017-09-12,XLK,0.25
2017-09-13,GLD,0
2017-09-13,QQQ,0.25
2017-09-13,SPY,0.25
2017-09-13,VTI,0.25
2017-09-13,XLK,0.25
2017-09-14,GLD,0
2017-09-14,QQQ,0.25
2017-09-14,SPY,0.25
2017-09-14,VTI,0.25
2017-09-14,XLK,0.25
2017-09-15,GLD,0
2017-09-15,QQQ,0.25
2017-09-15,SPY,0.25
2017-09-15,VTI,0.25
2017-09-15,XLK,0.25
2017-09-18,GLD,0
2017-09-18,QQQ,0.25
2017-09-18,SPY,0.25
2017-09-18,VTI,0.25
2017-09-18,XLK,0.25
2017-09-19,GLD,0
2017-09-19,QQQ,0.25
2017-09-19,SPY,0.25
2017-09-19,VTI,0.25
2017-09-19,XLK,0.25
2017-09-20,GLD,0
2017-09-20,QQQ,0.25
2017-09-20,SPY,0.25
2017-09-20,VTI,0.25
2017-09-20,XLK,0.25
2017-09-21,GLD,0
2017-09-21,QQQ,0.25
2017-09-21,SPY,0.25
2017-09-21,VTI,0.25
2017-09-21,XLK,0.25
2017-09-22,GLD,0
2017-09-22,QQQ,0.25
2017-09-22,SPY,0.25
2017-09-22,VTI,0.25
2017-09-22,XLK,0.25
2017-09-25,GLD,0
2017-09-25,QQQ,0.25
2017-09-25,SPY,0.25
2017-09-25,VTI,0.25
2017-09-25,XLK,0.25
2017-09-26,GLD,0
2017-09-26,QQQ,0.25
2017-09-26,SPY,0.25
2017-09-26,VTI,0.25
2017-09-26,XLK,0.25
2017-09-27,GLD,0
2017-09-27,QQQ,0.25
2017-09-27,SPY,0.25
2017-09-27,VTI,0.25
2017-09-27,XLK,0.25
2017-09-28,GLD,0
2017-09-28,QQQ,0.25
2017-09-28,SPY,0.25
2017-09-28,VTI,0.25
2017-09-28,XLK,0.25
2017-09-29,GLD,0
2017-09-29,QQQ,0.25
2017-09-29,SPY,0.25
2017-09-29,VTI,0.25
2017-09-29,XLK,0.25
2017-10-02,GLD,0
2017-10-02,QQQ,0.25
2017-10-02,SPY,0.25
2017-10-02,VTI,0.25
2017-10-02,XLK,0.25
2017-10-03,GLD,0
2017-10-03,QQQ,0.25
2017-10-03,SPY,0.25
2017-10-03,VTI,0.25
2017-10-03,XLK,0.25
2017-10-04,GLD,0
2017-10-04,QQQ,0.25
2017-10-04,SPY,0.25
2017-10-04,VTI,0.25
2017-10-04,XLK,0.25
2017-10-05,GLD,0
2017-10-05,QQQ,0.25
2017-10-05,SPY,0.25
2017-10-05,VTI,0.25
2017-10-05,XLK,0.25
2017-10-06,GLD,0
2017-10-06,QQQ,0.25
2017-10-06,SPY,0.25
2017-10-06,VTI,0.25
2017-10-06,XLK,0.25
2017-10-09,GLD,0
2017-10-09,QQQ,0.25
2017-10-09,SPY,0.25
2017-10-09,VTI,0.25
2017-10-09,XLK,0.25
2017-10-10,GLD,0
2017-10-10,QQQ,0.25
2017-10-10,SPY,0.25
2017-10-10,VTI,0.25
2017-10-10,XLK,0.25
2017-10-11,GLD,0
2017-10-11,QQQ,0.25
2017-10-11,SPY,0.25
2017-10-11,VTI,0.25
2017-10-11,XLK,0.25
2017-10-12,GLD,0
2017-10-12,QQQ,0.25
2017-10-12,SPY,0.25
2017-10-12,VTI,0.25
2017-10-12,XLK,0.25
2017-10-13,GLD,0
2017-10-13,QQQ,0.25
2017-10-13,SPY,0.25
2017-10-13,VTI,0.25
2017-10-13,XLK,0.25
2017-10-16,GLD,0
2017-10-16,QQQ,0.25
2017-10-16,SPY,0.25
2017-10-16,VTI,0.25
2017-10-16,XLK,0.25
2017-10-17,GLD,0
2017-10-17,QQQ,0.25
2017-10-17,SPY,0.25
2017-10-17,VTI,0.25
2017-10-17,XLK,0.25
2017-10-18,GLD,0
2017-10-18,QQQ,0.25
2017-10-18,SPY,0.25
2017-10-18,VTI,0.25
2017-10-18,XLK,0.25
2017-10-19,GLD,0
2017-10-19,QQQ,0.25
2017-10-19,SPY,0.25
2017-10-19,VTI,0.25
2017-10-19,XLK,0.25
2017-10-20,GLD,0
2017-10-20,QQQ,0.25
2017-10-20,SPY,0.25
2017-10-20,VTI,0.25
2017-10-20,XLK,0.25
2017-10-23,GLD,0
2017-10-23,QQQ,0.25
2017-10-23,SPY,0.25
2017-10-23,VTI,0.25
2017-10-23,XLK,0.25
2017-10-24,GLD,0
2017-10-24,QQQ,0.25
2017-10-24,SPY,0.25
2017-10-24,VTI,0.25
2017-10-24,XLK,0.25
2017-10-25,GLD,0
2017-10-25,QQQ,0.25
2017-10-25,SPY,0.25
2017-10-25,VTI,0.25
2017-10-25,XLK,0.25
2017-10-26,GLD,0
2017-10-26,QQQ,0.25
2017-10-26,SPY,0.25
2017-10-26,VTI,0.25
2017-10-26,XLK,0.25
2017-10-27,GLD,0
2017-10-27,QQQ,0.25
2017-10-27,SPY,0.25
2017-10-27,VTI,0.25
2017-10-27,XLK,0.25
2017-10-30,GLD,0
2017-10-30,QQQ,0.25
2017-10-30,SPY,0.25
2017-10-30,VTI,0.25
2017-10-30,XLK,0.25
2017-10-31,GLD,0
2017-10-31,QQQ,0.25
2017-10-31,SPY,0.25
2017-10-31,VTI,0.25
2017-10-31,XLK,0.25
2017-11-01,GLD,0
2017-11-01,QQQ,0.25
2017-11-01,SPY,0.25
2017-11-01,VTI,0.25
2017-11-01,XLK,0.25
2017-11-02,GLD,0
2017-11-02,QQQ,0.25
2017-11-02,SPY,0.25
2017-11-02,VTI,0.25
2017-11-02,XLK,0.25
2017-11-03,GLD,0
2017-11-03,QQQ,0.25
2017-11-03,SPY,0.25
2017-11-03,VTI,0.25
2017-11-03,XLK,0.25
2017-11-06,GLD,0
2017-11-06,QQQ,0.25
2017-11-06,SPY,0.25
2017-11-06,VTI,0.25
2017-11-06,XLK,0.25
2017-11-07,GLD,0
2017-11-07,QQQ,0.25
2017-11-07,SPY,0.25
2017-11-07,VTI,0.25
2017-11-07,XLK,0.25
2017-11-08,GLD,0
2017-11-08,QQQ,0.25
2017-11-08,SPY,0.25
2017-11-08,VTI,0.25
2017-11-08,XLK,0.25
2017-11-09,GLD,0
2017-11-09,QQQ,0.25
2017-11-09,SPY,0.25
2017-11-09,VTI,0.25
2017-11-09,XLK,0.25
2017-11-10,GLD,0
2017-11-10,QQQ,0.25
2017-11-10,SPY,0.25
2017-11-10,VTI,0.25
2017-11-10,XLK,0.25
